gene,chembl_target_id,molecule_chembl_id,canonical_smiles,standard_type,standard_value,standard_units,pchembl_value
APP,CHEMBL2487,CHEMBL81260,CN(C)c1ccc(-c2cn3cc(Br)ccc3n2)cc1,Ki,10.3,nM,7.99
APP,CHEMBL2487,CHEMBL55380,CN(C)c1ccc(-c2nc3ccc(I)cc3s2)cc1,Ki,0.9,nM,9.05
APP,CHEMBL2487,CHEMBL78410,CNc1ccc(-c2cn3cc(C)ccc3n2)cc1,Ki,2000.0,nM,
APP,CHEMBL2487,CHEMBL81685,CNc1ccc(-c2cn3ccccc3n2)cc1,Ki,1000.0,nM,
APP,CHEMBL2487,CHEMBL78621,Cc1ccc2nc(-c3ccc(N(C)C)cc3)cn2c1,Ki,242.0,nM,6.62
APP,CHEMBL2487,CHEMBL312622,CN(C)c1ccc(-c2cn3ccccc3n2)cc1,Ki,2000.0,nM,
APP,CHEMBL2487,CHEMBL310444,CN(C)c1ccc(-c2nc3ccc(I)cn3c2I)cc1,Ki,2000.0,nM,
APP,CHEMBL2487,CHEMBL78765,Cc1ccc2nc(-c3ccc(Br)cc3)cn2c1,Ki,638.0,nM,6.20
APP,CHEMBL2487,CHEMBL309920,CN(C)c1ccc2nc(-c3ccc(Br)cc3)cn2c1,Ki,339.0,nM,6.47
APP,CHEMBL2487,CHEMBL78012,CN(C)c1ccc(-c2cn3cc(I)ccc3n2)cc1,Ki,15.0,nM,7.82
APP,CHEMBL2487,CHEMBL311035,CN(C)c1ccc(-c2nc3ccccn3c2I)cc1,Ki,2000.0,nM,
APP,CHEMBL2487,CHEMBL311039,CC12CCC(C1)C(C)(C)C2NS(=O)(=O)c1ccc(F)cc1,IC50,5000.0,nM,5.30
APP,CHEMBL2487,CHEMBL450926,CC12CC[C@@H](C1)C(C)(C)[C@@H]2NS(=O)(=O)c1cccs1,IC50,2700.0,nM,5.57
APP,CHEMBL2487,CHEMBL310242,CC12CC[C@@H](C1)C(C)(C)[C@@H]2NS(=O)(=O)c1ccc(F)cc1,IC50,1800.0,nM,5.75
APP,CHEMBL2487,CHEMBL74874,CC12CC[C@@H](C1)C(C)(C)[C@@H]2NS(=O)(=O)c1ccc(Cl)cc1,IC50,11000.0,nM,4.96
APP,CHEMBL2487,CHEMBL75183,CC12CC[C@@H](C1)C(C)(C)[C@@H]2NS(=O)(=O)c1ccc(Br)cc1,IC50,10000.0,nM,5.00
APP,CHEMBL2487,CHEMBL76112,O=C(O)c1cc(/C=C\c2ccc(/C=C\c3ccc(O)c(C(=O)O)c3)c(Br)c2)ccc1O,Ki,0.13,nM,9.89
APP,CHEMBL2487,CHEMBL74348,O=C(O)c1cc(/C=C\c2ccc(/C=C/c3ccc(O)c(C(=O)O)c3)c(Br)c2)ccc1O,Ki,0.27,nM,9.57
APP,CHEMBL2487,CHEMBL305634,O=C(O)c1cc(/C=C\c2ccc(/C=C/c3ccc(O)c(C(=O)O)c3)cc2Br)ccc1O,Ki,0.19,nM,9.72
APP,CHEMBL2487,CHEMBL300172,O=C(O)c1cc(/N=N/c2ccc(-c3ccc(/N=N/c4ccc(O)c(C(=O)O)c4)cc3)cc2)ccc1O,Ki,0.14,nM,9.85
APP,CHEMBL2487,CHEMBL424,O=C(O)c1ccccc1O,Ki,1800.0,nM,
APP,CHEMBL2487,CHEMBL74704,O=C(O)c1cc(/C=C/c2ccc(/C=C/c3ccc(O)c(C(=O)O)c3)c(Br)c2)ccc1O,Ki,0.11,nM,9.96
APP,CHEMBL2487,CHEMBL55380,CN(C)c1ccc(-c2nc3ccc(I)cc3s2)cc1,Ki,2000.0,nM,
APP,CHEMBL2487,CHEMBL55380,CN(C)c1ccc(-c2nc3ccc(I)cc3s2)cc1,Ki,5000.0,nM,
APP,CHEMBL2487,CHEMBL55380,CN(C)c1ccc(-c2nc3ccc(I)cc3s2)cc1,Ki,2.2,nM,8.66
APP,CHEMBL2487,CHEMBL58092,CN1CCN(c2ccc(-c3nc4ccc(I)cc4s3)cc2)CC1,Ki,2000.0,nM,
APP,CHEMBL2487,CHEMBL58092,CN1CCN(c2ccc(-c3nc4ccc(I)cc4s3)cc2)CC1,Ki,5.4,nM,8.27
APP,CHEMBL2487,CHEMBL58092,CN1CCN(c2ccc(-c3nc4ccc(I)cc4s3)cc2)CC1,Ki,6.4,nM,8.19
APP,CHEMBL2487,CHEMBL292910,COc1ccc(/C=C/c2ccc(/C=C/c3ccc(OC)c(C(=O)O)c3)c(I)c2)cc1C(=O)O,Ki,0.17,nM,9.77
APP,CHEMBL2487,CHEMBL292910,COc1ccc(/C=C/c2ccc(/C=C/c3ccc(OC)c(C(=O)O)c3)c(I)c2)cc1C(=O)O,Ki,1000.0,nM,
APP,CHEMBL2487,CHEMBL292910,COc1ccc(/C=C/c2ccc(/C=C/c3ccc(OC)c(C(=O)O)c3)c(I)c2)cc1C(=O)O,Ki,0.8,nM,9.10
APP,CHEMBL2487,CHEMBL300172,O=C(O)c1cc(/N=N/c2ccc(-c3ccc(/N=N/c4ccc(O)c(C(=O)O)c4)cc3)cc2)ccc1O,Ki,1000.0,nM,
APP,CHEMBL2487,CHEMBL300172,O=C(O)c1cc(/N=N/c2ccc(-c3ccc(/N=N/c4ccc(O)c(C(=O)O)c4)cc3)cc2)ccc1O,Ki,0.4,nM,9.40
APP,CHEMBL2487,CHEMBL300172,O=C(O)c1cc(/N=N/c2ccc(-c3ccc(/N=N/c4ccc(O)c(C(=O)O)c4)cc3)cc2)ccc1O,Ki,2000.0,nM,
APP,CHEMBL2487,CHEMBL55401,CN(C)c1ccc(-c2nc3ccc(Br)cc3s2)cc1,Ki,2000.0,nM,
APP,CHEMBL2487,CHEMBL55401,CN(C)c1ccc(-c2nc3ccc(Br)cc3s2)cc1,Ki,1.9,nM,8.72
APP,CHEMBL2487,CHEMBL55401,CN(C)c1ccc(-c2nc3ccc(Br)cc3s2)cc1,Ki,3000.0,nM,
APP,CHEMBL2487,CHEMBL55401,CN(C)c1ccc(-c2nc3ccc(Br)cc3s2)cc1,Ki,0.8,nM,9.10
APP,CHEMBL2487,CHEMBL57267,Cc1ccc2c(c1)sc(-c1ccc(N(C)C)cc1)[n+]2C,Ki,9000.0,nM,
APP,CHEMBL2487,CHEMBL57267,Cc1ccc2c(c1)sc(-c1ccc(N(C)C)cc1)[n+]2C,Ki,116.0,nM,6.94
APP,CHEMBL2487,CHEMBL57267,Cc1ccc2c(c1)sc(-c1ccc(N(C)C)cc1)[n+]2C,Ki,4000.0,nM,
APP,CHEMBL2487,CHEMBL57267,Cc1ccc2c(c1)sc(-c1ccc(N(C)C)cc1)[n+]2C,Ki,294.0,nM,6.53
APP,CHEMBL2487,CHEMBL55536,CN1CCN(c2ccc(-c3nc4ccc(Br)cc4s3)cc2)CC1,Ki,2000.0,nM,
APP,CHEMBL2487,CHEMBL55536,CN1CCN(c2ccc(-c3nc4ccc(Br)cc4s3)cc2)CC1,Ki,1.6,nM,8.80
APP,CHEMBL2487,CHEMBL55536,CN1CCN(c2ccc(-c3nc4ccc(Br)cc4s3)cc2)CC1,Ki,2400.0,nM,
APP,CHEMBL2487,CHEMBL55536,CN1CCN(c2ccc(-c3nc4ccc(Br)cc4s3)cc2)CC1,Ki,5.0,nM,8.30
APP,CHEMBL2487,CHEMBL328430,COc1ccc2nc(-c3ccc(N(C)C)cc3)sc2c1,Ki,1.9,nM,8.72
APP,CHEMBL2487,CHEMBL93334,CNc1ccc(-c2nc3ccccc3s2)cc1,Ki,11.0,nM,7.96
APP,CHEMBL2487,CHEMBL93124,CNc1ccc(-c2nc3ccc(O)cc3s2)cc1,Ki,4.3,nM,8.37
APP,CHEMBL2487,CHEMBL92802,CNc1ccc(-c2nc3ccc(C#N)cc3s2)cc1,Ki,8.6,nM,8.07
APP,CHEMBL2487,CHEMBL92390,COc1ccc2nc(-c3ccc(N)cc3)sc2c1,Ki,7.0,nM,8.15
APP,CHEMBL2487,CHEMBL93118,Nc1ccc(-c2nc3ccccc3s2)cc1,Ki,37.0,nM,7.43
APP,CHEMBL2487,CHEMBL328660,CNc1ccc(-c2nc3ccc(Br)cc3s2)cc1,Ki,1.7,nM,8.77
APP,CHEMBL2487,CHEMBL93884,Nc1ccc(-c2nc3ccc(O)cc3s2)cc1,Ki,46.0,nM,7.34
APP,CHEMBL2487,CHEMBL55401,CN(C)c1ccc(-c2nc3ccc(Br)cc3s2)cc1,Ki,2.9,nM,8.54
APP,CHEMBL2487,CHEMBL92816,CN(C)c1ccc(-c2nc3ccccc3s2)cc1,Ki,4.0,nM,8.40
APP,CHEMBL2487,CHEMBL93270,N#Cc1ccc2nc(-c3ccc(N)cc3)sc2c1,Ki,64.0,nM,7.19
APP,CHEMBL2487,CHEMBL92801,CN(C)c1ccc(-c2nc3ccc(C#N)cc3s2)cc1,Ki,11.0,nM,7.96
APP,CHEMBL2487,CHEMBL57267,Cc1ccc2c(c1)sc(-c1ccc(N(C)C)cc1)[n+]2C,Ki,580.0,nM,6.24
APP,CHEMBL2487,CHEMBL330529,CNc1ccc(-c2nc3ccc(C)cc3s2)cc1,Ki,10.0,nM,8.00
APP,CHEMBL2487,CHEMBL329640,Cc1ccc2nc(-c3ccc(N(C)C)cc3)sc2c1,Ki,64.0,nM,7.19
APP,CHEMBL2487,CHEMBL91449,CN(C)c1ccc(-c2nc3ccc(O)cc3s2)cc1,Ki,4.4,nM,8.36
APP,CHEMBL2487,CHEMBL92852,Nc1ccc(-c2nc3ccc(Br)cc3s2)cc1,Ki,7.2,nM,8.14
APP,CHEMBL2487,CHEMBL94230,CNc1ccc(-c2nc3ccc(OC)cc3s2)cc1,Ki,4.9,nM,8.31
APP,CHEMBL2487,CHEMBL93109,Cc1ccc2nc(-c3ccc(N)cc3)sc2c1,Ki,9.5,nM,8.02
APP,CHEMBL2487,CHEMBL181204,CCCNC(=O)OC[C@@H](C)N(c1cc(Cl)ccc1CO)S(=O)(=O)c1ccc(Cl)cc1,EC50,100.0,nM,
APP,CHEMBL2487,CHEMBL360473,CCOC(=O)N1CCC(c2ccccc2OC)(S(=O)(=O)c2ccc(Cl)cc2)CC1,EC50,3500.0,nM,5.46
APP,CHEMBL2487,CHEMBL360473,CCOC(=O)N1CCC(c2ccccc2OC)(S(=O)(=O)c2ccc(Cl)cc2)CC1,EC50,5000.0,nM,5.30
APP,CHEMBL2487,CHEMBL360473,CCOC(=O)N1CCC(c2ccccc2OC)(S(=O)(=O)c2ccc(Cl)cc2)CC1,EC50,1030.0,nM,5.99
APP,CHEMBL2487,CHEMBL360473,CCOC(=O)N1CCC(c2ccccc2OC)(S(=O)(=O)c2ccc(Cl)cc2)CC1,EC50,530.0,nM,6.28
APP,CHEMBL2487,CHEMBL360473,CCOC(=O)N1CCC(c2ccccc2OC)(S(=O)(=O)c2ccc(Cl)cc2)CC1,EC50,640.0,nM,6.19
APP,CHEMBL2487,CHEMBL180641,CCOC(=O)N1CCC(c2ccccc2)(S(=O)(=O)c2ccc(Cl)cc2)CC1,EC50,12200.0,nM,4.91
APP,CHEMBL2487,CHEMBL180641,CCOC(=O)N1CCC(c2ccccc2)(S(=O)(=O)c2ccc(Cl)cc2)CC1,EC50,20900.0,nM,4.68
APP,CHEMBL2487,CHEMBL183805,CCOC(=O)N1CCC(c2ccccc2C)(S(=O)(=O)c2ccc(Cl)cc2)CC1,EC50,2700.0,nM,5.57
APP,CHEMBL2487,CHEMBL183805,CCOC(=O)N1CCC(c2ccccc2C)(S(=O)(=O)c2ccc(Cl)cc2)CC1,EC50,3700.0,nM,5.43
APP,CHEMBL2487,CHEMBL183806,CCOC(=O)N1CCC(c2ccccc2OC)(S(=O)(=O)c2ccccc2)CC1,EC50,62700.0,nM,4.20
APP,CHEMBL2487,CHEMBL183806,CCOC(=O)N1CCC(c2ccccc2OC)(S(=O)(=O)c2ccccc2)CC1,EC50,,nM,
APP,CHEMBL2487,CHEMBL182896,CCOC(=O)N1CCC(c2ccccc2)(S(=O)(=O)c2ccccc2)CC1,EC50,,nM,
APP,CHEMBL2487,CHEMBL183815,CCOC(=O)N1CCC(c2ccccc2C)(S(=O)(=O)c2ccccc2)CC1,EC50,48600.0,nM,4.31
APP,CHEMBL2487,CHEMBL183815,CCOC(=O)N1CCC(c2ccccc2C)(S(=O)(=O)c2ccccc2)CC1,EC50,,nM,
APP,CHEMBL2487,CHEMBL182768,CCOC(=O)N1CCC(c2ccccc2OC)(S(=O)(=O)c2ccc(OC)cc2)CC1,EC50,50600.0,nM,4.30
APP,CHEMBL2487,CHEMBL182768,CCOC(=O)N1CCC(c2ccccc2OC)(S(=O)(=O)c2ccc(OC)cc2)CC1,EC50,,nM,
APP,CHEMBL2487,CHEMBL360740,CCOC(=O)N1CCC(c2ccccc2)(S(=O)(=O)c2ccc(OC)cc2)CC1,EC50,97000.0,nM,4.01
APP,CHEMBL2487,CHEMBL360740,CCOC(=O)N1CCC(c2ccccc2)(S(=O)(=O)c2ccc(OC)cc2)CC1,EC50,,nM,
APP,CHEMBL2487,CHEMBL360341,CCOC(=O)N1CCC(c2ccccc2C)(S(=O)(=O)c2ccc(OC)cc2)CC1,EC50,24500.0,nM,4.61
APP,CHEMBL2487,CHEMBL360341,CCOC(=O)N1CCC(c2ccccc2C)(S(=O)(=O)c2ccc(OC)cc2)CC1,EC50,,nM,
APP,CHEMBL2487,CHEMBL181204,CCCNC(=O)OC[C@@H](C)N(c1cc(Cl)ccc1CO)S(=O)(=O)c1ccc(Cl)cc1,EC50,100.0,nM,7.00
APP,CHEMBL2487,CHEMBL563,CC(C(=O)O)c1ccc(-c2ccccc2)c(F)c1,IC50,305000.0,nM,
APP,CHEMBL2487,CHEMBL196279,CC(C(=O)O)c1ccc(-c2ccc(Cl)c(Cl)c2)c(F)c1,IC50,75000.0,nM,4.12
APP,CHEMBL2487,CHEMBL196279,CC(C(=O)O)c1ccc(-c2ccc(Cl)c(Cl)c2)c(F)c1,IC50,,nM,
APP,CHEMBL2487,CHEMBL195970,CC(C(=O)O)c1ccc(-c2cc(Cl)cc(Cl)c2)c(F)c1,IC50,77000.0,nM,4.11
APP,CHEMBL2487,CHEMBL195970,CC(C(=O)O)c1ccc(-c2cc(Cl)cc(Cl)c2)c(F)c1,IC50,94000.0,nM,4.03
APP,CHEMBL2487,CHEMBL197456,CC(C(=O)O)c1ccc(-c2ccccc2Cl)c(F)c1,IC50,,nM,
APP,CHEMBL2487,CHEMBL194098,CC(C(=O)O)c1ccc(-c2cccc(Cl)c2)c(F)c1,IC50,,nM,
APP,CHEMBL2487,CHEMBL193415,CC(C(=O)O)c1ccc(-c2ccc(Cl)cc2)c(F)c1,IC50,,nM,
APP,CHEMBL2487,CHEMBL264006,CC(C(=O)O)c1ccc(-c2ccc(C3CCCCC3)cc2)c(F)c1,IC50,21000.0,nM,4.68
APP,CHEMBL2487,CHEMBL264006,CC(C(=O)O)c1ccc(-c2ccc(C3CCCCC3)cc2)c(F)c1,IC50,46000.0,nM,4.34
APP,CHEMBL2487,CHEMBL195884,Cc1ccc(-c2ccc(C(C)C(=O)O)cc2F)cc1,IC50,,nM,
APP,CHEMBL2487,CHEMBL193971,CC(C(=O)O)c1ccc(-c2ccc(C(F)(F)F)cc2)c(F)c1,IC50,129000.0,nM,
APP,CHEMBL2487,CHEMBL193971,CC(C(=O)O)c1ccc(-c2ccc(C(F)(F)F)cc2)c(F)c1,IC50,,nM,
APP,CHEMBL2487,CHEMBL194686,CC(C(=O)O)c1ccc(-c2ccccc2C(F)(F)F)c(F)c1,IC50,,nM,
APP,CHEMBL2487,CHEMBL194274,CC(C(=O)O)c1ccc(-c2csc3ccccc23)c(F)c1,IC50,83000.0,nM,4.08
APP,CHEMBL2487,CHEMBL194274,CC(C(=O)O)c1ccc(-c2csc3ccccc23)c(F)c1,IC50,,nM,
APP,CHEMBL2487,CHEMBL371875,CC(C(=O)O)c1ccc(-c2ccsc2)c(F)c1,IC50,,nM,
APP,CHEMBL2487,CHEMBL194645,CC(C(=O)O)c1ccc(-c2ccncc2)c(F)c1,IC50,,nM,
APP,CHEMBL2487,CHEMBL196321,COc1ccc(-c2ccc(C(C)C(=O)O)cc2F)cc1,IC50,67000.0,nM,4.17
APP,CHEMBL2487,CHEMBL196321,COc1ccc(-c2ccc(C(C)C(=O)O)cc2F)cc1,IC50,,nM,
APP,CHEMBL2487,CHEMBL196322,CC(C(=O)O)c1ccc(-c2ccc3c(c2)OCO3)c(F)c1,IC50,210000.0,nM,
APP,CHEMBL2487,CHEMBL1394,CC(C(=O)O)c1ccc(-c2ccc(O)cc2)c(F)c1,IC50,,nM,
APP,CHEMBL2487,CHEMBL380778,CC(C(=O)O)c1ccc(-c2ccc(OC3CCCCC3)cc2)c(F)c1,IC50,41000.0,nM,4.39
APP,CHEMBL2487,CHEMBL197202,CC(C(=O)O)c1ccc(-c2ccc(-c3ccc(O)cc3)cc2)c(F)c1,IC50,35000.0,nM,4.46
APP,CHEMBL2487,CHEMBL197202,CC(C(=O)O)c1ccc(-c2ccc(-c3ccc(O)cc3)cc2)c(F)c1,IC50,,nM,
APP,CHEMBL2487,CHEMBL426291,CC(C(=O)O)c1ccc(-c2ccc(C(F)(F)F)cc2)cc1C(F)(F)F,IC50,,nM,
APP,CHEMBL2487,CHEMBL196691,CC(C(=O)O)c1ccc(-c2ccc(C(F)(F)F)cc2)cc1,IC50,,nM,
APP,CHEMBL2487,CHEMBL194760,O=C(O)C1(c2ccc(-c3ccccc3)c(F)c2)CC1,IC50,,nM,
APP,CHEMBL2487,CHEMBL194760,O=C(O)C1(c2ccc(-c3ccccc3)c(F)c2)CC1,IC50,-1.0,%,
APP,CHEMBL2487,CHEMBL196246,O=C(O)C1(c2ccc(-c3ccc(C(F)(F)F)cc3)c(F)c2)CC1,IC50,111000.0,nM,
APP,CHEMBL2487,CHEMBL196246,O=C(O)C1(c2ccc(-c3ccc(C(F)(F)F)cc3)c(F)c2)CC1,IC50,22000.0,nM,4.66
APP,CHEMBL2487,CHEMBL196945,O=C(O)C1(c2ccc(-c3ccc(Cl)c(Cl)c3)c(F)c2)CC1,IC50,41000.0,nM,4.39
APP,CHEMBL2487,CHEMBL196945,O=C(O)C1(c2ccc(-c3ccc(Cl)c(Cl)c3)c(F)c2)CC1,IC50,14000.0,nM,4.85
APP,CHEMBL2487,CHEMBL196946,O=C(O)C1(c2ccc(-c3csc4ccccc34)c(F)c2)CC1,IC50,96300.0,nM,4.02
APP,CHEMBL2487,CHEMBL196946,O=C(O)C1(c2ccc(-c3csc4ccccc34)c(F)c2)CC1,IC50,-5.0,%,
APP,CHEMBL2487,CHEMBL372751,CC1(C)CCC(c2ccc(-c3ccc(C4(C(=O)O)CC4)cc3F)cc2)CC1,IC50,46000.0,nM,4.34
APP,CHEMBL2487,CHEMBL372751,CC1(C)CCC(c2ccc(-c3ccc(C4(C(=O)O)CC4)cc3F)cc2)CC1,IC50,101000.0,nM,
APP,CHEMBL2487,CHEMBL193634,O=C(O)C1(c2ccc(-c3ccc(C4CCOCC4)cc3)c(F)c2)CC1,IC50,,nM,
APP,CHEMBL2487,CHEMBL194692,CC(C)(C(=O)O)c1ccc(-c2ccc(C(F)(F)F)cc2)c(F)c1,IC50,70600.0,nM,4.15
APP,CHEMBL2487,CHEMBL194692,CC(C)(C(=O)O)c1ccc(-c2ccc(C(F)(F)F)cc2)c(F)c1,IC50,,nM,
APP,CHEMBL2487,CHEMBL364738,CC(C)(C(=O)O)c1ccc(-c2ccc(C3CCCCC3)cc2)c(F)c1,IC50,,nM,
APP,CHEMBL2487,CHEMBL194838,O=C(O)C1(c2ccc(-c3ccc(C4CCCCC4)cc3)c(F)c2)CC1,IC50,,nM,
APP,CHEMBL2487,CHEMBL196947,O=C(O)C1(c2ccc(-c3ccc(-c4ccc(O)cc4)cc3)c(F)c2)CC1,IC50,31600.0,nM,4.50
APP,CHEMBL2487,CHEMBL196947,O=C(O)C1(c2ccc(-c3ccc(-c4ccc(O)cc4)cc3)c(F)c2)CC1,IC50,409000.0,nM,
APP,CHEMBL2487,CHEMBL372846,O=C(O)C1(c2ccc(-c3ccc(-c4ccc(O)cc4)c(F)c3)c(F)c2)CC1,IC50,33600.0,nM,4.47
APP,CHEMBL2487,CHEMBL372846,O=C(O)C1(c2ccc(-c3ccc(-c4ccc(O)cc4)c(F)c3)c(F)c2)CC1,IC50,111000.0,nM,
APP,CHEMBL2487,CHEMBL427548,O=C(O)C1(c2ccc(-c3ccc(-c4ccc(F)cc4)c(F)c3)c(F)c2)CC1,IC50,57900.0,nM,4.24
APP,CHEMBL2487,CHEMBL197140,CC1(C)CC(Oc2ccc(-c3ccc(C4(C(=O)O)CC4)cc3F)cc2)CC(C)(C)C1,IC50,11000.0,nM,4.96
APP,CHEMBL2487,CHEMBL197140,CC1(C)CC(Oc2ccc(-c3ccc(C4(C(=O)O)CC4)cc3F)cc2)CC(C)(C)C1,IC50,,nM,
APP,CHEMBL2487,CHEMBL382721,O=C(O)C1(c2ccc(-c3ccc(OC4CCOCC4)cc3)c(F)c2)CC1,IC50,,nM,
APP,CHEMBL2487,CHEMBL382721,O=C(O)C1(c2ccc(-c3ccc(OC4CCOCC4)cc3)c(F)c2)CC1,IC50,81000.0,nM,4.09
APP,CHEMBL2487,CHEMBL436483,O=C(O)C1(c2ccc(-c3ccc(OC4CCC(C(F)(F)F)CC4)cc3)c(F)c2)CC1,IC50,17700.0,nM,4.75
APP,CHEMBL2487,CHEMBL196070,CC(c1ccc(-c2ccc(C(F)(F)F)cc2)c(F)c1)c1nnn[nH]1,IC50,114000.0,nM,
APP,CHEMBL2487,CHEMBL196070,CC(c1ccc(-c2ccc(C(F)(F)F)cc2)c(F)c1)c1nnn[nH]1,IC50,,nM,
APP,CHEMBL2487,CHEMBL196244,CC(C(=O)NO)c1ccc(-c2ccc(C(F)(F)F)cc2)c(F)c1,IC50,,nM,
APP,CHEMBL2487,CHEMBL197305,CC(C(=O)NS(C)(=O)=O)c1ccc(-c2ccc(C(F)(F)F)cc2)c(F)c1,IC50,,nM,
APP,CHEMBL2487,CHEMBL382746,CC(c1ccc(-c2ccc(C(F)(F)F)cc2)c(F)c1)c1noc(O)n1,IC50,,nM,
APP,CHEMBL2487,CHEMBL193900,CC(C(N)=O)c1ccc(-c2cc(Cl)cc(Cl)c2)c(F)c1,IC50,64000.0,nM,4.19
APP,CHEMBL2487,CHEMBL193900,CC(C(N)=O)c1ccc(-c2cc(Cl)cc(Cl)c2)c(F)c1,IC50,12000.0,nM,4.92
APP,CHEMBL2487,CHEMBL194020,CC(C(=O)OC(C)(C)C)c1ccc(-c2cc(Cl)cc(Cl)c2)c(F)c1,IC50,20000.0,nM,4.70
APP,CHEMBL2487,CHEMBL194824,CC(C(=O)O)c1ccc(-c2ccc(C(F)(F)F)cc2)c(Cl)c1,IC50,,nM,
APP,CHEMBL2487,CHEMBL190083,C[C@@H](C(=O)O)c1ccc(-c2ccccc2)c(F)c1,IC50,280000.0,nM,
APP,CHEMBL2487,CHEMBL194754,Nc1ccc(/C=C/c2ccc(O)cc2)cc1,Ki,95.0,nM,7.02
APP,CHEMBL2487,CHEMBL198597,Nc1ccc(/C=C/c2ccc(OCC(CO)CF)cc2)cc1,Ki,15.0,nM,7.82
APP,CHEMBL2487,CHEMBL198598,CN(C)c1ccc(/C=C/c2ccc(O)cc2)cc1,Ki,1.1,nM,8.96
APP,CHEMBL2487,CHEMBL371066,CN(C)c1ccc(/C=C/c2ccc(OCC3COC(C)(C)OC3)cc2)cc1,Ki,59.0,nM,7.23
APP,CHEMBL2487,CHEMBL196407,CN(C)c1ccc(/C=C/c2ccc(OCC(CO)CO)cc2)cc1,Ki,38.0,nM,7.42
APP,CHEMBL2487,CHEMBL196213,COc1ccc(S(=O)(=O)OCC(CO)COc2ccc(/C=C/c3ccc(N(C)C)cc3)cc2)cc1,Ki,150.0,nM,6.82
APP,CHEMBL2487,CHEMBL1169460,CN(C)c1ccc(/C=C/c2ccc(OCC(CO)C[18F])cc2)cc1,Ki,15.0,nM,7.82
APP,CHEMBL2487,CHEMBL196387,CN(C)c1ccc(/C=C/c2ccc(OCC(CO)Cc3ccc(Br)cc3)cc2)cc1,Ki,80.0,nM,7.10
APP,CHEMBL2487,CHEMBL381642,CNc1ccc(/C=C/c2ccc(O)cc2)cc1,Ki,1.2,nM,8.92
APP,CHEMBL2487,CHEMBL196941,CNc1ccc(/C=C/c2ccc(OCC(CO)CO)cc2)cc1,Ki,32.5,nM,7.49
APP,CHEMBL2487,CHEMBL567747,CNc1ccc(/C=C/c2ccc(OCC(CO)C[18F])cc2)cc1,Ki,5.0,nM,8.30
APP,CHEMBL2487,CHEMBL1788111,[3H]N(c1ccc(-c2nc3ccc(O)cc3s2)cc1)C([3H])([3H])[3H],Ki,2.8,nM,8.55
APP,CHEMBL2487,CHEMBL200116,CCCN(CCC)C(=O)c1cccc(C(=O)N[C@@H](CC(C)C)[C@@H](O)C[C@@H](C)C(=O)N[C@H](C(=O)NCc2ccccc2)C(C)C)c1,IC50,6700.0,nM,
APP,CHEMBL2487,CHEMBL199946,CCCN(CCC)C(=O)c1cccc(C(=O)N[C@@H](Cc2ccccc2)[C@@H](N)C[C@@H](C)C(=O)N[C@H](C(=O)NCc2ccccc2)C(C)C)c1,IC50,5.2,nM,8.28
APP,CHEMBL2487,CHEMBL202877,CCCN(CCC)C(=O)c1cccc(C(=O)N[C@@H](CC(C)C)[C@@H](N)C[C@@H](C)C(=O)Nc2ccc(F)cc2)c1,IC50,6000.0,nM,5.22
APP,CHEMBL2487,CHEMBL425031,CCCN(CCC)C(=O)c1cccc(C(=O)N[C@@H](CC(C)C)[C@@H](O)C[C@@H](C)C(=O)Nc2ccc(F)cc2)c1,IC50,20000.0,nM,
APP,CHEMBL2487,CHEMBL200014,CCCN(CCC)C(=O)c1cccc(C(=O)N[C@@H](CC(C)C)[C@H](N)C[C@@H](C)C(=O)N[C@H](C(=O)NCc2ccccc2)C(C)C)c1,IC50,9900.0,nM,5.00
APP,CHEMBL2487,CHEMBL202507,CCCN(CCC)C(=O)c1cccc(C(=O)N[C@@H](CC(C)C)[C@@H](N)C[C@@H](C)C(=O)N[C@H](C(=O)NCc2ccccc2)C(C)C)c1,IC50,740.0,nM,6.13
APP,CHEMBL2487,CHEMBL200077,CCCN(CCC)C(=O)c1cccc(C(=O)N[C@@H](Cc2ccccc2)[C@@H](N)C[C@@H](C)C(=O)Nc2ccc(F)cc2)c1,IC50,180.0,nM,6.75
APP,CHEMBL2487,CHEMBL204873,COc1ccccc1-c1ccc(-c2ccccc2OC)s1,Ki,625.0,nM,6.20
APP,CHEMBL2487,CHEMBL205512,CNc1ccc(-c2ccc(-c3ccc(O)cc3)s2)cc1,Ki,31.2,nM,7.51
APP,CHEMBL2487,CHEMBL206224,Oc1ccc(-c2ccc(-c3ccc(NCCF)cc3)s2)cc1,Ki,3.9,nM,8.41
APP,CHEMBL2487,CHEMBL202938,COc1ccc(-c2ccc(-c3ccc(NCCF)cc3)s2)cc1,Ki,21.5,nM,7.67
APP,CHEMBL2487,CHEMBL377279,CN(C)c1ccc(-c2ccc(-c3ccc(O)cc3)s2)cc1,Ki,7.5,nM,8.12
APP,CHEMBL2487,CHEMBL438972,COc1ccc(-c2ccc(-c3ccc(N(C)C)cc3)s2)cc1,Ki,500.0,nM,6.30
APP,CHEMBL2487,CHEMBL205824,Nc1ccc(-c2ccc(-c3ccc(O)cc3)s2)cc1,Ki,9.6,nM,8.02
APP,CHEMBL2487,CHEMBL203320,COc1ccc(-c2ccc(-c3ccc(N)cc3)s2)cc1,Ki,5.6,nM,8.25
APP,CHEMBL2487,CHEMBL205403,COc1ccc(-c2ccc(-c3ccc([N+](=O)[O-])cc3)s2)cc1,Ki,18.5,nM,7.73
APP,CHEMBL2487,CHEMBL382007,Nc1ccc(-c2ccc(-c3ccc(N)cc3)s2)cc1,Ki,6.1,nM,8.21
APP,CHEMBL2487,CHEMBL381991,COc1ccc(-c2ccc(-c3ccc(O)cc3)s2)cc1,Ki,6.1,nM,8.21
APP,CHEMBL2487,CHEMBL204010,Oc1ccc(-c2ccc(-c3ccc(O)cc3)s2)cc1,Ki,4.0,nM,8.40
APP,CHEMBL2487,CHEMBL378797,COc1ccc(-c2ccc(-c3ccc(OC)cc3)s2)cc1,Ki,108.0,nM,6.97
APP,CHEMBL2487,CHEMBL424863,CSc1ccc(-c2ccc(-c3ccc(SC)cc3)s2)cc1,Ki,1000.0,nM,
APP,CHEMBL2487,CHEMBL202898,O=[N+]([O-])c1ccc(-c2ccc(-c3ccc([N+](=O)[O-])cc3)s2)cc1,Ki,185.0,nM,6.73
APP,CHEMBL2487,CHEMBL204357,CCC[C@H](C(=O)NO)[C@@H](CC(C)C)C(=O)N[C@H]1CCCCN(Cc2cccc(Oc3ccccc3)c2)C1=O,IC50,200.0,nM,6.70
APP,CHEMBL2487,CHEMBL206766,CCC[C@H](C(=O)NO)[C@@H](CC(C)C)C(=O)N[C@H]1CCCCN(Cc2ccccc2)C1=O,IC50,6800.0,nM,5.17
APP,CHEMBL2487,CHEMBL204443,CCC[C@H](C(=O)NC/C=C/Cc1ccccc1)[C@@H](CC(C)C)C(=O)N[C@H]1CCCCN(Cc2cccc(Oc3ccccc3)c2)C1=O,IC50,3000.0,nM,5.52
APP,CHEMBL2487,CHEMBL381336,CCC[C@H](C(=O)NC1CCCC1)[C@@H](CC(C)C)C(=O)N[C@H]1CCCCN(Cc2cccc(Oc3ccccc3)c2)C1=O,IC50,6000.0,nM,5.22
APP,CHEMBL2487,CHEMBL205400,CCC[C@H](C(=O)NCc1ccco1)[C@@H](CC(C)C)C(=O)N[C@H]1CCCCN(Cc2cccc(Oc3ccccc3)c2)C1=O,IC50,3000.0,nM,5.52
APP,CHEMBL2487,CHEMBL205714,CCCCNC(=O)[C@@H](CCC)[C@@H](CC(C)C)C(=O)N[C@H]1CCCCN(Cc2cccc(Oc3ccccc3)c2)C1=O,IC50,5000.0,nM,5.30
APP,CHEMBL2487,CHEMBL208230,CCC[C@H](C(N)=O)[C@@H](CC(C)C)C(=O)N[C@H]1CCCCN(Cc2cccc(NN3CCCCC3)c2)C1=O,IC50,74.0,nM,7.13
APP,CHEMBL2487,CHEMBL424684,CCC[C@H](C(N)=O)[C@@H](CC(C)C)C(=O)N[C@H]1CCCCN(Cc2cccc(Nc3ccc(C(F)(F)F)cc3)c2)C1=O,IC50,30.0,nM,7.52
APP,CHEMBL2487,CHEMBL274414,CCC[C@H](C(N)=O)[C@@H](CC(C)C)C(=O)N[C@H]1CCCCN(Cc2cccc(Nc3ccc(OC)cc3)c2)C1=O,IC50,160.0,nM,6.80
APP,CHEMBL2487,CHEMBL208504,CCC[C@H](C(N)=O)[C@@H](CC(C)C)C(=O)N[C@H]1CCCCN(Cc2cccc(Nc3ccc(F)c(Cl)c3)c2)C1=O,IC50,17.0,nM,7.77
APP,CHEMBL2487,CHEMBL205970,CCC[C@H](C(N)=O)[C@@H](CC(C)C)C(=O)N[C@H]1CCCCN(Cc2cccc(Nc3ccc4c(c3)OCO4)c2)C1=O,IC50,152.0,nM,6.82
APP,CHEMBL2487,CHEMBL410532,CCC[C@H](C(N)=O)[C@@H](CC(C)C)C(=O)N[C@H]1CCCCN(Cc2cccc(Nc3cccc(OC)c3)c2)C1=O,IC50,54.0,nM,7.27
APP,CHEMBL2487,CHEMBL208350,CCC[C@H](C(N)=O)[C@@H](CC(C)C)C(=O)N[C@H]1CCCCN(Cc2cccc(Nc3cccc(C)c3)c2)C1=O,IC50,17.0,nM,7.77
APP,CHEMBL2487,CHEMBL382880,CCC[C@H](C(N)=O)[C@@H](CC(C)C)C(=O)N[C@H]1CCCCN(Cc2cccc(Nc3ccccc3Cl)c2)C1=O,IC50,29.0,nM,7.54
APP,CHEMBL2487,CHEMBL205907,CCC[C@H](C(N)=O)[C@@H](CC(C)C)C(=O)N[C@H]1CCCCN(Cc2cccc(Nc3ccccc3)c2)C1=O,IC50,15.0,nM,7.82
APP,CHEMBL2487,CHEMBL205221,COc1ccc2oc(-c3ccc(N)cc3)cc2c1,Ki,2.3,nM,8.64
APP,CHEMBL2487,CHEMBL381642,CNc1ccc(/C=C/c2ccc(O)cc2)cc1,Ki,6.0,nM,8.22
APP,CHEMBL2487,CHEMBL204414,CN(C)c1ccc(-c2cc3cc(O)ccc3o2)cc1,Ki,2.8,nM,8.55
APP,CHEMBL2487,CHEMBL383116,COc1ccc2oc(-c3ccc(N(C)C)cc3)cc2c1,Ki,12.0,nM,7.92
APP,CHEMBL2487,CHEMBL204829,CNc1ccc(-c2cc3cc(O)ccc3o2)cc1,Ki,0.7,nM,9.15
APP,CHEMBL2487,CHEMBL208212,CNc1ccc(-c2cc3cc(OC)ccc3o2)cc1,Ki,1.3,nM,8.89
APP,CHEMBL2487,CHEMBL380476,Nc1ccc(-c2cc3cc(O)ccc3o2)cc1,Ki,11.5,nM,7.94
APP,CHEMBL2487,CHEMBL379363,COc1ccc(/C=C/C=C/C=C/c2ccc(OC)cc2)cc1,Ki,8000.0,nM,
APP,CHEMBL2487,CHEMBL207649,CC(=C(C#N)C#N)c1ccc2cc(N(C)CCF)ccc2c1,Ki,8000.0,nM,
APP,CHEMBL2487,CHEMBL93124,CNc1ccc(-c2nc3ccc(O)cc3s2)cc1,Ki,10000.0,nM,
APP,CHEMBL2487,CHEMBL381642,CNc1ccc(/C=C/c2ccc(O)cc2)cc1,Ki,3000.0,nM,
APP,CHEMBL2487,CHEMBL78012,CN(C)c1ccc(-c2cn3cc(I)ccc3n2)cc1,Ki,5000.0,nM,
APP,CHEMBL2487,CHEMBL292910,COc1ccc(/C=C/c2ccc(/C=C/c3ccc(OC)c(C(=O)O)c3)c(I)c2)cc1C(=O)O,Ki,5.1,nM,8.29
APP,CHEMBL2487,CHEMBL205332,Nc1ccc(/C=C/C=C/C=C/c2ccc(NCCF)cc2)cc1,Ki,217.0,nM,6.66
APP,CHEMBL2487,CHEMBL377929,CN(C)c1ccc(/C=C/C=C/C=C/c2ccc(N(C)C)cc2)cc1,Ki,7000.0,nM,
APP,CHEMBL2487,CHEMBL208457,CNc1ccc(/C=C/C=C/C=C/c2ccc(NC)cc2)cc1,Ki,122.0,nM,6.91
APP,CHEMBL2487,CHEMBL208456,Nc1ccc(/C=C/C=C/C=C/c2ccc(N)cc2)cc1,Ki,375.0,nM,6.43
APP,CHEMBL2487,CHEMBL205899,O=[N+]([O-])c1ccc(/C=C/C=C/C=C/c2ccc([N+](=O)[O-])cc2)cc1,Ki,4000.0,nM,
APP,CHEMBL2487,CHEMBL381731,Oc1ccc(/C=C/C=C/C=C/c2ccc(O)cc2)cc1,Ki,150.0,nM,6.82
APP,CHEMBL2487,CHEMBL379363,COc1ccc(/C=C/C=C/C=C/c2ccc(OC)cc2)cc1,Ki,4000.0,nM,
APP,CHEMBL2487,CHEMBL207649,CC(=C(C#N)C#N)c1ccc2cc(N(C)CCF)ccc2c1,Ki,152.0,nM,6.82
APP,CHEMBL2487,CHEMBL93124,CNc1ccc(-c2nc3ccc(O)cc3s2)cc1,Ki,2.8,nM,8.55
APP,CHEMBL2487,CHEMBL78012,CN(C)c1ccc(-c2cn3cc(I)ccc3n2)cc1,Ki,5.0,nM,8.30
APP,CHEMBL2487,CHEMBL205332,Nc1ccc(/C=C/C=C/C=C/c2ccc(NCCF)cc2)cc1,Ki,12.0,nM,7.92
APP,CHEMBL2487,CHEMBL377929,CN(C)c1ccc(/C=C/C=C/C=C/c2ccc(N(C)C)cc2)cc1,Ki,837.0,nM,6.08
APP,CHEMBL2487,CHEMBL208457,CNc1ccc(/C=C/C=C/C=C/c2ccc(NC)cc2)cc1,Ki,7.5,nM,8.12
APP,CHEMBL2487,CHEMBL208456,Nc1ccc(/C=C/C=C/C=C/c2ccc(N)cc2)cc1,Ki,9.0,nM,8.05
APP,CHEMBL2487,CHEMBL205899,O=[N+]([O-])c1ccc(/C=C/C=C/C=C/c2ccc([N+](=O)[O-])cc2)cc1,Ki,500.0,nM,6.30
APP,CHEMBL2487,CHEMBL381731,Oc1ccc(/C=C/C=C/C=C/c2ccc(O)cc2)cc1,Ki,9.0,nM,8.05
APP,CHEMBL2487,CHEMBL78012,CN(C)c1ccc(-c2cn3cc(I)ccc3n2)cc1,Ki,10.3,nM,7.99
APP,CHEMBL2487,CHEMBL381708,CN(C)c1ccc(-c2cn3cc(CCF)ccc3n2)cc1,Ki,177.0,nM,6.75
APP,CHEMBL2487,CHEMBL382407,CN(C)c1ccc(-c2cn3cc(CCCF)ccc3n2)cc1,Ki,48.3,nM,7.32
APP,CHEMBL2487,CHEMBL207456,[11CH3]Nc1ccc(-c2nc3ccc(O)cc3s2)cc1,Ki,7.8,nM,8.11
APP,CHEMBL2487,CHEMBL106509,COc1cc(/C=C/C(C)=O)ccc1O,Ki,55.9,nM,7.25
APP,CHEMBL2487,CHEMBL217923,COc1cc(/C=C/C(O)=C/C(C)=O)cc(I)c1O,Ki,24.9,nM,7.60
APP,CHEMBL2487,CHEMBL216864,COc1cc(/C=C/C(O)=C/C(C)=O)ccc1OCCCF,Ki,316.3,nM,6.50
APP,CHEMBL2487,CHEMBL216432,COc1cc(/C=C/C(O)=C/C(C)=O)ccc1OCCF,Ki,958.1,nM,6.02
APP,CHEMBL2487,CHEMBL386737,COc1cc(/C=C/C(C)=O)ccc1OCCCF,Ki,839.2,nM,6.08
APP,CHEMBL2487,CHEMBL387276,COc1cc(/C=C/C(C)=O)ccc1OCCF,Ki,232.7,nM,6.63
APP,CHEMBL2487,CHEMBL216553,COc1cc(/C=C/C(C)=O)cc(I)c1O,Ki,36.6,nM,7.44
APP,CHEMBL2487,CHEMBL106509,COc1cc(/C=C/C(C)=O)ccc1O,Ki,54.24,nM,7.27
APP,CHEMBL2487,CHEMBL300172,O=C(O)c1cc(/N=N/c2ccc(-c3ccc(/N=N/c4ccc(O)c(C(=O)O)c4)cc3)cc2)ccc1O,Ki,0.16,nM,9.80
APP,CHEMBL2487,CHEMBL384465,COc1cc(/C=C/C(O)=C/C(=O)/C=C/c2ccc(OCCCF)c(OC)c2)ccc1O,Ki,0.07,nM,10.15
APP,CHEMBL2487,CHEMBL215110,COc1cc(/C=C/C(O)=C/C(=O)/C=C/c2cc(I)c(O)c(OC)c2)ccc1O,Ki,9.37,nM,8.03
APP,CHEMBL2487,CHEMBL216553,COc1cc(/C=C/C(C)=O)cc(I)c1O,Ki,19.97,nM,7.70
APP,CHEMBL2487,CHEMBL140,COc1cc(/C=C/C(=O)CC(=O)/C=C/c2ccc(O)c(OC)c2)ccc1O,Ki,0.208,nM,9.68
APP,CHEMBL2487,CHEMBL224643,CNc1ccc(-c2cc(=O)c3cc(I)ccc3o2)cc1,Ki,22.6,nM,7.65
APP,CHEMBL2487,CHEMBL224643,CNc1ccc(-c2cc(=O)c3cc(I)ccc3o2)cc1,Ki,30.0,nM,7.52
APP,CHEMBL2487,CHEMBL429694,Nc1c(/N=N/c2ccc(-c3ccc(/N=N/c4cc(S(=O)(=O)[O-])c5ccccc5c4N)cc3)cc2)cc(S(=O)(=O)[O-])c2ccccc12.[Na+].[Na+],Ki,1000.0,nM,
APP,CHEMBL2487,CHEMBL224392,Cc1ccc2c(c1)sc(-c1ccc(N(C)C)cc1)[n+]2C.[Cl-],Ki,1000.0,nM,
APP,CHEMBL2487,CHEMBL388844,O=c1cc(-c2ccc(O)cc2)oc2ccc(I)cc12,Ki,72.5,nM,7.14
APP,CHEMBL2487,CHEMBL224064,COc1ccc(-c2cc(=O)c3cc(I)ccc3o2)cc1,Ki,29.0,nM,7.54
APP,CHEMBL2487,CHEMBL375934,CN(C)c1ccc(-c2cc(=O)c3cc(I)ccc3o2)cc1,Ki,13.2,nM,7.88
APP,CHEMBL2487,CHEMBL388844,O=c1cc(-c2ccc(O)cc2)oc2ccc(I)cc12,Ki,77.2,nM,7.11
APP,CHEMBL2487,CHEMBL224064,COc1ccc(-c2cc(=O)c3cc(I)ccc3o2)cc1,Ki,38.3,nM,7.42
APP,CHEMBL2487,CHEMBL375934,CN(C)c1ccc(-c2cc(=O)c3cc(I)ccc3o2)cc1,Ki,15.6,nM,7.81
APP,CHEMBL2487,CHEMBL227869,CN(C)c1ccc(/C=C/c2cnc(OCCOCCOCCF)c(Br)c2)cc1,Ki,6.8,nM,8.17
APP,CHEMBL2487,CHEMBL227923,OCCOc1ncc(/C=C/c2ccc(O)cc2)cc1I,Ki,15.5,nM,7.81
APP,CHEMBL2487,CHEMBL224149,CNc1ccc(/C=C/c2cnc(OCCO)c(I)c2)cc1,Ki,8.5,nM,8.07
APP,CHEMBL2487,CHEMBL224148,CN(C)c1ccc(/C=C/c2cnc(OCCO)c(I)c2)cc1,Ki,7.5,nM,8.12
APP,CHEMBL2487,CHEMBL1162947,OCCOc1ncc(/C=C\c2ccc(O)cc2)cc1Br,Ki,6.8,nM,8.17
APP,CHEMBL2487,CHEMBL227817,CNc1ccc(/C=C/c2cnc(OCCO)c(Br)c2)cc1,Ki,5.0,nM,8.30
APP,CHEMBL2487,CHEMBL390561,CN(C)c1ccc(/C=C/c2cnc(OCCO)c(Br)c2)cc1,Ki,3.6,nM,8.44
APP,CHEMBL2487,CHEMBL228094,Oc1ccc(/C=C/c2cnc(OCCOCCOCCF)c(I)c2)cc1,Ki,21.0,nM,7.68
APP,CHEMBL2487,CHEMBL224147,CNc1ccc(/C=C/c2cnc(OCCOCCOCCF)c(I)c2)cc1,Ki,9.0,nM,8.05
APP,CHEMBL2487,CHEMBL227750,CN(C)c1ccc(/C=C/c2cnc(OCCOCCOCCF)c(I)c2)cc1,Ki,7.5,nM,8.12
APP,CHEMBL2487,CHEMBL226662,Oc1ccc(/C=C/c2cnc(OCCOCCOCCF)c(Br)c2)cc1,Ki,14.2,nM,7.85
APP,CHEMBL2487,CHEMBL227921,CNc1ccc(/C=C/c2cnc(OCCOCCOCCF)c(Br)c2)cc1,Ki,4.5,nM,8.35
APP,CHEMBL2487,CHEMBL223309,C(#Cc1ccccc1)c1ccccc1,Ki,175.0,nM,6.76
APP,CHEMBL2487,CHEMBL413436,CN(C)c1ccc(C#Cc2ccc(OCCOCCOCCO)cc2)cc1,Ki,3.4,nM,8.47
APP,CHEMBL2487,CHEMBL227674,CNc1ccc(C#Cc2ccc(OCCOCCOCCO)cc2)cc1,Ki,4.5,nM,8.35
APP,CHEMBL2487,CHEMBL227752,Nc1ccc(C#Cc2ccc(OCCOCCOCCO)cc2)cc1,Ki,67.58,nM,7.17
APP,CHEMBL2487,CHEMBL227751,Oc1ccc(C#Cc2ccc(OCCOCCOCCF)cc2)cc1,Ki,16.5,nM,7.78
APP,CHEMBL2487,CHEMBL224096,CN(C)c1ccc(C#Cc2ccc(OCCOCCOCCF)cc2)cc1,Ki,2.9,nM,8.54
APP,CHEMBL2487,CHEMBL227495,CNc1ccc(C#Cc2ccc(OCCOCCOCCF)cc2)cc1,Ki,1.9,nM,8.72
APP,CHEMBL2487,CHEMBL226610,Nc1ccc(C#Cc2ccc(OCCOCCOCCF)cc2)cc1,Ki,21.5,nM,7.67
APP,CHEMBL2487,CHEMBL389671,CN(C)c1ccc(C#Cc2ccc(OCCOCCO)cc2)cc1,Ki,3.8,nM,8.42
APP,CHEMBL2487,CHEMBL227577,CNc1ccc(C#Cc2ccc(OCCOCCO)cc2)cc1,Ki,3.1,nM,8.51
APP,CHEMBL2487,CHEMBL227576,CN(C)c1ccc(C#Cc2ccc(OCCOCCF)cc2)cc1,Ki,5.0,nM,8.30
APP,CHEMBL2487,CHEMBL227521,CNc1ccc(C#Cc2ccc(OCCOCCF)cc2)cc1,Ki,1.2,nM,8.92
APP,CHEMBL2487,CHEMBL373663,Nc1ccc(C#Cc2ccc(OCCOCCF)cc2)cc1,Ki,12.0,nM,7.92
APP,CHEMBL2487,CHEMBL223285,COc1ccc(C#Cc2ccc(N)cc2)cc1,Ki,2.9,nM,8.54
APP,CHEMBL2487,CHEMBL227625,Nc1ccc(C#Cc2ccc(N)cc2)cc1,Ki,76.0,nM,7.12
APP,CHEMBL2487,CHEMBL228034,COc1ccc(C#Cc2ccc(O)cc2)cc1,Ki,2.9,nM,8.54
APP,CHEMBL2487,CHEMBL228033,CNc1ccc(C#Cc2ccc(O)cc2)cc1,Ki,1.5,nM,8.82
APP,CHEMBL2487,CHEMBL373548,Nc1ccc(C#Cc2ccc(O)cc2)cc1,Ki,106.0,nM,6.97
APP,CHEMBL2487,CHEMBL231446,CN1CCCC1CCNC(=O)OCCC1CCc2ccccc2N1S(=O)(=O)c1ccc(Cl)cc1,IC50,530.0,nM,6.28
APP,CHEMBL2487,CHEMBL396543,O=C(OC[C@H]1CCC[C@@H](c2ccccc2)N1S(=O)(=O)c1ccc(Cl)cc1)N1CCC(N2CCCCC2)CC1,IC50,16.0,nM,7.80
APP,CHEMBL2487,CHEMBL231548,O=C(OC[C@H]1CC[C@@H](c2ccccc2)N1S(=O)(=O)c1ccc(Cl)cc1)N1CCC(N2CCCCC2)CC1,IC50,180.0,nM,6.75
APP,CHEMBL2487,CHEMBL231547,O=C(NC1CCN(Cc2ccccc2)CC1)OC[C@H]1CC[C@@H](c2ccccc2)N1S(=O)(=O)c1ccc(Cl)cc1,IC50,140.0,nM,6.85
APP,CHEMBL2487,CHEMBL231449,O=C(OC[C@H]1CC[C@@H](c2ccccc2)N1S(=O)(=O)c1ccc(Cl)cc1)N1CCN(C2CCCCC2)CC1,IC50,120.0,nM,6.92
APP,CHEMBL2487,CHEMBL231448,O=C(OC[C@H]1CC[C@@H](c2ccccc2)N1S(=O)(=O)c1ccc(Cl)cc1)N1CCN(CCO)CC1,IC50,540.0,nM,6.27
APP,CHEMBL2487,CHEMBL396542,CN1CCN(C(=O)OC[C@H]2CC[C@@H](c3ccccc3)N2S(=O)(=O)c2ccc(Cl)cc2)CC1,IC50,450.0,nM,6.35
APP,CHEMBL2487,CHEMBL231351,O=C(NCCCn1ccnc1)OC[C@H]1CC[C@@H](c2ccccc2)N1S(=O)(=O)c1ccc(Cl)cc1,IC50,650.0,nM,6.19
APP,CHEMBL2487,CHEMBL395313,CN1CCCC1CCNC(=O)OC[C@H]1CC[C@@H](c2ccccc2)N1S(=O)(=O)c1ccc(Cl)cc1,IC50,600.0,nM,6.22
APP,CHEMBL2487,CHEMBL231250,O=C(OCC1CCc2ccccc2N1S(=O)(=O)c1ccc(Cl)cc1)N1CCC(N2CCCCC2)CC1,IC50,73.0,nM,7.14
APP,CHEMBL2487,CHEMBL231248,O=C(OCCCC1CCc2ccccc2N1S(=O)(=O)c1ccc(Cl)cc1)N1CCC(N2CCCCC2)CC1,IC50,60.0,nM,7.22
APP,CHEMBL2487,CHEMBL395312,O=C(OCCC1CCc2ccccc2N1S(=O)(=O)c1ccc(Cl)cc1)N1CCC(N2CCCCC2)CC1,IC50,360.0,nM,6.44
APP,CHEMBL2487,CHEMBL390889,O=C(NC1CCN(Cc2ccccc2)CC1)OCCCC1CCc2ccccc2N1S(=O)(=O)c1ccc(Cl)cc1,IC50,190.0,nM,6.72
APP,CHEMBL2487,CHEMBL231647,O=C(NC1CCN(Cc2ccccc2)CC1)OCCC1CCc2ccccc2N1S(=O)(=O)c1ccc(Cl)cc1,IC50,900.0,nM,6.05
APP,CHEMBL2487,CHEMBL231545,O=C(OCCCC1CCc2ccccc2N1S(=O)(=O)c1ccc(Cl)cc1)N1CCN(C2CCCCC2)CC1,IC50,180.0,nM,6.75
APP,CHEMBL2487,CHEMBL231035,O=C(OCCC1CCc2ccccc2N1S(=O)(=O)c1ccc(Cl)cc1)N1CCN(C2CCCCC2)CC1,IC50,1000.0,nM,6.00
APP,CHEMBL2487,CHEMBL230931,O=C(OCCCC1CCc2ccccc2N1S(=O)(=O)c1ccc(Cl)cc1)N1CCN(CCO)CC1,IC50,680.0,nM,6.17
APP,CHEMBL2487,CHEMBL425304,O=C(OCCC1CCc2ccccc2N1S(=O)(=O)c1ccc(Cl)cc1)N1CCN(CCO)CC1,IC50,880.0,nM,6.06
APP,CHEMBL2487,CHEMBL231125,CN1CCN(C(=O)OCCCC2CCc3ccccc3N2S(=O)(=O)c2ccc(Cl)cc2)CC1,IC50,780.0,nM,6.11
APP,CHEMBL2487,CHEMBL390478,CN1CCN(C(=O)OCCC2CCc3ccccc3N2S(=O)(=O)c2ccc(Cl)cc2)CC1,IC50,1900.0,nM,5.72
APP,CHEMBL2487,CHEMBL231544,O=C(NCCCn1ccnc1)OCCCC1CCc2ccccc2N1S(=O)(=O)c1ccc(Cl)cc1,IC50,86.0,nM,7.07
APP,CHEMBL2487,CHEMBL389549,O=C(NCCCn1ccnc1)OCCC1CCc2ccccc2N1S(=O)(=O)c1ccc(Cl)cc1,IC50,280.0,nM,6.55
APP,CHEMBL2487,CHEMBL231447,CN1CCCC1CCNC(=O)OCCCC1CCc2ccccc2N1S(=O)(=O)c1ccc(Cl)cc1,IC50,220.0,nM,6.66
APP,CHEMBL2487,CHEMBL78012,CN(C)c1ccc(-c2cn3cc(I)ccc3n2)cc1,Ki,8.9,nM,8.05
APP,CHEMBL2487,CHEMBL69671,CN(CCCF)c1ccc(-c2cn3cc(I)ccc3n2)cc1,Ki,41.0,nM,7.39
APP,CHEMBL2487,CHEMBL70894,CN(CCF)c1ccc(-c2cn3cc(I)ccc3n2)cc1,Ki,31.0,nM,7.51
APP,CHEMBL2487,CHEMBL244995,CN(C)c1ccc(-c2cn3cc(SCCO)ccc3n2)cc1,Ki,88.0,nM,7.06
APP,CHEMBL2487,CHEMBL388460,COc1ccc(CSc2ccc3nc(-c4ccc(N(C)C)cc4)cn3c2)cc1,Ki,8.3,nM,8.08
APP,CHEMBL2487,CHEMBL244994,CN(C)c1ccc(-c2cn3cc(SCC(N)=O)ccc3n2)cc1,Ki,391.0,nM,6.41
APP,CHEMBL2487,CHEMBL241986,CNc1ccc(-c2cn3cc(SCCO)ccc3n2)cc1,Ki,645.0,nM,6.19
APP,CHEMBL2487,CHEMBL241985,CNc1ccc(-c2cn3cc(SCC(N)=O)ccc3n2)cc1,Ki,1840.0,nM,5.74
APP,CHEMBL2487,CHEMBL245210,Cc1cc(-c2cn3cc(Br)ccc3n2)ccc1N,Ki,658.0,nM,6.18
APP,CHEMBL2487,CHEMBL245208,CNc1ccc(-c2cn3cc(Br)ccc3n2)cc1Br,Ki,7.4,nM,8.13
APP,CHEMBL2487,CHEMBL387998,CN(C)c1ccc(-c2cn3cc(O)ccc3n2)cc1,Ki,177.0,nM,6.75
APP,CHEMBL2487,CHEMBL242410,CN(C)c1ccc(-c2cn3cc(Br)cc(I)c3n2)cc1,Ki,183.0,nM,6.74
APP,CHEMBL2487,CHEMBL242194,CCSc1ccc2nc(-c3ccc(N(C)C)cc3)cn2c1,Ki,8.3,nM,8.08
APP,CHEMBL2487,CHEMBL243492,COc1ccc2nc(-c3ccc(N(C)C)cc3)cn2c1,Ki,38.5,nM,7.42
APP,CHEMBL2487,CHEMBL244757,CN(C)c1ccc(-c2cn3cc([N+](=O)[O-])ccc3n2)cc1,Ki,7.6,nM,8.12
APP,CHEMBL2487,CHEMBL442269,CN(C)c1ccc(-c2cn3cc(C#N)ccc3n2)cc1,Ki,8.2,nM,8.09
APP,CHEMBL2487,CHEMBL241967,CN(C)c1ccc(-c2cn3cc(F)ccc3n2)cc1,Ki,13.0,nM,7.89
APP,CHEMBL2487,CHEMBL394553,CN(C)c1ccc(-c2cn3cc(Cl)ccc3n2)cc1,Ki,24.2,nM,7.62
APP,CHEMBL2487,CHEMBL81260,CN(C)c1ccc(-c2cn3cc(Br)ccc3n2)cc1,Ki,5.9,nM,8.23
APP,CHEMBL2487,CHEMBL388227,CN(C(=O)C(F)(F)F)c1ccc(-c2cn3cc(Br)ccc3n2)cc1Br,Ki,1000.0,nM,
APP,CHEMBL2487,CHEMBL242411,CN(C)c1ccc(-c2cn3cc(Br)cc(C#N)c3n2)cc1,Ki,180.0,nM,
APP,CHEMBL2487,CHEMBL245214,CNc1ccc(-c2cn3cc(SCCO)ccc3n2)cc1C,Ki,1000.0,nM,
APP,CHEMBL2487,CHEMBL244996,CNc1ccc(-c2cn3cc(SCC(N)=O)ccc3n2)cc1C,Ki,1000.0,nM,
APP,CHEMBL2487,CHEMBL241984,CNc1ccc(-c2cn3cc(Br)ccc3n2)cc1C,Ki,1000.0,nM,
APP,CHEMBL2487,CHEMBL243935,CC(=O)N(C)c1ccc(-c2cn3cc(Br)ccc3n2)cc1C,Ki,1000.0,nM,
APP,CHEMBL2487,CHEMBL388228,Cc1cc(-c2cn3cc(Br)ccc3n2)ccc1NC(=O)C(F)(F)F,Ki,1000.0,nM,
APP,CHEMBL2487,CHEMBL244747,CN(C)c1ccc(-c2cn3cc(Cl)ncc3n2)cc1,Ki,88.0,nM,7.06
APP,CHEMBL2487,CHEMBL394626,CN(C)c1ccc(-c2cn3cc(Cl)cnc3n2)cc1,Ki,147.0,nM,6.83
APP,CHEMBL2487,CHEMBL207456,[11CH3]Nc1ccc(-c2nc3ccc(O)cc3s2)cc1,Ki,19.0,nM,7.72
APP,CHEMBL2487,CHEMBL242347,Nc1ccc(-c2nc3ccc(-c4nc5ccccc5s4)cc3s2)cc1I,Ki,21.0,nM,7.68
APP,CHEMBL2487,CHEMBL242132,CN(C)c1ccc(-c2nc3ccc(-c4nc5ccc(F)cc5s4)cc3s2)cc1,Ki,23.0,nM,7.64
APP,CHEMBL2487,CHEMBL396212,CNc1ccc(-c2nc3ccc(-c4nc5ccc(F)cc5s4)cc3s2)cc1,Ki,27.0,nM,7.57
APP,CHEMBL2487,CHEMBL242130,CNc1ccc(-c2nc3ccc(-c4nc5ccc(Cl)cc5s4)cc3s2)cc1,Ki,6.8,nM,8.17
APP,CHEMBL2487,CHEMBL394523,CNc1ccc(-c2nc3ccc(-c4nc5ccccc5s4)cc3s2)cc1,Ki,22.0,nM,7.66
APP,CHEMBL2487,CHEMBL398155,COc1ccc2nc(-c3ccc4nc(-c5ccc(N)cc5)sc4c3)sc2c1,Ki,25.0,nM,7.60
APP,CHEMBL2487,CHEMBL241917,Nc1ccc(-c2nc3ccc(-c4nc5ccc(F)cc5s4)cc3s2)cc1,Ki,36.0,nM,7.44
APP,CHEMBL2487,CHEMBL243838,Nc1ccc(-c2nc3ccc(-c4nc5ccc(Cl)cc5s4)cc3s2)cc1,Ki,34.0,nM,7.47
APP,CHEMBL2487,CHEMBL243630,Nc1ccc(-c2nc3ccc(-c4nc5ccccc5s4)cc3s2)cc1,Ki,25.0,nM,7.60
APP,CHEMBL2487,CHEMBL231915,CN(C)c1ccc(C#Cc2cnc(OCCOCCOCCF)c(I)c2)cc1,Ki,16.8,nM,7.78
APP,CHEMBL2487,CHEMBL232114,OCCOc1ncc(C#Cc2ccc(O)cc2)cc1I,Ki,6.2,nM,8.21
APP,CHEMBL2487,CHEMBL232113,CNc1ccc(C#Cc2cnc(OCCO)c(I)c2)cc1,Ki,12.5,nM,7.90
APP,CHEMBL2487,CHEMBL232112,CNc1ccc(C#Cc2cnc(OCCO)c(Br)c2)cc1,Ki,1.6,nM,8.80
APP,CHEMBL2487,CHEMBL231918,CNc1ccc(C#Cc2cnc(OCCOCCOCCF)c(Br)c2)cc1,Ki,13.1,nM,7.88
APP,CHEMBL2487,CHEMBL231917,CN(C)c1ccc(C#Cc2cnc(OCCO)c(Br)c2)cc1,Ki,6.7,nM,8.17
APP,CHEMBL2487,CHEMBL398059,CN(C)c1ccc(C#Cc2cnc(OCCOCCOCCF)c(Br)c2)cc1,Ki,11.2,nM,7.95
APP,CHEMBL2487,CHEMBL231916,CN(C)c1ccc(C#Cc2cnc(OCCO)c(I)c2)cc1,Ki,9.2,nM,8.04
APP,CHEMBL2487,CHEMBL240055,O=C(OC1([C@H]2CCC[C@@H](c3cc(F)cc(F)c3)N2S(=O)(=O)c2ccc(Cl)cc2)CC1)N1CCC(N2CCCCC2)CC1,IC50,0.3,nM,9.52
APP,CHEMBL2487,CHEMBL240286,CC[C@@H]1CCC[C@H](C2(OC(=O)N3CC[C@@H](O)C3)CC2)N1S(=O)(=O)c1ccc(Cl)cc1,IC50,56.0,nM,7.25
APP,CHEMBL2487,CHEMBL240285,CCC[C@@H]1CCC[C@H](C2(OC(=O)N3CC[C@@H](O)C3)CC2)N1S(=O)(=O)c1ccc(Cl)cc1,IC50,47.0,nM,7.33
APP,CHEMBL2487,CHEMBL398395,O=C(OC1([C@H]2CCC[C@@H](C3CC3)N2S(=O)(=O)c2ccc(Cl)cc2)CC1)N1CC[C@@H](O)C1,IC50,46.0,nM,7.34
APP,CHEMBL2487,CHEMBL240284,O=C(OC1([C@H]2CCC[C@@H](c3cc(F)cc(F)c3)N2S(=O)(=O)c2ccc(Cl)cc2)CC1)N1CC[C@@H](O)C1,IC50,17.0,nM,7.77
APP,CHEMBL2487,CHEMBL240071,O=C(OC1([C@H]2CCC[C@@H](CC(F)(F)F)N2S(=O)(=O)c2ccc(Cl)cc2)CC1)N1CCN(CCO)CC1,IC50,14.0,nM,7.85
APP,CHEMBL2487,CHEMBL240070,CC[C@@H]1CCC[C@H](C2(OC(=O)N3CCN(CCO)CC3)CC2)N1S(=O)(=O)c1ccc(Cl)cc1,IC50,12.0,nM,7.92
APP,CHEMBL2487,CHEMBL240069,O=C(OC1([C@H]2CCC[C@@H](C3CC3)N2S(=O)(=O)c2ccc(Cl)cc2)CC1)N1CCN(CCO)CC1,IC50,27.0,nM,7.57
APP,CHEMBL2487,CHEMBL442801,O=C(OC1([C@H]2CCC[C@@H](CC(F)(F)F)N2S(=O)(=O)c2ccc(Cl)cc2)CC1)N1CCC(N2CCCCC2)CC1,IC50,3.5,nM,8.46
APP,CHEMBL2487,CHEMBL239859,CC[C@@H]1CCC[C@H](C2(OC(=O)N3CCC(N4CCCCC4)CC3)CC2)N1S(=O)(=O)c1ccc(Cl)cc1,IC50,3.5,nM,8.46
APP,CHEMBL2487,CHEMBL239858,CCC[C@@H]1CCC[C@H](C2(OC(=O)N3CCC(N4CCCCC4)CC3)CC2)N1S(=O)(=O)c1ccc(Cl)cc1,IC50,2.5,nM,8.60
APP,CHEMBL2487,CHEMBL400420,O=C(OC1([C@H]2CCC[C@@H](C3CC3)N2S(=O)(=O)c2ccc(Cl)cc2)CC1)N1CCC(N2CCCCC2)CC1,IC50,2.8,nM,8.55
APP,CHEMBL2487,CHEMBL239629,O=C(OC1([C@H]2CCC[C@@H](c3cc(F)cc(F)c3)N2S(=O)(=O)c2ccc(Cl)cc2)CC1)N1CCN(CCO)CC1,IC50,2.4,nM,8.62
APP,CHEMBL2487,CHEMBL393941,CC(C)(CO)N1CCN(C(=O)OC2([C@H]3CCC[C@@H](C4CC4)N3S(=O)(=O)c3ccc(Cl)cc3)CC2)CC1,IC50,12.0,nM,7.92
APP,CHEMBL2487,CHEMBL236192,O=C(OC1([C@H]2CCC[C@@H](C3CC3)N2S(=O)(=O)c2ccc(Cl)cc2)CC1)N1CCN(CCCO)CC1,IC50,16.0,nM,7.80
APP,CHEMBL2487,CHEMBL429448,CC[C@@H]1CCC[C@H](C2(OC(=O)N3CCC(N4CCCCC4)CC3)CC2)N1S(=O)(=O)c1cc(F)cc(F)c1,IC50,29.0,nM,7.54
APP,CHEMBL2487,CHEMBL236191,CC[C@@H]1CCC[C@H](C2(OC(=O)N3CCN(C(C)(C)CO)CC3)CC2)N1S(=O)(=O)c1cc(F)cc(F)c1,IC50,81.0,nM,7.09
APP,CHEMBL2487,CHEMBL236190,CC[C@@H]1CCC[C@H](C2(OC(=O)N3CCC(N4CCCCC4)CC3)CC2)N1S(=O)(=O)c1ccc(F)c(F)c1,IC50,6.9,nM,8.16
APP,CHEMBL2487,CHEMBL236189,CC[C@@H]1CCC[C@H](C2(OC(=O)N3CC4CCC(C3)N4CCO)CC2)N1S(=O)(=O)c1ccc(F)c(F)c1,IC50,27.0,nM,7.57
APP,CHEMBL2487,CHEMBL236188,CC[C@@H]1CCC[C@H](C2(OC(=O)N3CCN(C(C)(C)CO)CC3)CC2)N1S(=O)(=O)c1ccc(F)c(F)c1,IC50,9.6,nM,8.02
APP,CHEMBL2487,CHEMBL236187,CC[C@@H]1CCC[C@H](C2(OC(=O)N3CCC(N4CCCCC4)CC3)CC2)N1S(=O)(=O)c1ccc(F)cc1,IC50,16.0,nM,7.80
APP,CHEMBL2487,CHEMBL236186,CC[C@@H]1CCC[C@H](C2(OC(=O)N3CC4CCC(C3)N4CCO)CC2)N1S(=O)(=O)c1ccc(F)cc1,IC50,25.0,nM,7.60
APP,CHEMBL2487,CHEMBL236185,CC[C@@H]1CCC[C@H](C2(OC(=O)N3CCN(C(C)(C)CO)CC3)CC2)N1S(=O)(=O)c1ccc(F)cc1,IC50,10.0,nM,8.00
APP,CHEMBL2487,CHEMBL392060,CC[C@@H]1CCC[C@H](C2(OC(=O)N3CC4CCC(C3)N4CCO)CC2)N1S(=O)(=O)c1ccc(Cl)cc1,IC50,3.5,nM,8.46
APP,CHEMBL2487,CHEMBL236184,CC[C@@H]1CCC[C@H](C2(OC(=O)N3CCN(C(C)(C)CO)CC3)CC2)N1S(=O)(=O)c1ccc(Cl)cc1,IC50,6.9,nM,8.16
APP,CHEMBL2487,CHEMBL236183,CC[C@@H]1CCC[C@H](C2(OC(=O)N3CCN(CCCO)CC3)CC2)N1S(=O)(=O)c1ccc(Cl)cc1,IC50,17.0,nM,7.77
APP,CHEMBL2487,CHEMBL392059,CC[C@@H]1CCC[C@H](C2(OC(=O)N3CCN(CCO)C[C@@H]3C)CC2)N1S(=O)(=O)c1ccc(Cl)cc1,IC50,12.0,nM,7.92
APP,CHEMBL2487,CHEMBL236182,CC[C@@H]1CCC[C@H](C2(OC(=O)N3CCN(CCO)[C@@H](C)C3)CC2)N1S(=O)(=O)c1ccc(Cl)cc1,IC50,13.0,nM,7.89
APP,CHEMBL2487,CHEMBL394132,CC[C@@H]1CCC[C@H](C2(OC(=O)N3CCC(CCO)(OC)CC3)CC2)N1S(=O)(=O)c1ccc(Cl)cc1,IC50,9.0,nM,8.05
APP,CHEMBL2487,CHEMBL238271,CCCC1(O)CCN(C(=O)OC2([C@H]3CCC[C@@H](CC)N3S(=O)(=O)c3ccc(Cl)cc3)CC2)C1,IC50,28.0,nM,7.55
APP,CHEMBL2487,CHEMBL392144,CC[C@@H]1CCC[C@H](C2(OC(=O)N3CCC(O)(CC)CC3)CC2)N1S(=O)(=O)c1ccc(Cl)cc1,IC50,3.2,nM,8.49
APP,CHEMBL2487,CHEMBL236196,CCC1(O)CCN(C(=O)O[C@H]2CCC3CCCC2N3S(=O)(=O)c2ccc(Cl)cc2)CC1,IC50,104.0,nM,6.98
APP,CHEMBL2487,CHEMBL429449,CC(C)(CO)N1CCN(C(=O)O[C@H]2CCC3CCCC2N3S(=O)(=O)c2ccc(Cl)cc2)CC1,IC50,57.0,nM,7.24
APP,CHEMBL2487,CHEMBL236195,O=C(O[C@@H]1CCC2CCCC1N2S(=O)(=O)c1ccc(Cl)cc1)N1CCC(N2CCCCC2)CC1,IC50,2425.0,nM,5.62
APP,CHEMBL2487,CHEMBL236193,O=C(O[C@H]1CCC2CCCC1N2S(=O)(=O)c1ccc(Cl)cc1)N1CCC(N2CCCCC2)CC1,IC50,15.0,nM,7.82
APP,CHEMBL2487,CHEMBL392144,CC[C@@H]1CCC[C@H](C2(OC(=O)N3CCC(O)(CC)CC3)CC2)N1S(=O)(=O)c1ccc(Cl)cc1,IC50,4.3,nM,8.37
APP,CHEMBL2487,CHEMBL393941,CC(C)(CO)N1CCN(C(=O)OC2([C@H]3CCC[C@@H](C4CC4)N3S(=O)(=O)c3ccc(Cl)cc3)CC2)CC1,IC50,39.0,nM,7.41
APP,CHEMBL2487,CHEMBL236192,O=C(OC1([C@H]2CCC[C@@H](C3CC3)N2S(=O)(=O)c2ccc(Cl)cc2)CC1)N1CCN(CCCO)CC1,IC50,32.0,nM,7.50
APP,CHEMBL2487,CHEMBL429448,CC[C@@H]1CCC[C@H](C2(OC(=O)N3CCC(N4CCCCC4)CC3)CC2)N1S(=O)(=O)c1cc(F)cc(F)c1,IC50,144.0,nM,6.84
APP,CHEMBL2487,CHEMBL236190,CC[C@@H]1CCC[C@H](C2(OC(=O)N3CCC(N4CCCCC4)CC3)CC2)N1S(=O)(=O)c1ccc(F)c(F)c1,IC50,45.0,nM,7.35
APP,CHEMBL2487,CHEMBL236188,CC[C@@H]1CCC[C@H](C2(OC(=O)N3CCN(C(C)(C)CO)CC3)CC2)N1S(=O)(=O)c1ccc(F)c(F)c1,IC50,20.0,nM,7.70
APP,CHEMBL2487,CHEMBL236187,CC[C@@H]1CCC[C@H](C2(OC(=O)N3CCC(N4CCCCC4)CC3)CC2)N1S(=O)(=O)c1ccc(F)cc1,IC50,115.0,nM,6.94
APP,CHEMBL2487,CHEMBL236185,CC[C@@H]1CCC[C@H](C2(OC(=O)N3CCN(C(C)(C)CO)CC3)CC2)N1S(=O)(=O)c1ccc(F)cc1,IC50,25.0,nM,7.60
APP,CHEMBL2487,CHEMBL392060,CC[C@@H]1CCC[C@H](C2(OC(=O)N3CC4CCC(C3)N4CCO)CC2)N1S(=O)(=O)c1ccc(Cl)cc1,IC50,7.7,nM,8.11
APP,CHEMBL2487,CHEMBL236184,CC[C@@H]1CCC[C@H](C2(OC(=O)N3CCN(C(C)(C)CO)CC3)CC2)N1S(=O)(=O)c1ccc(Cl)cc1,IC50,8.3,nM,8.08
APP,CHEMBL2487,CHEMBL236183,CC[C@@H]1CCC[C@H](C2(OC(=O)N3CCN(CCCO)CC3)CC2)N1S(=O)(=O)c1ccc(Cl)cc1,IC50,15.0,nM,7.82
APP,CHEMBL2487,CHEMBL392059,CC[C@@H]1CCC[C@H](C2(OC(=O)N3CCN(CCO)C[C@@H]3C)CC2)N1S(=O)(=O)c1ccc(Cl)cc1,IC50,14.0,nM,7.85
APP,CHEMBL2487,CHEMBL236182,CC[C@@H]1CCC[C@H](C2(OC(=O)N3CCN(CCO)[C@@H](C)C3)CC2)N1S(=O)(=O)c1ccc(Cl)cc1,IC50,10.0,nM,8.00
APP,CHEMBL2487,CHEMBL394132,CC[C@@H]1CCC[C@H](C2(OC(=O)N3CCC(CCO)(OC)CC3)CC2)N1S(=O)(=O)c1ccc(Cl)cc1,IC50,20.0,nM,7.70
APP,CHEMBL2487,CHEMBL238271,CCCC1(O)CCN(C(=O)OC2([C@H]3CCC[C@@H](CC)N3S(=O)(=O)c3ccc(Cl)cc3)CC2)C1,IC50,190.0,nM,6.72
APP,CHEMBL2487,CHEMBL392878,COc1ccc(/C=C/c2cccc(/C=C/c3ccc(OC)c(N)c3)n2)cc1N,IC50,600.0,nM,6.22
APP,CHEMBL2487,CHEMBL418455,O=C(O)c1cc(/C=C/c2ccc(/C=C/c3ccc(O)c(C(=O)O)c3)c(I)c2)ccc1O,IC50,8000.0,nM,5.10
APP,CHEMBL2487,CHEMBL81880,CN(C)c1ccc2cc3ccc(N(C)C)cc3nc2c1,IC50,600.0,nM,6.22
APP,CHEMBL2487,CHEMBL140,COc1cc(/C=C/C(=O)CC(=O)/C=C/c2ccc(O)c(OC)c2)ccc1O,IC50,800.0,nM,6.10
APP,CHEMBL2487,CHEMBL245688,COc1cc(/C=C/c2cc(Br)cc(/C=C/c3ccc(O)c(OC)c3)c2)ccc1O,IC50,100.0,nM,7.00
APP,CHEMBL2487,CHEMBL245479,CN(C)c1ccc(/C=C/c2cc(I)cc(/C=C/c3ccc(N(C)C)cc3)c2)cc1,IC50,20000.0,nM,
APP,CHEMBL2487,CHEMBL245478,CN(C)c1ccc(/C=C/c2cc(Br)cc(/C=C/c3ccc(N(C)C)cc3)c2)cc1,IC50,20000.0,nM,
APP,CHEMBL2487,CHEMBL245477,CN(C)c1ccc(/C=C/c2cccc(/C=C/c3ccc(N(C)C)cc3)c2)cc1,IC50,20000.0,nM,
APP,CHEMBL2487,CHEMBL245476,COc1ccc(/C=C/c2cc(Br)cc(/C=C/c3ccc(OC)c(OC)c3)c2)cc1OC,IC50,20000.0,nM,4.70
APP,CHEMBL2487,CHEMBL396917,COc1cc(/C=C/c2cc(Br)cc(/C=C/c3ccc(N)c(OC)c3)c2)ccc1N,IC50,1800.0,nM,5.75
APP,CHEMBL2487,CHEMBL248339,COc1cc(/C=C/c2cccc(/C=C/c3ccc(N4CCCC4)c(OC)c3)c2)ccc1N1CCCC1,IC50,20000.0,nM,
APP,CHEMBL2487,CHEMBL248338,CN(C)c1cc(/C=C/c2cccc(/C=C/c3ccc(O)c(N(C)C)c3)c2)ccc1O,IC50,2700.0,nM,5.57
APP,CHEMBL2487,CHEMBL248337,COc1ccc(/C=C/c2cccc(/C=C/c3ccc(OC)c(N(C)C)c3)c2)cc1N(C)C,IC50,1100.0,nM,5.96
APP,CHEMBL2487,CHEMBL248133,CNc1cc(/C=C/c2cccc(/C=C/c3ccc(OC)c(NC)c3)c2)ccc1OC,IC50,1300.0,nM,5.89
APP,CHEMBL2487,CHEMBL248132,COc1ccc(/C=C/c2cccc(/C=C/c3ccc(OC)c(N)c3)c2)cc1N,IC50,300.0,nM,6.52
APP,CHEMBL2487,CHEMBL248131,CN(C)c1ccc(/C=C/c2cccc(/C=C/c3ccc(N(C)C)c(O)c3)c2)cc1O,IC50,700.0,nM,6.16
APP,CHEMBL2487,CHEMBL247932,COc1cc(/C=C/c2cccc(/C=C/c3ccc(N(C)C)c(OC)c3)c2)ccc1N(C)C,IC50,1000.0,nM,6.00
APP,CHEMBL2487,CHEMBL247931,CNc1ccc(/C=C/c2cccc(/C=C/c3ccc(NC)c(OC)c3)c2)cc1OC,IC50,600.0,nM,6.22
APP,CHEMBL2487,CHEMBL247930,COc1cc(/C=C/c2cccc(/C=C/c3ccc(N)c(OC)c3)c2)ccc1N,IC50,600.0,nM,6.22
APP,CHEMBL2487,CHEMBL247728,COc1cc(/C=C/c2cc(N(C)C)cc(/C=C/c3ccc(O)c(OC)c3)n2)ccc1O,IC50,1900.0,nM,5.72
APP,CHEMBL2487,CHEMBL247727,COc1cc(/C=C/c2cc(C)cc(/C=C/c3ccc(O)c(OC)c3)n2)ccc1O,IC50,1400.0,nM,5.85
APP,CHEMBL2487,CHEMBL247726,COc1cc(/C=C/c2ccc(O)c(OC)c2)nc(/C=C/c2ccc(O)c(OC)c2)c1,IC50,1700.0,nM,5.77
APP,CHEMBL2487,CHEMBL247530,COc1cc(/C=C/c2cc(Cl)cc(/C=C/c3ccc(O)c(OC)c3)n2)ccc1O,IC50,1100.0,nM,5.96
APP,CHEMBL2487,CHEMBL427878,COc1cc(/C=C/c2cc(Br)cc(/C=C/c3ccc(O)c(OC)c3)n2)ccc1O,IC50,1100.0,nM,5.96
APP,CHEMBL2487,CHEMBL247328,COc1cc(/C=C/c2cccc(/C=C/c3ccc(O)c(OC)c3)n2)ccc1O,IC50,800.0,nM,6.10
APP,CHEMBL2487,CHEMBL247929,COc1cc(/C=C/c2cc(Br)cc(/C=C/c3ccc(N)c(OC)c3)n2)ccc1N,IC50,1100.0,nM,5.96
APP,CHEMBL2487,CHEMBL247927,CN(C)c1ccc(/C=C/c2cccc(/C=C/c3ccc(N(C)C)c(O)c3)n2)cc1O,IC50,900.0,nM,6.05
APP,CHEMBL2487,CHEMBL391205,COc1cc(/C=C/c2cccc(/C=C/c3ccc(N(C)C)c(OC)c3)n2)ccc1N(C)C,IC50,800.0,nM,6.10
APP,CHEMBL2487,CHEMBL247725,CNc1ccc(/C=C/c2cccc(/C=C/c3ccc(NC)c(O)c3)n2)cc1O,IC50,900.0,nM,6.05
APP,CHEMBL2487,CHEMBL247674,CNc1ccc(/C=C/c2cccc(/C=C/c3ccc(NC)c(OC)c3)n2)cc1OC,IC50,500.0,nM,6.30
APP,CHEMBL2487,CHEMBL247524,COc1cc(/C=C/c2cccc(/C=C/c3ccc(N)c(OC)c3)n2)ccc1N,IC50,700.0,nM,6.16
APP,CHEMBL2487,CHEMBL427877,CN(C)c1cc(/C=C/c2cccc(/C=C/c3ccc(O)c(N(C)C)c3)n2)ccc1O,IC50,2300.0,nM,5.64
APP,CHEMBL2487,CHEMBL394713,COc1ccc(/C=C/c2cccc(/C=C/c3ccc(OC)c(N(C)C)c3)n2)cc1N(C)C,IC50,900.0,nM,6.05
APP,CHEMBL2487,CHEMBL248327,CNc1cc(/C=C/c2cccc(/C=C/c3ccc(O)c(NC)c3)n2)ccc1O,IC50,500.0,nM,6.30
APP,CHEMBL2487,CHEMBL248122,CNc1cc(/C=C/c2cccc(/C=C/c3ccc(OC)c(NC)c3)n2)ccc1OC,IC50,1100.0,nM,5.96
APP,CHEMBL2487,CHEMBL78012,CN(C)c1ccc(-c2cn3cc(I)ccc3n2)cc1,Ki,8.95,nM,8.05
APP,CHEMBL2487,CHEMBL93124,CNc1ccc(-c2nc3ccc(O)cc3s2)cc1,Kd,7.23,nM,8.14
APP,CHEMBL2487,CHEMBL254850,CSc1ccc2nc(-c3ccc(N)cc3)cn2c1,Ki,377.0,nM,6.42
APP,CHEMBL2487,CHEMBL252969,COC(=O)CCSc1ccc2nc(-c3ccc(N(C)C)cc3)cn2c1,Ki,205.0,nM,6.69
APP,CHEMBL2487,CHEMBL252766,CSc1ccc2nc(-c3ccc(N(C)C)cc3)cn2c1,Ki,7.93,nM,8.10
APP,CHEMBL2487,CHEMBL252765,CNc1ccc(-c2cn3cc(SC)ccc3n2)cc1,Ki,80.0,nM,7.10
APP,CHEMBL2487,CHEMBL524651,CNc1ccc(-c2nc3c(O)cccc3s2)cc1,Ki,18.8,nM,7.73
APP,CHEMBL2487,CHEMBL486529,CNc1ccc(-c2nc3cccc(O)c3s2)cc1,Ki,11.2,nM,7.95
APP,CHEMBL2487,CHEMBL503833,CNc1ccc(-c2nc3cc(O)ccc3s2)cc1,Ki,11.5,nM,7.94
APP,CHEMBL2487,CHEMBL451807,FCCOCCOCCOc1ccc(C#Cc2ccc3c(c2)CCN3)cc1,Ki,4.0,nM,8.40
APP,CHEMBL2487,CHEMBL519255,FCCOCCOCCOc1ccc(C#Cc2ccc3[nH]ccc3c2)cc1,Ki,1.5,nM,8.82
APP,CHEMBL2487,CHEMBL510384,Cc1ccc2nc(-c3ccc(F)cc3)sc2c1,Ki,5.7,nM,8.24
APP,CHEMBL2487,CHEMBL501127,O=C(O)c1ccc2nc(-c3ccc(F)cc3)sc2c1,Ki,4000.0,nM,
APP,CHEMBL2487,CHEMBL490083,COc1ccc2nc(-c3ccc(F)cc3)sc2c1,Ki,2.2,nM,8.66
APP,CHEMBL2487,CHEMBL490084,Oc1ccc2nc(-c3ccc(F)cc3)sc2c1,Ki,22.5,nM,7.65
APP,CHEMBL2487,CHEMBL490085,Oc1cc(O)c2sc(-c3ccc(F)cc3)nc2c1,Ki,776.0,nM,6.11
APP,CHEMBL2487,CHEMBL207456,[11CH3]Nc1ccc(-c2nc3ccc(O)cc3s2)cc1,Ki,2.8,nM,8.55
APP,CHEMBL2487,CHEMBL450553,CCN(CCCCCCN1C(=O)c2ccc3c4c(ccc(c24)C1=O)C(=O)N(CCCCCCN(CC)Cc1ccccc1OC)C3=O)Cc1ccccc1OC,IC50,9690.0,nM,5.01
APP,CHEMBL2487,CHEMBL492216,CN(C)c1ccc(/C=C/c2cc3ccccc3o2)cc1,IC50,2300.0,nM,5.64
APP,CHEMBL2487,CHEMBL492217,COc1ccc2oc(/C=C/c3ccc(N(C)C)cc3)cc2c1,IC50,810.0,nM,6.09
APP,CHEMBL2487,CHEMBL491203,CN(C)c1ccc(/C=C/c2cc3cc(O)ccc3o2)cc1,IC50,160.0,nM,6.80
APP,CHEMBL2487,CHEMBL509088,Cc1ccc2oc(/C=C/c3ccc(N(C)C)cc3)cc2c1,IC50,130.0,nM,6.89
APP,CHEMBL2487,CHEMBL489978,CN(C)c1ccc(/C=C/c2cc3cc(F)ccc3o2)cc1,IC50,1980.0,nM,5.70
APP,CHEMBL2487,CHEMBL446870,CN(C)c1ccc(/C=C/c2cc3cc(Cl)ccc3o2)cc1,IC50,200.0,nM,6.70
APP,CHEMBL2487,CHEMBL489979,CN(C)c1ccc(/C=C/c2cc3cc(Br)ccc3o2)cc1,IC50,470.0,nM,6.33
APP,CHEMBL2487,CHEMBL524114,CN(C)c1ccc(/C=C/c2cc3cc(I)ccc3o2)cc1,IC50,170.0,nM,6.77
APP,CHEMBL2487,CHEMBL524141,COc1ccc2cc(/C=C/c3ccc(N(C)C)cc3)oc2c1,IC50,70.0,nM,7.16
APP,CHEMBL2487,CHEMBL443097,CN(C)c1ccc(/C=C/c2cc3ccc(O)cc3o2)cc1,IC50,3620.0,nM,5.44
APP,CHEMBL2487,CHEMBL491406,Cc1ccc2cc(/C=C/c3ccc(N(C)C)cc3)oc2c1,IC50,3440.0,nM,5.46
APP,CHEMBL2487,CHEMBL491407,CN(C)c1ccc(/C=C/c2cc3ccc(F)cc3o2)cc1,IC50,2190.0,nM,5.66
APP,CHEMBL2487,CHEMBL490798,CN(C)c1ccc(/C=C/c2cc3ccc(Cl)cc3o2)cc1,IC50,3210.0,nM,5.49
APP,CHEMBL2487,CHEMBL490799,CN(C)c1ccc(/C=C/c2cc3ccc(Br)cc3o2)cc1,IC50,1340.0,nM,5.87
APP,CHEMBL2487,CHEMBL492023,CN(C)c1ccc(/C=C/c2cc3ccc(I)cc3o2)cc1,IC50,2800.0,nM,5.55
APP,CHEMBL2487,CHEMBL492024,COc1ccc2oc(/C=C/c3ccc(N)cc3)cc2c1,IC50,820.0,nM,6.09
APP,CHEMBL2487,CHEMBL523824,CNc1ccc(/C=C/c2cc3cc(OC)ccc3o2)cc1,IC50,80.0,nM,7.10
APP,CHEMBL2487,CHEMBL444393,Cl.Nc1ccc(/C=C/c2cc3cc(O)ccc3o2)cc1,IC50,2950.0,nM,5.53
APP,CHEMBL2487,CHEMBL490808,CNc1ccc(/C=C/c2cc3cc(O)ccc3o2)cc1.Cl,IC50,2160.0,nM,5.67
APP,CHEMBL2487,CHEMBL490806,COc1ccc2cc(/C=C/c3ccc(N)cc3)oc2c1,IC50,5440.0,nM,5.26
APP,CHEMBL2487,CHEMBL489994,CNc1ccc(/C=C/c2cc3ccc(OC)cc3o2)cc1,IC50,800.0,nM,6.10
APP,CHEMBL2487,CHEMBL489792,COc1ccc2oc(/C=C/c3ccc(N(C)C)c(OC)c3)cc2c1,IC50,160.0,nM,6.80
APP,CHEMBL2487,CHEMBL521929,COc1ccc2cc(/C=C/c3ccc(N(C)C)c(OC)c3)oc2c1,IC50,530.0,nM,6.28
APP,CHEMBL2487,CHEMBL477841,O=[N+]([O-])c1ccc(-c2nc3ccccc3s2)cc1,Ki,9.0,nM,8.05
APP,CHEMBL2487,CHEMBL515387,O=C([C@@H]1C[C@H](N2CCN(c3ncccn3)CC2)CN1)N1CCC(F)(F)C1,IC50,30000.0,nM,
APP,CHEMBL2487,CHEMBL568061,Nc1ccc2nc(-c3ccc(F)cc3)sc2c1,Ki,10.0,nM,8.00
APP,CHEMBL2487,CHEMBL566354,CN(C)c1ccc2nc(-c3ccc(F)cc3)sc2c1,Ki,3.8,nM,8.42
APP,CHEMBL2487,CHEMBL578982,CNc1ccc2nc(-c3ccc(F)cc3)sc2c1,Ki,4.1,nM,8.39
APP,CHEMBL2487,CHEMBL207649,CC(=C(C#N)C#N)c1ccc2cc(N(C)CCF)ccc2c1,Ki,172.0,nM,6.76
APP,CHEMBL2487,CHEMBL93124,CNc1ccc(-c2nc3ccc(O)cc3s2)cc1,Ki,0.87,nM,9.06
APP,CHEMBL2487,CHEMBL570378,CNc1ccc(-c2nc3ccc(O)cc3s2)cn1,Ki,1.7,nM,8.77
APP,CHEMBL2487,CHEMBL93334,CNc1ccc(-c2nc3ccccc3s2)cc1,Ki,1.28,nM,8.89
APP,CHEMBL2487,CHEMBL78012,CN(C)c1ccc(-c2cn3cc(I)ccc3n2)cc1,Ki,1.29,nM,8.89
APP,CHEMBL2487,CHEMBL579205,CNc1ccc(-c2nc3ccc(O)cc3s2)cc1F,Ki,0.74,nM,9.13
APP,CHEMBL2487,CHEMBL566723,CNc1ccc(/C=C/c2ccc(OCCCCCCF)cc2)cc1,Ki,2.22,nM,8.65
APP,CHEMBL2487,CHEMBL1774461,CNc1ccc(/C=C/c2ccc(OCCOCCOCC[18F])nc2)cc1,Ki,2.87,nM,8.54
APP,CHEMBL2487,CHEMBL565657,CN(C)c1ccc(/C=C/c2nc3ccccc3s2)cc1,Ki,2.3,nM,8.64
APP,CHEMBL2487,CHEMBL565623,CN(C)c1ccc(/C=C/c2ccccc2I)cc1,Ki,7.7,nM,8.11
APP,CHEMBL2487,CHEMBL567746,CN(C)c1ccc(/C=C/c2cccc(I)c2)cc1,Ki,4.5,nM,8.35
APP,CHEMBL2487,CHEMBL570610,CN(C)c1ccc(/C=C/c2ccc(I)cc2)cc1,Ki,2.0,nM,8.70
APP,CHEMBL2487,CHEMBL81999,CN(C)c1ccc(/C=C/c2ccc(F)cc2)cc1,Ki,22.0,nM,7.66
APP,CHEMBL2487,CHEMBL565281,COc1ccc(/C=C/c2cccc(I)c2)cc1,Ki,22.0,nM,7.66
APP,CHEMBL2487,CHEMBL567614,Oc1ccc(/C=C/c2cccc(I)c2)cc1,Ki,32.0,nM,7.50
APP,CHEMBL2487,CHEMBL381642,CNc1ccc(/C=C/c2ccc(O)cc2)cc1,Ki,2.4,nM,8.62
APP,CHEMBL2487,CHEMBL373236,CNc1ccc(/C=C/c2ccc(OCC(CO)CF)cc2)cc1,Ki,5.0,nM,8.30
APP,CHEMBL2487,CHEMBL566709,CNc1ccc(/C=C/c2ccc(OCCCCF)cc2)cc1,Ki,2.9,nM,8.54
APP,CHEMBL2487,CHEMBL566296,CNc1ccc(/C=C/c2ccc(OCCCCCCCCF)cc2)cc1,Ki,4.4,nM,8.36
APP,CHEMBL2487,CHEMBL570606,CNc1ccc(/C=C/c2ccc(OCCCCCCCCCCF)cc2)cc1,Ki,6.0,nM,8.22
APP,CHEMBL2487,CHEMBL576655,CNc1ccc(/C=C/c2ccc(OCCCCCCCCCCCCF)cc2)cc1,Ki,7.5,nM,8.12
APP,CHEMBL2487,CHEMBL566917,CNc1ccc(/C=C/c2ccc(OCCCCCCCCCCCCCCF)cc2)cc1,Ki,8.2,nM,8.09
APP,CHEMBL2487,CHEMBL566711,CNc1ccc(/C=C/c2ccc(OCCCCCCCCCCCCCCCCF)cc2)cc1,Ki,9.0,nM,8.05
APP,CHEMBL2487,CHEMBL585301,CNc1ccc(/C=C/c2ccc(OCCCCCCCCCCCCCCCCCCF)cc2)cc1,Ki,18.5,nM,7.73
APP,CHEMBL2487,CHEMBL565658,CNc1ccc(/C=C/c2ccc(OCCCCCCCCCCCCCCCCCCCCF)cc2)cc1,Ki,12.2,nM,7.91
APP,CHEMBL2487,CHEMBL570608,CNc1ccc(/C=C/c2ccc(OCCCCCCCCCCCCCCCCCCCCCCCCF)cc2)cc1,Ki,63.0,nM,7.20
APP,CHEMBL2487,CHEMBL1788117,[3H]N(c1ccc(/C=C/c2ccc(O)cc2)cc1)C([3H])([3H])[3H],Kd,2.4,nM,8.62
APP,CHEMBL2487,CHEMBL582044,NC1=NC(c2ccccc2)(c2ccccc2)C2=NCCCN12,EC50,16000.0,nM,4.80
APP,CHEMBL2487,CHEMBL291784,CN1C(=O)C(c2ccccc2)(c2ccccc2)N=C1N,EC50,4170.0,nM,5.38
APP,CHEMBL2487,CHEMBL599965,CN1C(=O)C(c2ccccc2)(C2CCCCC2)N=C1N,EC50,810.0,nM,6.09
APP,CHEMBL2487,CHEMBL589163,CN1C(=O)C(C2CCCCC2)(C2CCCCC2)N=C1N,EC50,1030.0,nM,5.99
APP,CHEMBL2487,CHEMBL590830,Cc1ccoc1C(=O)Nc1cccc(C2(C3CCCCC3)N=C(N)N(C)C2=O)c1,EC50,180.0,nM,6.75
APP,CHEMBL2487,CHEMBL610505,CN1C(=O)c2ccc(Nc3ccccc3)cc2C1=O,Ki,7.6,nM,8.12
APP,CHEMBL2487,CHEMBL598288,Cc1ccc(Nc2ccc3c(c2)C(=O)N(C)C3=O)cc1,Ki,4.1,nM,8.39
APP,CHEMBL2487,CHEMBL598081,CN1C(=O)c2ccc(Nc3ccc(Br)cc3)cc2C1=O,Ki,3.8,nM,8.42
APP,CHEMBL2487,CHEMBL610504,CN1C(=O)c2ccc(Nc3ccc(I)cc3)cc2C1=O,Ki,0.9,nM,9.05
APP,CHEMBL2487,CHEMBL598082,COc1ccc(Nc2ccc3c(c2)C(=O)N(C)C3=O)cc1,Ki,16.3,nM,7.79
APP,CHEMBL2487,CHEMBL598083,CN1C(=O)c2ccc(Nc3ccc(O)cc3)cc2C1=O,Ki,19.7,nM,7.71
APP,CHEMBL2487,CHEMBL268868,O=C1NC(=O)c2cc(Nc3ccccc3)c(Nc3ccccc3)cc21,Ki,1000.0,nM,
APP,CHEMBL2487,CHEMBL8036,CN1C(=O)c2cc(Nc3ccccc3)c(Nc3ccccc3)cc2C1=O,Ki,1000.0,nM,
APP,CHEMBL2487,CHEMBL93124,CNc1ccc(-c2nc3ccc(O)cc3s2)cc1,Ki,1000.0,nM,
APP,CHEMBL2487,CHEMBL78012,CN(C)c1ccc(-c2cn3cc(I)ccc3n2)cc1,Ki,1000.0,nM,
APP,CHEMBL2487,CHEMBL607562,CN1C(=O)c2ccc(Nc3ccc([125I])cc3)cc2C1=O,Kd,0.21,nM,9.68
APP,CHEMBL2487,CHEMBL1788111,[3H]N(c1ccc(-c2nc3ccc(O)cc3s2)cc1)C([3H])([3H])[3H],IC50,27.0,nM,7.57
APP,CHEMBL2487,CHEMBL1788121,[3H]N(c1ccc(-c2nc3ccc(O)cc3s2)cn1)C([3H])([3H])[3H],IC50,58.0,nM,7.24
APP,CHEMBL2487,CHEMBL1744459,[3H]N(c1ccc(-c2nc3ccc(OC)cc3s2)cn1)C([3H])([3H])[3H],IC50,58.0,nM,7.24
APP,CHEMBL2487,CHEMBL1744460,[3H]C([3H])([3H])N(c1ccc(-c2nc3ccc(O)cc3s2)cn1)C([3H])([3H])[3H],IC50,19.0,nM,7.72
APP,CHEMBL2487,CHEMBL1082545,COc1ccc2nc(-c3ccc(N(C)C)nc3)sc2c1,IC50,81.0,nM,7.09
APP,CHEMBL2487,CHEMBL1082546,CNc1ccc(-c2nc3cc(O)ccc3s2)cn1,IC50,74.0,nM,7.13
APP,CHEMBL2487,CHEMBL1088617,CN(C)c1ncc(-c2nc3ccc(O)cc3s2)cn1,IC50,41.0,nM,7.39
APP,CHEMBL2487,CHEMBL1077196,CNc1ncc(-c2nc3ccc(O)cc3s2)cn1,IC50,267.0,nM,6.57
APP,CHEMBL2487,CHEMBL1087548,CNc1ccc(-c2nc3ccc(C(N)=O)cc3s2)cn1,IC50,85.0,nM,7.07
APP,CHEMBL2487,CHEMBL1077208,CNc1ccc2nc(-c3ccc(C(N)=O)nc3)sc2c1,IC50,35.0,nM,7.46
APP,CHEMBL2487,CHEMBL1744461,[3H]N(c1ccc(-c2nc3ccc(O)cc3o2)cn1)C([3H])([3H])[3H],IC50,182.0,nM,6.74
APP,CHEMBL2487,CHEMBL1744462,[3H]C([3H])([3H])N(c1ccc(-c2nc3ccc(OC)cc3o2)cn1)C([3H])([3H])[3H],IC50,204.0,nM,6.69
APP,CHEMBL2487,CHEMBL1082889,CNc1ccc(-c2nc3ccc(OC)cc3o2)cn1,IC50,185.0,nM,6.73
APP,CHEMBL2487,CHEMBL1744463,[3H]C([3H])([3H])N(c1ccc(-c2nc3ccc(O)cc3o2)cn1)C([3H])([3H])[3H],IC50,85.0,nM,7.07
APP,CHEMBL2487,CHEMBL1083207,CN(C)c1ccc(-c2nc3cc(O)ccc3o2)cn1,IC50,137.0,nM,6.86
APP,CHEMBL2487,CHEMBL1744464,[3H]C([3H])([3H])N(c1ncc(-c2nc3ccc(O)cc3o2)cn1)C([3H])([3H])[3H],IC50,75.0,nM,7.12
APP,CHEMBL2487,CHEMBL1084943,CNc1ccc(-c2cc3ccc(O)cc3o2)cn1,IC50,45.0,nM,7.35
APP,CHEMBL2487,CHEMBL1084944,CNc1ccc(-c2cc3ccc(OC)cc3o2)cn1,IC50,66.0,nM,7.18
APP,CHEMBL2487,CHEMBL1084945,COc1ccc2cc(-c3ccc(C(N)=O)nc3)oc2c1,IC50,60.0,nM,7.22
APP,CHEMBL2487,CHEMBL1084946,COc1ccc2cc(-c3ccc(C(N)=O)cn3)oc2c1,IC50,33.0,nM,7.48
APP,CHEMBL2487,CHEMBL1090543,Nc1nc(Cn2c(-c3ccc(Oc4cncnc4)cc3)ccc2-c2ccccc2Cl)ccc1NCCO,EC50,190.0,nM,6.72
APP,CHEMBL2487,CHEMBL1090542,Nc1nc(Cn2c(-c3ccc(Oc4cncnc4)cc3)ccc2-c2ccccc2Cl)ccc1OCCO,EC50,440.0,nM,6.36
APP,CHEMBL2487,CHEMBL1089186,CCCCCOc1ccc(-c2ccc(-c3ccccc3Cl)n2Cc2ccc(NCCO)c(N)n2)cc1,EC50,3200.0,nM,5.50
APP,CHEMBL2487,CHEMBL1093807,CCCCCOc1ccc(-c2ccc(-c3ccccc3Cl)n2Cc2ccc(OCCO)c(N)n2)cc1,EC50,13600.0,nM,4.87
APP,CHEMBL2487,CHEMBL1093806,Nc1cccc(Cn2c(-c3ccc(Nc4cncnc4)cc3)ccc2-c2ccccc2Cl)n1,EC50,8600.0,nM,5.07
APP,CHEMBL2487,CHEMBL1092913,Nc1cccc(Cn2c(-c3ccc(Oc4cccs4)cc3)ccc2-c2ccccc2Cl)n1,EC50,11800.0,nM,4.93
APP,CHEMBL2487,CHEMBL1092000,Nc1cccc(Cn2c(-c3ccc(Oc4cnccn4)cc3)ccc2-c2ccccc2Cl)n1,EC50,13300.0,nM,4.88
APP,CHEMBL2487,CHEMBL1091999,Nc1cccc(Cn2c(-c3ccc(Oc4cncnc4)cc3)ccc2-c2ccccc2Cl)n1,EC50,2200.0,nM,5.66
APP,CHEMBL2487,CHEMBL1091219,Nc1cccc(Cn2c(-c3ccc(Oc4ccncc4)cc3)ccc2-c2ccccc2Cl)n1,EC50,4800.0,nM,5.32
APP,CHEMBL2487,CHEMBL1091343,Nc1cccc(Cn2c(-c3ccc(Oc4ccccc4)cc3)ccc2-c2ccccc2Cl)n1,EC50,9200.0,nM,5.04
APP,CHEMBL2487,CHEMBL1092227,C=CCNC(=O)c1ccc(-c2ccc(-c3ccccc3)n2Cc2cccc(N)n2)cc1,EC50,4800.0,nM,5.32
APP,CHEMBL2487,CHEMBL1089137,N#CCCCOc1ccc(-c2ccc(-c3ccccc3Cl)n2Cc2cccc(N)n2)cc1,EC50,5200.0,nM,5.28
APP,CHEMBL2487,CHEMBL1093450,CCCCCOc1ccc(-c2ccc(-c3ccccc3Cl)n2Cc2cccc(N)n2)cc1,EC50,2100.0,nM,5.68
APP,CHEMBL2487,CHEMBL1093152,COc1ccc(-c2ccc(-c3ccccc3Cl)n2Cc2cccc(N)n2)cc1,EC50,16000.0,nM,4.80
APP,CHEMBL2487,CHEMBL1092879,Nc1cccc(Cn2c(-c3ccccc3)ccc2-c2ccccc2)n1,EC50,15400.0,nM,4.81
APP,CHEMBL2487,CHEMBL1643335,CN(C)c1ccc(C#CC(=O)c2ccc(I)cc2)cc1,Ki,6.0,nM,8.22
APP,CHEMBL2487,CHEMBL1643337,CN(C)c1ccc(C#CC(=O)c2ccc(F)cc2)cc1,Ki,20.4,nM,7.69
APP,CHEMBL2487,CHEMBL1643338,COc1ccc(C#CC(=O)c2ccc(I)cc2)cc1,Ki,13.7,nM,7.86
APP,CHEMBL2487,CHEMBL1643339,O=C(C#Cc1ccc(O)cc1)c1ccc(I)cc1,Ki,325.8,nM,6.49
APP,CHEMBL2487,CHEMBL78012,CN(C)c1ccc(-c2cn3cc(I)ccc3n2)cc1,Ki,45.6,nM,7.34
APP,CHEMBL2487,CHEMBL93124,CNc1ccc(-c2nc3ccc(O)cc3s2)cc1,Ki,6.0,nM,8.22
APP,CHEMBL2487,CHEMBL1671878,CNc1ccc(-c2cn3c(n2)sc2cc(OC)ccc23)cc1,Ki,3.5,nM,8.46
APP,CHEMBL2487,CHEMBL93124,CNc1ccc(-c2nc3ccc(O)cc3s2)cc1,Ki,13.0,nM,7.89
APP,CHEMBL2487,CHEMBL1671878,CNc1ccc(-c2cn3c(n2)sc2cc(OC)ccc23)cc1,Ki,5.8,nM,8.24
APP,CHEMBL2487,CHEMBL284575,Nc1ccc(-c2nc3ccc(F)cc3s2)cc1,Ki,26.2,nM,7.58
APP,CHEMBL2487,CHEMBL1774642,CNc1ccc(-c2nc3ccc(F)cc3s2)cc1,Ki,5.5,nM,8.26
APP,CHEMBL2487,CHEMBL1774643,CN(C)c1ccc(-c2nc3ccc(F)cc3s2)cc1,Ki,5.9,nM,8.23
APP,CHEMBL2487,CHEMBL93124,CNc1ccc(-c2nc3ccc(O)cc3s2)cc1,Ki,5.8,nM,8.24
APP,CHEMBL2487,CHEMBL1774642,CNc1ccc(-c2nc3ccc(F)cc3s2)cc1,Ki,0.2,nM,9.70
APP,CHEMBL2487,CHEMBL1774643,CN(C)c1ccc(-c2nc3ccc(F)cc3s2)cc1,Ki,0.3,nM,9.52
APP,CHEMBL2487,CHEMBL93124,CNc1ccc(-c2nc3ccc(O)cc3s2)cc1,Ki,1.6,nM,8.80
APP,CHEMBL2487,CHEMBL1926768,CN(CCF)c1ccc(/C=C\c2nc3ccccc3s2)cc1,Kd,23.96,/uM,
APP,CHEMBL2487,CHEMBL1926769,CN(CCF)c1ccc(/C=C/c2nc3ccccc3s2)cc1,Kd,10.67,/uM,
APP,CHEMBL2487,CHEMBL1926770,CN(CCF)c1ccc(/C=C\c2nc3ccccc3o2)cc1,Kd,5.99,/uM,
APP,CHEMBL2487,CHEMBL1926771,CN(CCF)c1ccc(/C=C/c2nc3ccccc3o2)cc1,Kd,4.48,/uM,
APP,CHEMBL2487,CHEMBL1926773,CN(CCF)c1ccc(/C=C/c2nc3ccccc3[nH]2)cc1,Kd,3.63,/uM,
APP,CHEMBL2487,CHEMBL1926774,CN(CCF)c1ccc(/C=C\c2nc3ccccc3n2C)cc1,Kd,3.52,/uM,
APP,CHEMBL2487,CHEMBL1926775,CN(CCF)c1ccc(/C=C/c2nc3ccccc3n2C)cc1,Kd,5.19,/uM,
APP,CHEMBL2487,CHEMBL224392,Cc1ccc2c(c1)sc(-c1ccc(N(C)C)cc1)[n+]2C.[Cl-],Kd,2.56,/uM,
APP,CHEMBL2487,CHEMBL2017621,CNc1ccc(-c2cn3c(n2)sc2cc(OCC[18F])ccc23)cc1,Ki,3.2,nM,8.49
APP,CHEMBL2487,CHEMBL2017621,CNc1ccc(-c2cn3c(n2)sc2cc(OCC[18F])ccc23)cc1,Ki,2.1,nM,8.68
APP,CHEMBL2487,CHEMBL207456,[11CH3]Nc1ccc(-c2nc3ccc(O)cc3s2)cc1,Ki,12.0,nM,7.92
APP,CHEMBL2487,CHEMBL207456,[11CH3]Nc1ccc(-c2nc3ccc(O)cc3s2)cc1,Ki,7.7,nM,8.11
APP,CHEMBL2487,CHEMBL2042247,CNc1ccc(/C=C/c2ccc(OCCOCCOCCOCCn3cc(COCC(COCCOCCOCCF)(COCc4cn(CCOCCOCCOCCOc5ccc(/C=C/c6ccc(NC)cc6)cn5)nn4)COCc4cn(CCOCCOCCOCCOc5ccc(/C=C/c6ccc(NC)cc6)cn5)nn4)nn3)nc2)cc1,Ki,468.0,nM,6.33
APP,CHEMBL2487,CHEMBL2042246,CNc1ccc(/C=C/c2ccc(OCCOCCOCCOCCNC(=O)CN(CC(=O)NCCOCCOCCOCCOc3ccc(/C=C/c4ccc(NC)cc4)cn3)C(=O)COCCOCCOCCF)nc2)cc1,Ki,71.2,nM,7.15
APP,CHEMBL2487,CHEMBL207456,[11CH3]Nc1ccc(-c2nc3ccc(O)cc3s2)cc1,Ki,0.87,nM,9.06
APP,CHEMBL2487,CHEMBL381642,CNc1ccc(/C=C/c2ccc(O)cc2)cc1,Ki,3.18,nM,8.50
APP,CHEMBL2487,CHEMBL2042248,CN(C(=O)OC(C)(C)C)c1ccc(/C=C/c2ccc(OCCOCCOCCOCCOCC(COCCOCCOCCOCCOc3ccc(/C=C/c4ccc(N(C)C(=O)OC(C)(C)C)cc4)cn3)OCCF)nc2)cc1,Ki,1000.0,nM,
APP,CHEMBL2487,CHEMBL566752,CNc1ccc(/C=C/c2ccc(OCCOCCOCC[18F])cc2)cc1,Ki,2.22,nM,8.65
APP,CHEMBL2487,CHEMBL2042122,CNc1ccc(-c2nc3ccc(O)cc3s2)cc1[18F],Ki,0.74,nM,9.13
APP,CHEMBL2487,CHEMBL2042123,CNc1ccc(-c2nc3ccc(O)cc3s2)c([18F])n1,Ki,2.3,nM,8.64
APP,CHEMBL2487,CHEMBL2042124,CNc1ccc(/C=C/c2ccc(OCCOCCOCCOCCOCC(COCCOCCOCCOCCOc3ccc(/C=C/c4ccc(NC)cc4)cn3)OCCF)nc2)cc1,Ki,3.24,nM,8.49
APP,CHEMBL2487,CHEMBL2042125,CNc1ccc(/C=C/c2ccc(OCCOCCOCCOCCOCCOCC(COCCOCCOCCOCCOCCOc3ccc(/C=C/c4ccc(NC)cc4)cn3)OCCF)nc2)cc1,Ki,7.71,nM,8.11
APP,CHEMBL2487,CHEMBL2042245,CNc1ccc(/C=C/c2ccc(OCCOCCOCCOCCOCCOCCOCC(COCCOCCOCCOCCOCCOCCOc3ccc(/C=C/c4ccc(NC)cc4)cn3)OCCF)nc2)cc1,Ki,3.86,nM,8.41
APP,CHEMBL2487,CHEMBL93124,CNc1ccc(-c2nc3ccc(O)cc3s2)cc1,IC50,19.0,nM,7.72
APP,CHEMBL2487,CHEMBL570378,CNc1ccc(-c2nc3ccc(O)cc3s2)cn1,IC50,22.0,nM,7.66
APP,CHEMBL2487,CHEMBL2048299,Oc1ccc2nc(-c3ccc(NCCF)nc3)oc2c1,IC50,158.0,nM,6.80
APP,CHEMBL2487,CHEMBL2048300,COc1ccc2nc(-c3ccc(NCCF)nc3)oc2c1,IC50,35.0,nM,7.46
APP,CHEMBL2487,CHEMBL2048301,Oc1ccc2nc(-c3ccc(NCCCF)nc3)oc2c1,IC50,395.0,nM,6.40
APP,CHEMBL2487,CHEMBL2048302,Oc1ccc2nc(-c3ccc(NCCF)nc3)sc2c1,IC50,33.0,nM,7.48
APP,CHEMBL2487,CHEMBL2048303,Oc1ccc2nc(-c3ccc(NCCCF)nc3)sc2c1,IC50,66.0,nM,7.18
APP,CHEMBL2487,CHEMBL579205,CNc1ccc(-c2nc3ccc(O)cc3s2)cc1F,IC50,24.0,nM,7.62
APP,CHEMBL2487,CHEMBL2048304,CNc1ccc(-c2nc3ccc(O)cc3s2)nc1F,IC50,44.0,nM,7.36
APP,CHEMBL2487,CHEMBL2048305,CNc1ccc(-c2nc3ccc(OC)cc3s2)c(F)n1,IC50,14.0,nM,7.85
APP,CHEMBL2487,CHEMBL2048306,CNc1ccc(-c2nc3ccc(O)cc3s2)c(F)n1,IC50,124.0,nM,6.91
APP,CHEMBL2487,CHEMBL2048307,CNc1ncc(-c2nc3ccc(O)cc3s2)cc1F,IC50,98.0,nM,7.01
APP,CHEMBL2487,CHEMBL2048308,CNc1ccc(-c2cc3cc(O)ccc3o2)c(F)n1,IC50,24.0,nM,7.62
APP,CHEMBL2487,CHEMBL2048309,CNc1ccc(-c2cc3cc(C(N)=O)ccc3o2)c(F)n1,IC50,19.0,nM,7.72
APP,CHEMBL2487,CHEMBL2048310,CNc1ncc(-c2cc3cc(O)ccc3o2)cc1F,IC50,30.0,nM,7.52
APP,CHEMBL2487,CHEMBL2048311,COc1ccc2oc(-c3ccc(C(N)=O)nc3F)cc2c1,IC50,32.0,nM,7.50
APP,CHEMBL2487,CHEMBL2048312,NC(=O)c1ccc(-c2cc3cc(O)ccc3o2)c(F)n1,IC50,44.0,nM,7.36
APP,CHEMBL2487,CHEMBL2048313,CNc1ccc(-c2cc3cc(O)ccc3o2)nc1F,IC50,35.0,nM,7.46
APP,CHEMBL2487,CHEMBL2048314,CNc1ccc(-c2cc3cc(C(N)=O)ccc3o2)nc1F,IC50,32.0,nM,7.50
PSEN1,CHEMBL2473,CHEMBL392068,C[C@H](NC(=O)[C@@H](O)c1cc(F)cc(F)c1)C(=O)N[C@@H]1C(=O)N(C)c2ccccc2-c2ccccc21,EC50,0.114,nM,9.94
PSEN1,CHEMBL2473,CHEMBL392068,C[C@H](NC(=O)[C@@H](O)c1cc(F)cc(F)c1)C(=O)N[C@@H]1C(=O)N(C)c2ccccc2-c2ccccc21,EC50,0.135,nM,9.87
PSEN1,CHEMBL2473,CHEMBL2159511,CS(=O)(=O)CC[C@@H]1OCC[C@@]2(S(=O)(=O)c3ccc(Cl)cc3)c3c(F)ccc(F)c3OC[C@@H]12,IC50,46.0,nM,7.34
PSEN1,CHEMBL2473,CHEMBL2159686,CS(=O)(=O)CC[C@H]1OCC[C@]2(S(=O)(=O)c3ccc(Cl)cc3)c3c(F)ccc(F)c3OC[C@H]12,IC50,,,
PSEN1,CHEMBL2473,CHEMBL2159511,CS(=O)(=O)CC[C@@H]1OCC[C@@]2(S(=O)(=O)c3ccc(Cl)cc3)c3c(F)ccc(F)c3OC[C@@H]12,IC50,4.0,nM,8.40
PSEN1,CHEMBL2473,CHEMBL2159510,CCS(=O)(=O)CC[C@@H]1OCC[C@@]2(S(=O)(=O)c3ccc(Cl)cc3)c3c(F)ccc(F)c3OC[C@@H]12,IC50,5.0,nM,8.30
PSEN1,CHEMBL2473,CHEMBL2159509,CC(C)S(=O)(=O)CC[C@@H]1OCC[C@@]2(S(=O)(=O)c3ccc(Cl)cc3)c3c(F)ccc(F)c3OC[C@@H]12,IC50,8.0,nM,8.10
PSEN1,CHEMBL2473,CHEMBL2159509,CC(C)S(=O)(=O)CC[C@@H]1OCC[C@@]2(S(=O)(=O)c3ccc(Cl)cc3)c3c(F)ccc(F)c3OC[C@@H]12,IC50,26.0,nM,7.58
PSEN1,CHEMBL2473,CHEMBL2159691,N#CCC[C@@H]1OCC[C@@]2(S(=O)(=O)c3ccc(Cl)cc3)c3c(F)ccc(F)c3OC[C@@H]12,IC50,37.0,nM,7.43
PSEN1,CHEMBL2473,CHEMBL2159690,CCNC(=O)OCC[C@@H]1OCC[C@@]2(S(=O)(=O)c3ccc(Cl)cc3)c3c(F)ccc(F)c3OC[C@@H]12,IC50,48.0,nM,7.32
PSEN1,CHEMBL2473,CHEMBL2159689,CNC(=O)OCC[C@@H]1OCC[C@@]2(S(=O)(=O)c3ccc(Cl)cc3)c3c(F)ccc(F)c3OC[C@@H]12,IC50,8.0,nM,8.10
PSEN1,CHEMBL2473,CHEMBL2159688,O=S(=O)(c1ccc(Cl)cc1)[C@]12CCO[C@H](CCO)[C@H]1COc1c(F)ccc(F)c12,IC50,,,
PSEN1,CHEMBL2473,CHEMBL2159687,O=S(=O)(c1ccc(Cl)cc1)[C@@]12CCO[C@@H](CCO)[C@@H]1COc1c(F)ccc(F)c12,IC50,18.0,nM,7.75
PSEN1,CHEMBL2473,CHEMBL2159686,CS(=O)(=O)CC[C@H]1OCC[C@]2(S(=O)(=O)c3ccc(Cl)cc3)c3c(F)ccc(F)c3OC[C@H]12,IC50,377.0,nM,6.42
PSEN1,CHEMBL2473,CHEMBL2159511,CS(=O)(=O)CC[C@@H]1OCC[C@@]2(S(=O)(=O)c3ccc(Cl)cc3)c3c(F)ccc(F)c3OC[C@@H]12,IC50,1.3,nM,8.89
PSEN1,CHEMBL2473,CHEMBL2159510,CCS(=O)(=O)CC[C@@H]1OCC[C@@]2(S(=O)(=O)c3ccc(Cl)cc3)c3c(F)ccc(F)c3OC[C@@H]12,IC50,3.0,nM,8.52
PSEN1,CHEMBL2473,CHEMBL2159509,CC(C)S(=O)(=O)CC[C@@H]1OCC[C@@]2(S(=O)(=O)c3ccc(Cl)cc3)c3c(F)ccc(F)c3OC[C@@H]12,IC50,6.0,nM,8.22
PSEN1,CHEMBL2473,CHEMBL2159509,CC(C)S(=O)(=O)CC[C@@H]1OCC[C@@]2(S(=O)(=O)c3ccc(Cl)cc3)c3c(F)ccc(F)c3OC[C@@H]12,IC50,24.0,nM,7.62
PSEN1,CHEMBL2473,CHEMBL2159691,N#CCC[C@@H]1OCC[C@@]2(S(=O)(=O)c3ccc(Cl)cc3)c3c(F)ccc(F)c3OC[C@@H]12,IC50,22.0,nM,7.66
PSEN1,CHEMBL2473,CHEMBL2159690,CCNC(=O)OCC[C@@H]1OCC[C@@]2(S(=O)(=O)c3ccc(Cl)cc3)c3c(F)ccc(F)c3OC[C@@H]12,IC50,24.0,nM,7.62
PSEN1,CHEMBL2473,CHEMBL2159688,O=S(=O)(c1ccc(Cl)cc1)[C@]12CCO[C@H](CCO)[C@H]1COc1c(F)ccc(F)c12,IC50,320.0,nM,6.50
PSEN1,CHEMBL2473,CHEMBL2159687,O=S(=O)(c1ccc(Cl)cc1)[C@@]12CCO[C@@H](CCO)[C@@H]1COc1c(F)ccc(F)c12,IC50,20.0,nM,7.70
PSEN1,CHEMBL2473,CHEMBL2398572,C/C(=C\Cn1c2ccc(Cl)cc2c2ccc(C(C)C(=O)O)cc21)CCC[C@H](C)CCC[C@H](C)CCCC(C)C,IC50,50000.0,nM,
PSEN1,CHEMBL2473,CHEMBL2398571,CC(C)=CCC/C(C)=C/CC/C(C)=C/Cn1c2ccc(Cl)cc2c2ccc(C(C)C(=O)O)cc21,IC50,4000.0,nM,5.40
PSEN1,CHEMBL2473,CHEMBL2398571,CC(C)=CCC/C(C)=C/CC/C(C)=C/Cn1c2ccc(Cl)cc2c2ccc(C(C)C(=O)O)cc21,IC50,26000.0,nM,4.58
PSEN1,CHEMBL2473,CHEMBL2398571,CC(C)=CCC/C(C)=C/CC/C(C)=C/Cn1c2ccc(Cl)cc2c2ccc(C(C)C(=O)O)cc21,EC50,2000.0,nM,5.70
PSEN1,CHEMBL2473,CHEMBL2398570,CC(C)=CCC/C(C)=C/CC/C(C)=C/COC(=O)C1(C)CCc2c(C)c(OCC(=O)O)c(C)c(C)c2O1,IC50,39810.72,nM,4.40
PSEN1,CHEMBL2473,CHEMBL2398569,C/C(=C\COC(=O)C1(C)CCc2c(C)c(OCC(=O)O)c(C)c(C)c2O1)CCC[C@H](C)CCC[C@H](C)CCCC(C)C,IC50,39810.72,nM,4.40
PSEN1,CHEMBL2473,CHEMBL2398568,CCCCCCCCCCCCCCOC(=O)C1(C)CCc2c(C)c(OCC(=O)O)c(C)c(C)c2O1,IC50,39810.72,nM,4.40
PSEN1,CHEMBL2473,CHEMBL2398567,CCCCCCCCCCCOC(=O)C1(C)CCc2c(C)c(OCC(=O)O)c(C)c(C)c2O1,IC50,31622.78,nM,4.50
PSEN1,CHEMBL2473,CHEMBL2398579,CCCCCCCCOC(=O)C1(C)CCc2c(C)c(OCC(=O)O)c(C)c(C)c2O1,IC50,31622.78,nM,4.50
PSEN1,CHEMBL2473,CHEMBL2398578,CC(C)=CCC/C(C)=C/CC/C(C)=C/COc1c(C)c(C)c2c(c1C)CCC(C)(C(=O)O)O2,IC50,31622.78,nM,4.50
PSEN1,CHEMBL2473,CHEMBL2396675,C/C(=C\COc1c(C)c(C)c2c(c1C)CCC(C)(C(=O)O)O2)CCC[C@H](C)CCC[C@H](C)CCCC(C)C,IC50,39810.72,nM,4.40
PSEN1,CHEMBL2473,CHEMBL2398577,CCCCCCCCCCCCCCOc1c(C)c(C)c2c(c1C)CCC(C)(C(=O)O)O2,IC50,31622.78,nM,4.50
PSEN1,CHEMBL2473,CHEMBL2398576,CCCCCCCCCCCOc1c(C)c(C)c2c(c1C)CCC(C)(C(=O)O)O2,IC50,31622.78,nM,4.50
PSEN1,CHEMBL2473,CHEMBL2398575,CCCCCCCCOc1c(C)c(C)c2c(c1C)CCC(C)(C(=O)O)O2,IC50,25118.86,nM,4.60
PSEN1,CHEMBL2473,CHEMBL2398574,Cc1c(C)c2c(c(C)c1OCC(=O)O)CCC(C)(CCCC(C)CCCC(C)CCCC(C)C)O2,IC50,31622.78,nM,4.50
PSEN1,CHEMBL2473,CHEMBL2398573,Cc1c(C)c2c(c(C)c1OCC(=O)O)CCC(C)(CCC[C@H](C)CCC[C@H](C)CCCC(C)C)O2,IC50,31622.78,nM,4.50
PSEN1,CHEMBL2473,CHEMBL2398572,C/C(=C\Cn1c2ccc(Cl)cc2c2ccc(C(C)C(=O)O)cc21)CCC[C@H](C)CCC[C@H](C)CCCC(C)C,IC50,39810.72,nM,4.40
PSEN1,CHEMBL2473,CHEMBL2398571,CC(C)=CCC/C(C)=C/CC/C(C)=C/Cn1c2ccc(Cl)cc2c2ccc(C(C)C(=O)O)cc21,IC50,31622.78,nM,4.50
PSEN1,CHEMBL2473,CHEMBL2398566,COC(=O)COc1c(C)c(C)c2c(c1C)CCC(C)(CCCC(C)CCCC(C)CCCC(C)C)O2,IC50,100000.0,nM,
PSEN1,CHEMBL2473,CHEMBL49563,Cc1c(C)c2c(c(C)c1O)CCC(C)(CCCC(C)CCCC(C)CCCC(C)C)O2,IC50,100000.0,nM,
PSEN1,CHEMBL2473,CHEMBL2398570,CC(C)=CCC/C(C)=C/CC/C(C)=C/COC(=O)C1(C)CCc2c(C)c(OCC(=O)O)c(C)c(C)c2O1,IC50,27000.0,nM,4.57
PSEN1,CHEMBL2473,CHEMBL2398569,C/C(=C\COC(=O)C1(C)CCc2c(C)c(OCC(=O)O)c(C)c(C)c2O1)CCC[C@H](C)CCC[C@H](C)CCCC(C)C,IC50,24000.0,nM,4.62
PSEN1,CHEMBL2473,CHEMBL2398568,CCCCCCCCCCCCCCOC(=O)C1(C)CCc2c(C)c(OCC(=O)O)c(C)c(C)c2O1,IC50,22000.0,nM,4.66
PSEN1,CHEMBL2473,CHEMBL2398567,CCCCCCCCCCCOC(=O)C1(C)CCc2c(C)c(OCC(=O)O)c(C)c(C)c2O1,IC50,12000.0,nM,4.92
PSEN1,CHEMBL2473,CHEMBL2398579,CCCCCCCCOC(=O)C1(C)CCc2c(C)c(OCC(=O)O)c(C)c(C)c2O1,IC50,35000.0,nM,4.46
PSEN1,CHEMBL2473,CHEMBL2398578,CC(C)=CCC/C(C)=C/CC/C(C)=C/COc1c(C)c(C)c2c(c1C)CCC(C)(C(=O)O)O2,IC50,28000.0,nM,4.55
PSEN1,CHEMBL2473,CHEMBL2396675,C/C(=C\COc1c(C)c(C)c2c(c1C)CCC(C)(C(=O)O)O2)CCC[C@H](C)CCC[C@H](C)CCCC(C)C,IC50,26000.0,nM,4.58
PSEN1,CHEMBL2473,CHEMBL2398577,CCCCCCCCCCCCCCOc1c(C)c(C)c2c(c1C)CCC(C)(C(=O)O)O2,IC50,14000.0,nM,4.85
PSEN1,CHEMBL2473,CHEMBL2398576,CCCCCCCCCCCOc1c(C)c(C)c2c(c1C)CCC(C)(C(=O)O)O2,IC50,28000.0,nM,4.55
PSEN1,CHEMBL2473,CHEMBL2398575,CCCCCCCCOc1c(C)c(C)c2c(c1C)CCC(C)(C(=O)O)O2,IC50,57000.0,nM,4.24
PSEN1,CHEMBL2473,CHEMBL2398574,Cc1c(C)c2c(c(C)c1OCC(=O)O)CCC(C)(CCCC(C)CCCC(C)CCCC(C)C)O2,IC50,12000.0,nM,4.92
PSEN1,CHEMBL2473,CHEMBL2398573,Cc1c(C)c2c(c(C)c1OCC(=O)O)CCC(C)(CCC[C@H](C)CCC[C@H](C)CCCC(C)C)O2,IC50,11000.0,nM,4.96
PSEN1,CHEMBL2473,CHEMBL2398572,C/C(=C\Cn1c2ccc(Cl)cc2c2ccc(C(C)C(=O)O)cc21)CCC[C@H](C)CCC[C@H](C)CCCC(C)C,IC50,23000.0,nM,4.64
PSEN1,CHEMBL2473,CHEMBL2398572,C/C(=C\Cn1c2ccc(Cl)cc2c2ccc(C(C)C(=O)O)cc21)CCC[C@H](C)CCC[C@H](C)CCCC(C)C,EC50,50000.0,nM,
PSEN1,CHEMBL2473,CHEMBL2398570,CC(C)=CCC/C(C)=C/CC/C(C)=C/COC(=O)C1(C)CCc2c(C)c(OCC(=O)O)c(C)c(C)c2O1,IC50,25000.0,nM,4.60
PSEN1,CHEMBL2473,CHEMBL2398569,C/C(=C\COC(=O)C1(C)CCc2c(C)c(OCC(=O)O)c(C)c(C)c2O1)CCC[C@H](C)CCC[C@H](C)CCCC(C)C,IC50,36000.0,nM,4.44
PSEN1,CHEMBL2473,CHEMBL2398568,CCCCCCCCCCCCCCOC(=O)C1(C)CCc2c(C)c(OCC(=O)O)c(C)c(C)c2O1,IC50,34000.0,nM,4.47
PSEN1,CHEMBL2473,CHEMBL2398567,CCCCCCCCCCCOC(=O)C1(C)CCc2c(C)c(OCC(=O)O)c(C)c(C)c2O1,IC50,23000.0,nM,4.64
PSEN1,CHEMBL2473,CHEMBL2398579,CCCCCCCCOC(=O)C1(C)CCc2c(C)c(OCC(=O)O)c(C)c(C)c2O1,IC50,42000.0,nM,4.38
PSEN1,CHEMBL2473,CHEMBL2398578,CC(C)=CCC/C(C)=C/CC/C(C)=C/COc1c(C)c(C)c2c(c1C)CCC(C)(C(=O)O)O2,IC50,39000.0,nM,4.41
PSEN1,CHEMBL2473,CHEMBL2396675,C/C(=C\COc1c(C)c(C)c2c(c1C)CCC(C)(C(=O)O)O2)CCC[C@H](C)CCC[C@H](C)CCCC(C)C,IC50,42000.0,nM,4.38
PSEN1,CHEMBL2473,CHEMBL2398577,CCCCCCCCCCCCCCOc1c(C)c(C)c2c(c1C)CCC(C)(C(=O)O)O2,IC50,29000.0,nM,4.54
PSEN1,CHEMBL2473,CHEMBL2398576,CCCCCCCCCCCOc1c(C)c(C)c2c(c1C)CCC(C)(C(=O)O)O2,IC50,50000.0,nM,
PSEN1,CHEMBL2473,CHEMBL2398575,CCCCCCCCOc1c(C)c(C)c2c(c1C)CCC(C)(C(=O)O)O2,IC50,50000.0,nM,
PSEN1,CHEMBL2473,CHEMBL2398574,Cc1c(C)c2c(c(C)c1OCC(=O)O)CCC(C)(CCCC(C)CCCC(C)CCCC(C)C)O2,IC50,26000.0,nM,4.58
PSEN1,CHEMBL2473,CHEMBL2398573,Cc1c(C)c2c(c(C)c1OCC(=O)O)CCC(C)(CCC[C@H](C)CCC[C@H](C)CCCC(C)C)O2,IC50,24000.0,nM,4.62
PSEN1,CHEMBL2473,CHEMBL2398566,COC(=O)COc1c(C)c(C)c2c(c1C)CCC(C)(CCCC(C)CCCC(C)CCCC(C)C)O2,EC50,100000.0,nM,
PSEN1,CHEMBL2473,CHEMBL49563,Cc1c(C)c2c(c(C)c1O)CCC(C)(CCCC(C)CCCC(C)CCCC(C)C)O2,EC50,100000.0,nM,
PSEN1,CHEMBL2473,CHEMBL2398570,CC(C)=CCC/C(C)=C/CC/C(C)=C/COC(=O)C1(C)CCc2c(C)c(OCC(=O)O)c(C)c(C)c2O1,EC50,1000.0,nM,6.00
PSEN1,CHEMBL2473,CHEMBL2398569,C/C(=C\COC(=O)C1(C)CCc2c(C)c(OCC(=O)O)c(C)c(C)c2O1)CCC[C@H](C)CCC[C@H](C)CCCC(C)C,EC50,13000.0,nM,4.89
PSEN1,CHEMBL2473,CHEMBL2398573,Cc1c(C)c2c(c(C)c1OCC(=O)O)CCC(C)(CCC[C@H](C)CCC[C@H](C)CCCC(C)C)O2,EC50,6000.0,nM,5.22
PSEN1,CHEMBL2473,CHEMBL2398574,Cc1c(C)c2c(c(C)c1OCC(=O)O)CCC(C)(CCCC(C)CCCC(C)CCCC(C)C)O2,EC50,4000.0,nM,5.40
PSEN1,CHEMBL2473,CHEMBL2398575,CCCCCCCCOc1c(C)c(C)c2c(c1C)CCC(C)(C(=O)O)O2,EC50,50000.0,nM,
PSEN1,CHEMBL2473,CHEMBL2398576,CCCCCCCCCCCOc1c(C)c(C)c2c(c1C)CCC(C)(C(=O)O)O2,EC50,10000.0,nM,5.00
PSEN1,CHEMBL2473,CHEMBL2398577,CCCCCCCCCCCCCCOc1c(C)c(C)c2c(c1C)CCC(C)(C(=O)O)O2,EC50,9000.0,nM,5.05
PSEN1,CHEMBL2473,CHEMBL2396675,C/C(=C\COc1c(C)c(C)c2c(c1C)CCC(C)(C(=O)O)O2)CCC[C@H](C)CCC[C@H](C)CCCC(C)C,EC50,10000.0,nM,5.00
PSEN1,CHEMBL2473,CHEMBL2398578,CC(C)=CCC/C(C)=C/CC/C(C)=C/COc1c(C)c(C)c2c(c1C)CCC(C)(C(=O)O)O2,EC50,8000.0,nM,5.10
PSEN1,CHEMBL2473,CHEMBL2398579,CCCCCCCCOC(=O)C1(C)CCc2c(C)c(OCC(=O)O)c(C)c(C)c2O1,EC50,11000.0,nM,4.96
PSEN1,CHEMBL2473,CHEMBL2398567,CCCCCCCCCCCOC(=O)C1(C)CCc2c(C)c(OCC(=O)O)c(C)c(C)c2O1,EC50,5000.0,nM,5.30
PSEN1,CHEMBL2473,CHEMBL2398568,CCCCCCCCCCCCCCOC(=O)C1(C)CCc2c(C)c(OCC(=O)O)c(C)c(C)c2O1,EC50,6000.0,nM,5.22
PSEN1,CHEMBL2473,CHEMBL3311308,COc1ccc(S(=O)(=O)Nc2c(C)cc(C)cc2C)cc1,EC50,25118.86,nM,
PSEN1,CHEMBL2473,CHEMBL3397716,CCCC/C(=C\c1cc(OCc2ccc(Cl)c(Cl)c2)ccc1OCc1ccc(C(F)(F)F)cc1)C(=O)O,EC50,3200.0,nM,5.50
PSEN1,CHEMBL2473,CHEMBL3397715,CCCC/C(=C\c1cc(OCc2ccc(F)cc2)ccc1OCc1ccc(C(F)(F)F)cc1)C(=O)O,EC50,13800.0,nM,4.86
PSEN1,CHEMBL2473,CHEMBL3397714,CCCC/C(=C\c1cc(OCc2ccc(OCc3ccccc3)cc2)ccc1OCc1ccc(C(F)(F)F)cc1)C(=O)O,EC50,1800.0,nM,5.75
PSEN1,CHEMBL2473,CHEMBL3397713,CCCC/C(=C\c1cc(OCc2ccc(-c3ccccc3)cc2)ccc1OCc1ccc(C(F)(F)F)cc1)C(=O)O,EC50,3200.0,nM,5.50
PSEN1,CHEMBL2473,CHEMBL3397712,CCCC/C(=C\c1cc(OCc2ccc(CCCC)cc2)ccc1OCc1ccc(C(F)(F)F)cc1)C(=O)O,EC50,4400.0,nM,5.36
PSEN1,CHEMBL2473,CHEMBL3397711,CCCC/C(=C\c1cc(OC/C=C/c2ccccc2)ccc1OCc1ccc(C(F)(F)F)cc1)C(=O)O,EC50,2500.0,nM,5.60
PSEN1,CHEMBL2473,CHEMBL3397710,CCCC/C(=C\c1cc(OCc2ccccc2)ccc1OCc1ccc(C(F)(F)F)cc1)C(=O)O,EC50,14100.0,nM,4.85
PSEN1,CHEMBL2473,CHEMBL3397709,CCCC/C(=C\c1cc(Oc2ccccc2)ccc1OCc1ccc(C(F)(F)F)cc1)C(=O)O,EC50,15600.0,nM,4.81
PSEN1,CHEMBL2473,CHEMBL3397708,CCCC/C(=C\c1cc(-c2ccccc2)ccc1OCc1ccc(C(F)(F)F)cc1)C(=O)O,EC50,12000.0,nM,4.92
PSEN1,CHEMBL2473,CHEMBL1819479,CCCC/C(=C\c1cc(OCc2ccc(C(F)(F)F)cc2)ccc1OCc1ccc(C(F)(F)F)cc1)C(=O)O,EC50,1100.0,nM,5.96
PSEN1,CHEMBL2473,CHEMBL1171834,CCCCC(Sc1nc(OCCC2CCCCC2)cc(OCCC2CCCCC2)n1)C(=O)O,EC50,4600.0,nM,5.34
PSEN1,CHEMBL2473,CHEMBL461883,CCCCC(Sc1nc(OCCc2ccccc2)cc(OCCc2ccccc2)n1)C(=O)O,EC50,11300.0,nM,4.95
PSEN1,CHEMBL2473,CHEMBL3397728,CCCC/C(=C\c1cc(OCCc2ccc(C(F)(F)F)cc2)ccc1OCc1ccc(C(F)(F)F)cc1)C(=O)O,IC50,1500.0,nM,5.82
PSEN1,CHEMBL2473,CHEMBL3397727,CCCC/C(=C\c1cc(OCC2CCC(C(F)(F)F)CC2)ccc1OCc1ccc(C(F)(F)F)cc1)C(=O)O,IC50,1000.0,nM,6.00
PSEN1,CHEMBL2473,CHEMBL3397726,CCCC/C(=C\c1cc(OCC(c2ccccc2)c2ccccc2)ccc1OCc1ccc(C(F)(F)F)cc1)C(=O)O,IC50,11400.0,nM,4.94
PSEN1,CHEMBL2473,CHEMBL3397725,CCCC/C(=C\c1cc(O)ccc1OCc1ccc(C(F)(F)F)cc1)C(=O)O,IC50,40000.0,nM,
PSEN1,CHEMBL2473,CHEMBL3397724,CCCC/C(=C\c1cc(OCc2ccc(OCCN3CCOCC3)cc2)ccc1OCc1ccc(C(F)(F)F)cc1)C(=O)O,IC50,2200.0,nM,5.66
PSEN1,CHEMBL2473,CHEMBL3397723,CCCC/C(=C\c1cc(OCc2ccc(Oc3ccccn3)cc2)ccc1OCc1ccc(C(F)(F)F)cc1)C(=O)O,IC50,5000.0,nM,5.30
PSEN1,CHEMBL2473,CHEMBL3397722,CCCC/C(=C\c1cc(OCc2ccc(-c3csc(C)n3)cc2)ccc1OCc1ccc(C(F)(F)F)cc1)C(=O)O,IC50,20200.0,nM,4.70
PSEN1,CHEMBL2473,CHEMBL3397721,CCCC/C(=C\c1cc(OCc2ccc3nc(C(F)(F)F)cc(OC)c3c2)ccc1OCc1ccc(C(F)(F)F)cc1)C(=O)O,IC50,630.0,nM,6.20
PSEN1,CHEMBL2473,CHEMBL3397720,CCCC/C(=C\c1cc(OCc2csc(-c3ccc(C(F)(F)F)cc3)n2)ccc1OCc1ccc(C(F)(F)F)cc1)C(=O)O,IC50,2300.0,nM,5.64
PSEN1,CHEMBL2473,CHEMBL3397719,CCCC/C(=C\c1cc(OCc2cc3ccccc3s2)ccc1OCc1ccc(C(F)(F)F)cc1)C(=O)O,IC50,4600.0,nM,5.34
PSEN1,CHEMBL2473,CHEMBL3397718,CCCC/C(=C\c1cc(OCc2cccnc2)ccc1OCc1ccc(C(F)(F)F)cc1)C(=O)O,IC50,32100.0,nM,4.49
PSEN1,CHEMBL2473,CHEMBL3397717,CCCC/C(=C\c1cc(OCc2cc(C(F)(F)F)cc(C(F)(F)F)c2)ccc1OCc1ccc(C(F)(F)F)cc1)C(=O)O,IC50,790.0,nM,6.10
PSEN1,CHEMBL2473,CHEMBL3397716,CCCC/C(=C\c1cc(OCc2ccc(Cl)c(Cl)c2)ccc1OCc1ccc(C(F)(F)F)cc1)C(=O)O,IC50,2000.0,nM,5.70
PSEN1,CHEMBL2473,CHEMBL3397715,CCCC/C(=C\c1cc(OCc2ccc(F)cc2)ccc1OCc1ccc(C(F)(F)F)cc1)C(=O)O,IC50,7000.0,nM,5.16
PSEN1,CHEMBL2473,CHEMBL3397714,CCCC/C(=C\c1cc(OCc2ccc(OCc3ccccc3)cc2)ccc1OCc1ccc(C(F)(F)F)cc1)C(=O)O,IC50,8500.0,nM,5.07
PSEN1,CHEMBL2473,CHEMBL3397713,CCCC/C(=C\c1cc(OCc2ccc(-c3ccccc3)cc2)ccc1OCc1ccc(C(F)(F)F)cc1)C(=O)O,IC50,11900.0,nM,4.92
PSEN1,CHEMBL2473,CHEMBL3397712,CCCC/C(=C\c1cc(OCc2ccc(CCCC)cc2)ccc1OCc1ccc(C(F)(F)F)cc1)C(=O)O,IC50,4900.0,nM,5.31
PSEN1,CHEMBL2473,CHEMBL3397711,CCCC/C(=C\c1cc(OC/C=C/c2ccccc2)ccc1OCc1ccc(C(F)(F)F)cc1)C(=O)O,IC50,4100.0,nM,5.39
PSEN1,CHEMBL2473,CHEMBL3397710,CCCC/C(=C\c1cc(OCc2ccccc2)ccc1OCc1ccc(C(F)(F)F)cc1)C(=O)O,IC50,19300.0,nM,4.71
PSEN1,CHEMBL2473,CHEMBL3397709,CCCC/C(=C\c1cc(Oc2ccccc2)ccc1OCc1ccc(C(F)(F)F)cc1)C(=O)O,IC50,14900.0,nM,4.83
PSEN1,CHEMBL2473,CHEMBL3397708,CCCC/C(=C\c1cc(-c2ccccc2)ccc1OCc1ccc(C(F)(F)F)cc1)C(=O)O,IC50,11900.0,nM,4.92
PSEN1,CHEMBL2473,CHEMBL1819479,CCCC/C(=C\c1cc(OCc2ccc(C(F)(F)F)cc2)ccc1OCc1ccc(C(F)(F)F)cc1)C(=O)O,IC50,1200.0,nM,5.92
PSEN1,CHEMBL2473,CHEMBL1171834,CCCCC(Sc1nc(OCCC2CCCCC2)cc(OCCC2CCCCC2)n1)C(=O)O,IC50,5100.0,nM,5.29
PSEN1,CHEMBL2473,CHEMBL461883,CCCCC(Sc1nc(OCCc2ccccc2)cc(OCCc2ccccc2)n1)C(=O)O,IC50,22800.0,nM,4.64
PSEN1,CHEMBL2473,CHEMBL3397717,CCCC/C(=C\c1cc(OCc2cc(C(F)(F)F)cc(C(F)(F)F)c2)ccc1OCc1ccc(C(F)(F)F)cc1)C(=O)O,EC50,1000.0,nM,6.00
PSEN1,CHEMBL2473,CHEMBL3397718,CCCC/C(=C\c1cc(OCc2cccnc2)ccc1OCc1ccc(C(F)(F)F)cc1)C(=O)O,EC50,23200.0,nM,4.63
PSEN1,CHEMBL2473,CHEMBL3397719,CCCC/C(=C\c1cc(OCc2cc3ccccc3s2)ccc1OCc1ccc(C(F)(F)F)cc1)C(=O)O,EC50,2100.0,nM,5.68
PSEN1,CHEMBL2473,CHEMBL3397720,CCCC/C(=C\c1cc(OCc2csc(-c3ccc(C(F)(F)F)cc3)n2)ccc1OCc1ccc(C(F)(F)F)cc1)C(=O)O,EC50,10700.0,nM,4.97
PSEN1,CHEMBL2473,CHEMBL3397721,CCCC/C(=C\c1cc(OCc2ccc3nc(C(F)(F)F)cc(OC)c3c2)ccc1OCc1ccc(C(F)(F)F)cc1)C(=O)O,EC50,1170.0,nM,5.93
PSEN1,CHEMBL2473,CHEMBL3397722,CCCC/C(=C\c1cc(OCc2ccc(-c3csc(C)n3)cc2)ccc1OCc1ccc(C(F)(F)F)cc1)C(=O)O,EC50,2200.0,nM,5.66
PSEN1,CHEMBL2473,CHEMBL3397723,CCCC/C(=C\c1cc(OCc2ccc(Oc3ccccn3)cc2)ccc1OCc1ccc(C(F)(F)F)cc1)C(=O)O,EC50,4500.0,nM,5.35
PSEN1,CHEMBL2473,CHEMBL3397724,CCCC/C(=C\c1cc(OCc2ccc(OCCN3CCOCC3)cc2)ccc1OCc1ccc(C(F)(F)F)cc1)C(=O)O,EC50,970.0,nM,6.01
PSEN1,CHEMBL2473,CHEMBL3397725,CCCC/C(=C\c1cc(O)ccc1OCc1ccc(C(F)(F)F)cc1)C(=O)O,EC50,40000.0,nM,
PSEN1,CHEMBL2473,CHEMBL3397726,CCCC/C(=C\c1cc(OCC(c2ccccc2)c2ccccc2)ccc1OCc1ccc(C(F)(F)F)cc1)C(=O)O,EC50,11200.0,nM,4.95
PSEN1,CHEMBL2473,CHEMBL3397727,CCCC/C(=C\c1cc(OCC2CCC(C(F)(F)F)CC2)ccc1OCc1ccc(C(F)(F)F)cc1)C(=O)O,EC50,1100.0,nM,5.96
PSEN1,CHEMBL2473,CHEMBL3397728,CCCC/C(=C\c1cc(OCCc2ccc(C(F)(F)F)cc2)ccc1OCc1ccc(C(F)(F)F)cc1)C(=O)O,EC50,1300.0,nM,5.89
PSEN1,CHEMBL2473,CHEMBL3975978,Cc1cn(-c2ccc3n(c2=O)CCN([C@@H]2CC[C@H]2Oc2ccccc2C(F)(F)F)C3=O)cn1,IC50,211.0,nM,6.68
PSEN1,CHEMBL2473,CHEMBL3899746,Cc1cn(-c2ccc3n(c2=O)CCN([C@@H]2CCC[C@H]2Oc2ccccc2C(F)(F)F)C3=O)cn1,IC50,300.0,nM,6.52
PSEN1,CHEMBL2473,CHEMBL3896372,Cc1cn(-c2ccc3n(c2=O)CCN([C@@H]2CC[C@H]2Oc2cccc4cc(F)c(F)cc24)C3=O)cn1,IC50,60.6,nM,7.22
PSEN1,CHEMBL2473,CHEMBL3918962,Cc1cn(-c2ccc3n(c2=O)CCN(CC2CC(c4ccc(Cl)c(C(F)(F)F)c4)=NO2)C3=O)cn1,IC50,483.0,nM,6.32
PSEN1,CHEMBL2473,CHEMBL3890892,Cc1cn(-c2ccc3n(c2=O)CCN([C@@H]2CCC[C@@H]2Oc2ccc(F)cc2C(F)(F)F)C3=O)cn1,IC50,140.0,nM,6.85
PSEN1,CHEMBL2473,CHEMBL3906428,Cc1cn(-c2ccc3n(c2=O)CCN(C[C@H]2O[C@@H](c4ccc(C(F)(F)F)cc4)C[C@@H]2C)C3=O)cn1,IC50,25.0,nM,7.60
PSEN1,CHEMBL2473,CHEMBL3980167,Cc1cn(-c2ccc3n(c2=O)CCN(C[C@@H]2C[C@@H](F)[C@H](c4ccc(C(F)(F)F)cc4)O2)C3=O)cn1,IC50,73.5,nM,7.13
PSEN1,CHEMBL2473,CHEMBL3955146,Cc1cn(-c2ccc3n(c2=O)CCN([C@@H](C)[C@@H]2CC[C@H](c4ccc(C(F)(F)F)cc4)O2)C3=O)cn1,IC50,14.3,nM,7.84
PSEN1,CHEMBL2473,CHEMBL3980608,Cc1cn(-c2ccc3n(c2=O)CCN([C@@H](C)[C@@H]2CC[C@H](c4ccc(Cl)cc4C(F)(F)F)O2)C3=O)cn1,IC50,9.1,nM,8.04
PSEN1,CHEMBL2473,CHEMBL3942982,Cc1cn(-c2ccc3n(c2=O)CCN([C@@H](C)[C@@H]2CC[C@H](c4cc(F)c(C(F)(F)F)c(F)c4)O2)C3=O)cn1,IC50,3.34,nM,8.48
PSEN1,CHEMBL2473,CHEMBL3972571,Cc1cn(-c2ccc3n(c2=O)CCN(C[C@@H]2CC[C@](C)(c4ccc(C(F)(F)F)cc4)O2)C3=O)cn1,IC50,40.5,nM,7.39
PSEN1,CHEMBL2473,CHEMBL3934015,Cc1cn(-c2ccc3n(c2=O)CCN(C[C@H]2CC[C@@](C)(c4ccc(C(F)(F)F)cc4)O2)C3=O)cn1,IC50,725.0,nM,6.14
PSEN1,CHEMBL2473,CHEMBL3967275,Cc1cn(-c2ccc3n(c2=O)CCN(CC2(C)CCC(c4ccc(C(F)(F)F)cc4)O2)C3=O)cn1,IC50,236.0,nM,6.63
PSEN1,CHEMBL2473,CHEMBL3967275,Cc1cn(-c2ccc3n(c2=O)CCN(CC2(C)CCC(c4ccc(C(F)(F)F)cc4)O2)C3=O)cn1,IC50,1040.0,nM,5.98
PSEN1,CHEMBL2473,CHEMBL3902117,Cc1cn(-c2ccc3n(c2=O)CCN(C[C@H]2CCC[C@H](c4ccc(C(F)(F)F)cc4)O2)C3=O)cn1,IC50,29.9,nM,7.52
PSEN1,CHEMBL2473,CHEMBL3965573,Cc1cn(-c2ccc3n(c2=O)CCN(C[C@H]2CCC[C@@H](c4ccc(C(F)(F)F)cc4)O2)C3=O)cn1,IC50,96.6,nM,7.01
PSEN1,CHEMBL2473,CHEMBL3890183,Cc1cn(-c2ccc3n(c2=O)CCN(C[C@@H]2C[C@H](C)[C@H](c4ccc(C(F)(F)F)cc4)O2)C3=O)cn1,IC50,38.4,nM,7.42
PSEN1,CHEMBL2473,CHEMBL3979115,Cc1cn(-c2ccc3n(c2=O)CCN(C[C@@H]2CC[C@H](c4cc(F)c(C(F)(F)F)c(F)c4)O2)C3=O)cn1,IC50,16.0,nM,7.80
PSEN1,CHEMBL2473,CHEMBL3950080,Cc1cn(-c2ccc3n(c2=O)CCN([C@H]2CON=C2c2ccc(F)c(F)c2)C3=O)cn1,IC50,1460.0,nM,5.84
PSEN1,CHEMBL2473,CHEMBL3889728,Cc1cn(-c2ccc3n(c2=O)CCN([C@@H]2CC[C@@H](Oc4cccc(C(F)(F)F)c4)C2)C3=O)cn1,IC50,1360.0,nM,5.87
PSEN1,CHEMBL2473,CHEMBL3939251,Cc1cn(-c2ccc3n(c2=O)CCN(CC2CCCC2Oc2cccc(C(F)(F)F)c2)C3=O)cn1,IC50,188.0,nM,6.73
PSEN1,CHEMBL2473,CHEMBL3965759,Cc1cn(-c2ccc3n(c2=O)CCN([C@H]2C[C@H](Oc4ccccc4C(F)(F)F)C2)C3=O)cn1,IC50,789.0,nM,6.10
PSEN1,CHEMBL2473,CHEMBL3935854,Cc1cn(-c2ccc3n(c2=O)CCN(CC2CCCC(c4ccc(Cl)cc4)C2)C3=O)cn1,IC50,98.0,nM,7.01
PSEN1,CHEMBL2473,CHEMBL3974235,Cc1cn(-c2ccc3n(c2=O)CCN([C@@H]2CCC[C@@H]2c2cc(F)cc(F)c2)C3=O)cn1,IC50,563.0,nM,6.25
PSEN1,CHEMBL2473,CHEMBL3941322,Cc1cn(-c2ccc3n(c2=O)CCN([C@@H]2CCC[C@@H]2Cc2cc(F)cc(F)c2)C3=O)cn1,IC50,561.0,nM,6.25
PSEN1,CHEMBL2473,CHEMBL3981756,Cc1cn(-c2ccc3n(c2=O)CCN([C@H]2C[C@H](COc4ccc(F)cc4C(F)(F)F)C2)C3=O)cn1,IC50,303.0,nM,6.52
PSEN1,CHEMBL2473,CHEMBL3957582,Cc1cn(-c2ccc3n(c2=O)CCN([C@@H]2CC[C@@H]2Oc2ccccc2C(F)(F)F)C3=O)cn1,IC50,469.0,nM,6.33
PSEN1,CHEMBL2473,CHEMBL3944609,Cc1cn(-c2ccc3n(c2=O)CCN(C2CCCCC2Oc2ccc(Cl)cc2)C3=O)cn1,IC50,591.0,nM,6.23
PSEN1,CHEMBL2473,CHEMBL3900856,Cc1cn(-c2ccc3n(c2=O)CCN(C[C@@H]2CCC[C@H](c4ccc(Cl)cc4)C2)C3=O)cn1,IC50,80.0,nM,7.10
PSEN1,CHEMBL2473,CHEMBL3956668,Cc1cn(-c2ccc3n(c2=O)CCN(CC2CC(c4cc(C(F)(F)F)ccc4Cl)=NO2)C3=O)cn1,IC50,711.0,nM,6.15
PSEN1,CHEMBL2473,CHEMBL3982060,Cc1cn(-c2ccc3n(c2=O)CCN(CC2CC(c4cc(C(F)(F)F)cc(Cl)c4F)=NO2)C3=O)cn1,IC50,353.0,nM,6.45
PSEN1,CHEMBL2473,CHEMBL3930235,Cc1cn(-c2ccc3n(c2=O)CCN(CC2CC(c4cccc(C(F)(F)F)c4Cl)=NO2)C3=O)cn1,IC50,429.0,nM,6.37
PSEN1,CHEMBL2473,CHEMBL3957731,Cc1cn(-c2ccc3n(c2=O)CCN([C@@H]2CC[C@H]2Oc2cccc(C(F)(F)F)c2)C3=O)cn1,IC50,217.0,nM,6.66
PSEN1,CHEMBL2473,CHEMBL3935655,Cc1cn(-c2ccc3n(c2=O)CCN([C@@H]2CC[C@H]2Oc2ccc(Cl)cc2C(F)(F)F)C3=O)cn1,IC50,120.0,nM,6.92
PSEN1,CHEMBL2473,CHEMBL3968767,Cc1cn(-c2ccc3n(c2=O)CCN([C@@H]2CC[C@H]2Oc2ccc(F)c4c2CCC4)C3=O)cn1,IC50,162.0,nM,6.79
PSEN1,CHEMBL2473,CHEMBL3956978,Cc1cn(-c2ccc3n(c2=O)CCN([C@@H]2CC[C@H]2Oc2ccc(F)c(Cl)c2C)C3=O)cn1,IC50,146.0,nM,6.84
PSEN1,CHEMBL2473,CHEMBL3966656,Cc1cn(-c2ccc3n(c2=O)CCN([C@@H]2CC[C@H]2Oc2ccc(Cl)c(C(C)C)c2)C3=O)cn1,IC50,158.0,nM,6.80
PSEN1,CHEMBL2473,CHEMBL3905374,Cc1cn(-c2ccc3n(c2=O)CCN([C@@H]2CC[C@H]2Oc2cccc4ccccc24)C3=O)cn1,IC50,164.0,nM,6.79
PSEN1,CHEMBL2473,CHEMBL3889603,Cc1cn(-c2ccc3n(c2=O)CCN([C@@H]2CC[C@H]2Oc2cccc4ccc(F)cc24)C3=O)cn1,IC50,112.0,nM,6.95
PSEN1,CHEMBL2473,CHEMBL3912132,Cc1cn(-c2ccc3n(c2=O)CCN([C@@H]2CC[C@H]2Oc2cccc(F)c2C(C)C)C3=O)cn1,IC50,153.0,nM,6.82
PSEN1,CHEMBL2473,CHEMBL3982082,Cc1cn(-c2ccc3n(c2=O)CCN([C@@H]2CC[C@H]2Oc2cccc(C(F)(F)F)c2Cl)C3=O)cn1,IC50,157.0,nM,6.80
PSEN1,CHEMBL2473,CHEMBL3935477,Cc1cn(-c2ccc3n(c2=O)CCN(CC2CCC(c4ccc(Cl)c(Cl)c4)O2)C3=O)cn1,IC50,117.0,nM,6.93
PSEN1,CHEMBL2473,CHEMBL3911070,Cc1cn(-c2ccc3n(c2=O)CCN(C[C@@H]2CC[C@H](c4ccc(C(F)(F)F)cc4)O2)C3=O)cn1,IC50,27.6,nM,7.56
PSEN1,CHEMBL2473,CHEMBL3926551,Cc1cn(-c2ccc3n(c2=O)CCN(C[C@@H]2CC[C@H](c4ccc(Cl)cc4)O2)C3=O)cn1,IC50,52.1,nM,7.28
PSEN1,CHEMBL2473,CHEMBL4115891,,IC50,26.6,nM,7.58
PSEN1,CHEMBL2473,CHEMBL3928795,Cc1cn(-c2ccc3n(c2=O)CCN(C[C@@H]2CC[C@H](c4ccc(OC(F)(F)F)cc4)O2)C3=O)cn1,IC50,60.3,nM,7.22
PSEN1,CHEMBL2473,CHEMBL3925476,Cc1cn(-c2ccc3n(c2=O)CCN(C[C@@H]2CC[C@H](c4ccc(C(F)(F)F)c(F)c4)O2)C3=O)cn1,IC50,15.7,nM,7.80
PSEN1,CHEMBL2473,CHEMBL3953711,Cc1cn(-c2ccc3n(c2=O)CCN(C[C@@H]2CC[C@H](c4ccc(C5CC5)cc4)O2)C3=O)cn1,IC50,63.8,nM,7.20
PSEN1,CHEMBL2473,CHEMBL3985730,COc1cc(Cl)ccc1[C@H]1CC[C@@H](CN2CCn3c(ccc(-n4cnc(C)c4)c3=O)C2=O)O1,IC50,21.6,nM,7.67
PSEN1,CHEMBL2473,CHEMBL3948397,Cc1cn(-c2ccc3n(c2=O)CCN([C@@H](C)[C@@H]2CC[C@H](c4ccc(C(F)(F)F)c(F)c4F)O2)C3=O)cn1,IC50,11.0,nM,7.96
PSEN1,CHEMBL2473,CHEMBL3959250,Cc1cn(-c2ccc3n(c2=O)CCN([C@@H](C)[C@@H]2CC[C@H](c4ccc(C(F)(F)F)c(F)c4)O2)C3=O)cn1,IC50,8.35,nM,8.08
PSEN1,CHEMBL2473,CHEMBL3976595,COc1cc(C(F)(F)F)ccc1[C@H]1CC[C@@H]([C@H](C)N2CCn3c(ccc(-n4cnc(C)c4)c3=O)C2=O)O1,IC50,15.0,nM,7.82
PSEN1,CHEMBL2473,CHEMBL3908938,Cc1cn(-c2ccc3n(c2=O)CCN([C@@H](C)[C@@H]2CC[C@H](c4ccc(C(F)(F)F)cc4Cl)O2)C3=O)cn1,IC50,29.1,nM,7.54
PSEN1,CHEMBL2473,CHEMBL3962470,Cc1cn(-c2ccc3n(c2=O)CCN([C@@H](C)[C@@H]2CC[C@H](c4cc(F)c(Cl)cc4F)O2)C3=O)cn1,IC50,11.4,nM,7.94
PSEN1,CHEMBL2473,CHEMBL3893460,Cc1cn(-c2ccc3n(c2=O)CCN([C@@H](C)[C@@H]2CC[C@H](c4cc(F)c(Cl)c(F)c4)O2)C3=O)cn1,IC50,5.48,nM,8.26
PSEN1,CHEMBL2473,CHEMBL3946187,Cc1cn(-c2ccc3n(c2=O)CCN(C[C@@H]2CC[C@H](c4cccc(C(F)(F)F)c4)O2)C3=O)cn1,IC50,81.2,nM,7.09
PSEN1,CHEMBL2473,CHEMBL3978667,COc1cc(Cl)c(F)cc1[C@H]1CC[C@@H]([C@H](C)N2CCn3c(ccc(-n4cnc(C)c4)c3=O)C2=O)O1,IC50,11.1,nM,7.96
PSEN1,CHEMBL2473,CHEMBL3917064,Cc1cn(-c2ccc3n(c2=O)CCN([C@@H](C)[C@@H]2CC[C@H](c4ccc(Cl)cc4OC(F)(F)F)O2)C3=O)cn1,IC50,14.5,nM,7.84
PSEN1,CHEMBL2473,CHEMBL3898549,Cc1cn(-c2ccc3n(c2=O)CCN(C[C@H]2CC[C@@H](c4ccc(C(F)(F)C(F)(F)F)cc4)O2)C3=O)cn1,IC50,157.0,nM,6.80
PSEN1,CHEMBL2473,CHEMBL3935522,Cc1cn(-c2ccc3n(c2=O)CCN(C[C@@H]2CC[C@H](c4ccc(C(C)(F)F)cc4)O2)C3=O)cn1,IC50,73.3,nM,7.13
PSEN1,CHEMBL2473,CHEMBL3918666,Cc1cn(-c2ccc3n(c2=O)CCN([C@@H](C)[C@@H]2CC[C@H](c4ccc(Cl)cc4OC(F)F)O2)C3=O)cn1,IC50,24.6,nM,7.61
PSEN1,CHEMBL2473,CHEMBL3906008,Cc1cn(-c2ccc3n(c2=O)CCN(C[C@@H]2CC[C@H](c4cc(F)c(Cl)c(F)c4)O2)C3=O)cn1,IC50,13.3,nM,7.88
PSEN1,CHEMBL2473,CHEMBL3913030,Cc1cn(-c2ccc3n(c2=O)CCN(C[C@@H]2CC[C@H](c4ccccc4C(F)(F)F)O2)C3=O)cn1,IC50,73.3,nM,7.13
PSEN1,CHEMBL2473,CHEMBL3949792,Cc1cn(-c2ccc3n(c2=O)CCN(C[C@@H]2C[C@@H](C)[C@H](c4ccc(C(F)(F)F)cc4)O2)C3=O)cn1,IC50,73.5,nM,7.13
PSEN1,CHEMBL2473,CHEMBL3910627,Cc1cn(-c2ccc3n(c2=O)CCN(C[C@@H]2CC[C@H](c4ccc(Cl)cc4C(F)(F)F)O2)C3=O)cn1,IC50,26.8,nM,7.57
PSEN1,CHEMBL2473,CHEMBL3918851,Cc1cn(-c2ccc3n(c2=O)CCN([C@@H](C)[C@@H]2CC[C@H](c4cc(F)c(F)cc4C(F)(F)F)O2)C3=O)cn1,IC50,33.5,nM,7.47
PSEN1,CHEMBL2473,CHEMBL3890783,Cc1cn(-c2ccc3n(c2=O)CCN([C@@H](C)[C@@H]2CC[C@H](c4cc(F)c(Cl)c(Cl)c4)O2)C3=O)cn1,IC50,5.78,nM,8.24
PSEN1,CHEMBL2473,CHEMBL3924102,Cc1cn(-c2ccc3n(c2=O)CCN([C@@H](C)[C@@H]2CC[C@H](c4ccc(F)cc4C(F)(F)F)O2)C3=O)cn1,IC50,24.2,nM,7.62
PSEN1,CHEMBL2473,CHEMBL3951810,Cc1cn(-c2ccc3n(c2=O)CCN([C@@H](C)[C@@H]2CC[C@H](c4cc(F)c(Cl)cc4C(F)(F)F)O2)C3=O)cn1,IC50,7.84,nM,8.11
PSEN1,CHEMBL2473,CHEMBL3929506,Cc1cn(-c2ccc3n(c2=O)CCN([C@@H](C)[C@@H]2CC[C@H](c4ccc(Cl)c(F)c4C(F)(F)F)O2)C3=O)cn1,IC50,10.0,nM,8.00
PSEN1,CHEMBL2473,CHEMBL3960512,Cc1cn(-c2ccc3n(c2=O)CCN([C@@H](C)[C@@H]2CC[C@H](c4ccc(C(F)(F)F)s4)O2)C3=O)cn1,IC50,52.4,nM,7.28
PSEN1,CHEMBL2473,CHEMBL3938538,Cc1cn(-c2ccc3n(c2=O)C[C@@H](C)N(C[C@H]2CC[C@@H](c4ccc(C(F)(F)F)cc4)O2)C3=O)cn1,IC50,46.4,nM,7.33
PSEN1,CHEMBL2473,CHEMBL3968096,Cc1cn(-c2ccc3n(c2=O)C[C@H](C)N(C[C@H]2CC[C@@H](c4ccc(C(F)(F)F)cc4)O2)C3=O)cn1,IC50,19.8,nM,7.70
PSEN1,CHEMBL2473,CHEMBL4752561,COc1cc(-c2cn([C@H]3CCc4ccccc4N(CC(F)(F)F)C3=O)nn2)ccc1-n1ccc(C)n1,IC50,10000.0,nM,
PSEN1,CHEMBL2473,CHEMBL4558518,CC(C)(C)OC(=O)N1CCCC1CNC1CCC(c2cc(F)ccc2F)(S(=O)(=O)c2ccc(Cl)cc2)CC1,IC50,1600.0,nM,5.80
PSEN1,CHEMBL2473,CHEMBL1091513,O=S(=O)(NC1CCC(c2cc(F)ccc2F)(S(=O)(=O)c2ccc(Cl)cc2)CC1)C(F)(F)F,IC50,0.5,nM,
PSEN1,CHEMBL2473,CHEMBL3609749,COc1cc(-c2cn([C@H]3CCc4c(F)cccc4N(CC(F)(F)F)C3=O)nn2)ccc1-n1cnc(C)c1,IC50,31.0,nM,7.51
PSEN1,CHEMBL2473,CHEMBL1091513,O=S(=O)(NC1CCC(c2cc(F)ccc2F)(S(=O)(=O)c2ccc(Cl)cc2)CC1)C(F)(F)F,IC50,0.65,nM,9.19
PSEN2,CHEMBL3708,CHEMBL2159686,CS(=O)(=O)CC[C@H]1OCC[C@]2(S(=O)(=O)c3ccc(Cl)cc3)c3c(F)ccc(F)c3OC[C@H]12,IC50,,,
PSEN2,CHEMBL3708,CHEMBL2159511,CS(=O)(=O)CC[C@@H]1OCC[C@@]2(S(=O)(=O)c3ccc(Cl)cc3)c3c(F)ccc(F)c3OC[C@@H]12,IC50,1.0,nM,9.00
PSEN2,CHEMBL3708,CHEMBL2159510,CCS(=O)(=O)CC[C@@H]1OCC[C@@]2(S(=O)(=O)c3ccc(Cl)cc3)c3c(F)ccc(F)c3OC[C@@H]12,IC50,2.0,nM,8.70
PSEN2,CHEMBL3708,CHEMBL2159509,CC(C)S(=O)(=O)CC[C@@H]1OCC[C@@]2(S(=O)(=O)c3ccc(Cl)cc3)c3c(F)ccc(F)c3OC[C@@H]12,IC50,3.0,nM,8.52
PSEN2,CHEMBL3708,CHEMBL2159509,CC(C)S(=O)(=O)CC[C@@H]1OCC[C@@]2(S(=O)(=O)c3ccc(Cl)cc3)c3c(F)ccc(F)c3OC[C@@H]12,IC50,10.0,nM,8.00
PSEN2,CHEMBL3708,CHEMBL2159691,N#CCC[C@@H]1OCC[C@@]2(S(=O)(=O)c3ccc(Cl)cc3)c3c(F)ccc(F)c3OC[C@@H]12,IC50,16.0,nM,7.80
PSEN2,CHEMBL3708,CHEMBL2159690,CCNC(=O)OCC[C@@H]1OCC[C@@]2(S(=O)(=O)c3ccc(Cl)cc3)c3c(F)ccc(F)c3OC[C@@H]12,IC50,20.0,nM,7.70
PSEN2,CHEMBL3708,CHEMBL2159689,CNC(=O)OCC[C@@H]1OCC[C@@]2(S(=O)(=O)c3ccc(Cl)cc3)c3c(F)ccc(F)c3OC[C@@H]12,IC50,6.0,nM,8.22
PSEN2,CHEMBL3708,CHEMBL2159688,O=S(=O)(c1ccc(Cl)cc1)[C@]12CCO[C@H](CCO)[C@H]1COc1c(F)ccc(F)c12,IC50,,,
PSEN2,CHEMBL3708,CHEMBL2159687,O=S(=O)(c1ccc(Cl)cc1)[C@@]12CCO[C@@H](CCO)[C@@H]1COc1c(F)ccc(F)c12,IC50,8.0,nM,8.10
APOE,CHEMBL4549,CHEMBL344801,COC(=O)NCCC1Cc2ccc(NC(=O)c3cccc(C)c3-c3ccc(C(F)(F)F)cc3)cc2C1,IC50,10.0,nM,8.00
APOE,CHEMBL4549,CHEMBL142272,Cc1cccc(C(=O)Nc2ccc3c(c2)CCC(NS(=O)(=O)c2cccs2)CC3)c1-c1ccc(C(F)(F)F)cc1,IC50,1.6,nM,8.80
APOE,CHEMBL4549,CHEMBL423915,COC(=O)N[C@@H]1Cc2ccc(NC(=O)c3cccc(C)c3-c3ccc(C(F)(F)F)cc3)cc2C1,IC50,6.4,nM,8.19
APOE,CHEMBL4549,CHEMBL357886,O=C(Nc1ccc2c(c1)CC(NS(=O)(=O)c1ccccc1)C2)c1ccccc1-c1ccc(C(F)(F)F)cc1,IC50,1.3,nM,8.89
APOE,CHEMBL4549,CHEMBL142763,Cc1cccc(C(=O)Nc2ccc3c(c2)C[C@@H](NS(C)(=O)=O)C3)c1-c1ccc(C(F)(F)F)cc1,IC50,8.8,nM,8.06
APOE,CHEMBL4549,CHEMBL359428,Cc1cccc(C(=O)Nc2ccc3c(c2)C[C@H](NS(C)(=O)=O)C3)c1-c1ccc(C(F)(F)F)cc1,IC50,1.8,nM,8.74
APOE,CHEMBL4549,CHEMBL336873,Cc1cccc(C(=O)Nc2ccc3c(c2)C[C@H](NS(=O)(=O)c2cccs2)C3)c1-c1ccc(C(F)(F)F)cc1,IC50,0.9,nM,9.05
APOE,CHEMBL4549,CHEMBL344849,Cc1cc(C)c(-c2ccc(C(F)(F)F)cc2)c(C(=O)Nc2ccc3c(c2)C[C@@H](NS(=O)(=O)c2cccs2)C3)c1,IC50,2.6,nM,8.59
APOE,CHEMBL4549,CHEMBL434703,O=C(Nc1ccc2c(c1)C[C@@H](NS(=O)(=O)c1ccccc1)C2)c1ccccc1-c1ccc(C(F)(F)F)cc1,IC50,42.0,nM,7.38
APOE,CHEMBL4549,CHEMBL143514,COC(=O)N[C@H]1Cc2ccc(NC(=O)c3cc(C)ccc3-c3ccc(C(F)(F)F)cc3)cc2C1,IC50,2.2,nM,8.66
APOE,CHEMBL4549,CHEMBL358141,COC(=O)N[C@@H]1Cc2ccc(NC(=O)c3cc(C)cc(C)c3-c3ccc(C(F)(F)F)cc3)cc2C1,IC50,2.5,nM,8.60
APOE,CHEMBL4549,CHEMBL356126,COC(=O)NC1CCc2ccc(NC(=O)c3cccc(C)c3-c3ccc(Cl)cc3)cc2CC1,IC50,2.0,nM,8.70
APOE,CHEMBL4549,CHEMBL140754,Cc1cccc(C(=O)Nc2ccc3c(c2)CC(NS(=O)(=O)c2ccccc2)C3)c1-c1ccc(Cl)cc1,IC50,2.4,nM,8.62
APOE,CHEMBL4549,CHEMBL141036,Cc1cccc(C(=O)Nc2ccc3c(c2)CC(NS(=O)(=O)c2ccccc2)C3)c1-c1ccc(C#N)cc1,IC50,5.5,nM,8.26
APOE,CHEMBL4549,CHEMBL142616,Cc1cccc(C(=O)Nc2ccc3c(c2)CC(CNS(C)(=O)=O)C3)c1-c1ccc(Cl)cc1,IC50,16.0,nM,7.80
APOE,CHEMBL4549,CHEMBL423194,Cc1cccc(C(=O)Nc2ccc3c(c2)CC(NS(=O)(=O)c2cccs2)C3)c1-c1ccc(Cl)cc1,IC50,3.0,nM,8.52
APOE,CHEMBL4549,CHEMBL143684,O=C(NC1Cc2ccc(NC(=O)c3ccccc3-c3ccc(C(F)(F)F)cc3)cc2C1)c1ccccc1,IC50,270.0,nM,6.57
APOE,CHEMBL4549,CHEMBL142733,COC(=O)NCC1Cc2ccc(NC(=O)c3cc(C)cc(C)c3-c3ccc(C(F)(F)F)cc3)cc2C1,IC50,2.2,nM,8.66
APOE,CHEMBL4549,CHEMBL412375,Cc1cccc(C(=O)Nc2ccc3c(c2)CC(NS(C)(=O)=O)C3)c1-c1ccc(Cl)cc1,IC50,6.6,nM,8.18
APOE,CHEMBL4549,CHEMBL141014,Cc1cccc(C(=O)Nc2ccc3c(c2)CCC(NS(C)(=O)=O)CC3)c1-c1ccc(Cl)cc1,IC50,5.0,nM,8.30
APOE,CHEMBL4549,CHEMBL142972,Cc1cccc(C(=O)Nc2ccc3c(c2)C[C@@H](NCc2ccccn2)C3)c1-c1ccc(C(F)(F)F)cc1,IC50,1.7,nM,8.77
APOE,CHEMBL4549,CHEMBL358538,COC(=O)NCC1Cc2ccc(NC(=O)c3cccc(C)c3-c3ccc(Cl)cc3)cc2C1,IC50,8.7,nM,8.06
APOE,CHEMBL4549,CHEMBL422295,COC(=O)N1CCN([C@H]2Cc3ccc(NC(=O)c4cccc(C)c4-c4ccc(C(F)(F)F)cc4)cc3C2)CC1,IC50,1.8,nM,8.74
APOE,CHEMBL4549,CHEMBL143610,CC(=O)NC1Cc2ccc(NC(=O)c3ccccc3-c3ccc(C(F)(F)F)cc3)cc2C1,IC50,120.0,nM,6.92
APOE,CHEMBL4549,CHEMBL143535,O=C(Nc1ccc2c(c1)CC(NS(=O)(=O)c1ccccc1)C2)c1ccccc1-c1ccccc1,IC50,12.0,nM,7.92
APOE,CHEMBL4549,CHEMBL359248,Cc1cccc(C(=O)Nc2ccc3c(c2)CC(CNS(C)(=O)=O)C3)c1-c1ccc(C(F)(F)F)cc1,IC50,6.5,nM,8.19
APOE,CHEMBL4549,CHEMBL344439,Cc1ccc(-c2c(C)cccc2C(=O)Nc2ccc3c(c2)CC(NS(=O)(=O)c2ccccc2)C3)cc1,IC50,2.5,nM,8.60
APOE,CHEMBL4549,CHEMBL341974,COC(=O)NC1CCc2ccc(NC(=O)c3cc(C)cc(C)c3-c3ccc(C(F)(F)F)cc3)cc2CC1,IC50,2.4,nM,8.62
APOE,CHEMBL4549,CHEMBL139992,COC(=O)N[C@H]1Cc2ccc(NC(=O)c3ccccc3-c3ccc(C(F)(F)F)cc3)cc2C1,IC50,1.9,nM,8.72
APOE,CHEMBL4549,CHEMBL143647,CN(C)C(=O)NC1Cc2ccc(NC(=O)c3ccccc3-c3ccc(C(F)(F)F)cc3)cc2C1,IC50,120.0,nM,6.92
APOE,CHEMBL4549,CHEMBL343837,COC(=O)NC1Cc2ccc(NC(=O)c3cc(C)cc(C)c3-c3ccc(Cl)cc3)cc2C1,IC50,3.4,nM,8.47
APOE,CHEMBL4549,CHEMBL356937,COC(=O)N[C@H]1Cc2ccc(NC(=O)c3cc(C(F)(F)F)ccc3-c3ccc(C(F)(F)F)cc3)cc2C1,IC50,7.5,nM,8.12
APOE,CHEMBL4549,CHEMBL343874,Cc1cccc(C(=O)Nc2ccc3c(c2)CCC(NS(C)(=O)=O)CC3)c1-c1ccc(C(F)(F)F)cc1,IC50,2.3,nM,8.64
APOE,CHEMBL4549,CHEMBL142332,COC(=O)NCC1Cc2ccc(NC(=O)c3cccc(C)c3-c3ccc(C(F)(F)F)cc3)cc2C1,IC50,4.1,nM,8.39
APOE,CHEMBL4549,CHEMBL142731,COC(=O)N[C@@H]1Cc2ccc(NC(=O)c3ccccc3-c3ccc(C(F)(F)F)cc3)cc2C1,IC50,5.2,nM,8.28
APOE,CHEMBL4549,CHEMBL143626,Cc1cccc(C(=O)Nc2ccc3c(c2)CC(CNS(=O)(=O)c2cccs2)C3)c1-c1ccc(C(F)(F)F)cc1,IC50,1.9,nM,8.72
APOE,CHEMBL4549,CHEMBL344814,Cc1cccc(C(=O)Nc2ccc3c(c2)CC(NS(=O)(=O)c2ccccc2)C3)c1-c1ccc(F)cc1,IC50,1.2,nM,8.92
APOE,CHEMBL4549,CHEMBL141881,COc1cccc(C(=O)Nc2ccc3c(c2)CC(NS(C)(=O)=O)C3)c1-c1ccc(Cl)cc1,IC50,15.0,nM,7.82
APOE,CHEMBL4549,CHEMBL142928,COC(=O)N[C@H]1Cc2ccc(NC(=O)c3cccc(C(F)(F)F)c3-c3ccc(C(F)(F)F)cc3)cc2C1,IC50,1.8,nM,8.74
APOE,CHEMBL4549,CHEMBL142975,COC(=O)NC1CCc2ccc(NC(=O)c3cccc(C)c3-c3ccc(C(F)(F)F)cc3)cc2CC1,IC50,1.6,nM,8.80
APOE,CHEMBL4549,CHEMBL143821,Cc1cccc(C(=O)Nc2ccc3c(c2)CC(NS(C)(=O)=O)C3)c1-c1ccc(F)cc1,IC50,8.3,nM,8.08
APOE,CHEMBL4549,CHEMBL358768,COC(=O)N1CCN([C@@H]2Cc3ccc(NC(=O)c4cccc(C)c4-c4ccc(C(F)(F)F)cc4)cc3C2)CC1,IC50,43.0,nM,7.37
APOE,CHEMBL4549,CHEMBL140786,CS(=O)(=O)NC1Cc2ccc(NC(=O)c3ccccc3-c3ccc(C(F)(F)F)cc3)cc2C1,IC50,60.0,nM,7.22
APOE,CHEMBL4549,CHEMBL139834,Cc1cc(C)c(-c2ccc(C(F)(F)F)cc2)c(C(=O)Nc2ccc3c(c2)C[C@H](NS(=O)(=O)c2cccs2)C3)c1,IC50,1.0,nM,9.00
APOE,CHEMBL4549,CHEMBL356091,Cc1cccc(C(=O)Nc2ccc3c(c2)CC(NS(=O)(=O)c2cccs2)C3)c1-c1ccc(F)cc1,IC50,1.4,nM,8.85
APOE,CHEMBL4549,CHEMBL343406,COc1cccc(C(=O)Nc2ccc3c(c2)CC(NS(=O)(=O)c2ccccc2)C3)c1-c1ccc(Cl)cc1,IC50,2.0,nM,8.70
APOE,CHEMBL4549,CHEMBL142450,COC(=O)N[C@H]1Cc2ccc(NC(=O)c3cccc(C)c3-c3ccc(C(F)(F)F)cc3)cc2C1,IC50,0.7,nM,9.15
APOE,CHEMBL4549,CHEMBL143284,COC(=O)N[C@H]1Cc2ccc(NC(=O)c3cc(C)cc(C)c3-c3ccc(C(F)(F)F)cc3)cc2C1,IC50,1.1,nM,8.96
APOE,CHEMBL4549,CHEMBL142519,O=C(Nc1ccc2c(c1)CC(NCc1ccccc1)C2)c1ccccc1-c1ccc(C(F)(F)F)cc1,IC50,340.0,nM,6.47
GRIN3B,CHEMBL6066548,CHEMBL5869131,N[C@H](CNC(=O)c1cc2ncccc2s1)C(=O)O,Ki,7400.0,nM,5.13
GRIN3B,CHEMBL6066548,CHEMBL5794524,CCc1ccnc2cc(C(=O)NC[C@@H](N)C(=O)O)sc12,Ki,270.0,nM,6.57
GRIN3B,CHEMBL6066548,CHEMBL5806540,N[C@H](CNC(=O)c1cc2nccc(C(F)F)c2s1)C(=O)O,Ki,170.0,nM,6.77
GRIN3B,CHEMBL6066548,CHEMBL5987706,N[C@H](CNC(=O)c1cc2nccc(C3CC3)c2s1)C(=O)O,Ki,140.0,nM,6.85
GRIN3B,CHEMBL6066548,CHEMBL5804682,Cc1ccnc2cc(C(=O)NC[C@@H](N)C(=O)O)sc12,Ki,96.0,nM,7.02
GRIN3B,CHEMBL6066548,CHEMBL6032507,CC(C)c1ccnc2cc(C(=O)NC[C@@H](N)C(=O)O)sc12,Ki,220.0,nM,6.66
GRIN3B,CHEMBL6066548,CHEMBL5997948,CCc1ccccc1-c1ccnc2cc(C(=O)NC[C@@H](N)C(=O)O)sc12,Ki,860.0,nM,6.07
GRIN3B,CHEMBL6066548,CHEMBL5879275,COc1ccnc2cc(C(=O)NC[C@@H](N)C(=O)O)sc12,Ki,690.0,nM,6.16
GRIN3B,CHEMBL6066548,CHEMBL5789690,N[C@H](CNC(=O)c1cc2nccc(C(F)(F)F)c2s1)C(=O)O,Ki,360.0,nM,6.44
GRIN3B,CHEMBL6066548,CHEMBL5782535,CCOc1ccnc2cc(C(=O)NC[C@@H](N)C(=O)O)sc12,Ki,870.0,nM,6.06
GRIN3B,CHEMBL6066548,CHEMBL5858619,CC(C)Oc1ccnc2cc(C(=O)NC[C@@H](N)C(=O)O)sc12,Ki,220.0,nM,6.66
GRIN3B,CHEMBL6066548,CHEMBL5934769,N[C@H](CNC(=O)c1cc2nccc(Br)c2s1)C(=O)O,Ki,63.0,nM,7.20
GRIN3B,CHEMBL6066548,CHEMBL5831924,N[C@H](CNC(=O)c1cc2nccc(CO)c2s1)C(=O)O,Ki,3900.0,nM,5.41
GRIN3B,CHEMBL6066548,CHEMBL5903643,N[C@H](CNC(=O)c1cc2nccc(CF)c2s1)C(=O)O,Ki,180.0,nM,6.75
GRIN3B,CHEMBL6066548,CHEMBL5982066,Cc1c(F)cnc2cc(C(=O)NC[C@@H](N)C(=O)O)sc12,Ki,260.0,nM,6.58
GRIN3B,CHEMBL6066548,CHEMBL5746157,Cc1cnc2cc(C(=O)NC[C@@H](N)C(=O)O)sc2c1C,Ki,490.0,nM,6.31
CDK5,CHEMBL6067090,CHEMBL5653589,Cc1ccc(C(=O)Nc2cccc(C(F)(F)F)c2)cc1Nc1nc(-c2cccnc2)nc2nn(C)cc12,Kd,96.05,nM,7.02
CDK5,CHEMBL6067090,CHEMBL3752910,Cc1ccc(C(=O)Nc2cccc(C(F)(F)F)c2)cc1Nc1nc(-c2cccnc2)nc2c1cnn2C,Kd,545.75,nM,6.26
ADAM10,CHEMBL5028,CHEMBL366034,O=C(O)CNC(=O)/C(=C\c1cccc(Br)c1)NC(=O)c1ccco1,IC50,10500.0,nM,
ADAM10,CHEMBL5028,CHEMBL188414,CC(C)C(NC(=O)/C(=C\c1ccccc1F)NC(=O)c1ccccc1)C(=O)O,IC50,10500.0,nM,
ADAM10,CHEMBL5028,CHEMBL365261,CC(NC(=O)/C(=C\c1ccco1)NC(=O)c1ccco1)C(=O)O,IC50,10500.0,nM,4.98
ADAM10,CHEMBL5028,CHEMBL361087,CC(NC(=O)/C(=C\c1ccc(Br)cc1)NC(=O)c1ccc(Br)o1)C(=O)O,IC50,,nM,
ADAM10,CHEMBL5028,CHEMBL19611,CNC(=O)[C@H](Cc1c[nH]c2ccccc12)NC(=O)[C@@H](CC(=O)NO)CC(C)C,IC50,8.1,nM,8.09
ADAM10,CHEMBL5028,CHEMBL221857,O=C(NO)[C@H]1CC2(CC2)CN[C@@H]1C(=O)N1CCN(c2ccccc2)CC1,IC50,120.0,nM,6.92
ADAM10,CHEMBL5028,CHEMBL434567,COC(=O)N1CC2(CC2)C[C@H](C(=O)NO)[C@H]1C(=O)N1CC=C(c2ccccc2)CC1,IC50,59.0,nM,7.23
ADAM10,CHEMBL5028,CHEMBL219105,CN1CC2(CC2)C[C@H](C(=O)NO)[C@H]1C(=O)N1CC=C(c2ccccc2)CC1,IC50,77.0,nM,7.11
ADAM10,CHEMBL5028,CHEMBL387202,CN1CC2(CC2)C[C@H](C(=O)NO)[C@H]1C(=O)N1CCN(c2ccccc2)CC1,IC50,310.0,nM,6.51
ADAM10,CHEMBL5028,CHEMBL375418,O=C(NO)[C@H]1CC2(CC2)CN[C@@H]1C(=O)N1CC=C(c2ccccc2)C1,IC50,23.0,nM,7.64
ADAM10,CHEMBL5028,CHEMBL221698,O=C(NO)[C@H]1CC2(CC2)CN[C@@H]1C(=O)N1CC[C@H](c2ccccc2)C1,IC50,97.0,nM,7.01
ADAM10,CHEMBL5028,CHEMBL426388,O=C(NO)[C@H]1CC2(CC2)CN[C@@H]1C(=O)N1CCN2c3ccccc3CC2C1,IC50,330.0,nM,6.48
ADAM10,CHEMBL5028,CHEMBL373853,Cc1cc([N+](=O)[O-])ccc1C1=CCN(C(=O)[C@H]2NCC3(CC3)C[C@@H]2C(=O)NO)CC1,IC50,130.0,nM,6.89
ADAM10,CHEMBL5028,CHEMBL221120,Cc1cc([N+](=O)[O-])ccc1N1CCN(C(=O)[C@H]2NCC3(CC3)C[C@@H]2C(=O)NO)CC1,IC50,110.0,nM,6.96
ADAM10,CHEMBL5028,CHEMBL220501,Cc1ccccc1N1CCN(C(=O)[C@H]2NCC3(CC3)C[C@@H]2C(=O)NO)CC1,IC50,5000.0,nM,
ADAM10,CHEMBL5028,CHEMBL218586,CC1=C(c2ccccc2)CCN(C(=O)[C@H]2NCC3(CC3)C[C@@H]2C(=O)NO)C1,IC50,720.0,nM,6.14
ADAM10,CHEMBL5028,CHEMBL219104,O=C(NO)[C@H]1CC2(CC2)CN[C@@H]1C(=O)N1CCC(c2ccccc2)CC1,IC50,320.0,nM,6.50
ADAM10,CHEMBL5028,CHEMBL373532,O=C(NO)[C@H]1CC2(CC2)CN[C@@H]1C(=O)N1CC=C(c2ccccc2)CC1,IC50,33.0,nM,7.48
ADAM10,CHEMBL5028,CHEMBL221537,O=C(NO)[C@H]1CCCN[C@@H]1C(=O)N1CC[C@H](c2ccccc2)C1,IC50,480.0,nM,6.32
ADAM10,CHEMBL5028,CHEMBL221857,O=C(NO)[C@H]1CC2(CC2)CN[C@@H]1C(=O)N1CCN(c2ccccc2)CC1,IC50,52.0,nM,7.28
ADAM10,CHEMBL5028,CHEMBL221857,O=C(NO)[C@H]1CC2(CC2)CN[C@@H]1C(=O)N1CCN(c2ccccc2)CC1,IC50,118.0,nM,6.93
ADAM10,CHEMBL5028,CHEMBL373532,O=C(NO)[C@H]1CC2(CC2)CN[C@@H]1C(=O)N1CC=C(c2ccccc2)CC1,IC50,18.0,nM,7.75
ADAM10,CHEMBL5028,CHEMBL252442,COC(=O)N1CC2(CC2)C[C@H](C(=O)NO)[C@H]1C(=O)N1CC=C(c2ccccc2)C1,IC50,26.0,nM,7.58
ADAM10,CHEMBL5028,CHEMBL252246,O=C(NO)[C@H]1CC2(CC2)CN[C@@H]1C(=O)N1CCC(c2ccccc2)C1,IC50,97.0,nM,7.01
ADAM10,CHEMBL5028,CHEMBL446457,CS(=O)(=O)N1CC2(CC2)C[C@H](C(=O)NO)[C@H]1C(=O)N1CCN(c2ccccc2)CC1,IC50,27.0,nM,7.57
ADAM10,CHEMBL5028,CHEMBL429669,O=C(NO)[C@H]1CC2(CC2)CN(C(=O)OC2CCOCC2)[C@@H]1C(=O)N1CCN(c2ccccc2)CC1,IC50,37.0,nM,7.43
ADAM10,CHEMBL5028,CHEMBL442443,COC(=O)N1CC2(CC2)C[C@H](C(=O)NO)[C@H]1C(=O)N1CCC(c2ccccc2)CC1,IC50,19.0,nM,7.72
ADAM10,CHEMBL5028,CHEMBL401870,CS(=O)(=O)N1CC2(CC2)C[C@H](C(=O)NO)[C@H]1C(=O)N1C=CC(c2ccccc2)CC1,IC50,51.0,nM,7.29
ADAM10,CHEMBL5028,CHEMBL252877,CC(=O)N1CC2(CC2)C[C@H](C(=O)NO)[C@H]1C(=O)N1C=CC(c2ccccc2)CC1,IC50,40.0,nM,7.40
ADAM10,CHEMBL5028,CHEMBL252678,O=C(NO)[C@H]1CC2(CC2)CN(C(=O)OCc2ccccc2)[C@@H]1C(=O)N1C=CC(c2ccccc2)CC1,IC50,34.0,nM,7.47
ADAM10,CHEMBL5028,CHEMBL403185,CC(C)COC(=O)N1CC2(CC2)C[C@H](C(=O)NO)[C@H]1C(=O)N1C=CC(c2ccccc2)CC1,IC50,19.0,nM,7.72
ADAM10,CHEMBL5028,CHEMBL251865,COC(=O)N1CC2(CC2)C[C@H](C(=O)NO)[C@H]1C(=O)N1C=CC(c2ccccc2)CC1,IC50,59.0,nM,7.23
ADAM10,CHEMBL5028,CHEMBL253460,CC(C)c1cccc(C2CCN(C(=O)[C@H]3NCC4(CC4)C[C@@H]3C(=O)NO)CC2)c1,IC50,16.0,nM,7.80
ADAM10,CHEMBL5028,CHEMBL253256,Cc1cccc(C2CCN(C(=O)[C@H]3NCC4(CC4)C[C@@H]3C(=O)NO)CC2)c1,IC50,194.0,nM,6.71
ADAM10,CHEMBL5028,CHEMBL251848,CC(C)c1cccc(N2CCN(C(=O)[C@H]3NCC4(CC4)C[C@@H]3C(=O)NO)CC2)c1,IC50,1102.0,nM,5.96
ADAM10,CHEMBL5028,CHEMBL251847,O=C(NO)[C@H]1CC2(CC2)CN[C@@H]1C(=O)N1CCN(c2cccc(Cl)c2)CC1,IC50,14.0,nM,7.85
ADAM10,CHEMBL5028,CHEMBL252912,Cc1cc(N2CCN(C(=O)[C@H]3NCC4(CC4)C[C@@H]3C(=O)NO)CC2)ccc1C#N,IC50,38.0,nM,7.42
ADAM10,CHEMBL5028,CHEMBL404132,Cc1cccc(N2CCN(C(=O)[C@H]3NCC4(CC4)C[C@@H]3C(=O)NO)CC2)c1,IC50,187.0,nM,6.73
ADAM10,CHEMBL5028,CHEMBL403022,O=C(NO)[C@H]1CC2(CC2)CN[C@@H]1C(=O)N1CC=C(c2cc(Cl)cc(Cl)c2)CC1,IC50,99.0,nM,7.00
ADAM10,CHEMBL5028,CHEMBL253920,O=C(NO)[C@H]1CC2(CC2)CN[C@@H]1C(=O)N1CC=C(c2cc(F)cc(F)c2)CC1,IC50,15.0,nM,7.82
ADAM10,CHEMBL5028,CHEMBL403380,Cc1cc(C2=CCN(C(=O)[C@H]3NCC4(CC4)C[C@@H]3C(=O)NO)CC2)cc(C)c1C#N,IC50,28.0,nM,7.55
ADAM10,CHEMBL5028,CHEMBL404170,CC(C)c1cc(C2=CCN(C(=O)[C@H]3NCC4(CC4)C[C@@H]3C(=O)NO)CC2)ccc1C#N,IC50,154.0,nM,6.81
ADAM10,CHEMBL5028,CHEMBL252278,Cc1cc(C)cc(C2=CCN(C(=O)[C@H]3NCC4(CC4)C[C@@H]3C(=O)NO)CC2)c1,IC50,85.0,nM,7.07
ADAM10,CHEMBL5028,CHEMBL403161,O=C(NO)[C@H]1CC2(CC2)CN[C@@H]1C(=O)N1CC=C(c2cccc(C3CC3)c2)CC1,IC50,48.0,nM,7.32
ADAM10,CHEMBL5028,CHEMBL252081,CC(C)c1cccc(C2=CCN(C(=O)[C@H]3NCC4(CC4)C[C@@H]3C(=O)NO)CC2)c1,IC50,73.0,nM,7.14
ADAM10,CHEMBL5028,CHEMBL252079,COc1cccc(C2=CCN(C(=O)[C@H]3NCC4(CC4)C[C@@H]3C(=O)NO)CC2)c1,IC50,40.0,nM,7.40
ADAM10,CHEMBL5028,CHEMBL402954,CCc1cccc(C2=CCN(C(=O)[C@H]3NCC4(CC4)C[C@@H]3C(=O)NO)CC2)c1,IC50,33.0,nM,7.48
ADAM10,CHEMBL5028,CHEMBL251884,Cc1cccc(C2=CCN(C(=O)[C@H]3NCC4(CC4)C[C@@H]3C(=O)NO)CC2)c1,IC50,25.0,nM,7.60
ADAM10,CHEMBL5028,CHEMBL219104,O=C(NO)[C@H]1CC2(CC2)CN[C@@H]1C(=O)N1CCC(c2ccccc2)CC1,IC50,324.0,nM,6.49
ADAM10,CHEMBL5028,CHEMBL252442,COC(=O)N1CC2(CC2)C[C@H](C(=O)NO)[C@H]1C(=O)N1CC=C(c2ccccc2)C1,IC50,34.0,nM,7.47
ADAM10,CHEMBL5028,CHEMBL375418,O=C(NO)[C@H]1CC2(CC2)CN[C@@H]1C(=O)N1CC=C(c2ccccc2)C1,IC50,13.0,nM,7.89
ADAM10,CHEMBL5028,CHEMBL404093,COC(=O)N1CC2(CC2)C[C@H](C(=O)NO)[C@H]1C(=O)N1CCC(c2ccccc2)C1,IC50,289.0,nM,6.54
ADAM10,CHEMBL5028,CHEMBL252246,O=C(NO)[C@H]1CC2(CC2)CN[C@@H]1C(=O)N1CCC(c2ccccc2)C1,IC50,92.0,nM,7.04
ADAM10,CHEMBL5028,CHEMBL446457,CS(=O)(=O)N1CC2(CC2)C[C@H](C(=O)NO)[C@H]1C(=O)N1CCN(c2ccccc2)CC1,IC50,45.0,nM,7.35
ADAM10,CHEMBL5028,CHEMBL429669,O=C(NO)[C@H]1CC2(CC2)CN(C(=O)OC2CCOCC2)[C@@H]1C(=O)N1CCN(c2ccccc2)CC1,IC50,26.0,nM,7.58
ADAM10,CHEMBL5028,CHEMBL442443,COC(=O)N1CC2(CC2)C[C@H](C(=O)NO)[C@H]1C(=O)N1CCC(c2ccccc2)CC1,IC50,169.0,nM,6.77
ADAM10,CHEMBL5028,CHEMBL401870,CS(=O)(=O)N1CC2(CC2)C[C@H](C(=O)NO)[C@H]1C(=O)N1C=CC(c2ccccc2)CC1,IC50,93.0,nM,7.03
ADAM10,CHEMBL5028,CHEMBL252877,CC(=O)N1CC2(CC2)C[C@H](C(=O)NO)[C@H]1C(=O)N1C=CC(c2ccccc2)CC1,IC50,72.0,nM,7.14
ADAM10,CHEMBL5028,CHEMBL252678,O=C(NO)[C@H]1CC2(CC2)CN(C(=O)OCc2ccccc2)[C@@H]1C(=O)N1C=CC(c2ccccc2)CC1,IC50,431.0,nM,6.37
ADAM10,CHEMBL5028,CHEMBL403185,CC(C)COC(=O)N1CC2(CC2)C[C@H](C(=O)NO)[C@H]1C(=O)N1C=CC(c2ccccc2)CC1,IC50,150.0,nM,6.82
ADAM10,CHEMBL5028,CHEMBL251865,COC(=O)N1CC2(CC2)C[C@H](C(=O)NO)[C@H]1C(=O)N1C=CC(c2ccccc2)CC1,IC50,68.0,nM,7.17
ADAM10,CHEMBL5028,CHEMBL253460,CC(C)c1cccc(C2CCN(C(=O)[C@H]3NCC4(CC4)C[C@@H]3C(=O)NO)CC2)c1,IC50,139.0,nM,6.86
ADAM10,CHEMBL5028,CHEMBL253256,Cc1cccc(C2CCN(C(=O)[C@H]3NCC4(CC4)C[C@@H]3C(=O)NO)CC2)c1,IC50,689.0,nM,6.16
ADAM10,CHEMBL5028,CHEMBL251847,O=C(NO)[C@H]1CC2(CC2)CN[C@@H]1C(=O)N1CCN(c2cccc(Cl)c2)CC1,IC50,42.0,nM,7.38
ADAM10,CHEMBL5028,CHEMBL252912,Cc1cc(N2CCN(C(=O)[C@H]3NCC4(CC4)C[C@@H]3C(=O)NO)CC2)ccc1C#N,IC50,594.0,nM,6.23
ADAM10,CHEMBL5028,CHEMBL404132,Cc1cccc(N2CCN(C(=O)[C@H]3NCC4(CC4)C[C@@H]3C(=O)NO)CC2)c1,IC50,184.0,nM,6.74
ADAM10,CHEMBL5028,CHEMBL253920,O=C(NO)[C@H]1CC2(CC2)CN[C@@H]1C(=O)N1CC=C(c2cc(F)cc(F)c2)CC1,IC50,24.0,nM,7.62
ADAM10,CHEMBL5028,CHEMBL403380,Cc1cc(C2=CCN(C(=O)[C@H]3NCC4(CC4)C[C@@H]3C(=O)NO)CC2)cc(C)c1C#N,IC50,129.0,nM,6.89
ADAM10,CHEMBL5028,CHEMBL404170,CC(C)c1cc(C2=CCN(C(=O)[C@H]3NCC4(CC4)C[C@@H]3C(=O)NO)CC2)ccc1C#N,IC50,902.0,nM,6.04
ADAM10,CHEMBL5028,CHEMBL252278,Cc1cc(C)cc(C2=CCN(C(=O)[C@H]3NCC4(CC4)C[C@@H]3C(=O)NO)CC2)c1,IC50,86.0,nM,7.07
ADAM10,CHEMBL5028,CHEMBL403161,O=C(NO)[C@H]1CC2(CC2)CN[C@@H]1C(=O)N1CC=C(c2cccc(C3CC3)c2)CC1,IC50,162.0,nM,6.79
ADAM10,CHEMBL5028,CHEMBL252081,CC(C)c1cccc(C2=CCN(C(=O)[C@H]3NCC4(CC4)C[C@@H]3C(=O)NO)CC2)c1,IC50,229.0,nM,6.64
ADAM10,CHEMBL5028,CHEMBL252079,COc1cccc(C2=CCN(C(=O)[C@H]3NCC4(CC4)C[C@@H]3C(=O)NO)CC2)c1,IC50,194.0,nM,6.71
ADAM10,CHEMBL5028,CHEMBL402954,CCc1cccc(C2=CCN(C(=O)[C@H]3NCC4(CC4)C[C@@H]3C(=O)NO)CC2)c1,IC50,240.0,nM,6.62
ADAM10,CHEMBL5028,CHEMBL251884,Cc1cccc(C2=CCN(C(=O)[C@H]3NCC4(CC4)C[C@@H]3C(=O)NO)CC2)c1,IC50,42.0,nM,7.38
ADAM10,CHEMBL5028,CHEMBL219104,O=C(NO)[C@H]1CC2(CC2)CN[C@@H]1C(=O)N1CCC(c2ccccc2)CC1,IC50,137.0,nM,6.86
ADAM10,CHEMBL5028,CHEMBL404093,COC(=O)N1CC2(CC2)C[C@H](C(=O)NO)[C@H]1C(=O)N1CCC(c2ccccc2)C1,IC50,81.0,nM,7.09
ADAM10,CHEMBL5028,CHEMBL254508,O=C(O[C@H]1CCOC1)N1CCC(CS(=O)(=O)N2CC=C(c3ccccc3)C2)(C(=O)NO)CC1,IC50,102.0,nM,6.99
ADAM10,CHEMBL5028,CHEMBL254508,O=C(O[C@H]1CCOC1)N1CCC(CS(=O)(=O)N2CC=C(c3ccccc3)C2)(C(=O)NO)CC1,IC50,332.0,nM,6.48
ADAM10,CHEMBL5028,CHEMBL398743,Cc1cc(C#N)ccc1C1=CCN(S(=O)(=O)CC2(C(=O)NO)CCN(C(=O)OC[C@H]3CCCN3)CC2)CC1,IC50,19.0,nM,7.72
ADAM10,CHEMBL5028,CHEMBL253652,Cc1cc(C#N)ccc1C1=CCN(S(=O)(=O)CC2(C(=O)NO)CCN(C(=O)OC[C@@H]3CCCN3)CC2)CC1,IC50,27.0,nM,7.57
ADAM10,CHEMBL5028,CHEMBL400528,Cc1cc(C#N)ccc1C1CCN(S(=O)(=O)CC2(C(=O)NO)CCN(C(=O)OC3CCNC3)CC2)CC1,IC50,13.0,nM,7.89
ADAM10,CHEMBL5028,CHEMBL253230,Cc1cc(C#N)ccc1C1CCN(S(=O)(=O)CC2(C(=O)NO)CCN(C(=O)OC[C@H]3CCCN3)CC2)CC1,IC50,23.0,nM,7.64
ADAM10,CHEMBL5028,CHEMBL253021,Cc1cc(C#N)ccc1C1CCN(S(=O)(=O)CC2(C(=O)NO)CCN(C(=O)OC[C@@H]3CCCN3)CC2)CC1,IC50,6.5,nM,8.19
ADAM10,CHEMBL5028,CHEMBL253020,Cc1ccccc1C1CCN(S(=O)(=O)CC2(C(=O)NO)CCN(C(=O)OC[C@H]3CCCN3)CC2)CC1,IC50,30.0,nM,7.52
ADAM10,CHEMBL5028,CHEMBL253019,Cc1ccccc1C1CCN(S(=O)(=O)CC2(C(=O)NO)CCN(C(=O)OC[C@@H]3CCCN3)CC2)CC1,IC50,23.0,nM,7.64
ADAM10,CHEMBL5028,CHEMBL252612,Cc1ccccc1C1CCN(S(=O)(=O)CC2(C(=O)NO)CCN(C(=O)OC3CCNC3)CC2)CC1,IC50,16.0,nM,7.80
ADAM10,CHEMBL5028,CHEMBL442432,Cc1ccccc1C1CCN(S(=O)(=O)CC2(C(=O)NO)CCN(C(=O)OC3CCCC3O)CC2)CC1,IC50,6.2,nM,8.21
ADAM10,CHEMBL5028,CHEMBL439405,Cc1ccccc1C1CCN(S(=O)(=O)CC2(C(=O)NO)CCN(C(=O)OC3COCC3(C)C)CC2)CC1,IC50,14.0,nM,7.85
ADAM10,CHEMBL5028,CHEMBL254492,Cc1ccccc1C1CCN(S(=O)(=O)CC2(C(=O)NO)CCN(C(=O)OC3(C)CCOC3)CC2)CC1,IC50,36.0,nM,7.44
ADAM10,CHEMBL5028,CHEMBL251830,Cc1cc(C#N)ccc1C1=CCN(S(=O)(=O)CC2(C(=O)NO)CCN(C(=O)O[C@H]3CCOC3)CC2)CC1,IC50,45.0,nM,7.35
ADAM10,CHEMBL5028,CHEMBL252024,Cc1cc(C#N)ccc1N1CCN(S(=O)(=O)CC2(C(=O)NO)CCN(C(=O)O[C@H]3CCOC3)CC2)CC1,IC50,25.0,nM,7.60
ADAM10,CHEMBL5028,CHEMBL252023,Cc1ccccc1C1=CCN(S(=O)(=O)CC2(C(=O)NO)CCN(C(=O)O[C@H]3CCOC3)CC2)CC1,IC50,133.0,nM,6.88
ADAM10,CHEMBL5028,CHEMBL251823,Cc1ccccc1N1CCN(S(=O)(=O)CC2(C(=O)NO)CCN(C(=O)O[C@H]3CCOC3)CC2)CC1,IC50,217.0,nM,6.66
ADAM10,CHEMBL5028,CHEMBL254510,Cc1cc(C)cc(C2CCN(S(=O)(=O)CC3(C(=O)NO)CCN(C(=O)O[C@H]4CCOC4)CC3)CC2)c1,IC50,833.0,nM,6.08
ADAM10,CHEMBL5028,CHEMBL254295,Cc1cc(C2CCN(S(=O)(=O)CC3(C(=O)NO)CCN(C(=O)O[C@H]4CCOC4)CC3)CC2)cc(C)c1C#N,IC50,96.0,nM,7.02
ADAM10,CHEMBL5028,CHEMBL253890,N#Cc1ccc(C2CCN(S(=O)(=O)CC3(C(=O)NO)CCN(C(=O)O[C@H]4CCOC4)CC3)CC2)cc1,IC50,77.0,nM,7.11
ADAM10,CHEMBL5028,CHEMBL253665,Cc1cc(C#N)ccc1C1CCN(S(=O)(=O)CC2(C(=O)NO)CCN(C(=O)O[C@H]3CCOC3)CC2)CC1,IC50,14.0,nM,7.85
ADAM10,CHEMBL5028,CHEMBL253452,Cc1cc(C(=O)N(C)C)ccc1C1CCN(S(=O)(=O)CC2(C(=O)NO)CCN(C(=O)O[C@H]3CCOC3)CC2)CC1,IC50,1000.0,nM,
ADAM10,CHEMBL5028,CHEMBL442291,Cc1cc(F)ccc1C1CCN(S(=O)(=O)CC2(C(=O)NO)CCN(C(=O)O[C@H]3CCOC3)CC2)CC1,IC50,141.0,nM,6.85
ADAM10,CHEMBL5028,CHEMBL427717,O=C(O[C@H]1CCOC1)N1CCC(CS(=O)(=O)N2CCC(c3ccccc3C(F)(F)F)CC2)(C(=O)NO)CC1,IC50,1000.0,nM,
ADAM10,CHEMBL5028,CHEMBL253035,Cc1ccccc1C1CCN(S(=O)(=O)CC2(C(=O)NO)CCN(C(=O)O[C@H]3CCOC3)CC2)CC1,IC50,41.0,nM,7.39
ADAM10,CHEMBL5028,CHEMBL252830,N#Cc1ccccc1C1CCN(S(=O)(=O)CC2(C(=O)NO)CCN(C(=O)O[C@H]3CCOC3)CC2)CC1,IC50,1000.0,nM,
ADAM10,CHEMBL5028,CHEMBL252627,O=C(O[C@H]1CCOC1)N1CCC(CS(=O)(=O)N2CCC(c3ccccc3F)CC2)(C(=O)NO)CC1,IC50,76.0,nM,7.12
ADAM10,CHEMBL5028,CHEMBL404409,O=C(O[C@H]1CCOC1)N1CCC(CS(=O)(=O)N2CCC(c3ccccc3)CC2)(C(=O)NO)CC1,IC50,22.0,nM,7.66
ADAM10,CHEMBL5028,CHEMBL251820,O=C(O[C@H]1CCOC1)N1CCC(CS(=O)(=O)N2CC=C(c3ccccc3)CC2)(C(=O)NO)CC1,IC50,7.1,nM,8.15
ADAM10,CHEMBL5028,CHEMBL399351,O=C(O[C@H]1CCOC1)N1CCC(CS(=O)(=O)N2CCN(c3ccccc3)CC2)(C(=O)NO)CC1,IC50,13.0,nM,7.89
ADAM10,CHEMBL5028,CHEMBL254715,O=C(O[C@H]1CCOC1)N1CCC(CS(=O)(=O)N2CCC(c3ccccc3)C2)(C(=O)NO)CC1,IC50,358.0,nM,6.45
ADAM10,CHEMBL5028,CHEMBL398743,Cc1cc(C#N)ccc1C1=CCN(S(=O)(=O)CC2(C(=O)NO)CCN(C(=O)OC[C@H]3CCCN3)CC2)CC1,IC50,24.0,nM,7.62
ADAM10,CHEMBL5028,CHEMBL253652,Cc1cc(C#N)ccc1C1=CCN(S(=O)(=O)CC2(C(=O)NO)CCN(C(=O)OC[C@@H]3CCCN3)CC2)CC1,IC50,34.0,nM,7.47
ADAM10,CHEMBL5028,CHEMBL400528,Cc1cc(C#N)ccc1C1CCN(S(=O)(=O)CC2(C(=O)NO)CCN(C(=O)OC3CCNC3)CC2)CC1,IC50,7.8,nM,8.11
ADAM10,CHEMBL5028,CHEMBL253230,Cc1cc(C#N)ccc1C1CCN(S(=O)(=O)CC2(C(=O)NO)CCN(C(=O)OC[C@H]3CCCN3)CC2)CC1,IC50,11.0,nM,7.96
ADAM10,CHEMBL5028,CHEMBL253021,Cc1cc(C#N)ccc1C1CCN(S(=O)(=O)CC2(C(=O)NO)CCN(C(=O)OC[C@@H]3CCCN3)CC2)CC1,IC50,9.1,nM,8.04
ADAM10,CHEMBL5028,CHEMBL253020,Cc1ccccc1C1CCN(S(=O)(=O)CC2(C(=O)NO)CCN(C(=O)OC[C@H]3CCCN3)CC2)CC1,IC50,19.0,nM,7.72
ADAM10,CHEMBL5028,CHEMBL253019,Cc1ccccc1C1CCN(S(=O)(=O)CC2(C(=O)NO)CCN(C(=O)OC[C@@H]3CCCN3)CC2)CC1,IC50,34.0,nM,7.47
ADAM10,CHEMBL5028,CHEMBL252612,Cc1ccccc1C1CCN(S(=O)(=O)CC2(C(=O)NO)CCN(C(=O)OC3CCNC3)CC2)CC1,IC50,18.0,nM,7.75
ADAM10,CHEMBL5028,CHEMBL442432,Cc1ccccc1C1CCN(S(=O)(=O)CC2(C(=O)NO)CCN(C(=O)OC3CCCC3O)CC2)CC1,IC50,16.0,nM,7.80
ADAM10,CHEMBL5028,CHEMBL439405,Cc1ccccc1C1CCN(S(=O)(=O)CC2(C(=O)NO)CCN(C(=O)OC3COCC3(C)C)CC2)CC1,IC50,22.0,nM,7.66
ADAM10,CHEMBL5028,CHEMBL254492,Cc1ccccc1C1CCN(S(=O)(=O)CC2(C(=O)NO)CCN(C(=O)OC3(C)CCOC3)CC2)CC1,IC50,11.0,nM,7.96
ADAM10,CHEMBL5028,CHEMBL251830,Cc1cc(C#N)ccc1C1=CCN(S(=O)(=O)CC2(C(=O)NO)CCN(C(=O)O[C@H]3CCOC3)CC2)CC1,IC50,107.0,nM,6.97
ADAM10,CHEMBL5028,CHEMBL252024,Cc1cc(C#N)ccc1N1CCN(S(=O)(=O)CC2(C(=O)NO)CCN(C(=O)O[C@H]3CCOC3)CC2)CC1,IC50,26.0,nM,7.58
ADAM10,CHEMBL5028,CHEMBL252023,Cc1ccccc1C1=CCN(S(=O)(=O)CC2(C(=O)NO)CCN(C(=O)O[C@H]3CCOC3)CC2)CC1,IC50,18.0,nM,7.75
ADAM10,CHEMBL5028,CHEMBL251823,Cc1ccccc1N1CCN(S(=O)(=O)CC2(C(=O)NO)CCN(C(=O)O[C@H]3CCOC3)CC2)CC1,IC50,107.0,nM,6.97
ADAM10,CHEMBL5028,CHEMBL254510,Cc1cc(C)cc(C2CCN(S(=O)(=O)CC3(C(=O)NO)CCN(C(=O)O[C@H]4CCOC4)CC3)CC2)c1,IC50,286.0,nM,6.54
ADAM10,CHEMBL5028,CHEMBL254295,Cc1cc(C2CCN(S(=O)(=O)CC3(C(=O)NO)CCN(C(=O)O[C@H]4CCOC4)CC3)CC2)cc(C)c1C#N,IC50,57.0,nM,7.24
ADAM10,CHEMBL5028,CHEMBL253890,N#Cc1ccc(C2CCN(S(=O)(=O)CC3(C(=O)NO)CCN(C(=O)O[C@H]4CCOC4)CC3)CC2)cc1,IC50,39.0,nM,7.41
ADAM10,CHEMBL5028,CHEMBL253665,Cc1cc(C#N)ccc1C1CCN(S(=O)(=O)CC2(C(=O)NO)CCN(C(=O)O[C@H]3CCOC3)CC2)CC1,IC50,12.0,nM,7.92
ADAM10,CHEMBL5028,CHEMBL253452,Cc1cc(C(=O)N(C)C)ccc1C1CCN(S(=O)(=O)CC2(C(=O)NO)CCN(C(=O)O[C@H]3CCOC3)CC2)CC1,IC50,2000.0,nM,
ADAM10,CHEMBL5028,CHEMBL442291,Cc1cc(F)ccc1C1CCN(S(=O)(=O)CC2(C(=O)NO)CCN(C(=O)O[C@H]3CCOC3)CC2)CC1,IC50,92.0,nM,7.04
ADAM10,CHEMBL5028,CHEMBL427717,O=C(O[C@H]1CCOC1)N1CCC(CS(=O)(=O)N2CCC(c3ccccc3C(F)(F)F)CC2)(C(=O)NO)CC1,IC50,1036.0,nM,5.99
ADAM10,CHEMBL5028,CHEMBL253035,Cc1ccccc1C1CCN(S(=O)(=O)CC2(C(=O)NO)CCN(C(=O)O[C@H]3CCOC3)CC2)CC1,IC50,18.0,nM,7.75
ADAM10,CHEMBL5028,CHEMBL252830,N#Cc1ccccc1C1CCN(S(=O)(=O)CC2(C(=O)NO)CCN(C(=O)O[C@H]3CCOC3)CC2)CC1,IC50,2000.0,nM,
ADAM10,CHEMBL5028,CHEMBL252627,O=C(O[C@H]1CCOC1)N1CCC(CS(=O)(=O)N2CCC(c3ccccc3F)CC2)(C(=O)NO)CC1,IC50,44.0,nM,7.36
ADAM10,CHEMBL5028,CHEMBL404409,O=C(O[C@H]1CCOC1)N1CCC(CS(=O)(=O)N2CCC(c3ccccc3)CC2)(C(=O)NO)CC1,IC50,28.0,nM,7.55
ADAM10,CHEMBL5028,CHEMBL251820,O=C(O[C@H]1CCOC1)N1CCC(CS(=O)(=O)N2CC=C(c3ccccc3)CC2)(C(=O)NO)CC1,IC50,10.0,nM,8.00
ADAM10,CHEMBL5028,CHEMBL399351,O=C(O[C@H]1CCOC1)N1CCC(CS(=O)(=O)N2CCN(c3ccccc3)CC2)(C(=O)NO)CC1,IC50,15.0,nM,7.82
ADAM10,CHEMBL5028,CHEMBL254715,O=C(O[C@H]1CCOC1)N1CCC(CS(=O)(=O)N2CCC(c3ccccc3)C2)(C(=O)NO)CC1,IC50,261.0,nM,6.58
ADAM10,CHEMBL5028,CHEMBL253275,O=C(N[C@@H]1CCOC[C@@H]1C(=O)NO)c1ccc(Cn2c(C(F)(F)F)nc3ccccc32)cc1,Ki,10000.0,nM,
ADAM10,CHEMBL5028,CHEMBL484261,CC#CCOc1ccc(S(=O)(=O)N[C@@H](C(=O)NO)[C@H](C)O)cc1,IC50,1090.0,nM,5.96
ADAM10,CHEMBL5028,CHEMBL497769,N#C[C@@]1(Cc2ccc(OCc3cc(-c4ccccc4)nc4ccccc34)cc2)C[C@@H]1C(=O)NO,Ki,10000000.0,nM,
ADAM10,CHEMBL5028,CHEMBL506057,O=C(NO)[C@H]1C[C@]1(Cc1ccc(OCc2cc(-c3ccccc3)nc3ccccc23)cc1)C(=O)N1CCC[C@H]1CO,Ki,10000000.0,nM,
ADAM10,CHEMBL5028,CHEMBL496309,CN(C)C(=O)[C@@]1(Cc2ccc(OCc3cc(-c4ccccc4)nc4ccccc34)c(F)c2)C[C@@H]1C(=O)NO,Ki,10000000.0,nM,
ADAM10,CHEMBL5028,CHEMBL461220,NC(=O)[C@@]1(Cc2ccc(OCc3cc(-c4ccccc4)nc4ccccc34)c(F)c2)C[C@@H]1C(=O)NO,Ki,10000000.0,nM,
ADAM10,CHEMBL5028,CHEMBL269834,Cc1cc(COc2ccc(C[C@]3(C(N)=O)C[C@@H]3C(=O)NO)cc2)c2ccccc2n1,Ki,10000000.0,nM,
ADAM10,CHEMBL5028,CHEMBL495555,CCOC(=O)[C@@]1(Cc2ccc(OCc3cc(-c4ccccc4)nc4ccccc34)cc2)C[C@@H]1C(=O)NO,Ki,10000000.0,nM,
ADAM10,CHEMBL5028,CHEMBL497810,CCOC(=O)[C@@]1(Cc2ccc(OCc3cc(C)nc4ccccc34)cc2)C[C@@H]1C(=O)NO,Ki,10000000.0,nM,
ADAM10,CHEMBL5028,CHEMBL495502,Cc1cc(COc2ccc(C(=O)N[C@@]3(CC(=O)NO)C[C@@H](C)N[C@@H](C)C3)cc2)c2ccccc2n1,Ki,3000.0,nM,
ADAM10,CHEMBL5028,CHEMBL497985,CN1CC2(CC2)C[C@H](C(=O)NO)[C@H]1C(=O)N1CCN(c2ccc(C(F)(F)F)cn2)CC1,IC50,97.0,nM,7.01
ADAM10,CHEMBL5028,CHEMBL434567,COC(=O)N1CC2(CC2)C[C@H](C(=O)NO)[C@H]1C(=O)N1CC=C(c2ccccc2)CC1,IC50,22.0,nM,7.66
ADAM10,CHEMBL5028,CHEMBL491643,Cc1cc(C#N)ccc1N1CCN(S(=O)(=O)CC2(C(=O)NO)CCN(C(=O)O[C@@H]3CCOC3)CC2)CC1,IC50,26.0,nM,7.58
ADAM10,CHEMBL5028,CHEMBL252246,O=C(NO)[C@H]1CC2(CC2)CN[C@@H]1C(=O)N1CCC(c2ccccc2)C1,IC50,323.0,nM,6.49
ADAM10,CHEMBL5028,CHEMBL445717,O=C(CC1CN[C@H](C(=O)N2CCC(c3ccccc3)C2)[C@@H](C(=O)NO)C1)NCCCCCNC(=O)OCc1ccccc1,IC50,302.0,nM,6.52
ADAM10,CHEMBL5028,CHEMBL495797,NCCCCCNC(=O)CC1CN[C@H](C(=O)N2CCC(c3ccccc3)C2)[C@@H](C(=O)NO)C1,IC50,161.0,nM,6.79
ADAM10,CHEMBL5028,CHEMBL495596,O=C(NO)[C@H]1CC(CC(=O)N2CCCC2)CN[C@@H]1C(=O)N1CCN(c2ccccc2)CC1,IC50,19.0,nM,7.72
ADAM10,CHEMBL5028,CHEMBL496018,CN1CC(CC(=O)N2CCCC2)C[C@H](C(=O)NO)[C@H]1C(=O)N1CCN(c2ccccc2)CC1,IC50,167.0,nM,6.78
ADAM10,CHEMBL5028,CHEMBL496211,CN1CC(CC(=O)N2CCCCC2)C[C@H](C(=O)NO)[C@H]1C(=O)N1CCN(c2ccccc2)CC1,IC50,77.0,nM,7.11
ADAM10,CHEMBL5028,CHEMBL496212,O=C(NO)[C@H]1CCCC[C@@H]1C(=O)N1CCN(c2ccccc2)CC1,IC50,1545.0,nM,5.81
ADAM10,CHEMBL5028,CHEMBL521719,O=C(NO)[C@H]1CC2(CC[C@@H]1C(=O)N1CCN(c3ccccc3)CC1)CC2,IC50,196.0,nM,6.71
ADAM10,CHEMBL5028,CHEMBL523076,O=C(NO)[C@H]1CC(CC(=O)N2CCCC2)CC[C@@H]1C(=O)N1CCN(c2ccccc2)CC1,IC50,64.0,nM,7.19
ADAM10,CHEMBL5028,CHEMBL497026,O=C(NO)[C@H]1CC(CC(=O)N2CCCCC2)CC[C@@H]1C(=O)N1CCN(c2ccccc2)CC1,IC50,58.0,nM,7.24
ADAM10,CHEMBL5028,CHEMBL497222,CN1CCN(C(=O)CC2CC[C@H](C(=O)N3CCN(c4ccccc4)CC3)[C@@H](C(=O)NO)C2)CC1,IC50,30.0,nM,7.52
ADAM10,CHEMBL5028,CHEMBL496825,O=C(NO)[C@H]1CC(CC(=O)N2CCOCC2)CC[C@@H]1C(=O)N1CCN(c2ccccc2)CC1,IC50,83.0,nM,7.08
ADAM10,CHEMBL5028,CHEMBL497032,O=C(NO)[C@H]1CC(CC(=O)N2CC[C@@H](O)C2)CC[C@@H]1C(=O)N1CCN(c2ccccc2)CC1,IC50,111.0,nM,6.96
ADAM10,CHEMBL5028,CHEMBL496628,O=C(NO)[C@H]1C[C@@H](CC(=O)N2CCCCC2)CC[C@@H]1C(=O)N1CCN(c2ccccc2)CC1,IC50,15.0,nM,7.82
ADAM10,CHEMBL5028,CHEMBL496629,O=C(NO)[C@H]1C[C@H](CC(=O)N2CCCCC2)CC[C@@H]1C(=O)N1CCN(c2ccccc2)CC1,IC50,165.0,nM,6.78
ADAM10,CHEMBL5028,CHEMBL496829,CC(C)c1cccc(C2CCN(C(=O)[C@H]3CC[C@H](CC(=O)N4CCCCC4)C[C@@H]3C(=O)NO)CC2)c1,IC50,21.0,nM,7.68
ADAM10,CHEMBL5028,CHEMBL497645,CC(C)c1cccc(C2CCN(C(=O)[C@H]3CC[C@@H](CC(=O)N4CCCCC4)C[C@@H]3C(=O)NO)CC2)c1,IC50,915.0,nM,6.04
ADAM10,CHEMBL5028,CHEMBL567893,COC(=O)[C@@H]1CCCN1C(=O)[C@@H](Cc1ccccc1)N(C)C(=O)[C@H](C)NC(=O)[C@@H](NC(=O)C[C@H](O)[C@H](CC(C)C)NC(=O)[C@H](CC(N)=O)NC(=O)[C@H](CC(C)C)NC(=O)[C@H](OC(=O)[C@@H](OC(=O)[C@H](C(C)C)N(C)C)C(C)C)C(C)C)[C@@H](C)O,IC50,10000.0,nM,5.00
ADAM10,CHEMBL5028,CHEMBL567893,COC(=O)[C@@H]1CCCN1C(=O)[C@@H](Cc1ccccc1)N(C)C(=O)[C@H](C)NC(=O)[C@@H](NC(=O)C[C@H](O)[C@H](CC(C)C)NC(=O)[C@H](CC(N)=O)NC(=O)[C@H](CC(C)C)NC(=O)[C@H](OC(=O)[C@@H](OC(=O)[C@H](C(C)C)N(C)C)C(C)C)C(C)C)[C@@H](C)O,IC50,100000.0,nM,
ADAM10,CHEMBL5028,CHEMBL568553,CC[C@H](NC(=O)[C@@H](NC(=O)C[C@H](O)[C@H](CC(C)C)NC(=O)[C@H](CC(N)=O)NC(=O)[C@H](CC(C)C)NC(=O)[C@H](OC(=O)[C@@H](OC(=O)[C@H](C(C)C)N(C)C)C(C)C)C(C)C)[C@@H](C)O)C(=O)N(C)[C@H](Cc1ccccc1)C(=O)N1CCC[C@H]1C(=O)OC,IC50,87200.0,nM,4.06
ADAM10,CHEMBL5028,CHEMBL569445,CC[C@H](C)[C@H](NC(=O)C[C@H](O)[C@H](CC(C)C)NC(=O)[C@H](CCC(N)=O)N(C)C(=O)[C@H](CC(C)C)NC(=O)[C@H](O)[C@@H](C)CC)C(=O)NCC(=O)N(C)[C@H](Cc1ccccc1)C(=O)N1CCC[C@H]1C(=O)OC,IC50,100000.0,nM,
ADAM10,CHEMBL5028,CHEMBL19611,CNC(=O)[C@H](Cc1c[nH]c2ccccc12)NC(=O)[C@@H](CC(=O)NO)CC(C)C,IC50,263.0,nM,6.58
ADAM10,CHEMBL5028,CHEMBL576061,O=C(NO)[C@H]1CC(CC(=O)N2CCCC2)CN[C@@H]1C(=O)N1CC[C@H](c2ccccc2)C1,IC50,14.0,nM,7.85
ADAM10,CHEMBL5028,CHEMBL567939,CC(C)C(=O)N(C)C1CN[C@H](C(=O)N2CC[C@H](c3ccccc3)C2)[C@@H](C(=O)NO)C1,IC50,138.0,nM,6.86
ADAM10,CHEMBL5028,CHEMBL584960,CN(C(=O)c1ccccc1)C1CN[C@H](C(=O)N2CC[C@H](c3ccccc3)C2)[C@@H](C(=O)NO)C1,IC50,84.0,nM,7.08
ADAM10,CHEMBL5028,CHEMBL569166,O=C(NO)[C@H]1CC(CC(=O)N2CCCC2)CN[C@@H]1C(=O)N1CC=C(c2ccccc2)CC1,IC50,17.0,nM,7.77
ADAM10,CHEMBL5028,CHEMBL569388,O=C(NO)[C@H]1CC(OC(=O)N2CCCC2)CN[C@@H]1C(=O)N1CC=C(c2ccccc2)CC1,IC50,9.0,nM,8.05
ADAM10,CHEMBL5028,CHEMBL569853,CC(C)C(=O)N(C)C1CN[C@H](C(=O)N2CC=C(c3ccccc3)CC2)[C@@H](C(=O)NO)C1,IC50,23.0,nM,7.64
ADAM10,CHEMBL5028,CHEMBL570760,CN(C(=O)c1ccccc1)C1CN[C@H](C(=O)N2CC=C(c3ccccc3)CC2)[C@@H](C(=O)NO)C1,IC50,12.0,nM,7.92
ADAM10,CHEMBL5028,CHEMBL572301,CC(C)OC(=O)N(C)C1CN[C@H](C(=O)N2CC=C(c3ccccc3)CC2)[C@@H](C(=O)NO)C1,IC50,11.0,nM,7.96
ADAM10,CHEMBL5028,CHEMBL584120,O=C(NO)[C@H]1C[C@H](OC(=O)N2CCCC2)CN[C@@H]1C(=O)N1CCC(c2ccccc2)CC1,IC50,99.0,nM,7.00
ADAM10,CHEMBL5028,CHEMBL566233,O=C(NO)[C@H]1C[C@H](OC(=O)N2CCCC2)CN[C@@H]1C(=O)N1CCN(c2ccccc2)CC1,IC50,11.0,nM,7.96
ADAM10,CHEMBL5028,CHEMBL568346,O=C(NO)[C@H]1C[C@H](OC(=O)N2CCCC2)CN[C@@H]1C(=O)N1CC=C(c2ccccc2)C1,IC50,60.0,nM,7.22
ADAM10,CHEMBL5028,CHEMBL1204013,Cl.O=C(NO)[C@H]1CC(OC(=O)N2CCCC2)CN[C@@H]1C(=O)N1CC[C@H](c2ccccc2)C1,IC50,83.0,nM,7.08
ADAM10,CHEMBL5028,CHEMBL586042,O=C(NO)[C@H]1CC(OC(=O)N2CCCC2)CN[C@@H]1C(=O)N1Cc2ccccc2C1,IC50,186.0,nM,6.73
ADAM10,CHEMBL5028,CHEMBL585299,CN1C[C@@H](OC(=O)N2CCCC2)C[C@H](C(=O)NO)[C@H]1C(=O)N1CCN(c2ccccc2)CC1,IC50,18.0,nM,7.75
ADAM10,CHEMBL5028,CHEMBL585886,COC(=O)N1C[C@@H](OC(=O)N2CCCC2)C[C@H](C(=O)NO)[C@H]1C(=O)N1CCN(c2ccccc2)CC1,IC50,20.0,nM,7.70
ADAM10,CHEMBL5028,CHEMBL567940,CN(C)C(=O)O[C@H]1C[C@H](C(=O)NO)[C@@H](C(=O)N2CCN(c3ccccc3)CC2)N(C)C1,IC50,58.0,nM,7.24
ADAM10,CHEMBL5028,CHEMBL584334,CN1C[C@@H](OC(=O)N2CCC2)C[C@H](C(=O)NO)[C@H]1C(=O)N1CCN(c2ccccc2)CC1,IC50,20.0,nM,7.70
ADAM10,CHEMBL5028,CHEMBL572091,CN1C[C@@H](OC(=O)N2CC=CC2)C[C@H](C(=O)NO)[C@H]1C(=O)N1CCN(c2ccccc2)CC1,IC50,30.0,nM,7.52
ADAM10,CHEMBL5028,CHEMBL569389,CN1C[C@@H](OC(=O)N2CCC(F)(F)C2)C[C@H](C(=O)NO)[C@H]1C(=O)N1CCN(c2ccccc2)CC1,IC50,125.0,nM,6.90
ADAM10,CHEMBL5028,CHEMBL584116,CN1C[C@@H](OC(=O)N2CCCCC2)C[C@H](C(=O)NO)[C@H]1C(=O)N1CCN(c2ccccc2)CC1,IC50,9.6,nM,8.02
ADAM10,CHEMBL5028,CHEMBL572302,CN1C[C@@H](OC(=O)N2CCCCCC2)C[C@H](C(=O)NO)[C@H]1C(=O)N1CCN(c2ccccc2)CC1,IC50,35.0,nM,7.46
ADAM10,CHEMBL5028,CHEMBL572045,CN1C[C@@H](OC(=O)N2CCCCCCC2)C[C@H](C(=O)NO)[C@H]1C(=O)N1CCN(c2ccccc2)CC1,IC50,26.0,nM,7.58
ADAM10,CHEMBL5028,CHEMBL585304,O=C(NO)[C@H]1C[C@@H](OC(=O)N2CCCC2)CN[C@@H]1C(=O)N1CC=C(c2ccccc2)CC1,IC50,78.0,nM,7.11
ADAM10,CHEMBL5028,CHEMBL568356,NCCCCNC(=O)CC1CN[C@H](C(=O)N2CCC(c3ccccc3)C2)[C@@H](C(=O)NO)C1,IC50,161.0,nM,6.79
ADAM10,CHEMBL5028,CHEMBL605764,O=C(NCCc1cccs1)[C@H](O)[C@@H](O)C(=O)N1CCN(c2ccccc2Cl)CC1,Ki,400.0,nM,6.40
ADAM10,CHEMBL5028,CHEMBL590343,O=C(NCCc1cccs1)[C@H](O)[C@@H](O)C(=O)N1CCCC1c1cccc(Cl)c1,Ki,29.0,nM,7.54
ADAM10,CHEMBL5028,CHEMBL591774,O=C(NCc1cc2ccccc2o1)[C@H](O)[C@@H](O)C(=O)N1CCCC1c1ccccc1,Ki,734.0,nM,6.13
ADAM10,CHEMBL5028,CHEMBL602949,O=C(NCCc1cc(Cc2ccccc2)cs1)[C@H](O)[C@@H](O)C(=O)N1CCCC1c1ccccc1,Ki,25000.0,nM,
ADAM10,CHEMBL5028,CHEMBL1077203,O=C1NC(=O)[C@](CN2Cc3ccc(Cl)cc3C2=O)(c2ccc(F)cc2)N1,Ki,245.0,nM,6.61
ADAM10,CHEMBL5028,CHEMBL514138,COc1ccc(S(=O)(=O)N(Cc2cccnc2)[C@@H](C(=O)NO)C(C)C)cc1.Cl,IC50,890.0,nM,6.05
ADAM10,CHEMBL5028,CHEMBL1090647,CC(=O)NCC[C@@H](NS(=O)(=O)c1ccc(-c2ccccc2)cc1)C(=O)NO,IC50,,,
ADAM10,CHEMBL5028,CHEMBL1093689,O=C(NO)[C@@H](CCN1C(=O)c2ccccc2C1=O)NS(=O)(=O)c1ccc(-c2ccccc2C(F)(F)F)cc1,IC50,,,
ADAM10,CHEMBL5028,CHEMBL1093690,CC(=O)NCC[C@@H](NS(=O)(=O)c1ccc(Br)cc1)C(=O)NO,IC50,2300.0,nM,5.64
ADAM10,CHEMBL5028,CHEMBL1092104,O=C(NO)[C@@H](CCN1C(=O)c2ccccc2C1=O)NS(=O)(=O)c1ccc(Br)cc1,IC50,,,
ADAM10,CHEMBL5028,CHEMBL1089842,CC#CCOc1ccc(S(=O)(=O)N[C@H](CCNC(=O)OCc2ccccc2)C(=O)NO)cc1,IC50,240.0,nM,6.62
ADAM10,CHEMBL5028,CHEMBL1089843,CC#CCOc1ccc(S(=O)(=O)N[C@H](CCN2C(=O)c3ccccc3C2=O)C(=O)NO)cc1,IC50,190.0,nM,6.72
ADAM10,CHEMBL5028,CHEMBL1088878,CC#CCOc1ccc(S(=O)(=O)N(CC(C)C)[C@H](CCN2C(=O)c3ccccc3C2=O)C(=O)NO)cc1,IC50,2000.0,nM,5.70
ADAM10,CHEMBL5028,CHEMBL1287851,COc1ccc2c(c1)C(=O)N(C[C@@]1(C#Cc3cccnc3)NC(=O)NC1=O)C2,IC50,22.0,nM,7.66
ADAM10,CHEMBL5028,CHEMBL1770629,C[C@@H](NC(=O)[C@H](O)[C@@H](O)C(=O)N1CCC[C@@H]1c1cccc(Cl)c1)c1ccc(-n2cccn2)cc1,Ki,166.0,nM,6.78
ADAM10,CHEMBL5028,CHEMBL1770649,C[C@@H](NC(=O)[C@H](O)[C@@H](O)C(=O)N1CCC[C@@H]1c1csc(NC2CC2)n1)c1ccc(-n2cccn2)cc1,Ki,1350.0,nM,5.87
ADAM10,CHEMBL5028,CHEMBL1770826,CNc1nc([C@H]2c3ccccc3CN2C(=O)[C@H](O)[C@@H](O)C(=O)N[C@H](C)c2ccc(-n3cccn3)cc2)cs1,Ki,120.0,nM,6.92
ADAM10,CHEMBL5028,CHEMBL1779630,O=C(NCc1ccc(-n2cccn2)cc1)[C@H](O)[C@@H](O)C(=O)N1CCCC1c1cccc(Cl)c1,Ki,602.0,nM,6.22
ADAM10,CHEMBL5028,CHEMBL2431028,NC(=O)NCCC[C@@H](NS(=O)(=O)c1ccc(OCc2cc(Br)cc(Br)c2)cc1)C(=O)NO,IC50,150.0,nM,6.82
ADAM10,CHEMBL5028,CHEMBL2431027,O=C(NCCC[C@@H](NS(=O)(=O)c1ccc(OCc2cc(Br)cc(Br)c2)cc1)C(=O)NO)OCc1ccccc1,IC50,300.0,nM,6.52
ADAM10,CHEMBL5028,CHEMBL2431026,O=C(NCC[C@@H](NS(=O)(=O)c1ccc(OCc2cc(Br)cc(Br)c2)cc1)C(=O)NO)OCc1ccccc1,IC50,8200.0,nM,5.09
ADAM10,CHEMBL5028,CHEMBL2431021,O=C(CNS(=O)(=O)c1ccc(OCc2cc(Br)cc(Br)c2)cc1)NO,IC50,39000.0,nM,4.41
ADAM10,CHEMBL5028,CHEMBL3221863,COCc1cc(COc2ccc([C@]3(N)CCN([C@H](CC(C)C)C(=O)NO)C3=O)cc2)c2ccccc2n1,IC50,1211.0,nM,5.92
ADAM10,CHEMBL5028,CHEMBL3221864,COCCc1cc(COc2ccc([C@]3(N)CCN([C@H](CC(C)C)C(=O)NO)C3=O)cc2)c2ccccc2n1,IC50,1199.0,nM,5.92
ADAM10,CHEMBL5028,CHEMBL489100,Cc1cc(COc2ccc([C@]3(N)CCN([C@H](CC(C)C)C(=O)NO)C3=O)cc2)c2ccccc2n1,IC50,480.0,nM,6.32
ADAM10,CHEMBL5028,CHEMBL3593552,O=C1NC[C@@H](Cc2ccccc2)N(C[C@@H]2CCCN2C[C@@H](CC2CCCCC2)N2C[C@H](Cc3ccccc3)N(CCc3ccccc3)C(=O)C2=O)C1=O,IC50,100000.0,nM,
ADAM10,CHEMBL5028,CHEMBL3235912,O=C1NC[C@H](Cc2ccccc2)N(C[C@@H]2CCCN2C[C@H](Cc2ccccc2)N2C[C@H](Cc3ccc(O)cc3)N(CCC34CC5CC(CC(C5)C3)C4)C(=O)C2=O)C1=O,IC50,100000.0,nM,
ADAM10,CHEMBL5028,CHEMBL3593551,CCC[C@H]1CNC(=O)C(=O)N1C[C@@H]1CCCN1C[C@@H](CC1CCCCC1)N1C[C@H](Cc2ccccc2)N(CCc2ccccc2)C(=O)C1=O,IC50,100000.0,nM,
ADAM10,CHEMBL5028,CHEMBL3235911,O=C1NC[C@H](Cc2ccccc2)N(C[C@@H]2CCCN2C[C@@H](CC2CCCCC2)N2C[C@H](Cc3ccc(O)cc3)N(CCc3ccccc3)C(=O)C2=O)C1=O,IC50,100000.0,nM,
ADAM10,CHEMBL5028,CHEMBL3593550,O=C1NC[C@@H](Cc2ccc(O)cc2)N(C[C@@H]2CCCN2C[C@@H](Cc2ccc3ccccc3c2)N2C[C@H](Cc3ccc(O)cc3)N(CCC34CC5CC(CC(C5)C3)C4)C(=O)C2=O)C1=O,IC50,100000.0,nM,
ADAM10,CHEMBL5028,CHEMBL3593549,CCCC[C@H]1CN([C@@H](Cc2ccc(O)cc2)CN2CCC[C@H]2CN2C(=O)C(=O)NC[C@H]2Cc2ccc3ccccc3c2)C(=O)C(=O)N1CCC12CC3CC(CC(C3)C1)C2,IC50,100000.0,nM,
ADAM10,CHEMBL5028,CHEMBL3593548,O=C1NC[C@@H](Cc2ccc3ccccc3c2)N(C[C@@H]2CCCN2C[C@H](Cc2ccc(O)cc2)N2C[C@@H](Cc3ccc4ccccc4c3)N(CCC34CC5CC(CC(C5)C3)C4)C(=O)C2=O)C1=O,IC50,100000.0,nM,
ADAM10,CHEMBL5028,CHEMBL3593547,O=C1NC[C@@H](Cc2ccc3ccccc3c2)N(C[C@@H]2CCCN2C[C@H](Cc2ccc(O)cc2)N2C[C@H](Cc3ccc4ccccc4c3)N(CCC34CC5CC(CC(C5)C3)C4)C(=O)C2=O)C1=O,IC50,100000.0,nM,
ADAM10,CHEMBL5028,CHEMBL3593546,O=C1NC[C@@H](Cc2ccc3ccccc3c2)N(C[C@@H]2CCCN2C[C@H](Cc2ccc(O)cc2)N2C[C@@H](Cc3ccc(O)cc3)N(CCC34CC5CC(CC(C5)C3)C4)C(=O)C2=O)C1=O,IC50,100000.0,nM,
ADAM10,CHEMBL5028,CHEMBL3593545,O=C1NC[C@@H](Cc2ccc3ccccc3c2)N(C[C@@H]2CCCN2C[C@H](Cc2ccc(O)cc2)N2C[C@H](Cc3ccc(O)cc3)N(CCC34CC5CC(CC(C5)C3)C4)C(=O)C2=O)C1=O,IC50,100000.0,nM,
ADAM10,CHEMBL5028,CHEMBL3593544,CCCC[C@H]1CN([C@@H](Cc2ccc(O)cc2)CN2CCC[C@H]2CN2C(=O)C(=O)NC[C@@H]2CCC)C(=O)C(=O)N1CCC12CC3CC(CC(C3)C1)C2,IC50,100000.0,nM,
ADAM10,CHEMBL5028,CHEMBL3593543,CCC[C@H]1CNC(=O)C(=O)N1C[C@@H]1CCCN1C[C@H](Cc1ccc(O)cc1)N1C[C@@H](Cc2ccc3ccccc3c2)N(CCC23CC4CC(CC(C4)C2)C3)C(=O)C1=O,IC50,100000.0,nM,
ADAM10,CHEMBL5028,CHEMBL3593542,CCC[C@H]1CNC(=O)C(=O)N1C[C@@H]1CCCN1C[C@H](Cc1ccc(O)cc1)N1C[C@H](Cc2ccc3ccccc3c2)N(CCC23CC4CC(CC(C4)C2)C3)C(=O)C1=O,IC50,100000.0,nM,
ADAM10,CHEMBL5028,CHEMBL3593541,CCC[C@H]1CNC(=O)C(=O)N1C[C@@H]1CCCN1C[C@H](Cc1ccc(O)cc1)N1C[C@@H](Cc2ccc(O)cc2)N(CCC23CC4CC(CC(C4)C2)C3)C(=O)C1=O,IC50,100000.0,nM,
ADAM10,CHEMBL5028,CHEMBL3593362,CCC[C@H]1CNC(=O)C(=O)N1C[C@@H]1CCCN1C[C@H](Cc1ccc(O)cc1)N1C[C@H](Cc2ccc(O)cc2)N(CC2CCCC2)C(=O)C1=O,IC50,100000.0,nM,
ADAM10,CHEMBL5028,CHEMBL3593361,CCC[C@H]1CNC(=O)C(=O)N1C[C@@H]1CCCN1C[C@H](Cc1ccc(O)cc1)N1C[C@H](Cc2ccc(O)cc2)N(CCC23CC4CC(CC(C4)C2)C3)C(=O)C1=O,IC50,100000.0,nM,
ADAM10,CHEMBL5028,CHEMBL3593360,CCC[C@H]1CNC(=O)C(=O)N1C[C@@H]1CCCN1C[C@H](Cc1ccc(O)cc1)N1C[C@H](Cc2ccc(O)cc2)N(CC(CC)c2ccccc2)C(=O)C1=O,IC50,100000.0,nM,
ADAM10,CHEMBL5028,CHEMBL3593359,CCC[C@H]1CNC(=O)C(=O)N1C[C@@H]1CCCN1C[C@H](Cc1ccc(O)cc1)N1C[C@H](Cc2ccc(O)cc2)N(CC2CCC2)C(=O)C1=O,IC50,100000.0,nM,
ADAM10,CHEMBL5028,CHEMBL3593358,CCC[C@H]1CNC(=O)C(=O)N1C[C@@H]1CCCN1C[C@H](Cc1ccc(O)cc1)N1C[C@H](Cc2ccc(O)cc2)N(CC2CCCCC2)C(=O)C1=O,IC50,100000.0,nM,
ADAM10,CHEMBL5028,CHEMBL3593357,CCC[C@H]1CNC(=O)C(=O)N1C[C@@H]1CCCN1C[C@H](Cc1ccc(O)cc1)N1C[C@H](Cc2ccc(O)cc2)N(CC23CC4CC(CC(C4)C2)C3)C(=O)C1=O,IC50,100000.0,nM,
ADAM10,CHEMBL5028,CHEMBL3593356,CCC[C@H]1CNC(=O)C(=O)N1C[C@@H]1CCCN1C[C@H](Cc1ccc(O)cc1)N1C[C@H](Cc2ccc(O)cc2)N(CC2CCC(C(C)(C)C)CC2)C(=O)C1=O,IC50,100000.0,nM,
ADAM10,CHEMBL5028,CHEMBL3704910,Cc1cc(COc2ccc(C(=O)NC[C@@H](C(=O)NO)N3CCN(S(C)(=O)=O)CC3)cc2)c2ccccc2n1,IC50,5795.0,nM,5.24
ADAM10,CHEMBL5028,CHEMBL3392650,CC1(C)SCCN(S(=O)(=O)c2ccc(OCC#CCO)cc2)C1C(=O)NO,IC50,71.0,nM,7.15
ADAM10,CHEMBL5028,CHEMBL3704903,CC#CCOc1ccc(C(=O)NC[C@@H](C(=O)NO)N2CCN(S(C)(=O)=O)CC2)cc1,IC50,942.0,nM,6.03
ADAM10,CHEMBL5028,CHEMBL3704919,O=C(NCC(C(=O)NO)N1CCN(Cc2ccccc2)CC1)c1ccc(OCc2c(C(F)(F)F)nn3ccccc23)cc1,IC50,10000.0,nM,
ADAM10,CHEMBL5028,CHEMBL1229516,CNC(=O)[C@@H](NC(=O)[C@H](CCCc1ccccc1)[C@H](C)N(O)C=O)C(C)(C)C,IC50,10000.0,nM,5.00
ADAM10,CHEMBL5028,CHEMBL3770935,Cc1cc(C#N)ccc1N1CCN(S(=O)(=O)N2CSC[C@@H]2C(=O)NO)CC1,IC50,10000.0,nM,5.00
ADAM10,CHEMBL5028,CHEMBL3770688,Cc1cc(C#N)ccc1N1CCN(S(=O)(=O)N[C@H](CCCNC(=O)OCc2ccccc2)C(=O)NO)CC1,IC50,10000.0,nM,5.00
ADAM10,CHEMBL5028,CHEMBL2431027,O=C(NCCC[C@@H](NS(=O)(=O)c1ccc(OCc2cc(Br)cc(Br)c2)cc1)C(=O)NO)OCc1ccccc1,IC50,500.0,nM,6.30
ADAM10,CHEMBL5028,CHEMBL1229516,CNC(=O)[C@@H](NC(=O)[C@H](CCCc1ccccc1)[C@H](C)N(O)C=O)C(C)(C)C,IC50,12000.0,nM,4.92
ADAM10,CHEMBL5028,CHEMBL3770935,Cc1cc(C#N)ccc1N1CCN(S(=O)(=O)N2CSC[C@@H]2C(=O)NO)CC1,IC50,5000.0,nM,5.30
ADAM10,CHEMBL5028,CHEMBL3770688,Cc1cc(C#N)ccc1N1CCN(S(=O)(=O)N[C@H](CCCNC(=O)OCc2ccccc2)C(=O)NO)CC1,IC50,7000.0,nM,5.16
ADAM10,CHEMBL5028,CHEMBL2431027,O=C(NCCC[C@@H](NS(=O)(=O)c1ccc(OCc2cc(Br)cc(Br)c2)cc1)C(=O)NO)OCc1ccccc1,IC50,15000.0,nM,4.82
ADAM10,CHEMBL5028,CHEMBL3770935,Cc1cc(C#N)ccc1N1CCN(S(=O)(=O)N2CSC[C@@H]2C(=O)NO)CC1,IC50,7000.0,nM,5.16
ADAM10,CHEMBL5028,CHEMBL1229516,CNC(=O)[C@@H](NC(=O)[C@H](CCCc1ccccc1)[C@H](C)N(O)C=O)C(C)(C)C,IC50,27.0,nM,7.57
ADAM10,CHEMBL5028,CHEMBL3770935,Cc1cc(C#N)ccc1N1CCN(S(=O)(=O)N2CSC[C@@H]2C(=O)NO)CC1,IC50,40.0,nM,7.40
ADAM10,CHEMBL5028,CHEMBL3770688,Cc1cc(C#N)ccc1N1CCN(S(=O)(=O)N[C@H](CCCNC(=O)OCc2ccccc2)C(=O)NO)CC1,IC50,9.2,nM,8.04
ADAM10,CHEMBL5028,CHEMBL2431027,O=C(NCCC[C@@H](NS(=O)(=O)c1ccc(OCc2cc(Br)cc(Br)c2)cc1)C(=O)NO)OCc1ccccc1,IC50,10000.0,nM,5.00
ADAM10,CHEMBL5028,CHEMBL1229516,CNC(=O)[C@@H](NC(=O)[C@H](CCCc1ccccc1)[C@H](C)N(O)C=O)C(C)(C)C,IC50,15000.0,nM,4.82
ADAM10,CHEMBL5028,CHEMBL3770688,Cc1cc(C#N)ccc1N1CCN(S(=O)(=O)N[C@H](CCCNC(=O)OCc2ccccc2)C(=O)NO)CC1,IC50,12000.0,nM,4.92
ADAM10,CHEMBL5028,CHEMBL1229516,CNC(=O)[C@@H](NC(=O)[C@H](CCCc1ccccc1)[C@H](C)N(O)C=O)C(C)(C)C,IC50,5000.0,nM,5.30
ADAM10,CHEMBL5028,CHEMBL2431027,O=C(NCCC[C@@H](NS(=O)(=O)c1ccc(OCc2cc(Br)cc(Br)c2)cc1)C(=O)NO)OCc1ccccc1,IC50,12000.0,nM,4.92
ADAM10,CHEMBL5028,CHEMBL2431027,O=C(NCCC[C@@H](NS(=O)(=O)c1ccc(OCc2cc(Br)cc(Br)c2)cc1)C(=O)NO)OCc1ccccc1,IC50,1000.0,nM,6.00
ADAM10,CHEMBL5028,CHEMBL1229516,CNC(=O)[C@@H](NC(=O)[C@H](CCCc1ccccc1)[C@H](C)N(O)C=O)C(C)(C)C,IC50,7000.0,nM,5.16
ADAM10,CHEMBL5028,CHEMBL3643914,Cc1cc(COc2ccc(S(=O)(=O)NC[C@@H](C(=O)NO)N3CCCCC3)cc2)c2ccccc2n1,IC50,10000.0,nM,
ADAM10,CHEMBL5028,CHEMBL3643916,Cc1cc(COc2ccc(S(=O)(=O)NC[C@@H](C(=O)NO)N3CCOCC3)cc2)c2ccccc2n1,IC50,10000.0,nM,
ADAM10,CHEMBL5028,CHEMBL3897740,Cc1cc(COc2ccc(C(=O)NC[C@@H](C(=O)NO)N3CCCCC3)cc2)c2ccccc2n1,IC50,6405.0,nM,5.19
ADAM10,CHEMBL5028,CHEMBL3941484,O=C(NC[C@@H](C(=O)NO)N1CCCCC1)c1ccc(OCc2ccnc(-c3ccccc3)c2)cc1,IC50,10000.0,nM,
ADAM10,CHEMBL5028,CHEMBL3935135,O=C(NC[C@@H](C(=O)NO)N1CCCCC1)c1ccc(OCc2ccncc2)cc1,IC50,3091.0,nM,5.51
ADAM10,CHEMBL5028,CHEMBL3966632,CCN(CC)[C@@H](CNC(=O)c1ccc(OCc2cc(C)nc3ccccc23)cc1)C(=O)NO,IC50,10000.0,nM,
ADAM10,CHEMBL5028,CHEMBL206815,CC1(C)SCCN(S(=O)(=O)c2ccc(OCC#CCO)cc2)[C@H]1C(=O)NO,IC50,71.0,nM,7.15
ADAM10,CHEMBL5028,CHEMBL3648893,Cc1cc(COc2ccc(S(=O)(=O)NC[C@@H](C(=O)NO)N3CCN(S(C)(=O)=O)CC3)cc2)c2ccccc2n1,IC50,10000.0,nM,
ADAM10,CHEMBL5028,CHEMBL3648902,Cc1cc(COc2ccc(S(=O)(=O)NC[C@@H](C(=O)NO)N3CCN(Cc4ccc(F)cc4)CC3)cc2)c2ccccc2n1,IC50,10000.0,nM,
ADAM10,CHEMBL5028,CHEMBL3648903,CCN1CCN([C@@H](CNS(=O)(=O)c2ccc(OCc3cc(C)nc4ccccc34)cc2)C(=O)NO)CC1,IC50,10000.0,nM,
ADAM10,CHEMBL5028,CHEMBL3959985,Cc1cc(COc2ccc(S(=O)(=O)NC[C@@H](C(=O)NO)N3CCN(Cc4ccc(C(F)(F)F)cc4)CC3)cc2)c2ccccc2n1,IC50,10000.0,nM,
ADAM10,CHEMBL5028,CHEMBL3648904,Cc1ccc(CN2CCN([C@@H](CNS(=O)(=O)c3ccc(OCc4cc(C)nc5ccccc45)cc3)C(=O)NO)CC2)cc1,IC50,10000.0,nM,
ADAM10,CHEMBL5028,CHEMBL3648905,Cc1cc(COc2ccc(S(=O)(=O)NC[C@@H](C(=O)NO)N3CCN(C(=O)C(C)C)CC3)cc2)c2ccccc2n1,IC50,10000.0,nM,
ADAM10,CHEMBL5028,CHEMBL3648906,Cc1cc(COc2ccc(S(=O)(=O)NC[C@@H](C(=O)NO)N3CCN(S(=O)(=O)CC(C)C)CC3)cc2)c2ccccc2n1,IC50,10000.0,nM,
ADAM10,CHEMBL5028,CHEMBL3648907,Cc1cc(COc2ccc(S(=O)(=O)NC[C@@H](C(=O)NO)N3CCN(S(=O)(=O)C(C)C)CC3)cc2)c2ccccc2n1,IC50,10000.0,nM,
ADAM10,CHEMBL5028,CHEMBL4102106,Cc1cc(COc2ccc(S(=O)(=O)N3CCN(C(=O)C(C)(C)C)C(C(=O)NO)C3)cc2)c2c(n1)CCCC2,IC50,10000.0,nM,
ADAM10,CHEMBL5028,CHEMBL4078433,COc1ccc(S(=O)(=O)N(CC(=O)NO)Cc2cccc(C(=O)O)c2)cc1,IC50,11700.0,nM,4.93
ADAM10,CHEMBL5028,CHEMBL4092752,COc1ccc2c(c1)C(=O)N(C[C@@]1(c3cc4cnccc4o3)NC(=O)NC1=O)C2,IC50,144.0,nM,6.84
ADAM10,CHEMBL5028,CHEMBL4167357,O=C(NO)[C@H]1C[C@H](OC(=O)N2CCCC2)CC[C@@H]1C(=O)N1CCC(c2ccccc2)CC1,Ki,73.0,nM,7.14
ADAM10,CHEMBL5028,CHEMBL4215407,Cc1cc(COc2ccc(S(=O)(=O)N(C)C3(C(=O)NO)CN(C(=O)C(C)C)C3)cc2)c2ccccc2n1,IC50,950.0,nM,6.02
ADAM10,CHEMBL5028,CHEMBL4208519,Cc1cc(COc2ccc(S(=O)(=O)N(C)C3(C(=O)NO)CN(C(=O)CC(C)C)C3)cc2)c2ccccc2n1,IC50,1300.0,nM,5.89
ADAM10,CHEMBL5028,CHEMBL4435465,CNC(=O)[C@@H](NC(=O)[C@H](CCCc1ccccc1)[C@H](C)N(O)C(C)=O)C(C)(C)C,IC50,5.3,nM,8.28
ADAM10,CHEMBL5028,CHEMBL4854306,Cc1ccc(Cl)cc1N1CCN(C(=O)CCC2(C3CC3)NC(=O)NC2=O)CC1,IC50,30000.0,nM,
ADAM10,CHEMBL5028,CHEMBL4873384,O=C1NC(=O)[C@@H](CCC(=O)N2CCN(c3cc(Cl)cc(Cl)c3)CC2)N1,IC50,18000.0,nM,4.75
ADAM10,CHEMBL5028,CHEMBL5206579,CNC(=O)[C@@H](NC(=O)C(CCCc1ccccc1)[C@H](C)N(O)C=O)C(C)(C)C,IC50,5.3,nM,8.28
ADAM10,CHEMBL5028,CHEMBL5267938,O=C(CCCNC(=O)c1cccc(C(=O)NCCCC(=O)NCCC[C@@H](NS(=O)(=O)c2ccc(OCc3cc(Br)cc(Br)c3)cc2)C(=O)NO)c1)NCCC[C@@H](NS(=O)(=O)c1ccc(OCc2cc(Br)cc(Br)c2)cc1)C(=O)NO,IC50,30600.0,nM,4.51
ADAM10,CHEMBL5028,CHEMBL5283335,O=C(NCCC[C@@H](NS(=O)(=O)c1ccc(OCc2cc(Br)cc(Br)c2)cc1)C(=O)NO)c1cccc(C(=O)NCCC[C@@H](NS(=O)(=O)c2ccc(OCc3cc(Br)cc(Br)c3)cc2)C(=O)NO)c1,IC50,10000.0,nM,5.00
ADAM10,CHEMBL5028,CHEMBL5276957,O=C(NCCC[C@@H](NS(=O)(=O)c1ccc(OCc2cc(Br)cc(Br)c2)cc1)C(=O)NO)NCCC[C@@H](NS(=O)(=O)c1ccc(OCc2cc(Br)cc(Br)c2)cc1)C(=O)NO,IC50,27400.0,nM,4.56
ADAM10,CHEMBL5028,CHEMBL5575976,Cn1nccc1[C@]1(CNC(=O)c2ccc(F)c(F)c2-c2ccc(C(F)(F)F)cc2)NC(=O)NC1=O,IC50,32802.0,nM,4.48
ACHE,CHEMBL220,CHEMBL133897,CCOc1nn(-c2cccc(OCc3ccccc3)c2)c(=O)o1,IC50,750.0,nM,6.12
ACHE,CHEMBL220,CHEMBL336398,O=C(N1CCCCC1)n1nc(-c2ccc(Cl)cc2)nc1SCC1CC1,IC50,100.0,nM,7.00
ACHE,CHEMBL220,CHEMBL131588,CN(C(=O)n1nc(-c2ccc(Cl)cc2)nc1SCC(F)(F)F)c1ccccc1,IC50,50000.0,nM,
ACHE,CHEMBL220,CHEMBL130628,O=C(N1CCCCC1)n1nc(-c2ccc(Cl)cc2)nc1SCC(F)(F)F,IC50,300.0,nM,6.52
ACHE,CHEMBL220,CHEMBL130478,CSc1nc(-c2ccc(OC(F)(F)F)cc2)nn1C(=O)N(C)C,IC50,800.0,nM,6.10
ACHE,CHEMBL220,CHEMBL130112,CSc1nc(-c2ccc(C)cc2)nn1C(=O)N(C)c1ccccc1,IC50,2400.0,nM,5.62
ACHE,CHEMBL220,CHEMBL130098,CSc1nc(-c2ccc(Cl)cc2)nn1C(=O)N(C)C,IC50,100.0,nM,7.00
ACHE,CHEMBL220,CHEMBL337486,CCCCCCSc1nc(-c2ccc(Cl)cc2)nn1C(=O)N1CCOCC1,IC50,50000.0,nM,
ACHE,CHEMBL220,CHEMBL336538,COc1ccc(-c2nc(SC)n(C(=O)N(C)C)n2)cc1,IC50,800.0,nM,6.10
ACHE,CHEMBL220,CHEMBL131051,CSc1nc(-c2ccc(OC(F)(F)F)cc2)nn1C(=O)N(C)c1ccccc1,IC50,50000.0,nM,
ACHE,CHEMBL220,CHEMBL341437,CCSc1nc(-c2ccc(OC)cc2)nn1C(=O)N1CCOCC1,IC50,50000.0,nM,
ACHE,CHEMBL220,CHEMBL335033,CSc1nc(-c2ccc3ccccc3c2)nn1C(=O)N(C)C,IC50,50.0,nM,7.30
ACHE,CHEMBL220,CHEMBL122983,C[C@H]1C(=O)N(C(=O)NCc2ccccc2)[C@@H]1Oc1ccc(C(=O)C(C)(C)C)cc1,IC50,100000.0,nM,
ACHE,CHEMBL220,CHEMBL338720,CSc1nc(-c2ccc(-c3ccccc3)cc2)nn1C(=O)N(C)C,IC50,560.0,nM,6.25
ACHE,CHEMBL220,CHEMBL339995,CSc1nc(/C=C/c2ccccc2)nn1C(=O)N(C)C,IC50,10.0,nM,
ACHE,CHEMBL220,CHEMBL335158,CCCCCCSc1nc(-c2ccc(Cl)cc2)nn1C(=O)N1CCCCC1,IC50,10.0,nM,
ACHE,CHEMBL220,CHEMBL131536,CSc1nc(-c2ccc(Cl)cc2)nn1C(=O)N(C)c1ccccc1,IC50,1400.0,nM,5.85
ACHE,CHEMBL220,CHEMBL106126,Cc1c(C(C)C)c(=O)on1C(=O)N1CCC[C@H](C)C1,IC50,17000.0,nM,4.77
ACHE,CHEMBL220,CHEMBL334971,CCSc1nc(-c2ccc(OC)cc2)nn1C(=O)N(C)c1ccccc1,IC50,1100.0,nM,5.96
ACHE,CHEMBL220,CHEMBL336625,CCCCCCSc1nc(-c2ccc(C)cc2)nn1C(=O)N(C)c1ccccc1,IC50,50000.0,nM,
ACHE,CHEMBL220,CHEMBL130666,CSc1nc(-c2ccc(Cl)cc2)nn1C(=O)N1CCCCC1,IC50,26.0,nM,7.58
ACHE,CHEMBL220,CHEMBL134061,O=C(N1CCOCC1)n1nc(-c2ccc(Cl)cc2)nc1SCC(F)(F)F,IC50,50000.0,nM,
ACHE,CHEMBL220,CHEMBL133388,CSc1nc(-c2ccc(C)cc2)nn1C(=O)N(C)C,IC50,800.0,nM,6.10
ACHE,CHEMBL220,CHEMBL130645,CSc1nc(-c2ccc(Cl)cc2)nn1C(=O)N1CCOCC1,IC50,50000.0,nM,
ACHE,CHEMBL220,CHEMBL335112,CN(C(=O)n1nc(-c2ccc(Cl)cc2)nc1SCC1CC1)c1ccccc1,IC50,,nM,
ACHE,CHEMBL220,CHEMBL133580,CCCCCCSc1nc(-c2ccc(Cl)cc2)nn1C(=O)N(C)c1ccccc1,IC50,50000.0,nM,
ACHE,CHEMBL220,CHEMBL336524,CCSc1nc(-c2ccc(Cl)cc2)nn1C(=O)N(C)C,IC50,56.0,nM,7.25
ACHE,CHEMBL220,CHEMBL336276,CCCCCCSc1nc(-c2ccc(C)cc2)nn1C(=O)N(C)C,IC50,200.0,nM,6.70
ACHE,CHEMBL220,CHEMBL334395,CCCSc1nc(-c2ccc(Cl)cc2)nn1C(=O)N(C)C,IC50,300.0,nM,6.52
ACHE,CHEMBL220,CHEMBL131320,Cc1ccc(-c2nc(SCC(F)(F)F)n(C(=O)N(C)C)n2)cc1,IC50,200.0,nM,6.70
ACHE,CHEMBL220,CHEMBL339297,COc1nn(-c2ccc(NC(=O)c3ccc(C(C)(C)C)cc3)cc2)c(=O)o1,IC50,50000.0,nM,
ACHE,CHEMBL220,CHEMBL337714,CSc1nc(-c2ccc(C(F)(F)F)cc2)nn1C(=O)N(C)C,IC50,500.0,nM,6.30
ACHE,CHEMBL220,CHEMBL122575,C[C@H]1C(=O)N(C(=O)NCc2ccccc2)[C@@H]1Oc1ccc(C(=O)O)cc1,IC50,100000.0,nM,
ACHE,CHEMBL220,CHEMBL130704,CSc1nc(-c2ccc(C)cc2)nn1C(=O)N1CCOCC1,IC50,50000.0,nM,
ACHE,CHEMBL220,CHEMBL46151,CCN(CC)CCS/C(=N\O)C(=O)c1ccc(OC)cc1,IC50,260000.0,nM,
ACHE,CHEMBL220,CHEMBL296010,CCN(CC)CCS/C(=N\O)C(=O)c1ccc(F)cc1,IC50,,nM,
ACHE,CHEMBL220,CHEMBL54126,CN(C)C(=O)Oc1cccc([N+](C)(C)C)c1.[Br-],IC50,22.0,nM,7.66
ACHE,CHEMBL220,CHEMBL295017,CCCS/C(=N\O)C(=O)c1ccc(Br)cc1,IC50,,nM,
ACHE,CHEMBL220,CHEMBL297316,C[N+](C)(C)CCS/C(=N\O)C(=O)c1ccc(F)cc1.[Cl-],IC50,1000000.0,nM,
ACHE,CHEMBL220,CHEMBL65667,CN1CC[C@@]2(C)c3cc(OC(=O)NCCCN4CCOCC4)ccc3N(C)[C@@H]12,IC50,3800.0,nM,5.42
ACHE,CHEMBL220,CHEMBL431519,CN1CC[C@@]2(C)c3cc(OC(=O)NCCCCCCCCCCN4CCOCC4)ccc3N(C)[C@@H]12,IC50,40.0,nM,7.40
ACHE,CHEMBL220,CHEMBL14598,COc1ccc(C(=O)/C(=N/O)SCCCN(C)C)cc1.O=C(O)C(=O)O,IC50,,nM,
ACHE,CHEMBL220,CHEMBL296429,Cc1ccc(C(=O)/C(=N/O)SCC[N+](C)(C)C)cc1.[Cl-],IC50,1000000.0,nM,
ACHE,CHEMBL220,CHEMBL154972,N#CC(C#N)=C1Nc2ccccc2N1CCNCc1ccc(CN2CCCCC2)o1,IC50,73.0,nM,7.14
ACHE,CHEMBL220,CHEMBL152722,COc1cc(N)c(Cl)cc1C(=O)NCCNCc1ccc(CN(C)C)o1,IC50,3100.0,nM,5.51
ACHE,CHEMBL220,CHEMBL544022,CCN(CC)CCS/C(=N\O)C(=O)c1ccc(Cl)cc1.Cl,IC50,520000.0,nM,
ACHE,CHEMBL220,CHEMBL349127,CN1CCN(Cc2ccc(CNCCN3CCNC3=C(C#N)C#N)o2)CC1,IC50,4500.0,nM,5.35
ACHE,CHEMBL220,CHEMBL156659,Oc1nc2ccccc2n1CCNCc1ccc(CN2CCCCC2)o1,IC50,1200.0,nM,5.92
ACHE,CHEMBL220,CHEMBL45118,CC[N+](C)(CC)CCS/C(=N\O)C(=O)c1ccc(OC)cc1.[Cl-],IC50,1000000.0,nM,
ACHE,CHEMBL220,CHEMBL47284,CN(C)CCS/C(=N\O)C(=O)c1ccc(F)cc1,IC50,,nM,
ACHE,CHEMBL220,CHEMBL542609,Cc1ccc(C(=O)/C(=N/O)SCCN(C)C)cc1.Cl,IC50,1000000.0,nM,
ACHE,CHEMBL220,CHEMBL155322,CC1CCCCN1Cc1ccc(CNCCN2CCNC2=C(C#N)C#N)o1,IC50,540.0,nM,6.27
ACHE,CHEMBL220,CHEMBL154211,N#CC(C#N)=C1NCCN1CCNCc1ccc(CN2CCCCC2)o1,IC50,30.0,nM,7.52
ACHE,CHEMBL220,CHEMBL1203537,CNC(NCCNCc1ccc(CN2CCCCC2)o1)=C(C#N)C#N.Cl,IC50,830.0,nM,6.08
ACHE,CHEMBL220,CHEMBL86,CCN(CC)CCNC(=O)c1cc(Cl)c(N)cc1OC,IC50,20000.0,nM,
ACHE,CHEMBL220,CHEMBL47375,COc1ccc(C(=O)/C(=N/O)SCC[N+](C)(C)C)cc1.[Cl-],IC50,1000000.0,nM,
ACHE,CHEMBL220,CHEMBL542360,CN(C)CCS/C(=N\O)C(=O)c1ccc(Cl)cc1.Cl,IC50,1000000.0,nM,
ACHE,CHEMBL220,CHEMBL345849,N#CC(C#N)=C1NCCN1CCNCc1ccc(CN2CCC(O)CC2)o1,IC50,390.0,nM,6.41
ACHE,CHEMBL220,CHEMBL154689,CN(C)Cc1ccc(CNCCN2CCNC2=C(C#N)C#N)o1,IC50,390.0,nM,6.41
ACHE,CHEMBL220,CHEMBL346733,CCN(C)Cc1ccc(CNCCN2CCNC2=C(C#N)C#N)o1,IC50,430.0,nM,6.37
ACHE,CHEMBL220,CHEMBL416464,COc1ccc(C(=O)/C(=N/O)SCCN(C)C)cc1,IC50,1000000.0,nM,
ACHE,CHEMBL220,CHEMBL47815,C[N+](C)(C)CCS/C(=N\O)C(=O)c1ccc(Cl)cc1.[Cl-],IC50,,nM,
ACHE,CHEMBL220,CHEMBL1203539,CCN(CC)Cc1ccc(CNCCN2CCNC2=C(C#N)C#N)o1.Cl,IC50,600.0,nM,6.22
ACHE,CHEMBL220,CHEMBL347729,CN(C)Cc1ccc(CNCCN2CCN/C2=C\[N+](=O)[O-])o1,IC50,2000.0,nM,
ACHE,CHEMBL220,CHEMBL296786,CC[N+](C)(CC)CCS/C(=N\O)C(=O)c1ccc(Cl)cc1.[Cl-],IC50,1000000.0,nM,
ACHE,CHEMBL220,CHEMBL63173,CN1CC[C@@]2(C)c3cc(OC(=O)NCCCCN4CCOCC4)ccc3N(C)[C@@H]12,IC50,21000.0,nM,4.68
ACHE,CHEMBL220,CHEMBL433041,CCCCCCCNC(=O)Oc1ccc2c(c1)[C@]1(C)CCN(C)[C@@H]1N2C,IC50,290.0,nM,6.54
ACHE,CHEMBL220,CHEMBL292788,CN1CC[C@@]2(C)c3cc(OC(=O)NCCN4CCOCC4)ccc3N(C)[C@@H]12,IC50,700.0,nM,6.16
ACHE,CHEMBL220,CHEMBL33051,NC(=O)c1cc[n+](COC[n+]2ccccc2/C=N/O)cc1.[Cl-].[Cl-],IC50,460000.0,nM,
ACHE,CHEMBL220,CHEMBL155392,CNC(NCCNCc1ccc(CN(C)C)o1)=C(C#N)C#N,IC50,630.0,nM,6.20
ACHE,CHEMBL220,CHEMBL153311,CNC(NCCNCc1ccc(CN(C(C)C)C(C)C)o1)=C(C#N)C#N,IC50,2100.0,nM,5.68
ACHE,CHEMBL220,CHEMBL543546,CC(C)N(CCS/C(=N\O)C(=O)c1ccc(Cl)cc1)C(C)C.Cl,IC50,330000.0,nM,
ACHE,CHEMBL220,CHEMBL1420,C[n+]1ccccc1C=NO,IC50,340000.0,nM,
ACHE,CHEMBL220,CHEMBL556172,CCN(CC)CCS/C(=N\O)C(=O)c1ccccc1.Cl,IC50,1000000.0,nM,
ACHE,CHEMBL220,CHEMBL154263,CC1CCN(Cc2ccc(CNCCN3CCNC3=C(C#N)C#N)o2)CC1,IC50,290.0,nM,6.54
ACHE,CHEMBL220,CHEMBL544669,CCN(CC)CCS/C(=N\O)C(=O)c1ccc(Br)cc1.Cl,IC50,210000.0,nM,
ACHE,CHEMBL220,CHEMBL62664,CN1CC[C@@]2(C)c3cc(OC(=O)NCCCCCCCCCCCN4CCOCC4)ccc3N(C)[C@@H]12,IC50,40.0,nM,7.40
ACHE,CHEMBL220,CHEMBL155111,N#CC(C#N)=C1NCCN1CCNCc1ccc(CN2CCCC2)o1,IC50,80.0,nM,7.10
ACHE,CHEMBL220,CHEMBL1203534,Cl.N#CC(C#N)=C1NCCN1CCNCc1ccc(CN2CC=CCC2)o1,IC50,95.0,nM,7.02
ACHE,CHEMBL220,CHEMBL541044,CN(C)CCS/C(=N\O)C(=O)c1ccc(Br)cc1.Cl,IC50,710000.0,nM,
ACHE,CHEMBL220,CHEMBL543779,CCN(CC)CCS/C(=N\O)C(=O)c1ccc(C#N)cc1.Cl,IC50,180000.0,nM,
ACHE,CHEMBL220,CHEMBL155495,CNC(NCCNCc1ccc(COC)o1)=C(C#N)C#N,IC50,20000.0,nM,
ACHE,CHEMBL220,CHEMBL64011,CN1CC[C@@]2(C)c3cc(OC(=O)NCCCCCCCCCN4CCOCC4)ccc3N(C)[C@@H]12,IC50,60.0,nM,7.22
ACHE,CHEMBL220,CHEMBL65585,CN1CC[C@@]2(C)c3cc(OC(=O)NCCCCCCCCCCCCN4CCOCC4)ccc3N(C)[C@@H]12,IC50,70.0,nM,7.16
ACHE,CHEMBL220,CHEMBL347539,CNC(NCCNCc1ccc(CN2CCCC2)o1)=C(C#N)C#N,IC50,280.0,nM,6.55
ACHE,CHEMBL220,CHEMBL154433,N#CC(C#N)=C1NCCN1CCNCc1ccc(CN2CCOCC2)o1,IC50,11000.0,nM,4.96
ACHE,CHEMBL220,CHEMBL157208,N#CC(C#N)=C1NCCN1CCNCc1ccc(CN2CCSCC2)o1,IC50,1500.0,nM,5.82
ACHE,CHEMBL220,CHEMBL1790041,CNC(=C[N+](=O)[O-])NCCSCc1ccc(CN(C)C)o1,IC50,650.0,nM,6.19
ACHE,CHEMBL220,CHEMBL65356,CN1CC[C@@]2(C)c3cc(OC(=O)NCCCCCCN4CCOCC4)ccc3N(C)[C@@H]12,IC50,930.0,nM,6.03
ACHE,CHEMBL220,CHEMBL154366,CC1CCCN(Cc2ccc(CNCCN3CCNC3=C(C#N)C#N)o2)C1,IC50,370.0,nM,6.43
ACHE,CHEMBL220,CHEMBL153821,CC1CCCC(C)N1Cc1ccc(CNCCN2CCNC2=C(C#N)C#N)o1,IC50,4500.0,nM,5.35
ACHE,CHEMBL220,CHEMBL416644,CC[N+](C)(CC)CCS/C(=N\O)C(=O)c1ccc(F)cc1.[Cl-],IC50,720000.0,nM,
ACHE,CHEMBL220,CHEMBL94,CNC(=O)Oc1ccc2c(c1)[C@]1(C)CCN(C)[C@@H]1N2C,IC50,30.0,nM,7.52
ACHE,CHEMBL220,CHEMBL303574,CN1CC[C@@]2(C)c3cc(OC(=O)NCCCCCN4CCOCC4)ccc3N(C)[C@@H]12,IC50,7600.0,nM,5.12
ACHE,CHEMBL220,CHEMBL65018,CN1CC[C@@]2(C)c3cc(OC(=O)NCCCCCCCCN4CCOCC4)ccc3N(C)[C@@H]12,IC50,80.0,nM,7.10
ACHE,CHEMBL220,CHEMBL296277,CC[N+](C)(CC)CCS/C(=N\O)C(=O)c1ccc(C#N)cc1.[Cl-],IC50,1000000.0,nM,
ACHE,CHEMBL220,CHEMBL66309,CN1CC[C@@]2(C)c3cc(OC(=O)NCCCCCCCN4CCOCC4)ccc3N(C)[C@@H]12,IC50,380.0,nM,6.42
ACHE,CHEMBL220,CHEMBL1203535,COC1CCCN(Cc2ccc(CNCCN3CCNC3=C(C#N)C#N)o2)C1.Cl,IC50,3300.0,nM,5.48
ACHE,CHEMBL220,CHEMBL296560,C[N+](C)(C)CCS/C(=N\O)C(=O)c1ccc(Br)cc1.[I-],IC50,1000000.0,nM,
ACHE,CHEMBL220,CHEMBL555477,CN(C)CCS/C(=N\O)C(=O)c1cccc2ccccc12.Cl,IC50,,nM,
ACHE,CHEMBL220,CHEMBL152260,N#CC(C#N)=C1NCCN1CCNCc1ccc(CN2CCCC(O)C2)o1,IC50,370.0,nM,6.43
ACHE,CHEMBL220,CHEMBL154950,C/N=c1\c(O)c(O)\c1=N/CCNCc1ccc(CN2CCCCC2)o1,IC50,9300.0,nM,5.03
ACHE,CHEMBL220,CHEMBL296669,CN(C)CCCS/C(=N\O)C(=O)c1ccc(Br)cc1.O=C(O)C(=O)O,IC50,1000000.0,nM,
ACHE,CHEMBL220,CHEMBL1203538,Cl.N#CC(C#N)=C1NCCN1CCNCc1ccc(CN2CCCCCC2)o1,IC50,120.0,nM,6.92
ACHE,CHEMBL220,CHEMBL19060,COc1ccccc1CNCCCCCCNCCSSCCNCCCCCCNCc1ccccc1OC,IC50,7244.36,nM,5.14
ACHE,CHEMBL220,CHEMBL422977,COc1ccccc1CNCCCCCCNCCCCCCCNCCCCCCNCc1ccccc1OC,IC50,4466.84,nM,5.35
ACHE,CHEMBL220,CHEMBL11805,COc1ccccc1CN(C)CCCCCC(=O)N(C)CCCCCCCCN(C)C(=O)CCCCCN(C)Cc1ccccc1OC,IC50,169.82,nM,6.77
ACHE,CHEMBL220,CHEMBL11805,COc1ccccc1CN(C)CCCCCC(=O)N(C)CCCCCCCCN(C)C(=O)CCCCCN(C)Cc1ccccc1OC,Ki,0.104,nM,9.98
ACHE,CHEMBL220,CHEMBL302179,COc1ccccc1CNCCCCCCNCCCCCCNCCCCCCNCc1ccccc1OC,IC50,6456.54,nM,5.19
ACHE,CHEMBL220,CHEMBL94,CNC(=O)Oc1ccc2c(c1)[C@]1(C)CCN(C)[C@@H]1N2C,IC50,14.13,nM,7.85
ACHE,CHEMBL220,CHEMBL208599,CCC1=CC2Cc3nc4cc(Cl)ccc4c(N)c3[C@@H](C1)C2,Ki,0.026,nM,10.59
ACHE,CHEMBL220,CHEMBL27673,COc1ccccc1CNCCCCCCNCCCCCCCCNCCCCCCNCc1ccccc1OC,IC50,5370.32,nM,5.27
ACHE,CHEMBL220,CHEMBL60745,CC[N+](C)(C)c1cccc(O)c1.[Br-],Ki,1.63,nM,8.79
ACHE,CHEMBL220,CHEMBL132377,COc1ccccc1CNCCCCCC(=O)N(C)CCCCCCCCN(C)C(=O)CCCCCNCc1ccccc1OC,IC50,309.03,nM,6.51
ACHE,CHEMBL220,CHEMBL132133,NCCCCCCNCCSSCCNCCCCCCN,IC50,501187.23,nM,
ACHE,CHEMBL220,CHEMBL95,Nc1c2c(nc3ccccc13)CCCC2,IC50,218.78,nM,6.66
ACHE,CHEMBL220,CHEMBL134488,COc1ccccc1CNCCCCCC(=O)NCCCCCCCCNC(=O)CCCCCNCc1ccccc1OC,IC50,1862.09,nM,5.73
ACHE,CHEMBL220,CHEMBL134382,COc1ccccc1CNCCCCCCNCCCCCNCCCCCCNCc1ccccc1OC,IC50,7244.36,nM,5.14
ACHE,CHEMBL220,CHEMBL59109,NC12CC(C(F)(F)F)=CC(Cc3nc(O)ccc31)/C2=C\C(F)(F)F,IC50,3000.0,nM,5.52
ACHE,CHEMBL220,CHEMBL286990,C[n+]1ccn(COCC(C)(C)[N+](=O)[O-])c1/C=N/O.[Cl-],IC50,10600.0,nM,4.97
ACHE,CHEMBL220,CHEMBL294891,C/C=C1\C2C=C(C(F)(F)F)CC1(N)c1ccc(O)nc1C2,IC50,400.0,nM,6.40
ACHE,CHEMBL220,CHEMBL395280,C/C=C1\[C@H]2C=C(C)C[C@]1(N)c1ccc(=O)[nH]c1C2,IC50,5.0,nM,8.30
ACHE,CHEMBL220,CHEMBL95,Nc1c2c(nc3ccccc13)CCCC2,IC50,254.0,nM,6.59
ACHE,CHEMBL220,CHEMBL89011,Nc1c2c(nc3ccccc13)-c1ccccc1CO2,IC50,245000.0,nM,
ACHE,CHEMBL220,CHEMBL748,C[n+]1ccccc1/C=N/O.[Cl-],IC50,366000.0,nM,
ACHE,CHEMBL220,CHEMBL50608,Nc1cc(-c2ccccc2)nc2ccccc12,IC50,11480.0,nM,4.94
ACHE,CHEMBL220,CHEMBL29300,CN(CCn1cc[n+](C)c1/C=N/O)S(C)(=O)=O.[Cl-],IC50,6800.0,nM,5.17
ACHE,CHEMBL220,CHEMBL27675,C[n+]1ccn(COCCS(C)(=O)=O)c1/C=N/O.[Cl-],IC50,26500.0,nM,4.58
ACHE,CHEMBL220,CHEMBL435373,CC1=CC2Cc3nc(O)ccc3C(N)(C1)/C2=C/C(F)(F)F,IC50,2000.0,nM,5.70
ACHE,CHEMBL220,CHEMBL60167,Nc1c2c(nc3ccccc13)-c1ccccc1C2,IC50,676.0,nM,6.17
ACHE,CHEMBL220,CHEMBL89012,Nc1c2c(nc3ccccc13)-c1ccccc1CC2,IC50,2980.0,nM,5.53
ACHE,CHEMBL220,CHEMBL314800,Nc1c2c(nc3ccccc13)-c1ccccc1CS2,IC50,18580.0,nM,4.73
ACHE,CHEMBL220,CHEMBL553212,C[n+]1ccn(CCN2CCCC2)c1/C=N/O.[Cl-],IC50,17900.0,nM,4.75
ACHE,CHEMBL220,CHEMBL156630,C/N=C1/CCc2c1n(C)c1ccc(OC(=O)NCc3ccccc3)c(Br)c21,IC50,4190.0,nM,5.38
ACHE,CHEMBL220,CHEMBL315013,COc1cc2cc(C(=O)CC(O)C3CC[N+](C)(Cc4ccccc4)CC3)sc2cc1OC.[Br-],IC50,219.0,nM,6.66
ACHE,CHEMBL220,CHEMBL315013,COc1cc2cc(C(=O)CC(O)C3CC[N+](C)(Cc4ccccc4)CC3)sc2cc1OC.[Br-],EC50,,nM,
ACHE,CHEMBL220,CHEMBL155754,C/N=C1/CCc2c1n(C)c1ccc(OC(=O)NC)c(Cl)c21,IC50,230.0,nM,6.64
ACHE,CHEMBL220,CHEMBL314658,COc1cc2cc(C(=O)CC3=CC[N+](C)(Cc4ccccc4)CC3)sc2cc1OC.[Br-],IC50,750.0,nM,6.12
ACHE,CHEMBL220,CHEMBL314658,COc1cc2cc(C(=O)CC3=CC[N+](C)(Cc4ccccc4)CC3)sc2cc1OC.[Br-],EC50,30000.0,nM,
ACHE,CHEMBL220,CHEMBL87170,COc1cc2cc(C(=O)CCc3cc[n+](Cc4ccccc4)cc3)sc2cc1OC,IC50,4.6,nM,8.34
ACHE,CHEMBL220,CHEMBL87170,COc1cc2cc(C(=O)CCc3cc[n+](Cc4ccccc4)cc3)sc2cc1OC,EC50,99.0,nM,7.00
ACHE,CHEMBL220,CHEMBL87959,COc1cc2cc(C(=O)CCC3CC[N+](C)(CCOc4ccccc4)CC3)sc2cc1OC.[Br-],IC50,390.0,nM,6.41
ACHE,CHEMBL220,CHEMBL87295,CCC[n+]1ccc(CCC(=O)c2cc3cc(OC)c(OC)cc3s2)cc1.[Br-],IC50,2570.0,nM,5.59
ACHE,CHEMBL220,CHEMBL87295,CCC[n+]1ccc(CCC(=O)c2cc3cc(OC)c(OC)cc3s2)cc1.[Br-],EC50,,nM,
ACHE,CHEMBL220,CHEMBL82810,COc1cc2cc(C(=O)CCc3cc[n+](CC4CCC4)cc3)sc2cc1OC.[Br-],IC50,40.0,nM,7.40
ACHE,CHEMBL220,CHEMBL82810,COc1cc2cc(C(=O)CCc3cc[n+](CC4CCC4)cc3)sc2cc1OC.[Br-],EC50,1720.0,nM,5.76
ACHE,CHEMBL220,CHEMBL157182,C/N=C1/CCc2c1n(C)c1cc(Cl)c(OC(=O)NC)cc21,IC50,670.0,nM,6.17
ACHE,CHEMBL220,CHEMBL88049,COc1cc2cc(C(=O)CCCCC3CC[N+](C)(Cc4ccccc4)CC3)sc2cc1OC.[Br-],IC50,110.0,nM,6.96
ACHE,CHEMBL220,CHEMBL88049,COc1cc2cc(C(=O)CCCCC3CC[N+](C)(Cc4ccccc4)CC3)sc2cc1OC.[Br-],EC50,10000.0,nM,
ACHE,CHEMBL220,CHEMBL87128,CC[n+]1ccc(CCC(=O)c2cc3cc(OC)c(OC)cc3s2)cc1.[Br-],IC50,280.0,nM,6.55
ACHE,CHEMBL220,CHEMBL87128,CC[n+]1ccc(CCC(=O)c2cc3cc(OC)c(OC)cc3s2)cc1.[Br-],EC50,3000.0,nM,
ACHE,CHEMBL220,CHEMBL160219,CNC(=O)Oc1ccc2c(c1)c1c(n2C)/C(=N\CCc2ccccc2)CC1,IC50,160.0,nM,6.80
ACHE,CHEMBL220,CHEMBL445916,CCCn1c2c(c3c(Br)c(OC(=O)NC)ccc31)CC/C2=N/CC,IC50,230.0,nM,6.64
ACHE,CHEMBL220,CHEMBL85473,COc1cc2cc(C(O)C3CC[N+](C)(Cc4ccccc4)CC3)sc2cc1OC.[Br-],IC50,19580.0,nM,4.71
ACHE,CHEMBL220,CHEMBL85473,COc1cc2cc(C(O)C3CC[N+](C)(Cc4ccccc4)CC3)sc2cc1OC.[Br-],EC50,30000.0,nM,
ACHE,CHEMBL220,CHEMBL314502,COc1cc2cc(C(=O)CCC3CC[N+](C)(CC#N)CC3)sc2cc1OC.[Br-],IC50,1000.0,nM,
ACHE,CHEMBL220,CHEMBL87320,COCC[N+]1(C)CCC(CCC(=O)c2cc3cc(OC)c(OC)cc3s2)CC1.[Br-],IC50,53.0,nM,7.28
ACHE,CHEMBL220,CHEMBL87280,COC(=O)c1ccc(C[n+]2ccc(CCC(=O)c3cc4cc(OC)c(OC)cc4s3)cc2)cc1,IC50,1000.0,nM,6.00
ACHE,CHEMBL220,CHEMBL87280,COC(=O)c1ccc(C[n+]2ccc(CCC(=O)c3cc4cc(OC)c(OC)cc4s3)cc2)cc1,EC50,1670.0,nM,5.78
ACHE,CHEMBL220,CHEMBL348607,CCCCNC(=O)Oc1ccc2c(c1Br)c1c(n2C)/C(=N\C)CC1,IC50,3170.0,nM,5.50
ACHE,CHEMBL220,CHEMBL313809,COc1cc2cc(C(=O)C=C3CC[N+](C)(Cc4ccccc4)CC3)sc2cc1OC.[Br-],IC50,520.0,nM,6.28
ACHE,CHEMBL220,CHEMBL313809,COc1cc2cc(C(=O)C=C3CC[N+](C)(Cc4ccccc4)CC3)sc2cc1OC.[Br-],EC50,7670.0,nM,5.12
ACHE,CHEMBL220,CHEMBL87849,COc1cc2cc(C(=O)CCc3cc[n+](Cc4ccc(F)cc4)cc3)sc2cc1OC,IC50,2.6,nM,8.59
ACHE,CHEMBL220,CHEMBL87849,COc1cc2cc(C(=O)CCc3cc[n+](Cc4ccc(F)cc4)cc3)sc2cc1OC,EC50,1650.0,nM,5.78
ACHE,CHEMBL220,CHEMBL314398,COc1cc2cc(C(=O)CC(OC)C3CC[N+](C)(Cc4ccccc4)CC3)sc2cc1OC.[Br-],IC50,120.0,nM,6.92
ACHE,CHEMBL220,CHEMBL314398,COc1cc2cc(C(=O)CC(OC)C3CC[N+](C)(Cc4ccccc4)CC3)sc2cc1OC.[Br-],EC50,650.0,nM,6.19
ACHE,CHEMBL220,CHEMBL87373,COc1cc2cc(C(=O)CCc3cc[n+](CC4CC4)cc3)sc2cc1OC.[Br-],IC50,110.0,nM,6.96
ACHE,CHEMBL220,CHEMBL87373,COc1cc2cc(C(=O)CCc3cc[n+](CC4CC4)cc3)sc2cc1OC.[Br-],EC50,3000.0,nM,
ACHE,CHEMBL220,CHEMBL156931,C/N=C1/CCc2c1n(C)c1ccc(OC(=O)NC)cc21,IC50,3360.0,nM,5.47
ACHE,CHEMBL220,CHEMBL83005,COc1cc2cc(C(=O)CC3(O)CC[N+](C)(Cc4ccccc4)CC3)sc2cc1OC.[Br-],IC50,90.0,nM,7.05
ACHE,CHEMBL220,CHEMBL83005,COc1cc2cc(C(=O)CC3(O)CC[N+](C)(Cc4ccccc4)CC3)sc2cc1OC.[Br-],EC50,9430.0,nM,5.03
ACHE,CHEMBL220,CHEMBL315515,COc1cc2cc(C(=O)CCC3CC[N+](C)(CC4CCCCO4)CC3)sc2cc1OC.[Br-],IC50,28.0,nM,7.55
ACHE,CHEMBL220,CHEMBL441632,COc1cc2cc(C(=O)CCc3cc[n+](C)cc3)sc2cc1OC.[Br-],IC50,900.0,nM,6.05
ACHE,CHEMBL220,CHEMBL441632,COc1cc2cc(C(=O)CCc3cc[n+](C)cc3)sc2cc1OC.[Br-],EC50,2500.0,nM,5.60
ACHE,CHEMBL220,CHEMBL87937,COCC[n+]1ccc(CCC(=O)c2cc3cc(OC)c(OC)cc3s2)cc1,IC50,30.0,nM,7.52
ACHE,CHEMBL220,CHEMBL87937,COCC[n+]1ccc(CCC(=O)c2cc3cc(OC)c(OC)cc3s2)cc1,EC50,290.0,nM,6.54
ACHE,CHEMBL220,CHEMBL441808,COc1cc2cc(C(=O)CC(O)CCC3CC[N+](C)(Cc4ccccc4)CC3)sc2cc1OC.[Br-],IC50,380.0,nM,6.42
ACHE,CHEMBL220,CHEMBL441808,COc1cc2cc(C(=O)CC(O)CCC3CC[N+](C)(Cc4ccccc4)CC3)sc2cc1OC.[Br-],EC50,6600.0,nM,5.18
ACHE,CHEMBL220,CHEMBL87649,COc1cc2cc(C(=O)CCc3cc[n+](Cc4ccsc4)cc3)sc2cc1OC,IC50,6.0,nM,8.22
ACHE,CHEMBL220,CHEMBL87649,COc1cc2cc(C(=O)CCc3cc[n+](Cc4ccsc4)cc3)sc2cc1OC,EC50,2700.0,nM,5.57
ACHE,CHEMBL220,CHEMBL160836,CC/N=C1/CCc2c1n(C)c1ccc(OC(=O)NC)c(Br)c21,IC50,140.0,nM,6.85
ACHE,CHEMBL220,CHEMBL156861,C/N=C1/CCc2c1n(C)c1ccc(OC(=O)NC)c(Br)c21,IC50,180.0,nM,6.75
ACHE,CHEMBL220,CHEMBL314766,COC(=O)C[N+]1(C)CCC(CCC(=O)c2cc3cc(OC)c(OC)cc3s2)CC1.[Br-],IC50,54.0,nM,7.27
ACHE,CHEMBL220,CHEMBL315013,COc1cc2cc(C(=O)CC(O)C3CC[N+](C)(Cc4ccccc4)CC3)sc2cc1OC.[Br-],IC50,665.0,nM,6.18
ACHE,CHEMBL220,CHEMBL88026,COc1cc2cc(C(=O)CCC3CC[N+](C)(Cc4ccccc4)CC3)sc2cc1OC.[Br-],IC50,8.0,nM,8.10
ACHE,CHEMBL220,CHEMBL88026,COc1cc2cc(C(=O)CCC3CC[N+](C)(Cc4ccccc4)CC3)sc2cc1OC.[Br-],EC50,19.0,nM,7.72
ACHE,CHEMBL220,CHEMBL86233,COc1cc2cc(CC3CC[N+](C)(Cc4ccccc4)CC3)sc2cc1OC.[Br-],IC50,10000.0,nM,5.00
ACHE,CHEMBL220,CHEMBL86233,COc1cc2cc(CC3CC[N+](C)(Cc4ccccc4)CC3)sc2cc1OC.[Br-],EC50,30000.0,nM,
ACHE,CHEMBL220,CHEMBL155350,CC/N=C1/CCc2c1n(C)c1ccc(OC(=O)NC)c(Cl)c21,IC50,160.0,nM,6.80
ACHE,CHEMBL220,CHEMBL433041,CCCCCCCNC(=O)Oc1ccc2c(c1)[C@]1(C)CCN(C)[C@@H]1N2C,IC50,9.0,nM,8.05
ACHE,CHEMBL220,CHEMBL155863,CCC/N=C1/CCc2c1n(C)c1ccc(OC(=O)NC)cc21,IC50,3840.0,nM,5.42
ACHE,CHEMBL220,CHEMBL87980,C=CC[n+]1ccc(CCC(=O)c2cc3cc(OC)c(OC)cc3s2)cc1.[Br-],IC50,540.0,nM,6.27
ACHE,CHEMBL220,CHEMBL87980,C=CC[n+]1ccc(CCC(=O)c2cc3cc(OC)c(OC)cc3s2)cc1.[Br-],EC50,3000.0,nM,
ACHE,CHEMBL220,CHEMBL87441,CCOCC[n+]1ccc(CCC(=O)c2cc3cc(OC)c(OC)cc3s2)cc1,IC50,7.0,nM,8.15
ACHE,CHEMBL220,CHEMBL87441,CCOCC[n+]1ccc(CCC(=O)c2cc3cc(OC)c(OC)cc3s2)cc1,EC50,,nM,
ACHE,CHEMBL220,CHEMBL315013,COc1cc2cc(C(=O)CC(O)C3CC[N+](C)(Cc4ccccc4)CC3)sc2cc1OC.[Br-],IC50,43.0,nM,7.37
ACHE,CHEMBL220,CHEMBL315013,COc1cc2cc(C(=O)CC(O)C3CC[N+](C)(Cc4ccccc4)CC3)sc2cc1OC.[Br-],EC50,170.0,nM,6.77
ACHE,CHEMBL220,CHEMBL158946,C/N=C1/CCc2c1n(C)c1ccc(OC(=O)N(C)C)c(Br)c21,IC50,60.0,nM,7.22
ACHE,CHEMBL220,CHEMBL315013,COc1cc2cc(C(=O)CC(O)C3CC[N+](C)(Cc4ccccc4)CC3)sc2cc1OC.[Br-],IC50,190.0,nM,6.72
ACHE,CHEMBL220,CHEMBL87550,COc1cc2cc(C=C3CC[N+](C)(Cc4ccccc4)CC3)sc2cc1OC.[Br-],IC50,2670.0,nM,5.57
ACHE,CHEMBL220,CHEMBL87550,COc1cc2cc(C=C3CC[N+](C)(Cc4ccccc4)CC3)sc2cc1OC.[Br-],EC50,30000.0,nM,
ACHE,CHEMBL220,CHEMBL609440,COc1cc2cc(C(=O)CCc3cc[n+](Cc4ccc([N+](=O)[O-])o4)cc3)sc2cc1OC.[Br-],IC50,4.5,nM,8.35
ACHE,CHEMBL220,CHEMBL609440,COc1cc2cc(C(=O)CCc3cc[n+](Cc4ccc([N+](=O)[O-])o4)cc3)sc2cc1OC.[Br-],EC50,2670.0,nM,5.57
ACHE,CHEMBL220,CHEMBL350464,CC/N=C1/CCc2c1n(C)c1ccc(OC(=O)NC)cc21,IC50,5680.0,nM,5.25
ACHE,CHEMBL220,CHEMBL313271,COc1cc2cc(C(=O)CCC3CC[N+](C)(Cc4ccc([N+](=O)[O-])o4)CC3)sc2cc1OC.[Br-],IC50,32.0,nM,7.50
ACHE,CHEMBL220,CHEMBL423313,COc1cc2cc(C(=O)CCC3CC[N+](C)(CC(=O)OC(C)(C)C)CC3)sc2cc1OC.[Br-],IC50,79.0,nM,7.10
ACHE,CHEMBL220,CHEMBL309667,CNC(=O)Oc1ccc2c(c1)[C@]1(C)CCNC1N2,IC50,10.9,nM,7.96
ACHE,CHEMBL220,CHEMBL419470,C[C@@]12CCNC1Nc1ccc(OC(=O)Nc3ccccc3)cc12,IC50,22.1,nM,7.66
ACHE,CHEMBL220,CHEMBL80221,CNC(=O)Oc1ccc2c(c1)[C@]1(C)CCN(C)C1N2Cc1ccccc1,IC50,161.0,nM,6.79
ACHE,CHEMBL220,CHEMBL94,CNC(=O)Oc1ccc2c(c1)[C@]1(C)CCN(C)[C@@H]1N2C,IC50,27.9,nM,7.55
ACHE,CHEMBL220,CHEMBL431844,Nc1c2c(nc3ccccc13)C1CCC2C1,IC50,31.5,nM,7.50
ACHE,CHEMBL220,CHEMBL80247,CN1c2ccc(OC(=O)Nc3ccccc3)cc2[C@]2(C)CCNC12,IC50,13.8,nM,7.86
ACHE,CHEMBL220,CHEMBL418917,CN1CC[C@@]2(C)c3cc(OC(=O)Nc4ccccc4)ccc3NC12,IC50,40.8,nM,7.39
ACHE,CHEMBL220,CHEMBL77896,CNC(=O)Oc1ccc2c(c1)[C@]1(C)CCN(Cc3ccccc3)C1N2Cc1ccccc1,IC50,1090.0,nM,5.96
ACHE,CHEMBL220,CHEMBL369661,Nc1c2c(nc3c(Cl)cccc13)CCCC2,IC50,68.9,nM,7.16
ACHE,CHEMBL220,CHEMBL419457,C[C@]12CCN(Cc3ccccc3)C1N(Cc1ccccc1)c1ccc(OC(=O)Nc3ccccc3)cc12,IC50,,nM,
ACHE,CHEMBL220,CHEMBL94,CNC(=O)Oc1ccc2c(c1)[C@]1(C)CCN(C)[C@@H]1N2C,IC50,61.0,nM,7.21
ACHE,CHEMBL220,CHEMBL502,COc1cc2c(cc1OC)C(=O)C(CC1CCN(Cc3ccccc3)CC1)C2,IC50,2.33,nM,8.63
ACHE,CHEMBL220,CHEMBL74089,CNC(=O)Oc1ccc2c(c1)[C@]1(C)CCNC1N2C,IC50,21.0,nM,7.68
ACHE,CHEMBL220,CHEMBL134057,Nc1c2c(nc3cccc(Cl)c13)CCCC2,IC50,9.4,nM,8.03
ACHE,CHEMBL220,CHEMBL76640,CNC(=O)Oc1ccc2c(c1)[C@@]1(C)CCN(C)C1N2C,IC50,9890.0,nM,5.00
ACHE,CHEMBL220,CHEMBL76241,CNC(=O)Oc1ccc2c(c1)[C@]1(C)CCN(Cc3ccccc3)C1N2C,IC50,330.0,nM,6.48
ACHE,CHEMBL220,CHEMBL431784,CNC(=O)Oc1ccc2c(c1)[C@]1(C)CCN(C)C1N2,IC50,56.7,nM,7.25
ACHE,CHEMBL220,CHEMBL51934,Nc1c2c(nc3ccccc13)CCCC2O,IC50,164.0,nM,6.79
ACHE,CHEMBL220,CHEMBL352500,Nc1c2c(nc3cc(Cl)ccc13)C1CCC2C1,IC50,4.5,nM,8.35
ACHE,CHEMBL220,CHEMBL311118,CN1CC[C@@]2(C)C3=CC(=O)C(=O)C=C3N(C)C12,IC50,,nM,
ACHE,CHEMBL220,CHEMBL292314,Nc1c2c(nc3cc(Cl)ccc13)CCCC2,IC50,1.8,nM,8.74
ACHE,CHEMBL220,CHEMBL355740,Nc1c2c(nc3c(Cl)cccc13)C1CCC2C1,IC50,84.3,nM,7.07
ACHE,CHEMBL220,CHEMBL54727,CN1CC[C@@]2(C)c3cc(OC(=O)Nc4ccccc4)ccc3N(C)C12,IC50,24.0,nM,7.62
ACHE,CHEMBL220,CHEMBL75919,CN1CC[C@]2(C)c3cc(OC(=O)Nc4ccccc4)ccc3N(C)C12,IC50,3500.0,nM,5.46
ACHE,CHEMBL220,CHEMBL95,Nc1c2c(nc3ccccc13)CCCC2,IC50,33.5,nM,7.47
ACHE,CHEMBL220,CHEMBL309351,C[C@]12CCNC1Nc1ccc(OC(=O)Nc3ccccc3)cc12,IC50,231.0,nM,6.64
ACHE,CHEMBL220,CHEMBL310934,CN1CC[C@@]2(C)c3cc(O)ccc3N(C)[C@@H]12,IC50,,nM,
ACHE,CHEMBL220,CHEMBL75743,CNC(=O)Oc1ccc2c(c1)[C@@]1(C)CCNC1N2,IC50,1490.0,nM,5.83
ACHE,CHEMBL220,CHEMBL76135,C[C@@]12CCN(Cc3ccccc3)C1N(Cc1ccccc1)c1ccc(OC(=O)Nc3ccccc3)cc12,IC50,41130.0,nM,4.39
ACHE,CHEMBL220,CHEMBL440497,CNC(=O)Oc1ccc2c(c1)[C@@]1(C)CCN(Cc3ccccc3)C1N2Cc1ccccc1,IC50,3560.0,nM,5.45
ACHE,CHEMBL220,CHEMBL368196,Nc1c2c(nc3cccc(Cl)c13)C1CCC2C1,IC50,42.2,nM,7.38
ACHE,CHEMBL220,CHEMBL62084,Nc1c2c(nc3ccc(Cl)cc13)CCCC2,IC50,743.0,nM,6.13
ACHE,CHEMBL220,CHEMBL172118,Nc1c2c(nc3ccc(Cl)cc13)C1CCC2C1,IC50,1100.0,nM,5.96
ACHE,CHEMBL220,CHEMBL1202875,Cl.Cl.O.c1ccc(CN2CCC(CCOc3ccc(-c4ccccc4)nn3)CC2)cc1,IC50,710.0,nM,6.15
ACHE,CHEMBL220,CHEMBL95,Nc1c2c(nc3ccccc13)CCCC2,IC50,143.0,nM,6.84
ACHE,CHEMBL220,CHEMBL62084,Nc1c2c(nc3ccc(Cl)cc13)CCCC2,IC50,3680.0,nM,5.43
ACHE,CHEMBL220,CHEMBL134057,Nc1c2c(nc3cccc(Cl)c13)CCCC2,IC50,39.0,nM,7.41
ACHE,CHEMBL220,CHEMBL436367,Nc1c2c(nc3c1CCCO3)CCCC2,IC50,455.0,nM,6.34
ACHE,CHEMBL220,CHEMBL132365,COc1cccc2nc3c(c(N)c12)CCCC3,IC50,615.0,nM,6.21
ACHE,CHEMBL220,CHEMBL3215535,Cl.Cl.c1ccc(CN2CCC(CCNc3ccc(-c4ccccc4)nn3)CC2)cc1,IC50,140.0,nM,6.85
ACHE,CHEMBL220,CHEMBL1202865,Cl.Cl.O.c1ccc(CN2CCC(CCNc3cc4c(nn3)-c3ccccc3CCC4)CC2)cc1,IC50,120.0,nM,6.92
ACHE,CHEMBL220,CHEMBL133520,Nc1c2c(nc3cccc(F)c13)OCCC2,IC50,335.0,nM,6.47
ACHE,CHEMBL220,CHEMBL130373,Nc1c2c(nc3cnccc13)OCCC2,IC50,42.0,nM,7.38
ACHE,CHEMBL220,CHEMBL95,Nc1c2c(nc3ccccc13)CCCC2,IC50,95.0,nM,7.02
ACHE,CHEMBL220,CHEMBL1202884,Cl.Cl.O.c1ccc(CN2CCC(CCNc3cc4ccc5ccccc5c4nn3)CC2)cc1,IC50,190.0,nM,6.72
ACHE,CHEMBL220,CHEMBL263198,Nc1c2c(nc3c1CCCC3)CCCC2,IC50,360.0,nM,6.44
ACHE,CHEMBL220,CHEMBL133906,Cc1cccc2nc3c(c(N)c12)CCCC3,IC50,99.0,nM,7.00
ACHE,CHEMBL220,CHEMBL1204162,Cl.O.c1ccc(CN2CCC(CCN=c3cc4c(n[nH]3)-c3ccccc3C4)CC2)cc1,IC50,74.0,nM,7.13
ACHE,CHEMBL220,CHEMBL134240,Nc1c2c(nc3ccc(Cl)cc13)OCCC2,IC50,9810.0,nM,5.01
ACHE,CHEMBL220,CHEMBL132030,Nc1c2c(nc3cccc(F)c13)CCCC2,IC50,78.0,nM,7.11
ACHE,CHEMBL220,CHEMBL133448,Nc1c2c(nc3ncccc13)CCCC2,IC50,429.0,nM,6.37
ACHE,CHEMBL220,CHEMBL130880,Nc1c2c(nc3c1CCC3)CCCC2,IC50,658.0,nM,6.18
ACHE,CHEMBL220,CHEMBL1202874,Cl.Cl.c1ccc(CN2CCC(CCSc3ccc(-c4ccccc4)nn3)CC2)cc1,IC50,470.0,nM,6.33
ACHE,CHEMBL220,CHEMBL133441,Nc1c2c(nc3ncccc13)OCCC2,IC50,6262.0,nM,5.20
ACHE,CHEMBL220,CHEMBL130427,Nc1c2c(nc3cnccc13)CCCC2,IC50,2600.0,nM,5.58
ACHE,CHEMBL220,CHEMBL134154,COc1cccc2nc3c(c(N)c12)CCCO3,IC50,606.0,nM,6.22
ACHE,CHEMBL220,CHEMBL132260,Nc1c2c(nc3ccccc13)OCCC2,IC50,266.0,nM,6.58
ACHE,CHEMBL220,CHEMBL1204299,Cc1cc(=NCCC2CCN(Cc3ccccc3)CC2)[nH]nc1-c1ccccc1.Cl.Cl.O,IC50,39.0,nM,7.41
ACHE,CHEMBL220,CHEMBL1204296,CCc1cc(=NCCC2CCN(Cc3ccccc3)CC2)[nH]nc1-c1ccccc1.Cl.Cl.O,IC50,66.0,nM,7.18
ACHE,CHEMBL220,CHEMBL1202885,Cl.Cl.O.c1ccc(CN2CCC(CCNc3cc4c(nn3)-c3ccccc3CC4)CC2)cc1,IC50,190.0,nM,6.72
ACHE,CHEMBL220,CHEMBL502,COc1cc2c(cc1OC)C(=O)C(CC1CCN(Cc3ccccc3)CC1)C2,IC50,16.0,nM,7.80
ACHE,CHEMBL220,CHEMBL337453,Nc1c2c(nc3cccc(Cl)c13)OCCC2,IC50,313.0,nM,6.50
ACHE,CHEMBL220,CHEMBL335922,Nc1c2c(nc3c1CCCO3)CCC2,IC50,1120.0,nM,5.95
ACHE,CHEMBL220,CHEMBL132619,Cc1cccc2nc3c(c(N)c12)CCCO3,IC50,150.0,nM,6.82
ACHE,CHEMBL220,CHEMBL293316,C=CC[N+](C)(C)c1cccc(OC)c1.[Br-],IC50,10000.0,nM,
ACHE,CHEMBL220,CHEMBL61515,C=CCC[N+](C)(C)c1ccccc1O.[Br-],IC50,10000.0,nM,5.00
ACHE,CHEMBL220,CHEMBL54126,CN(C)C(=O)Oc1cccc([N+](C)(C)C)c1.[Br-],IC50,2.0,nM,8.70
ACHE,CHEMBL220,CHEMBL442361,COc1ccc([N+](C)(C)Cc2ccccc2)cc1.[Br-],IC50,10000.0,nM,
ACHE,CHEMBL220,CHEMBL58034,C[N+](C)(C)Cc1cccc(O)c1.[Br-],IC50,10000.0,nM,
ACHE,CHEMBL220,CHEMBL61965,COc1ccc(C(=O)COc2ccc([N+](C)(C)Cc3ccccc3)cc2)cc1OC.[Br-],IC50,10000.0,nM,5.00
ACHE,CHEMBL220,CHEMBL59790,COc1ccc(C(=O)CCc2ccc([N+](C)(C)C)cc2)cc1OC.[Br-],IC50,3000.0,nM,5.52
ACHE,CHEMBL220,CHEMBL62210,CC(=O)Oc1ccc([N+](C)(C)Cc2ccccc2)cc1.[Br-],IC50,10000.0,nM,
ACHE,CHEMBL220,CHEMBL57003,C=CC[N+](C)(C)c1ccc(OC(C)=O)cc1.[Br-],IC50,10000.0,nM,
ACHE,CHEMBL220,CHEMBL291783,C[N+](C)(Cc1ccccc1)c1ccccc1O.[Br-],IC50,10000.0,nM,
ACHE,CHEMBL220,CHEMBL294498,C=CC[N+](C)(C)Cc1cccc(O)c1.[Br-],IC50,10000.0,nM,
ACHE,CHEMBL220,CHEMBL300170,COc1ccc(C(=O)CCc2ccc([N+](C)(C)Cc3ccccc3)cc2)cc1OC.[Br-],IC50,1300.0,nM,5.89
ACHE,CHEMBL220,CHEMBL61312,C=CC[N+](C)(C)c1cccc(O)c1.[Br-],IC50,3000.0,nM,5.52
ACHE,CHEMBL220,CHEMBL293268,COc1cccc(C[N+](C)(C)Cc2ccccc2)c1.[Br-],IC50,10000.0,nM,
ACHE,CHEMBL220,CHEMBL293751,COc1cccc([N+](C)(C)Cc2ccccc2)c1.[Br-],IC50,10000.0,nM,
ACHE,CHEMBL220,CHEMBL59192,C=CC[N+](C)(C)c1cccc(OC(C)=O)c1.[Br-],IC50,1000.0,nM,6.00
ACHE,CHEMBL220,CHEMBL300176,COc1cccc(C[N+](C)(C)C)c1.[Br-],IC50,10000.0,nM,
ACHE,CHEMBL220,CHEMBL61905,COc1ccccc1[N+](C)(C)Cc1ccccc1.[Br-],IC50,10000.0,nM,
ACHE,CHEMBL220,CHEMBL58511,C=CC[N+](C)(C)c1ccc(OCC(=O)c2ccc(OC)c(OC)c2)cc1.[Br-],IC50,10000.0,nM,5.00
ACHE,CHEMBL220,CHEMBL59074,COc1ccc(C(=O)CCc2cccc([N+](C)(C)Cc3ccccc3)c2)cc1OC.[Br-],IC50,1040.0,nM,5.98
ACHE,CHEMBL220,CHEMBL294674,C=C(C)C[N+](C)(C)c1ccccc1O.[Br-],IC50,10000.0,nM,
ACHE,CHEMBL220,CHEMBL57842,C=CC[N+](C)(C)c1ccc(OC)cc1.[Br-],IC50,10000.0,nM,
ACHE,CHEMBL220,CHEMBL299898,CC(=O)Oc1ccccc1[N+](C)(C)Cc1ccccc1.[Br-],IC50,10000.0,nM,
ACHE,CHEMBL220,CHEMBL60596,C=CC[N+](C)(C)c1ccccc1O.[Br-],IC50,1850.0,nM,5.73
ACHE,CHEMBL220,CHEMBL62031,COc1ccc(C(=O)COc2cccc([N+](C)(C)C)c2)cc1OC.[Br-],IC50,10000.0,nM,5.00
ACHE,CHEMBL220,CHEMBL60074,COc1ccc(C(=O)COc2cccc([N+](C)(C)Cc3ccccc3)c2)cc1OC.[Br-],IC50,330.0,nM,6.48
ACHE,CHEMBL220,CHEMBL59490,C=CC[N+](C)(C)Cc1cccc(OC)c1.[Br-],IC50,10000.0,nM,
ACHE,CHEMBL220,CHEMBL61180,C[N+](C)(Cc1ccccc1)Cc1cccc(O)c1.[Br-],IC50,10000.0,nM,
ACHE,CHEMBL220,CHEMBL60180,COc1ccc(C(=O)COc2ccc([N+](C)(C)C)cc2)cc1OC.[Br-],IC50,10000.0,nM,5.00
ACHE,CHEMBL220,CHEMBL294152,C=C(C)C[N+](C)(C)c1ccccc1OC.[Br-],IC50,10000.0,nM,
ACHE,CHEMBL220,CHEMBL305386,C=C(C)C[N+](C)(C)c1cccc(OC)c1.[Br-],IC50,10000.0,nM,
ACHE,CHEMBL220,CHEMBL294897,C[N+](C)(Cc1ccccc1)c1ccc(O)cc1.[Br-],IC50,10000.0,nM,
ACHE,CHEMBL220,CHEMBL58190,CC(=O)Oc1cccc([N+](C)(C)Cc2ccccc2)c1.[Br-],IC50,10000.0,nM,
ACHE,CHEMBL220,CHEMBL60745,CC[N+](C)(C)c1cccc(O)c1.[Br-],IC50,3960.0,nM,5.40
ACHE,CHEMBL220,CHEMBL58252,C=CC[N+](C)(C)c1ccc(O)cc1.[Br-],IC50,10000.0,nM,
ACHE,CHEMBL220,CHEMBL58194,C=CC[N+](C)(C)c1ccccc1OC.[Br-],IC50,1000.0,nM,6.00
ACHE,CHEMBL220,CHEMBL61126,C=C(C)C[N+](C)(C)c1cccc(O)c1.[Br-],IC50,10000.0,nM,
ACHE,CHEMBL220,CHEMBL294251,COc1ccc(C(=O)CCc2cccc([N+](C)(C)C)c2)cc1OC.[Br-],IC50,10000.0,nM,
ACHE,CHEMBL220,CHEMBL60874,C[N+](C)(Cc1ccccc1)c1cccc(O)c1.[Br-],IC50,10000.0,nM,
ACHE,CHEMBL220,CHEMBL294292,C=C(C)C[N+](C)(C)c1ccc(O)cc1.[Br-],IC50,10000.0,nM,
ACHE,CHEMBL220,CHEMBL299435,C[C@@H]1C(=O)N(C(=O)C2CC2)[C@H]2CCN(C(=O)[C@@H]3CCCN3S(=O)(=O)c3cccc4c(N(C)C)cccc34)[C@H]12,IC50,100000.0,nM,
ACHE,CHEMBL220,CHEMBL305670,CNC(=O)Oc1ccc2c(c1)[C@]1(C)CCN[C@@H]1N2C,IC50,23.0,nM,7.64
ACHE,CHEMBL220,CHEMBL305670,CNC(=O)Oc1ccc2c(c1)[C@]1(C)CCN[C@@H]1N2C,IC50,21.0,nM,7.68
ACHE,CHEMBL220,CHEMBL94,CNC(=O)Oc1ccc2c(c1)[C@]1(C)CCN(C)[C@@H]1N2C,IC50,31.0,nM,7.51
ACHE,CHEMBL220,CHEMBL94,CNC(=O)Oc1ccc2c(c1)[C@]1(C)CCN(C)[C@@H]1N2C,IC50,35.0,nM,7.46
ACHE,CHEMBL220,CHEMBL75729,CNC(=O)Oc1ccc2c(c1)[C@]1(C)CCN(CCc3ccccc3)[C@@H]1N2C,IC50,150.0,nM,6.82
ACHE,CHEMBL220,CHEMBL75729,CNC(=O)Oc1ccc2c(c1)[C@]1(C)CCN(CCc3ccccc3)[C@@H]1N2C,IC50,220.0,nM,6.66
ACHE,CHEMBL220,CHEMBL74950,COc1ccc(NC(=O)Oc2ccc3c(c2)[C@]2(C)CCN(C)[C@@H]2N3C)cc1,IC50,230.0,nM,6.64
ACHE,CHEMBL220,CHEMBL74950,COc1ccc(NC(=O)Oc2ccc3c(c2)[C@]2(C)CCN(C)[C@@H]2N3C)cc1,IC50,350.0,nM,6.46
ACHE,CHEMBL220,CHEMBL74107,CCCCCCCCNC(=O)Oc1ccc2c(c1)[C@]1(C)CCN(C)[C@@H]1N2C,IC50,15.0,nM,7.82
ACHE,CHEMBL220,CHEMBL74107,CCCCCCCCNC(=O)Oc1ccc2c(c1)[C@]1(C)CCN(C)[C@@H]1N2C,IC50,16.0,nM,7.80
ACHE,CHEMBL220,CHEMBL94,CNC(=O)Oc1ccc2c(c1)[C@]1(C)CCN(C)[C@@H]1N2C,IC50,22000.0,nM,4.66
ACHE,CHEMBL220,CHEMBL94,CNC(=O)Oc1ccc2c(c1)[C@]1(C)CCN(C)[C@@H]1N2C,IC50,25000.0,nM,4.60
ACHE,CHEMBL220,CHEMBL301610,CC(=O)N1C(=O)[C@@H](C)[C@@H]2[C@@H]1CCN2C(=O)[C@@H]1CCCN1S(=O)(=O)c1cccc2c(N(C)C)cccc12,IC50,100000.0,nM,
ACHE,CHEMBL220,CHEMBL74257,CNC(=O)Oc1ccc2c(c1)[C@]1(C)CCN(Cc3ccccc3)[C@@H]1N2C,IC50,190.0,nM,6.72
ACHE,CHEMBL220,CHEMBL74257,CNC(=O)Oc1ccc2c(c1)[C@]1(C)CCN(Cc3ccccc3)[C@@H]1N2C,IC50,330.0,nM,6.48
ACHE,CHEMBL220,CHEMBL307721,C=CCN1CC[C@@]2(C)c3cc(OC(=O)NC)ccc3N(C)[C@@H]12,IC50,32.0,nM,7.50
ACHE,CHEMBL220,CHEMBL307721,C=CCN1CC[C@@]2(C)c3cc(OC(=O)NC)ccc3N(C)[C@@H]12,IC50,45.0,nM,7.35
ACHE,CHEMBL220,CHEMBL308503,CN1CC[C@@]2(C)c3cc(OC(=O)NC(C)(C)C)ccc3N(C)[C@@H]12,IC50,32000.0,nM,4.50
ACHE,CHEMBL220,CHEMBL308503,CN1CC[C@@]2(C)c3cc(OC(=O)NC(C)(C)C)ccc3N(C)[C@@H]12,IC50,23000.0,nM,4.64
ACHE,CHEMBL220,CHEMBL308043,CN(C)C(=O)Oc1ccc2c(c1)[C@]1(C)CCN(C)[C@@H]1N2C,IC50,310.0,nM,6.51
ACHE,CHEMBL220,CHEMBL308043,CN(C)C(=O)Oc1ccc2c(c1)[C@]1(C)CCN(C)[C@@H]1N2C,IC50,210.0,nM,6.68
ACHE,CHEMBL220,CHEMBL74926,CN1CC[C@@]2(C)c3cc(OC(=O)Nc4ccccc4)ccc3N(C)[C@@H]12,IC50,36.0,nM,7.44
ACHE,CHEMBL220,CHEMBL74926,CN1CC[C@@]2(C)c3cc(OC(=O)Nc4ccccc4)ccc3N(C)[C@@H]12,IC50,21.0,nM,7.68
ACHE,CHEMBL220,CHEMBL340542,COc1ccc(C(=O)n2cc(/C=C3\CN(Cc4ccccc4)CCC3=O)c3ccccc32)cc1,IC50,70000.0,nM,4.16
ACHE,CHEMBL220,CHEMBL128894,O=C1CCN(Cc2ccccc2)C/C1=C\c1cccn1C(=O)c1ccccc1,IC50,30000.0,nM,4.52
ACHE,CHEMBL220,CHEMBL340866,O=C1/C(=C/c2ccc[nH]2)CN(Cc2ccccc2)C/C1=C\c1ccc[nH]1,IC50,18000.0,nM,4.75
ACHE,CHEMBL220,CHEMBL337002,N#Cc1ccc(C(=O)n2cc(/C=C3\CN(Cc4ccccc4)CCC3=O)c3ccccc32)cc1,IC50,20000.0,nM,4.70
ACHE,CHEMBL220,CHEMBL422971,O=C1/C(=C/c2cc[nH]c2)CN(Cc2ccccc2)C/C1=C\c1cc[nH]c1,IC50,6000.0,nM,5.22
ACHE,CHEMBL220,CHEMBL340854,O=C1CCN(Cc2ccccc2)C/C1=C\c1c[nH]c2ccc(OCc3ccccc3)cc12,IC50,25000.0,nM,4.60
ACHE,CHEMBL220,CHEMBL340599,O=C1CCN(Cc2ccccc2)C/C1=C\c1cn(C(=O)c2ccc(Cl)cc2)c2ccccc12,IC50,50000.0,nM,4.30
ACHE,CHEMBL220,CHEMBL128292,O=C1CCN(Cc2ccccc2)C/C1=C\c1cn(C(=O)c2ccc([N+](=O)[O-])cc2)c2ccccc12,IC50,50000.0,nM,4.30
ACHE,CHEMBL220,CHEMBL348318,CN1CCC(C2Cc3ccccc3C2=O)CC1,IC50,3300.0,nM,5.48
ACHE,CHEMBL220,CHEMBL263322,CN1CCC(CCCC2Cc3ccccc3C2=O)CC1,IC50,1.5,nM,8.82
ACHE,CHEMBL220,CHEMBL340216,COc1ccc2[nH]cc(/C=C3\CN(Cc4ccccc4)CCC3=O)c2c1,IC50,6000.0,nM,5.22
ACHE,CHEMBL220,CHEMBL131286,O=C1CCN(Cc2ccccc2)C/C1=C\c1cn(C(=O)c2ccc(F)cc2)c2ccccc12,IC50,60000.0,nM,4.22
ACHE,CHEMBL220,CHEMBL131318,COc1ccc2c(c1)c(/C=C1\CN(Cc3ccccc3)CCC1=O)cn2C(=O)c1ccccc1,IC50,80000.0,nM,4.10
ACHE,CHEMBL220,CHEMBL132494,O=C1CCN(Cc2ccccc2)C/C1=C\c1cn(S(=O)(=O)c2ccccc2)c2ccccc12,IC50,,nM,
ACHE,CHEMBL220,CHEMBL340929,CC(C)(C)OC(=O)n1cc(/C=C2\CN(Cc3ccccc3)CCC2=O)c2ccccc21,IC50,30000.0,nM,4.52
ACHE,CHEMBL220,CHEMBL156157,CN1CCN(CC2Cc3ccccc3C2=O)CC1,IC50,94.0,nM,7.03
ACHE,CHEMBL220,CHEMBL129684,CC(=O)n1cc(/C=C2\CN(Cc3ccccc3)CCC2=O)c2ccccc21,IC50,11000.0,nM,4.96
ACHE,CHEMBL220,CHEMBL502,COc1cc2c(cc1OC)C(=O)C(CC1CCN(Cc3ccccc3)CC1)C2,IC50,40.0,nM,7.40
ACHE,CHEMBL220,CHEMBL155121,CC1CCN(Cc2cccc3ccccc23)CC1,IC50,220.0,nM,6.66
ACHE,CHEMBL220,CHEMBL153865,CN1CCC(C[C@@H]2Cc3ccccc3C2=O)CC1,IC50,5.3,nM,8.28
ACHE,CHEMBL220,CHEMBL157410,CN1CCC(CC2=Cc3ccccc3C2)CC1,IC50,4400.0,nM,5.36
ACHE,CHEMBL220,CHEMBL155945,CN1CCC(CC/C=C2\Cc3ccccc3C2=O)CC1,IC50,0.82,nM,9.09
ACHE,CHEMBL220,CHEMBL158232,CC1CCN(Cc2ccccc2)CC1,IC50,5.3,nM,8.28
ACHE,CHEMBL220,CHEMBL340409,O=C1CCN(Cc2ccccc2)C/C1=C\c1ccc[nH]1,IC50,11000.0,nM,4.96
ACHE,CHEMBL220,CHEMBL335329,O=C1CCN(Cc2ccccc2)C/C1=C\c1ccn(C(=O)c2ccccc2)c1,IC50,30000.0,nM,4.52
ACHE,CHEMBL220,CHEMBL155768,CC1CCN(C(=O)c2ccccc2)CC1,IC50,10000.0,nM,5.00
ACHE,CHEMBL220,CHEMBL130831,O=C1CCN(Cc2ccccc2)C/C1=C\c1cn(C(=O)c2ccccc2)c2ccccc12,IC50,70000.0,nM,4.16
ACHE,CHEMBL220,CHEMBL155746,CN1CCC(/C=C/C=C2\Cc3ccccc3C2=O)CC1,IC50,3.0,nM,8.52
ACHE,CHEMBL220,CHEMBL347354,CC1CCN(Cc2ccccc2[N+](=O)[O-])CC1,IC50,160.0,nM,6.80
ACHE,CHEMBL220,CHEMBL130738,Cc1[nH]c(C)c(/C=C2\CN(Cc3ccccc3)CCC2=O)c1C=O,IC50,30000.0,nM,4.52
ACHE,CHEMBL220,CHEMBL158174,Cc1ccccc1CN1CCC(C)CC1,IC50,10.0,nM,8.00
ACHE,CHEMBL220,CHEMBL345241,CC1CCN(CC2CCCCC2)CC1,IC50,8.9,nM,8.05
ACHE,CHEMBL220,CHEMBL156763,CC1CCN(CC2Cc3ccccc3C2=O)CC1,IC50,480.0,nM,6.32
ACHE,CHEMBL220,CHEMBL343237,CC1CCN(CCc2ccccc2)CC1,IC50,180.0,nM,6.75
ACHE,CHEMBL220,CHEMBL345905,CN1CCC(C[C@H]2Cc3ccccc3C2=O)CC1,IC50,7.7,nM,8.11
ACHE,CHEMBL220,CHEMBL54126,CN(C)C(=O)Oc1cccc([N+](C)(C)C)c1.[Br-],IC50,600.0,nM,6.22
ACHE,CHEMBL220,CHEMBL128172,O=C1CCN(Cc2ccccc2)C/C1=C\c1c[nH]c2ccccc12,IC50,8000.0,nM,5.10
ACHE,CHEMBL220,CHEMBL157017,CN1CCC(=C2Cc3ccccc3C2=O)CC1,IC50,1200.0,nM,5.92
ACHE,CHEMBL220,CHEMBL155128,CC1CCN(Cc2ccc3ccccc3c2)CC1,IC50,2900.0,nM,5.54
ACHE,CHEMBL220,CHEMBL132009,O=C1CCN(Cc2ccccc2)C/C1=C\c1cn(C(=O)c2ccccc2)c2ccc(OCc3ccccc3)cc12,IC50,,nM,
ACHE,CHEMBL220,CHEMBL345847,CN1CCC(CCN2C(=O)c3ccccc3C2=O)CC1,IC50,0.9,nM,9.05
ACHE,CHEMBL220,CHEMBL158252,CN1CCC(CCC2C(=O)Nc3ccccc3C2=O)CC1,IC50,4.2,nM,8.38
ACHE,CHEMBL220,CHEMBL156874,CN1CCC(/C=C2\Cc3ccccc3C2=O)CC1,IC50,8.4,nM,8.08
ACHE,CHEMBL220,CHEMBL95,Nc1c2c(nc3ccccc13)CCCC2,IC50,180.0,nM,6.75
ACHE,CHEMBL220,CHEMBL341251,O=C1CCN(Cc2ccccc2)C/C1=C\c1cc[nH]c1,IC50,6000.0,nM,5.22
ACHE,CHEMBL220,CHEMBL445124,O=C1CCN(Cc2ccccc2)C/C1=C\c1cn(Cc2ccccc2)c2ccccc12,IC50,100000.0,nM,
ACHE,CHEMBL220,CHEMBL92142,c1ccc(CN2CCC(CCc3nccc4ccccc34)CC2)cc1,IC50,219.79,nM,6.66
ACHE,CHEMBL220,CHEMBL553187,CN(CCCCCNc1ccc(-c2ccccc2)nn1)Cc1ccccc1.Cl,IC50,930.0,nM,6.03
ACHE,CHEMBL220,CHEMBL130956,Cc1ccc(NC(=O)Oc2ccc3c(c2)[C@]2(C)CCN(C)[C@@H]2N3C)cc1,IC50,140.0,nM,6.85
ACHE,CHEMBL220,CHEMBL93936,c1ccc(CN2CCC(CCc3noc4cc(N5CCOCC5)ccc34)CC2)cc1,IC50,0.7998,nM,9.10
ACHE,CHEMBL220,CHEMBL335167,CCc1cccc(CC)c1NC(=O)Oc1ccc2c(c1)[C@]1(C)CCN(C)[C@@H]1N2C,IC50,1500.0,nM,5.82
ACHE,CHEMBL220,CHEMBL92629,c1ccc(CN2CCC(CNc3noc4ccccc34)CC2)cc1,IC50,319.89,nM,6.50
ACHE,CHEMBL220,CHEMBL130270,CC(C)c1ccccc1NC(=O)Oc1ccc2c(c1)[C@]1(C)CCN(C)[C@@H]1N2C,IC50,15.0,nM,7.82
ACHE,CHEMBL220,CHEMBL340867,Cc1cccc(C)c1NC(=O)Oc1ccc2c(c1)[C@]1(C)CCN(C)[C@@H]1N2C,IC50,785.0,nM,6.11
ACHE,CHEMBL220,CHEMBL330004,Brc1ccc2c(CCC3CCN(Cc4ccccc4)CC3)noc2c1,IC50,50.0,nM,7.30
ACHE,CHEMBL220,CHEMBL93123,O=C(Nc1ccc2c(CCC3CCN(Cc4ccccc4)CC3)noc2c1)c1ccccc1,IC50,9.397,nM,8.03
ACHE,CHEMBL220,CHEMBL420625,Nc1ccc2c(CCC3CCN(Cc4ccccc4)CC3)noc2c1,IC50,20.0,nM,7.70
ACHE,CHEMBL220,CHEMBL92460,c1ccc(CN2CCC(CCc3noc4ccccc34)CC2)cc1,IC50,54.95,nM,7.26
ACHE,CHEMBL220,CHEMBL340391,CCc1ccccc1NC(=O)Oc1ccc2c(c1)[C@]1(C)CCN(C)[C@@H]1N2C,IC50,10.0,nM,8.00
ACHE,CHEMBL220,CHEMBL92955,O=S(=O)(Nc1ccc2c(CCC3CCN(Cc4ccccc4)CC3)noc2c1)c1ccccc1,IC50,14.0,nM,7.85
ACHE,CHEMBL220,CHEMBL131210,Cc1cc(C)cc(NC(=O)Oc2ccc3c(c2)[C@]2(C)CCN(C)[C@@H]2N3C)c1,IC50,78.0,nM,7.11
ACHE,CHEMBL220,CHEMBL126939,C(=C/C1CCN(Cc2ccccc2)CC1)\c1noc2ccccc12,IC50,209.89,nM,6.68
ACHE,CHEMBL220,CHEMBL329531,c1ccc(CN2CCC(CCc3ncnc4ccccc34)CC2)cc1,IC50,340.41,nM,6.47
ACHE,CHEMBL220,CHEMBL418955,COc1ccc2c(CCC3CCN(Cc4ccccc4)CC3)noc2c1,IC50,8.299,nM,8.08
ACHE,CHEMBL220,CHEMBL94,CNC(=O)Oc1ccc2c(c1)[C@]1(C)CCN(C)[C@@H]1N2C,IC50,18.97,nM,7.72
ACHE,CHEMBL220,CHEMBL94,CNC(=O)Oc1ccc2c(c1)[C@]1(C)CCN(C)[C@@H]1N2C,IC50,28.0,nM,7.55
ACHE,CHEMBL220,CHEMBL92663,NC(=O)c1ccc2c(CCC3CCN(Cc4ccccc4)CC3)noc2c1,IC50,8.79,nM,8.06
ACHE,CHEMBL220,CHEMBL502,COc1cc2c(cc1OC)C(=O)C(CC1CCN(Cc3ccccc3)CC1)C2,IC50,7.998,nM,8.10
ACHE,CHEMBL220,CHEMBL131598,Cc1cccc(NC(=O)Oc2ccc3c(c2)[C@]2(C)CCN(C)[C@@H]2N3C)c1,IC50,28.0,nM,7.55
ACHE,CHEMBL220,CHEMBL543711,Cl.c1ccc(-c2ccc(NCCCCCN3CCc4ccccc4C3)nn2)cc1,IC50,47000.0,nM,4.33
ACHE,CHEMBL220,CHEMBL335962,Cc1cccc(NC(=O)Oc2ccc3c(c2)[C@]2(C)CCN(C)[C@@H]2N3C)c1C,IC50,23.0,nM,7.64
ACHE,CHEMBL220,CHEMBL131825,CN(C(=O)Oc1ccc2c(c1)[C@]1(C)CCN(C)[C@@H]1N2C)c1ccccc1,IC50,690.0,nM,6.16
ACHE,CHEMBL220,CHEMBL93619,COc1cccc2c(CCC3CCN(Cc4ccccc4)CC3)noc12,IC50,7.096,nM,8.15
ACHE,CHEMBL220,CHEMBL134251,CNC(=O)Oc1cc2c(cc1C)N(C)[C@H]1N(C)CC[C@@]21C,IC50,10000.0,nM,
ACHE,CHEMBL220,CHEMBL337675,Cc1ccc(C)c(NC(=O)Oc2ccc3c(c2)[C@]2(C)CCN(C)[C@@H]2N3C)c1,IC50,26.0,nM,7.58
ACHE,CHEMBL220,CHEMBL94186,COc1ccc2onc(CCC3CCN(Cc4ccccc4)CC3)c2c1,IC50,7.194,nM,8.14
ACHE,CHEMBL220,CHEMBL92463,Oc1ccc2c(CCC3CCN(Cc4ccccc4)CC3)noc2c1,IC50,26.0,nM,7.58
ACHE,CHEMBL220,CHEMBL95,Nc1c2c(nc3ccccc13)CCCC2,IC50,269.77,nM,6.57
ACHE,CHEMBL220,CHEMBL335220,Cc1ccc(NC(=O)Oc2ccc3c(c2)[C@]2(C)CCN(C)[C@@H]2N3C)c(C)c1,IC50,14.0,nM,7.85
ACHE,CHEMBL220,CHEMBL130363,Cc1cc(C)c(NC(=O)Oc2ccc3c(c2)[C@]2(C)CCN(C)[C@@H]2N3C)c(C)c1,IC50,1300.0,nM,5.89
ACHE,CHEMBL220,CHEMBL92958,c1ccc(CN2CCC(CCc3n[nH]c4ccccc34)CC2)cc1,IC50,119.95,nM,6.92
ACHE,CHEMBL220,CHEMBL130672,Cc1ccc(NC(=O)Oc2ccc3c(c2)[C@]2(C)CCN(C)[C@@H]2N3C)cc1C,IC50,31.0,nM,7.51
ACHE,CHEMBL220,CHEMBL94059,c1ccc(CN2CCC(COc3noc4ccccc34)CC2)cc1,IC50,2582.26,nM,5.59
ACHE,CHEMBL220,CHEMBL74926,CN1CC[C@@]2(C)c3cc(OC(=O)Nc4ccccc4)ccc3N(C)[C@@H]12,IC50,22.0,nM,7.66
ACHE,CHEMBL220,CHEMBL132531,Cc1cc2c(cc1OC(=O)Nc1ccccc1)[C@]1(C)CCN(C)[C@@H]1N2C,IC50,260.0,nM,6.58
ACHE,CHEMBL220,CHEMBL132285,CN(C)Cc1cc2c(cc1OC(=O)Nc1ccccc1)[C@]1(C)CCN(C)[C@@H]1N2C,IC50,2500.0,nM,5.60
ACHE,CHEMBL220,CHEMBL433379,Cc1ccc2onc(CCC3CCN(Cc4ccccc4)CC3)c2c1,IC50,7.798,nM,8.11
ACHE,CHEMBL220,CHEMBL129837,CC(C)c1ccc(NC(=O)Oc2ccc3c(c2)[C@]2(C)CCN(C)[C@@H]2N3C)cc1,IC50,760.0,nM,6.12
ACHE,CHEMBL220,CHEMBL328102,c1ccc(CN2CCC(CCc3nsc4ccccc34)CC2)cc1,IC50,97.72,nM,7.01
ACHE,CHEMBL220,CHEMBL130458,Cc1ccccc1NC(=O)Oc1ccc2c(c1)[C@]1(C)CCN(C)[C@@H]1N2C,IC50,10.0,nM,8.00
ACHE,CHEMBL220,CHEMBL92775,N#Cc1ccc2c(CCC3CCN(Cc4ccccc4)CC3)noc2c1,IC50,100.93,nM,7.00
ACHE,CHEMBL220,CHEMBL92736,CC(=O)Nc1ccc2c(CCC3CCN(Cc4ccccc4)CC3)noc2c1,IC50,2.799,nM,8.55
ACHE,CHEMBL220,CHEMBL91291,Cc1cc2onc(CCC3CCN(Cc4ccccc4)CC3)c2cc1C,IC50,5.794,nM,8.24
ACHE,CHEMBL220,CHEMBL11391,CC(C)C(NC(=O)Cn1c(-c2ccccc2)ccc(NC(=O)OCc2ccccc2)c1=O)C(=O)C(F)(F)F,Ki,,nM,
ACHE,CHEMBL220,CHEMBL94,CNC(=O)Oc1ccc2c(c1)[C@]1(C)CCN(C)[C@@H]1N2C,IC50,128.0,nM,6.89
ACHE,CHEMBL220,CHEMBL413765,CCCCCCNC(=O)Oc1ccc2c(c1)[C@]1(C)CCN(CC)[C@@H]1C2,IC50,20.0,nM,7.70
ACHE,CHEMBL220,CHEMBL359198,CCCCCCNC(=O)Oc1ccc2c(c1)[C@@]1(C)CCN(CC)[C@H]1C2,IC50,233.0,nM,6.63
ACHE,CHEMBL220,CHEMBL609671,CCCCNC(=O)Oc1ccc2c(c1)[C@]1(C)CCN(C)C1N2C,IC50,152.0,nM,6.82
ACHE,CHEMBL220,CHEMBL609672,CC(C)NC(=O)Oc1ccc2c(c1)[C@]1(C)CCN(C)C1N2C,IC50,35000.0,nM,4.46
ACHE,CHEMBL220,CHEMBL612098,CCN(CC)C(=O)Oc1ccc2c(c1)[C@]1(C)CCN(C)C1N2C,IC50,40000.0,nM,4.40
ACHE,CHEMBL220,CHEMBL612099,CN(C(=O)NCc1ccccc1)C(=O)Oc1ccc2c(c1)[C@]1(C)CCN(C)C1N2C,IC50,6300.0,nM,5.20
ACHE,CHEMBL220,CHEMBL54126,CN(C)C(=O)Oc1cccc([N+](C)(C)C)c1.[Br-],IC50,91.0,nM,7.04
ACHE,CHEMBL220,CHEMBL612100,CN1CC[C@@]2(C)c3cc(OC(=O)NCc4ccccc4)ccc3N(C)C12,IC50,460.0,nM,6.34
ACHE,CHEMBL220,CHEMBL539109,CNC(=O)Oc1ccc2c(c1)[C@]1(C)CC[N+](C)(C)C1N2C.COS(=O)(=O)[O-],IC50,34.0,nM,7.47
ACHE,CHEMBL220,CHEMBL95,Nc1c2c(nc3ccccc13)CCCC2,IC50,76.0,nM,7.12
ACHE,CHEMBL220,CHEMBL609409,CN1CC[C@@]2(C)c3cc(OC(=O)Nc4ccc(Cl)cc4)ccc3N(C)C12,IC50,1800.0,nM,5.75
ACHE,CHEMBL220,CHEMBL54727,CN1CC[C@@]2(C)c3cc(OC(=O)Nc4ccccc4)ccc3N(C)C12,IC50,350.0,nM,6.46
ACHE,CHEMBL220,CHEMBL609149,CN(C)C(=O)Oc1ccc2c(c1)[C@]1(C)CCN(C)C1N2C,IC50,970.0,nM,6.01
ACHE,CHEMBL220,CHEMBL60745,CC[N+](C)(C)c1cccc(O)c1.[Br-],IC50,780.0,nM,6.11
ACHE,CHEMBL220,CHEMBL94,CNC(=O)Oc1ccc2c(c1)[C@]1(C)CCN(C)[C@@H]1N2C,IC50,57.0,nM,7.24
ACHE,CHEMBL220,CHEMBL609150,CCCCCCCCNC(=O)Oc1ccc2c(c1)[C@]1(C)CCN(C)C1N2C,IC50,110.0,nM,6.96
ACHE,CHEMBL220,CHEMBL140020,C=CC[N+](C)(C)c1ccc(CCC(=O)CCc2ccc([N+](C)(C)CC=C)cc2)cc1,IC50,8.0,nM,8.10
ACHE,CHEMBL220,CHEMBL609668,COc1ccc(NC(=O)Oc2ccc3c(c2)[C@]2(C)CCN(C)C2N3C)cc1,IC50,1700.0,nM,5.77
ACHE,CHEMBL220,CHEMBL542467,CNC(=O)Oc1cccc(CN(C)CCCCCCCCCOc2ccc3c(=O)c4ccccc4oc3c2)c1.Cl,IC50,11.7,nM,7.93
ACHE,CHEMBL220,CHEMBL540833,CNC(=O)Oc1ccc2c(c1)CN(CCCOc1ccc3c(=O)c4ccccc4oc3c1)CC2.Cl,IC50,12.4,nM,7.91
ACHE,CHEMBL220,CHEMBL127465,CN(CCCOc1ccc2c(=O)c3ccccc3oc2c1)Cc1cccc(OC(=O)NCCCCCCCCN2CCOCC2)c1,IC50,27.4,nM,7.56
ACHE,CHEMBL220,CHEMBL340427,CNC(=O)Oc1cccc(CN(C)CCCOc2ccc3c(=O)c4ccccc4oc3c2)c1,IC50,0.3,nM,9.52
ACHE,CHEMBL220,CHEMBL544592,CNC(=O)Oc1cccc(CN(C)CCCOc2ccc(C(=O)c3ccccc3)cc2)c1.Cl,IC50,5.4,nM,8.27
ACHE,CHEMBL220,CHEMBL124933,CNC(=O)Oc1cccc(CN(C)CCCCCCOc2ccc3c(=O)c4ccccc4oc3c2)c1,IC50,1.4,nM,8.85
ACHE,CHEMBL220,CHEMBL542220,CNC(=O)Oc1cccc(CN(C)CCCOc2ccc3ccccc3c2)c1.Cl,IC50,82.6,nM,7.08
ACHE,CHEMBL220,CHEMBL127857,CN(CCCOc1ccc2c(=O)c3ccccc3oc2c1)Cc1cccc(OC(=O)NCCCCCCCCCN2CCOCC2)c1,IC50,29.3,nM,7.53
ACHE,CHEMBL220,CHEMBL557405,CNC(=O)Oc1cccc(CN(C)CCCCCCCCOc2ccc3c(=O)c4ccccc4oc3c2)c1.Cl,IC50,6.8,nM,8.17
ACHE,CHEMBL220,CHEMBL340228,CN(CCCOc1ccc2c(=O)c3ccccc3oc2c1)Cc1cccc(OC(=O)NCCCCCCN2CCOCC2)c1,IC50,21.1,nM,7.68
ACHE,CHEMBL220,CHEMBL94,CNC(=O)Oc1ccc2c(c1)[C@]1(C)CCN(C)[C@@H]1N2C,IC50,14.1,nM,7.85
ACHE,CHEMBL220,CHEMBL544126,CNC(=O)Oc1cccc(CN(C)CCCOc2cccc(Cc3ccccc3)c2)c1.Cl,IC50,24.7,nM,7.61
ACHE,CHEMBL220,CHEMBL543655,CNC(=O)Oc1cccc(CN(C)CCCCCCCOc2ccc3c(=O)c4ccccc4oc3c2)c1.Cl,IC50,0.32,nM,9.49
ACHE,CHEMBL220,CHEMBL124156,CNC(=O)Oc1cccc(CN(C)CCCOc2ccc(-c3ccccc3)cc2)c1,IC50,54.6,nM,7.26
ACHE,CHEMBL220,CHEMBL340171,CN(CCCOc1ccc2c(=O)c3ccccc3oc2c1)Cc1cccc(OC(=O)NCCCCCCCN2CCOCC2)c1,IC50,26.2,nM,7.58
ACHE,CHEMBL220,CHEMBL539045,CNC(=O)Oc1cccc(CN(C)CCCOc2ccccc2)c1.Cl,IC50,79.6,nM,7.10
ACHE,CHEMBL220,CHEMBL553803,CNC(=O)Oc1cccc(CN(C)CC#CCOc2ccc3c(=O)c4ccccc4oc3c2)c1.Cl,IC50,210.0,nM,6.68
ACHE,CHEMBL220,CHEMBL544823,CNC(=O)Oc1cccc(CN(C)CCCCCCCCCCOc2ccc3c(=O)c4ccccc4oc3c2)c1.Cl,IC50,21.8,nM,7.66
ACHE,CHEMBL220,CHEMBL99581,CNC(=O)Oc1ccc2c(c1)[C@]1(C)CCN(C)C1N2C=O,IC50,387.5,nM,6.41
ACHE,CHEMBL220,CHEMBL174228,CCN(CCCCCC(=O)N(C)CCCCCCCCN(C)C(=O)CCCCCN(CC)Cc1ccccc1C)Cc1ccccc1C,IC50,56.23,nM,7.25
ACHE,CHEMBL220,CHEMBL173935,CC[N+](C)(CCCCCC(=O)N(C)CCCCCCCCN(C)C(=O)CCCCC[N+](C)(CC)Cc1ccccc1Cl)Cc1ccccc1Cl,IC50,19.5,nM,7.71
ACHE,CHEMBL220,CHEMBL176521,CC[N+](C)(CCCCCC(=O)N(CCCCCCCCN(C(=O)CCCCC[N+](C)(CC)Cc1ccccc1OC)C(C)C)C(C)C)Cc1ccccc1OC,IC50,8.128,nM,8.09
ACHE,CHEMBL220,CHEMBL319541,CN1CC[C@@]2(C)c3cc(OC(=O)Nc4ccccc4)ccc3N(Cc3ccccc3)C12,IC50,245.3,nM,6.61
ACHE,CHEMBL220,CHEMBL79012,COc1ccc(CN(C)CCCCCC(=O)N(C)CCCCCCCCN(C)C(=O)CCCCCN(C)Cc2ccc(OC)cc2)cc1,IC50,5754.4,nM,5.24
ACHE,CHEMBL220,CHEMBL99655,CN1CC[C@]2(C)c3cc(OC(=O)Nc4ccccc4)ccc3N(Cc3ccccc3)C12,IC50,11223.0,nM,4.95
ACHE,CHEMBL220,CHEMBL317162,CNC(=O)Oc1ccc2c(c1)[C@@]1(C)CCN(C)C1N2Cc1ccccc1,IC50,2847.5,nM,5.55
ACHE,CHEMBL220,CHEMBL143055,CCN(CCCCCC(=O)N(CCCCCCCCN(C(=O)CCCCCN(CC)Cc1ccccc1OC)C(C)C)C(C)C)Cc1ccccc1OC,IC50,18.2,nM,7.74
ACHE,CHEMBL220,CHEMBL609977,CC[N+](C)(CCCCCC(=O)N(C)CCCCCCCCN(C)C(=O)CCCCC[N+](C)(CC)Cc1ccccc1[N+](=O)[O-])Cc1ccccc1[N+](=O)[O-].[I-].[I-],IC50,12.3,nM,7.91
ACHE,CHEMBL220,CHEMBL609977,CC[N+](C)(CCCCCC(=O)N(C)CCCCCCCCN(C)C(=O)CCCCC[N+](C)(CC)Cc1ccccc1[N+](=O)[O-])Cc1ccccc1[N+](=O)[O-].[I-].[I-],IC50,12.59,nM,7.90
ACHE,CHEMBL220,CHEMBL609977,CC[N+](C)(CCCCCC(=O)N(C)CCCCCCCCN(C)C(=O)CCCCC[N+](C)(CC)Cc1ccccc1[N+](=O)[O-])Cc1ccccc1[N+](=O)[O-].[I-].[I-],IC50,12.88,nM,7.89
ACHE,CHEMBL220,CHEMBL174710,COc1ccccc1CN(CCCCCC(=O)N(C)CCCCCCCCN(C)C(=O)CCCCCN(Cc1ccccc1OC)C(C)C)C(C)C,IC50,72.44,nM,7.14
ACHE,CHEMBL220,CHEMBL94,CNC(=O)Oc1ccc2c(c1)[C@]1(C)CCN(C)[C@@H]1N2C,IC50,17.78,nM,7.75
ACHE,CHEMBL220,CHEMBL80221,CNC(=O)Oc1ccc2c(c1)[C@]1(C)CCN(C)C1N2Cc1ccccc1,IC50,160.8,nM,6.79
ACHE,CHEMBL220,CHEMBL176773,COc1cccc(CN(C)CCCCCC(=O)N(C)CCCCCCCCN(C)C(=O)CCCCCN(C)Cc2cccc(OC)c2)c1,IC50,676.08,nM,6.17
ACHE,CHEMBL220,CHEMBL174046,CC[N+](C)(CCCCCC(=O)N(C)CCCCCCCCN(C)C(=O)CCCCC[N+](C)(CC)Cc1ccccc1C(F)(F)F)Cc1ccccc1C(F)(F)F,IC50,11.75,nM,7.93
ACHE,CHEMBL220,CHEMBL176308,CCN(CCCCCC(=O)N(C)CCCCCCCCN(C)C(=O)CCCCCN(CC)Cc1ccccc1[N+](=O)[O-])Cc1ccccc1[N+](=O)[O-],IC50,794.33,nM,6.10
ACHE,CHEMBL220,CHEMBL176308,CCN(CCCCCC(=O)N(C)CCCCCCCCN(C)C(=O)CCCCCN(CC)Cc1ccccc1[N+](=O)[O-])Cc1ccccc1[N+](=O)[O-],IC50,32.36,nM,7.49
ACHE,CHEMBL220,CHEMBL176308,CCN(CCCCCC(=O)N(C)CCCCCCCCN(C)C(=O)CCCCCN(CC)Cc1ccccc1[N+](=O)[O-])Cc1ccccc1[N+](=O)[O-],IC50,79.43,nM,7.10
ACHE,CHEMBL220,CHEMBL137059,CC[N+](C)(CCCCCC(=O)N(C)CCCCCCCCN(C)C(=O)CCCCC[N+](C)(CC)Cc1ccccc1)Cc1ccccc1,IC50,37.15,nM,7.43
ACHE,CHEMBL220,CHEMBL263785,CCCOc1ccccc1C[N+](C)(CC)CCCCCC(=O)N(C)CCCCCCCCN(C)C(=O)CCCCC[N+](C)(CC)Cc1ccccc1OCCC,IC50,17.38,nM,7.76
ACHE,CHEMBL220,CHEMBL173607,CC[N+](C)(CCCCCC(=O)N(C)CCCCCCCCN(C)C(=O)CCCCC[N+](C)(CC)Cc1ccccc1C)Cc1ccccc1C,IC50,16.6,nM,7.78
ACHE,CHEMBL220,CHEMBL95,Nc1c2c(nc3ccccc13)CCCC2,IC50,251.19,nM,6.60
ACHE,CHEMBL220,CHEMBL95,Nc1c2c(nc3ccccc13)CCCC2,Ki,151.0,nM,6.82
ACHE,CHEMBL220,CHEMBL368075,CCCOc1ccccc1CN(CC)CCCCCC(=O)N(C)CCCCCCCCN(C)C(=O)CCCCCN(CC)Cc1ccccc1OCCC,IC50,33.88,nM,7.47
ACHE,CHEMBL220,CHEMBL75919,CN1CC[C@]2(C)c3cc(OC(=O)Nc4ccccc4)ccc3N(C)C12,IC50,3500.5,nM,5.46
ACHE,CHEMBL220,CHEMBL76640,CNC(=O)Oc1ccc2c(c1)[C@@]1(C)CCN(C)C1N2C,IC50,9887.0,nM,5.00
ACHE,CHEMBL220,CHEMBL100366,CN1CC[C@@]2(C)c3cc(OC(=O)Nc4ccccc4)ccc3N(C=O)C12,IC50,780.4,nM,6.11
ACHE,CHEMBL220,CHEMBL173136,CCN(CCCCCC(=O)N(C)CCCCCCCCN(C)C(=O)CCCCCN(CC)Cc1ccccc1C(F)(F)F)Cc1ccccc1C(F)(F)F,IC50,4570.88,nM,5.34
ACHE,CHEMBL220,CHEMBL173309,CCN(CCCCCC(=O)N(C)CCCCCCCCN(C)C(=O)CCCCCN(CC)Cc1ccccc1OC)Cc1ccccc1OC,IC50,18.62,nM,7.73
ACHE,CHEMBL220,CHEMBL173309,CCN(CCCCCC(=O)N(C)CCCCCCCCN(C)C(=O)CCCCCN(CC)Cc1ccccc1OC)Cc1ccccc1OC,IC50,16.22,nM,7.79
ACHE,CHEMBL220,CHEMBL173309,CCN(CCCCCC(=O)N(C)CCCCCCCCN(C)C(=O)CCCCCN(CC)Cc1ccccc1OC)Cc1ccccc1OC,IC50,17.38,nM,7.76
ACHE,CHEMBL220,CHEMBL173309,CCN(CCCCCC(=O)N(C)CCCCCCCCN(C)C(=O)CCCCCN(CC)Cc1ccccc1OC)Cc1ccccc1OC,Ki,12.2,nM,7.91
ACHE,CHEMBL220,CHEMBL175047,CCN(CCCCCCOCCCCCCCCOCCCCCCN(CC)Cc1ccccc1OC)Cc1ccccc1OC,IC50,204.17,nM,6.69
ACHE,CHEMBL220,CHEMBL176585,CCN(CCCCCC(=O)N(C)CCCCCCCCN(C)C(=O)CCCCCN(CC)Cc1ccccc1)Cc1ccccc1,IC50,48.98,nM,7.31
ACHE,CHEMBL220,CHEMBL99414,CNC(=O)Oc1ccc2c(c1)[C@@]1(C)CCN(C)C1N2,IC50,2193.5,nM,5.66
ACHE,CHEMBL220,CHEMBL177052,CCN(CCCCCC(=O)N(C)CCCCCCCCN(C)C(=O)CCCCCN(CC)Cc1ccccc1Cl)Cc1ccccc1Cl,IC50,112.2,nM,6.95
ACHE,CHEMBL220,CHEMBL172442,CC[N+](C)(CCCCCCOCCCCCCCCOCCCCCC[N+](C)(CC)Cc1ccccc1OC)Cc1ccccc1OC,IC50,77.62,nM,7.11
ACHE,CHEMBL220,CHEMBL11805,COc1ccccc1CN(C)CCCCCC(=O)N(C)CCCCCCCCN(C)C(=O)CCCCCN(C)Cc1ccccc1OC,Ki,104.0,nM,
ACHE,CHEMBL220,CHEMBL173018,CC[N+](C)(CCCCCC(=O)N(C)CCCCCCCCN(C)C(=O)CCCCC[N+](C)(CC)Cc1ccccc1OC)Cc1ccccc1OC,IC50,12.02,nM,7.92
ACHE,CHEMBL220,CHEMBL173018,CC[N+](C)(CCCCCC(=O)N(C)CCCCCCCCN(C)C(=O)CCCCC[N+](C)(CC)Cc1ccccc1OC)Cc1ccccc1OC,IC50,10.96,nM,7.96
ACHE,CHEMBL220,CHEMBL99284,CN1CC[C@]2(C)c3cc(OC(=O)Nc4ccccc4)ccc3NC12,IC50,5654.5,nM,5.25
ACHE,CHEMBL220,CHEMBL59730,Nc1c2c(nc3cc(Cl)ccc13)-c1ccccc1C2,IC50,6606.93,nM,5.18
ACHE,CHEMBL220,CHEMBL59782,CCCCCCCNc1c2c(nc3cc(Cl)ccc13)CCCC2,IC50,13.0,nM,7.89
ACHE,CHEMBL220,CHEMBL59782,CCCCCCCNc1c2c(nc3cc(Cl)ccc13)CCCC2,IC50,13.18,nM,7.88
ACHE,CHEMBL220,CHEMBL25629,C[C@]12CC[C@H](O)[C@@](C)(CO)C1C[C@H](O)[C@@]1(C)Oc3cc(-c4cccnc4)oc(=O)c3C(=O)C21,IC50,35000.0,nM,4.46
ACHE,CHEMBL220,CHEMBL94546,CN1C(=O)Cc2cc3c(CCC4CCN(Cc5ccccc5)CC4)noc3cc21.CS(=O)(=O)O,IC50,0.48,nM,9.32
ACHE,CHEMBL220,CHEMBL293842,COc1ccc2c(c1)-c1nc3ccccc3c(N)c1C2,IC50,4265.8,nM,5.37
ACHE,CHEMBL220,CHEMBL12324,CNC(=O)Oc1ccc2c(c1)OC[C@@H]1CC[N+](C)(C)[C@H]21,IC50,1819.7,nM,5.74
ACHE,CHEMBL220,CHEMBL62085,Cc1ccc2nc3c(c(N)c2c1)CCCC3,IC50,8100.0,nM,5.09
ACHE,CHEMBL220,CHEMBL62085,Cc1ccc2nc3c(c(N)c2c1)CCCC3,IC50,8128.31,nM,5.09
ACHE,CHEMBL220,CHEMBL61929,COc1cc2nc3c(c(N)c2cc1OC)CCCC3,IC50,5200.0,nM,5.28
ACHE,CHEMBL220,CHEMBL61929,COc1cc2nc3c(c(N)c2cc1OC)CCCC3,IC50,5128.61,nM,5.29
ACHE,CHEMBL220,CHEMBL294745,Nc1ccc2c(N)c3c(nc2c1)-c1ccccc1C3,IC50,28840.32,nM,4.54
ACHE,CHEMBL220,CHEMBL59977,Nc1c2c(nc3ccc([N+](=O)[O-])cc13)CCCC2,IC50,3000.0,nM,5.52
ACHE,CHEMBL220,CHEMBL59977,Nc1c2c(nc3ccc([N+](=O)[O-])cc13)CCCC2,IC50,3019.95,nM,5.52
ACHE,CHEMBL220,CHEMBL60308,Nc1ccc2nc3c(c(N)c2c1)Cc1ccccc1-3,IC50,5888.44,nM,5.23
ACHE,CHEMBL220,CHEMBL61561,CCCCCCCNc1c2c(nc3cc(F)ccc13)CCCC2,IC50,45.0,nM,7.35
ACHE,CHEMBL220,CHEMBL61561,CCCCCCCNc1c2c(nc3cc(F)ccc13)CCCC2,IC50,45.71,nM,7.34
ACHE,CHEMBL220,CHEMBL11514,CNC(=O)Oc1ccc2c(c1)[C@@H]1[C@@H](CCN1C)CO2,IC50,16218.1,nM,4.79
ACHE,CHEMBL220,CHEMBL329012,O=C(O)/C=C\C(=O)O.O=C1Cc2cc3c(CCC4CCN(Cc5ccccc5)CC4)noc3cc2N1,IC50,0.33,nM,9.48
ACHE,CHEMBL220,CHEMBL95,Nc1c2c(nc3ccccc13)CCCC2,IC50,250.0,nM,6.60
ACHE,CHEMBL220,CHEMBL60119,Cc1ccc2c(N)c3c(nc2c1)CCCC3,IC50,100.0,nM,7.00
ACHE,CHEMBL220,CHEMBL61221,CCCCCCCNc1c2c(nc3cc(C)ccc13)CCCC2,IC50,130.0,nM,6.89
ACHE,CHEMBL220,CHEMBL61221,CCCCCCCNc1c2c(nc3cc(C)ccc13)CCCC2,IC50,128.82,nM,6.89
ACHE,CHEMBL220,CHEMBL294525,CCCCCCCNc1c2c(nc3cc([N+](=O)[O-])ccc13)CCCC2,IC50,290.0,nM,6.54
ACHE,CHEMBL220,CHEMBL294525,CCCCCCCNc1c2c(nc3cc([N+](=O)[O-])ccc13)CCCC2,IC50,295.12,nM,6.53
ACHE,CHEMBL220,CHEMBL274107,CNC(=O)Oc1cccc2c1OC[C@@H]1CCN(C)[C@H]21,IC50,22.91,nM,7.64
ACHE,CHEMBL220,CHEMBL24457,COc1cccc(-c2cc3c(c(=O)o2)C(=O)C2[C@@]4(C)CC[C@H](O)[C@@](C)(CO)C4C[C@H](O)[C@@]2(C)O3)c1,IC50,93000.0,nM,
ACHE,CHEMBL220,CHEMBL268481,CN1CC[C@H]2COc3c(O)cccc3[C@H]21,IC50,39810.72,nM,4.40
ACHE,CHEMBL220,CHEMBL25524,C[C@]12CC[C@H](O)[C@@](C)(CO)C1C[C@H](O)[C@@]1(C)Oc3cc(-c4ccccn4)oc(=O)c3C(=O)C21,IC50,101000.0,nM,
ACHE,CHEMBL220,CHEMBL292121,Nc1c2c(nc3ccccc13)-c1ccc(F)cc1C2,IC50,436.52,nM,6.36
ACHE,CHEMBL220,CHEMBL61849,CCCCCCCNc1c2c(nc3ccc(C)cc13)CCCC2,IC50,390.0,nM,6.41
ACHE,CHEMBL220,CHEMBL61849,CCCCCCCNc1c2c(nc3ccc(C)cc13)CCCC2,IC50,389.05,nM,6.41
ACHE,CHEMBL220,CHEMBL278342,COc1ccc(-c2cc3c(c(=O)o2)C[C@]2(O)[C@@]4(C)C(=O)C=CC(C)(C)[C@]4(O)CC[C@@]2(C)O3)cc1,IC50,26.0,nM,7.58
ACHE,CHEMBL220,CHEMBL62084,Nc1c2c(nc3ccc(Cl)cc13)CCCC2,IC50,550.0,nM,6.26
ACHE,CHEMBL220,CHEMBL62084,Nc1c2c(nc3ccc(Cl)cc13)CCCC2,IC50,549.54,nM,6.26
ACHE,CHEMBL220,CHEMBL25149,C[C@]12CC[C@H](O)[C@@](C)(CO)C1C[C@H](O)[C@@]1(C)Oc3cc(-c4ccc(Cl)nc4)oc(=O)c3C(=O)C21,IC50,80000.0,nM,4.10
ACHE,CHEMBL220,CHEMBL94217,CC(=O)Nc1ccc2c(CCC3CCN(Cc4ccccc4)CC3)noc2c1.O=C(O)/C=C/C(=O)O,IC50,2.8,nM,8.55
ACHE,CHEMBL220,CHEMBL64815,Cc1ccc2nc3c(c(NCc4ccccc4)c2c1)CCCC3,IC50,3700.0,nM,5.43
ACHE,CHEMBL220,CHEMBL64815,Cc1ccc2nc3c(c(NCc4ccccc4)c2c1)CCCC3,IC50,3715.35,nM,5.43
ACHE,CHEMBL220,CHEMBL328468,O=C1Cc2cc3onc(CCC4CCN(Cc5ccccc5)CC4)c3cc2N1,IC50,0.95,nM,9.02
ACHE,CHEMBL220,CHEMBL59844,Cc1ccc2c(c1)-c1nc3ccccc3c(N)c1C2,IC50,4570.88,nM,5.34
ACHE,CHEMBL220,CHEMBL302842,COc1ccc2c(N)c3c(nc2c1)CCCC3,IC50,350.0,nM,6.46
ACHE,CHEMBL220,CHEMBL302842,COc1ccc2c(N)c3c(nc2c1)CCCC3,IC50,354.81,nM,6.45
ACHE,CHEMBL220,CHEMBL2113719,O=C(CCCCCCC(=O)NCCCCCCN1CC[C@H]2COc3ccccc3[C@H]21)NCCCCCCN1CC[C@H]2COc3ccccc3[C@H]21,IC50,9772.37,nM,5.01
ACHE,CHEMBL220,CHEMBL329231,O=C1CCc2cc3c(CCC4CCN(Cc5ccccc5)CC4)noc3cc2N1,IC50,0.57,nM,9.24
ACHE,CHEMBL220,CHEMBL94,CNC(=O)Oc1ccc2c(c1)[C@]1(C)CCN(C)[C@@H]1N2C,IC50,19.0,nM,7.72
ACHE,CHEMBL220,CHEMBL292122,Cc1cccc2c1Cc1c-2nc2ccccc2c1N,IC50,3890.45,nM,5.41
ACHE,CHEMBL220,CHEMBL58122,Nc1c2c(nc3cc([N+](=O)[O-])ccc13)-c1ccccc1C2,IC50,67608.3,nM,4.17
ACHE,CHEMBL220,CHEMBL283509,COc1ccc(-c2cc3c(c(=O)o2)C[C@]2(O)[C@@]4(C)C(=O)C=CC(C)(C)[C@]4(O)CC[C@@]2(C)O3)cc1OC,IC50,1.0,nM,9.00
ACHE,CHEMBL220,CHEMBL24686,COc1cc(-c2cc3c(c(=O)o2)C[C@]2(O)[C@@]4(C)C(=O)C=CC(C)(C)[C@]4(O)CC[C@@]2(C)O3)cc(OC)c1OC,IC50,8.0,nM,8.10
ACHE,CHEMBL220,CHEMBL95020,O=C1Cc2c(ccc3c(CCC4CCN(Cc5ccccc5)CC4)noc23)N1,IC50,3.6,nM,8.44
ACHE,CHEMBL220,CHEMBL61533,Nc1c2c(nc3cc(F)ccc13)CCCC2,IC50,87.0,nM,7.06
ACHE,CHEMBL220,CHEMBL61533,Nc1c2c(nc3cc(F)ccc13)CCCC2,IC50,87.1,nM,7.06
ACHE,CHEMBL220,CHEMBL60167,Nc1c2c(nc3ccccc13)-c1ccccc1C2,IC50,676.08,nM,6.17
ACHE,CHEMBL220,CHEMBL24844,COc1ccc(-c2cc3c(c(=O)o2)C(=O)C2[C@@]4(C)CC[C@H](O)[C@@](C)(CO)C4C[C@H](O)[C@@]2(C)O3)cc1OC,IC50,58000.0,nM,4.24
ACHE,CHEMBL220,CHEMBL61486,Nc1ccc2nc3c(c(N)c2c1)CCCC3,IC50,3800.0,nM,5.42
ACHE,CHEMBL220,CHEMBL61486,Nc1ccc2nc3c(c(N)c2c1)CCCC3,IC50,3801.89,nM,5.42
ACHE,CHEMBL220,CHEMBL292480,COc1ccc2c(c1)Cc1c-2nc2ccccc2c1N,IC50,6456.54,nM,5.19
ACHE,CHEMBL220,CHEMBL25532,CC(=O)OC[C@@]1(C)C2C[C@H](OC(C)=O)[C@@]3(C)Oc4cc(-c5cccnc5)oc(=O)c4[C@H](O)C3[C@@]2(C)CC[C@@H]1OC(C)=O,IC50,,nM,
ACHE,CHEMBL220,CHEMBL61715,Nc1c2c(nc3cc([N+](=O)[O-])ccc13)CCCC2,IC50,28.0,nM,7.55
ACHE,CHEMBL220,CHEMBL61715,Nc1c2c(nc3cc([N+](=O)[O-])ccc13)CCCC2,IC50,28.18,nM,7.55
ACHE,CHEMBL220,CHEMBL274107,CNC(=O)Oc1cccc2c1OC[C@@H]1CCN(C)[C@H]21,IC50,74.13,nM,7.13
ACHE,CHEMBL220,CHEMBL11833,CNC(=O)Oc1ccc2c(c1)OC[C@@H]1CCN(C)[C@H]21,IC50,1949.84,nM,5.71
ACHE,CHEMBL220,CHEMBL24519,C[C@]12CC[C@H](O)[C@@](C)(CO)C1C[C@H](O)[C@@]1(C)Oc3cc(-c4ccncc4)oc(=O)c3C(=O)C21,IC50,7900.0,nM,5.10
ACHE,CHEMBL220,CHEMBL274107,CNC(=O)Oc1cccc2c1OC[C@@H]1CCN(C)[C@H]21,IC50,29.51,nM,7.53
ACHE,CHEMBL220,CHEMBL95,Nc1c2c(nc3ccccc13)CCCC2,IC50,170.0,nM,6.77
ACHE,CHEMBL220,CHEMBL64615,COc1cccc2c1Cc1c-2nc2ccccc2c1N,IC50,1659.59,nM,5.78
ACHE,CHEMBL220,CHEMBL61986,CCCCCCCNc1c2c(nc3cc(OC)ccc13)CCCC2,IC50,460.0,nM,6.34
ACHE,CHEMBL220,CHEMBL61986,CCCCCCCNc1c2c(nc3cc(OC)ccc13)CCCC2,IC50,467.74,nM,6.33
ACHE,CHEMBL220,CHEMBL292314,Nc1c2c(nc3cc(Cl)ccc13)CCCC2,IC50,9.0,nM,8.05
ACHE,CHEMBL220,CHEMBL292314,Nc1c2c(nc3cc(Cl)ccc13)CCCC2,IC50,10.0,nM,8.00
ACHE,CHEMBL220,CHEMBL61850,Nc1c2c(nc3cc(Br)ccc13)CCCC2,IC50,66.0,nM,7.18
ACHE,CHEMBL220,CHEMBL24416,COc1ccc(-c2cc3c(c(=O)o2)C(=O)C2[C@@]4(C)CC[C@H](O)[C@@](C)(CO)C4C[C@H](O)[C@@]2(C)O3)cc1,IC50,70000.0,nM,4.16
ACHE,CHEMBL220,CHEMBL293896,Nc1c2c(nc3ccccc13)-c1ccc(Cl)cc1C2,IC50,5370.32,nM,5.27
ACHE,CHEMBL220,CHEMBL59628,Clc1ccc2c(NCc3ccccc3)c3c(nc2c1)CCCC3,IC50,170.0,nM,6.77
ACHE,CHEMBL220,CHEMBL59628,Clc1ccc2c(NCc3ccccc3)c3c(nc2c1)CCCC3,IC50,169.82,nM,6.77
ACHE,CHEMBL220,CHEMBL304447,Nc1c2c(nc3cc(F)ccc13)-c1ccccc1C2,IC50,1202.26,nM,5.92
ACHE,CHEMBL220,CHEMBL61930,Nc1c2c(nc3cc(Cl)c(Cl)cc13)CCCC2,IC50,470.0,nM,6.33
ACHE,CHEMBL220,CHEMBL61930,Nc1c2c(nc3cc(Cl)c(Cl)cc13)CCCC2,IC50,478.63,nM,6.32
ACHE,CHEMBL220,CHEMBL418643,O=[N+]([O-])c1ccc2nc3c(c(NCc4ccccc4)c2c1)CCCC3,IC50,1600.0,nM,5.80
ACHE,CHEMBL220,CHEMBL418643,O=[N+]([O-])c1ccc2nc3c(c(NCc4ccccc4)c2c1)CCCC3,IC50,1584.89,nM,5.80
ACHE,CHEMBL220,CHEMBL277665,C[C@]12CC[C@H](O)[C@@](C)(CO)C1C[C@H](O)[C@@]1(C)Oc3cc(-c4ccccc4)oc(=O)c3C(=O)C21,IC50,99000.0,nM,4.00
ACHE,CHEMBL220,CHEMBL64465,Cc1ccc2c(NCc3ccccc3)c3c(nc2c1)CCCC3,IC50,750.0,nM,6.12
ACHE,CHEMBL220,CHEMBL64465,Cc1ccc2c(NCc3ccccc3)c3c(nc2c1)CCCC3,IC50,741.31,nM,6.13
ACHE,CHEMBL220,CHEMBL61506,O=[N+]([O-])c1ccc2c(NCc3ccccc3)c3c(nc2c1)CCCC3,IC50,4800.0,nM,5.32
ACHE,CHEMBL220,CHEMBL61506,O=[N+]([O-])c1ccc2c(NCc3ccccc3)c3c(nc2c1)CCCC3,IC50,4786.3,nM,5.32
ACHE,CHEMBL220,CHEMBL357551,CN(C)c1ccc(CC(=O)NCCCCCCCCNC23CC4CC(CC(C4)C2)C3)cc1,IC50,100000.0,nM,
ACHE,CHEMBL220,CHEMBL94,CNC(=O)Oc1ccc2c(c1)[C@]1(C)CCN(C)[C@@H]1N2C,IC50,47.0,nM,7.33
ACHE,CHEMBL220,CHEMBL502,COc1cc2c(cc1OC)C(=O)C(CC1CCN(Cc3ccccc3)CC1)C2,IC50,8.0,nM,8.10
ACHE,CHEMBL220,CHEMBL153934,CN(C)c1ccc(CC(=O)NCCCCCCCCCCNC23CC4CC(CC(C4)C2)C3)cc1,IC50,100000.0,nM,
ACHE,CHEMBL220,CHEMBL157336,CN(C)c1ccc(CC(=O)NCCCCCCCCCCCCNC23CC4CC(CC(C4)C2)C3)cc1,IC50,100000.0,nM,
ACHE,CHEMBL220,CHEMBL139571,CC(C)c1ccc(NC(=O)N2CCC[C@H]2C(=O)N2CC[C@H]3[C@H]2[C@H](C)C(=O)N3C(=O)[C@@H]2[C@H](C)[C@@H]2C)cc1,IC50,100000.0,nM,
ACHE,CHEMBL220,CHEMBL344656,CC(C)c1ccc(NC(=O)N2CCC[C@H]2C(=O)N2CC[C@H]3[C@H]2[C@H](C)C(=O)N3c2nc3ccccc3s2)cc1,IC50,100000.0,nM,
ACHE,CHEMBL220,CHEMBL332760,CC(C)c1ccc(NC(=O)Oc2ccc3c(c2)[C@]2(C)CCN(C)[C@@H]2N3C)cc1.O=C(O)C(O)C(O)C(=O)O,IC50,760.0,nM,6.12
ACHE,CHEMBL220,CHEMBL348216,C#CC(C)OC[n+]1ccn(C)c1/C=N/O.[Cl-],IC50,11900.0,nM,4.92
ACHE,CHEMBL220,CHEMBL150156,C#CCCCC[n+]1cn(C)c(/C=N/O)n1.[Cl-],IC50,62500.0,nM,4.20
ACHE,CHEMBL220,CHEMBL333580,CC(C)c1ccc(NC(=O)Oc2ccc3c(c2)[C@]2(C)CCN(C)O[C@@H]2N3C)cc1,IC50,10000.0,nM,
ACHE,CHEMBL220,CHEMBL146319,CC#CC(C)OC[n+]1ccn(C)c1/C=N/O.[Cl-],IC50,144000.0,nM,
ACHE,CHEMBL220,CHEMBL659,COc1ccc2c3c1O[C@H]1C[C@@H](O)C=C[C@@]31CCN(C)C2,IC50,800.0,nM,6.10
ACHE,CHEMBL220,CHEMBL147465,C#CCCOC[n+]1ccn(C)c1C.[Cl-],IC50,27000.0,nM,4.57
ACHE,CHEMBL220,CHEMBL357987,CC#CC(C)(C)OC[n+]1ccn(C)c1/C=N/O.[Cl-],IC50,175000.0,nM,
ACHE,CHEMBL220,CHEMBL151507,C#CCCCC[n+]1ccn(C)c1/C=N/O.[Cl-],IC50,8500.0,nM,5.07
ACHE,CHEMBL220,CHEMBL338975,CNC(=O)Oc1ccc2c(c1)[C@]1(C)CCN(C)[C@@H]1N2C.O=C(O)c1ccccc1O,IC50,28.0,nM,7.55
ACHE,CHEMBL220,CHEMBL150212,C#CCCOC[n+]1ccc(/C=N/O)cc1.[Cl-],IC50,96500.0,nM,4.01
ACHE,CHEMBL220,CHEMBL148832,C#CCOC[n+]1ccn(C)c1/C=N/O.[Cl-],IC50,21800.0,nM,4.66
ACHE,CHEMBL220,CHEMBL355986,C#CCCOC[n+]1ccn(C(C)(C)C)c1/C=N/O.[Cl-],IC50,339000.0,nM,
ACHE,CHEMBL220,CHEMBL356000,C#CC1CCCCC1OC[n+]1ccn(C)c1/C=N/O.[Cl-],IC50,20300.0,nM,4.69
ACHE,CHEMBL220,CHEMBL423397,C#CCCCC[n+]1ccn(COC)c1/C=N/O.[Cl-],IC50,185000.0,nM,
ACHE,CHEMBL220,CHEMBL149026,C#CCCOC[n+]1ccn(C)c1/C=N/O.[Cl-],IC50,14500.0,nM,4.84
GRIN2B,CHEMBL1904,CHEMBL146764,Cc1n[nH]c(SCCN2CCC(Cc3ccccc3)CC2)n1,IC50,150.0,nM,6.82
GRIN2B,CHEMBL1904,CHEMBL151428,c1ccc(CC2CCN(CCCSc3nc[nH]n3)CC2)cc1,IC50,630.0,nM,6.20
GRIN2B,CHEMBL1904,CHEMBL150640,c1ccc(CC2CCN(CCCSc3nc4ccc[nH]c-4n3)CC2)cc1,IC50,1600.0,nM,5.80
GRIN2B,CHEMBL1904,CHEMBL147355,c1ccc(CC2CCN(CCSc3ncc[nH]3)CC2)cc1,IC50,70.0,nM,7.16
GRIN2B,CHEMBL1904,CHEMBL150641,c1ccc(CC2CCN(CCSc3nc4ccc[nH]c-4n3)CC2)cc1,IC50,240.0,nM,6.62
GRIN2B,CHEMBL1904,CHEMBL147295,c1ccc(CC2CCN(CCCSc3nc4ccccc4[nH]3)CC2)cc1,IC50,1000.0,nM,6.00
GRIN2B,CHEMBL1904,CHEMBL147200,O=[N+]([O-])c1ccc2[nH]c(SCCCN3CCC(Cc4ccccc4)CC3)nc2c1,IC50,910.0,nM,6.04
GRIN2B,CHEMBL1904,CHEMBL347753,c1ccc(CC2CCN(CCSc3nc[nH]n3)CC2)cc1,IC50,130.0,nM,6.89
GRIN2B,CHEMBL1904,CHEMBL358256,Nc1nnc(SCCN2CCC(Cc3ccccc3)CC2)s1,IC50,210.0,nM,6.68
GRIN2B,CHEMBL1904,CHEMBL150403,Nc1nnc(SCCCN2CCC(Cc3ccccc3)CC2)s1,IC50,560.0,nM,6.25
GRIN2B,CHEMBL1904,CHEMBL358601,Cc1n[nH]c(SCCCN2CCC(Cc3ccccc3)CC2)n1,IC50,1000.0,nM,6.00
GRIN2B,CHEMBL1904,CHEMBL148767,c1ccc(CC2CCN(CCSc3nc4ccccc4[nH]3)CC2)cc1,IC50,380.0,nM,6.42
GRIN2B,CHEMBL1904,CHEMBL149054,c1ccc(CC2CCN(CCCSc3ccccc3)CC2)cc1,IC50,4300.0,nM,5.37
GRIN2B,CHEMBL1904,CHEMBL422139,Cc1nnc(SCCN2CCC(Cc3ccccc3)CC2)s1,IC50,4800.0,nM,5.32
GRIN2B,CHEMBL1904,CHEMBL151901,Nc1n[nH]c(SCCN2CCC(Cc3ccccc3)CC2)n1,IC50,35.0,nM,7.46
GRIN2B,CHEMBL1904,CHEMBL147201,Cc1nnc(SCCCN2CCC(Cc3ccccc3)CC2)s1,IC50,6400.0,nM,5.19
GRIN2B,CHEMBL1904,CHEMBL150491,O=[N+]([O-])c1ccc2[nH]c(SCCN3CCC(Cc4ccccc4)CC3)nc2c1,IC50,7400.0,nM,5.13
GRIN2B,CHEMBL1904,CHEMBL83781,Oc1ccc(C#CCCN2CCC(Cc3ccccc3)CC2)cc1,IC50,100.0,nM,7.00
GRIN2B,CHEMBL1904,CHEMBL151389,Nc1n[nH]c(SCCCN2CCC(Cc3ccccc3)CC2)n1,IC50,630.0,nM,6.20
GRIN2B,CHEMBL1904,CHEMBL151339,c1ccc(CC2CCN(CCCSc3ncc[nH]3)CC2)cc1,IC50,610.0,nM,6.21
GRIN2B,CHEMBL1904,CHEMBL151489,c1ccc(CC2CCN(CCSc3ccccc3)CC2)cc1,IC50,930.0,nM,6.03
GRIN2B,CHEMBL1904,CHEMBL151174,Oc1ccc(SCCN2CCC(Cc3ccccc3)CC2)cc1,IC50,100.0,nM,7.00
GRIN2B,CHEMBL1904,CHEMBL66654,Cc1cccc(C#Cc2ccccc2)n1,IC50,18000.0,nM,4.75
GRIN2B,CHEMBL1904,CHEMBL292065,Cc1nc(C#Cc2cccnc2)cs1,IC50,300000.0,nM,
GRIN2B,CHEMBL1904,CHEMBL351010,N=C(NCc1cccc(Cl)c1)c1cccc(F)c1,Ki,2000.0,nM,5.70
GRIN2B,CHEMBL1904,CHEMBL161421,N=C(NCc1ccccc1)c1ccc(OC(F)(F)F)cc1,Ki,120.0,nM,6.92
GRIN2B,CHEMBL1904,CHEMBL161421,N=C(NCc1ccccc1)c1ccc(OC(F)(F)F)cc1,IC50,46.0,nM,7.34
GRIN2B,CHEMBL1904,CHEMBL159879,N=C(NCc1cccc(Cl)c1)c1ccc(F)cc1,Ki,600.0,nM,6.22
GRIN2B,CHEMBL1904,CHEMBL159879,N=C(NCc1cccc(Cl)c1)c1ccc(F)cc1,IC50,450.0,nM,6.35
GRIN2B,CHEMBL1904,CHEMBL159744,Cc1cc(C)cc(C/N=C(\N)c2ccc(OC(F)(F)F)cc2)c1,Ki,1.2,nM,8.92
GRIN2B,CHEMBL1904,CHEMBL159744,Cc1cc(C)cc(C/N=C(\N)c2ccc(OC(F)(F)F)cc2)c1,IC50,4.2,nM,8.38
GRIN2B,CHEMBL1904,CHEMBL350615,N=C(NCc1ccccc1)c1ccccc1,Ki,15000.0,nM,
GRIN2B,CHEMBL1904,CHEMBL162081,N=C(NCc1cccc(Cl)c1)c1cccc(Cl)c1,Ki,800.0,nM,6.10
GRIN2B,CHEMBL1904,CHEMBL162081,N=C(NCc1cccc(Cl)c1)c1cccc(Cl)c1,IC50,420.0,nM,6.38
GRIN2B,CHEMBL1904,CHEMBL158874,N=C(/C=C/c1ccccc1)NCc1ccccc1,Ki,9.0,nM,8.05
GRIN2B,CHEMBL1904,CHEMBL159558,N=C(NCc1cccc(Cl)c1)c1ccc(C(F)(F)F)cc1,Ki,20.0,nM,7.70
GRIN2B,CHEMBL1904,CHEMBL159558,N=C(NCc1cccc(Cl)c1)c1ccc(C(F)(F)F)cc1,IC50,32.0,nM,7.50
GRIN2B,CHEMBL1904,CHEMBL159279,N=C(NCc1ccccc1C(F)(F)F)c1ccc(OC(F)(F)F)cc1,Ki,72.0,nM,7.14
GRIN2B,CHEMBL1904,CHEMBL159279,N=C(NCc1ccccc1C(F)(F)F)c1ccc(OC(F)(F)F)cc1,IC50,47.0,nM,7.33
GRIN2B,CHEMBL1904,CHEMBL159498,N=C(NCc1cccc(Cl)c1)c1ccccc1,Ki,4200.0,nM,5.38
GRIN2B,CHEMBL1904,CHEMBL421976,N=C(NCc1ccccc1Cl)c1ccc(C(F)(F)F)cc1,Ki,56.0,nM,7.25
GRIN2B,CHEMBL1904,CHEMBL421976,N=C(NCc1ccccc1Cl)c1ccc(C(F)(F)F)cc1,IC50,48.0,nM,7.32
GRIN2B,CHEMBL1904,CHEMBL349067,N=C(NCc1ccccc1)c1ccc(-c2ccccc2)cc1,Ki,1800.0,nM,5.75
GRIN2B,CHEMBL1904,CHEMBL49623,C[C@@H]([C@H](O)c1ccc(O)cc1)N1CCC(Cc2ccccc2)CC1,Kd,94.0,nM,7.03
GRIN2B,CHEMBL1904,CHEMBL349709,N=C(NCc1cccc(Cl)c1)c1ccccc1Cl,Ki,3900.0,nM,5.41
GRIN2B,CHEMBL1904,CHEMBL348360,N=C(NCc1cccc(C(F)(F)F)c1)c1ccc(C(F)(F)F)cc1,Ki,700.0,nM,6.16
GRIN2B,CHEMBL1904,CHEMBL348360,N=C(NCc1cccc(C(F)(F)F)c1)c1ccc(C(F)(F)F)cc1,IC50,660.0,nM,6.18
GRIN2B,CHEMBL1904,CHEMBL349727,COc1cccc(C/N=C(\N)c2ccc(OC(F)(F)F)cc2)c1,Ki,23.0,nM,7.64
GRIN2B,CHEMBL1904,CHEMBL349727,COc1cccc(C/N=C(\N)c2ccc(OC(F)(F)F)cc2)c1,IC50,9.7,nM,8.01
GRIN2B,CHEMBL1904,CHEMBL158737,COc1ccccc1C/N=C(N)/C=C/c1ccccc1,Ki,0.7,nM,9.15
GRIN2B,CHEMBL1904,CHEMBL158737,COc1ccccc1C/N=C(N)/C=C/c1ccccc1,Kd,1.0,nM,9.00
GRIN2B,CHEMBL1904,CHEMBL161977,N=C(NCc1ccccc1)c1ccc(Cl)cc1,Ki,970.0,nM,6.01
GRIN2B,CHEMBL1904,CHEMBL161977,N=C(NCc1ccccc1)c1ccc(Cl)cc1,IC50,720.0,nM,6.14
GRIN2B,CHEMBL1904,CHEMBL161180,N=C(NCc1cc(Cl)cc(Cl)c1)c1ccc(OC(F)(F)F)cc1,Ki,0.6,nM,9.22
GRIN2B,CHEMBL1904,CHEMBL161180,N=C(NCc1cc(Cl)cc(Cl)c1)c1ccc(OC(F)(F)F)cc1,IC50,24.0,nM,7.62
GRIN2B,CHEMBL1904,CHEMBL159818,N=C(NCc1cccc(Cl)c1)c1ccc(Cl)c(Cl)c1,Ki,16.0,nM,7.80
GRIN2B,CHEMBL1904,CHEMBL159818,N=C(NCc1cccc(Cl)c1)c1ccc(Cl)c(Cl)c1,IC50,110.0,nM,6.96
GRIN2B,CHEMBL1904,CHEMBL161876,N=C(NCc1ccccc1OC(F)(F)F)c1ccc(Cl)c(Cl)c1,Ki,12.0,nM,7.92
GRIN2B,CHEMBL1904,CHEMBL161876,N=C(NCc1ccccc1OC(F)(F)F)c1ccc(Cl)c(Cl)c1,IC50,57.0,nM,7.24
GRIN2B,CHEMBL1904,CHEMBL161871,N=C(NCc1cccc(Cl)c1)c1ccc(Cl)cc1,Ki,63.0,nM,7.20
GRIN2B,CHEMBL1904,CHEMBL161871,N=C(NCc1cccc(Cl)c1)c1ccc(Cl)cc1,IC50,160.0,nM,6.80
GRIN2B,CHEMBL1904,CHEMBL159560,COc1ccccc1C/N=C(\N)c1ccc(OC(F)(F)F)cc1,Ki,5.7,nM,8.24
GRIN2B,CHEMBL1904,CHEMBL159560,COc1ccccc1C/N=C(\N)c1ccc(OC(F)(F)F)cc1,IC50,4.1,nM,8.39
GRIN2B,CHEMBL1904,CHEMBL159530,N=C(NCc1ccccc1)c1ccc(C(F)(F)F)cc1,Ki,480.0,nM,6.32
GRIN2B,CHEMBL1904,CHEMBL159530,N=C(NCc1ccccc1)c1ccc(C(F)(F)F)cc1,IC50,360.0,nM,6.44
GRIN2B,CHEMBL1904,CHEMBL159847,CS(=O)(=O)c1ccc(C(=N)NCc2ccccc2)cc1,Ki,3500.0,nM,5.46
GRIN2B,CHEMBL1904,CHEMBL158682,N=C(NCc1cccc(Cl)c1)c1ccccc1F,Ki,15000.0,nM,
GRIN2B,CHEMBL1904,CHEMBL160013,COc1ccc(C/N=C(\N)c2ccc(OC(F)(F)F)cc2)cc1,Ki,1100.0,nM,5.96
GRIN2B,CHEMBL1904,CHEMBL162080,Cc1cc(C)cc(C/N=C(\N)c2ccc(C(F)(F)F)cc2)c1,Ki,3.9,nM,8.41
GRIN2B,CHEMBL1904,CHEMBL162080,Cc1cc(C)cc(C/N=C(\N)c2ccc(C(F)(F)F)cc2)c1,IC50,8.7,nM,8.06
GRIN2B,CHEMBL1904,CHEMBL48029,c1ccc(COc2ccc(CCNc3ccncc3)cc2)cc1,Ki,93.0,nM,7.03
GRIN2B,CHEMBL1904,CHEMBL217915,Cc1ccc(COC(=O)N2CCC(COc3ncccn3)CC2)cc1,Ki,7400.0,nM,5.13
GRIN2B,CHEMBL1904,CHEMBL218463,Cc1ccc(COC(=O)N2CCC(CN(C)c3ncccn3)CC2)cc1,Ki,2100.0,nM,5.68
GRIN2B,CHEMBL1904,CHEMBL218478,Cc1ccc(CC(=O)N2CCC(CCNc3ncccn3)CC2)cc1,Ki,3180.0,nM,5.50
GRIN2B,CHEMBL1904,CHEMBL374658,Cc1ccc(COC(=O)N2CCC(Nc3ncccn3)CC2)cc1,Ki,15000.0,nM,
GRIN2B,CHEMBL1904,CHEMBL438994,N#C/N=C(\NCc1ccccc1)NN1CCC(CNc2ncccn2)CC1,Ki,3100.0,nM,5.51
GRIN2B,CHEMBL1904,CHEMBL218075,c1ccc(CCCN2CCC(CNc3ncccn3)CC2)cc1,Ki,266.0,nM,6.58
GRIN2B,CHEMBL1904,CHEMBL218460,O=C(NCc1ccccc1)N1CCC(CNc2ncccn2)CC1,Ki,1170.0,nM,5.93
GRIN2B,CHEMBL1904,CHEMBL217955,O=C(CCc1ccccc1)N1CCC(CNc2ncccn2)CC1,Ki,310.0,nM,6.51
GRIN2B,CHEMBL1904,CHEMBL217992,C#Cc1ccc(COC(=O)N2CCC(CNc3ncccn3)CC2)cc1,Ki,1250.0,nM,5.90
GRIN2B,CHEMBL1904,CHEMBL217904,COc1ccc(COC(=O)N2CCC(CNc3ncccn3)CC2)cc1,Ki,460.0,nM,6.34
GRIN2B,CHEMBL1904,CHEMBL217940,CC(C)(C)c1ccc(COC(=O)N2CCC(CNc3ncccn3)CC2)cc1,Ki,720.0,nM,6.14
GRIN2B,CHEMBL1904,CHEMBL386184,CC(C)c1ccc(COC(=O)N2CCC(CNc3ncccn3)CC2)cc1,Ki,7.8,nM,8.11
GRIN2B,CHEMBL1904,CHEMBL218211,CCc1ccc(COC(=O)N2CCC(CNc3ncccn3)CC2)cc1,Ki,3.7,nM,8.43
GRIN2B,CHEMBL1904,CHEMBL218713,Cc1ccc(COC(=O)N2CCC(CNc3ncccn3)CC2)cc1,Ki,3.4,nM,8.47
GRIN2B,CHEMBL1904,CHEMBL218104,Cc1cccc(COC(=O)N2CCC(CNc3ncccn3)CC2)c1,Ki,206.0,nM,6.69
GRIN2B,CHEMBL1904,CHEMBL425462,Cc1ccccc1COC(=O)N1CCC(CNc2ncccn2)CC1,Ki,227.0,nM,6.64
GRIN2B,CHEMBL1904,CHEMBL218275,O=C(OCc1ccc(F)cc1)N1CCC(CNc2ncccn2)CC1,Ki,18.0,nM,7.75
GRIN2B,CHEMBL1904,CHEMBL374865,O=C(OCc1cccc(F)c1)N1CCC(CNc2ncccn2)CC1,Ki,150.0,nM,6.82
GRIN2B,CHEMBL1904,CHEMBL221605,O=C(OCc1ccccc1F)N1CCC(CNc2ncccn2)CC1,Ki,18.0,nM,7.75
GRIN2B,CHEMBL1904,CHEMBL221133,O=C(OC1Cc2ccccc2C1)N1CCC(CNc2ncccn2)CC1,Ki,23.0,nM,7.64
GRIN2B,CHEMBL1904,CHEMBL219114,O=C(OCCc1ccccc1)N1CCC(CNc2ncccn2)CC1,Ki,227.0,nM,6.64
GRIN2B,CHEMBL1904,CHEMBL219113,O=C(OCc1ccccc1)N1CCC(CNc2nncs2)CC1,Ki,190.0,nM,6.72
GRIN2B,CHEMBL1904,CHEMBL218547,O=C(OCc1ccccc1)N1CCC(CNc2nccs2)CC1,Ki,122.0,nM,6.91
GRIN2B,CHEMBL1904,CHEMBL435316,O=C(OCc1ccccc1)N1CCC(CNc2ncccn2)CC1,Ki,23.0,nM,7.64
GRIN2B,CHEMBL1904,CHEMBL220660,O=C(OCc1ccccc1)N1CCC(CNc2cnccn2)CC1,Ki,14.0,nM,7.85
GRIN2B,CHEMBL1904,CHEMBL218067,O=C(OCc1ccccc1)N1CCC(CNc2cccnc2)CC1,Ki,180.0,nM,6.75
GRIN2B,CHEMBL1904,CHEMBL218017,O=C(OCc1ccccc1)N1CCC(CNc2ccccn2)CC1,Ki,37.0,nM,7.43
GRIN2B,CHEMBL1904,CHEMBL219060,O=C(OCc1ccccc1)N1CCC(CNc2ccncc2)CC1,Ki,10.6,nM,7.97
GRIN2B,CHEMBL1904,CHEMBL218546,O=C(OCc1ccccc1)N1CCC(Cc2nc3ccccc3[nH]2)CC1,Ki,220.0,nM,6.66
GRIN2B,CHEMBL1904,CHEMBL218068,O=C(OCc1ccccc1)N1CCC(CNc2ccncn2)CC1,Ki,75.0,nM,7.12
GRIN2B,CHEMBL1904,CHEMBL425642,CC(OC(=O)N1CCC(CNc2ncccn2)CC1)c1ccccc1,Ki,540.0,nM,6.27
GRIN2B,CHEMBL1904,CHEMBL48029,c1ccc(COc2ccc(CCNc3ccncc3)cc2)cc1,IC50,102.0,nM,6.99
GRIN2B,CHEMBL1904,CHEMBL219060,O=C(OCc1ccccc1)N1CCC(CNc2ccncc2)CC1,EC50,1.6,nM,8.80
GRIN2B,CHEMBL1904,CHEMBL218713,Cc1ccc(COC(=O)N2CCC(CNc3ncccn3)CC2)cc1,EC50,5.6,nM,8.25
GRIN2B,CHEMBL1904,CHEMBL393670,N=C1c2ccc(OC(F)(F)F)cc2CN1Cc1cccc2ccoc12,Ki,2.2,nM,8.66
GRIN2B,CHEMBL1904,CHEMBL429656,Cc1cc(C)cc(CN2Cc3cc(OC(F)(F)F)ccc3C2=N)c1,Ki,2.0,nM,8.70
GRIN2B,CHEMBL1904,CHEMBL247115,FC(F)(F)Oc1ccc(C2=NCC(c3ccccc3OC(F)(F)F)N2)cc1Cl,Ki,505.0,nM,6.30
GRIN2B,CHEMBL1904,CHEMBL247114,FC(F)(F)Oc1ccc(C2=NCC(c3ccccc3C(F)(F)F)N2)cc1Cl,Ki,353.0,nM,6.45
GRIN2B,CHEMBL1904,CHEMBL397784,COc1ccccc1C1CN=C(c2ccc(OC(F)(F)F)c(Cl)c2)N1,Ki,75.0,nM,7.12
GRIN2B,CHEMBL1904,CHEMBL247113,FC(F)(F)Oc1ccc(C2=NCC(c3cc(Cl)cc(Cl)c3)N2)cc1Cl,Ki,223.0,nM,6.65
GRIN2B,CHEMBL1904,CHEMBL429475,FC(F)(F)Oc1ccc(C2=NCC(c3cccc(Cl)c3)N2)cc1Cl,Ki,66.0,nM,7.18
GRIN2B,CHEMBL1904,CHEMBL247718,N=C1c2ccc(OC(F)(F)F)cc2CN1Cc1cccc(Cl)c1,Ki,8.0,nM,8.10
GRIN2B,CHEMBL1904,CHEMBL247717,FC(F)(F)Oc1ccc(C2=NCC(c3cccc(Cl)c3)N2)cc1,Ki,296.0,nM,6.53
GRIN2B,CHEMBL1904,CHEMBL391389,FC(F)(F)Oc1ccc(C2=NCCCC(c3ccccc3)N2)cc1,Ki,4197.0,nM,5.38
GRIN2B,CHEMBL1904,CHEMBL247716,OC1CN=C(c2ccc(OC(F)(F)F)cc2)NC1c1ccccc1,Ki,7350.0,nM,5.13
GRIN2B,CHEMBL1904,CHEMBL393670,N=C1c2ccc(OC(F)(F)F)cc2CN1Cc1cccc2ccoc12,IC50,12.0,nM,7.92
GRIN2B,CHEMBL1904,CHEMBL429656,Cc1cc(C)cc(CN2Cc3cc(OC(F)(F)F)ccc3C2=N)c1,IC50,39.0,nM,7.41
GRIN2B,CHEMBL1904,CHEMBL247115,FC(F)(F)Oc1ccc(C2=NCC(c3ccccc3OC(F)(F)F)N2)cc1Cl,IC50,3480.0,nM,5.46
GRIN2B,CHEMBL1904,CHEMBL247114,FC(F)(F)Oc1ccc(C2=NCC(c3ccccc3C(F)(F)F)N2)cc1Cl,IC50,1270.0,nM,5.90
GRIN2B,CHEMBL1904,CHEMBL397784,COc1ccccc1C1CN=C(c2ccc(OC(F)(F)F)c(Cl)c2)N1,IC50,108.0,nM,6.97
GRIN2B,CHEMBL1904,CHEMBL247113,FC(F)(F)Oc1ccc(C2=NCC(c3cc(Cl)cc(Cl)c3)N2)cc1Cl,IC50,3670.0,nM,5.43
GRIN2B,CHEMBL1904,CHEMBL429475,FC(F)(F)Oc1ccc(C2=NCC(c3cccc(Cl)c3)N2)cc1Cl,IC50,266.0,nM,6.58
GRIN2B,CHEMBL1904,CHEMBL247718,N=C1c2ccc(OC(F)(F)F)cc2CN1Cc1cccc(Cl)c1,IC50,49.0,nM,7.31
GRIN2B,CHEMBL1904,CHEMBL247717,FC(F)(F)Oc1ccc(C2=NCC(c3cccc(Cl)c3)N2)cc1,IC50,1976.0,nM,5.70
GRIN2B,CHEMBL1904,CHEMBL247323,COc1ccccc1CN1Cc2cc(OC(F)(F)F)ccc2C1=N,IC50,5.9,nM,8.23
GRIN2B,CHEMBL1904,CHEMBL247323,COc1ccccc1CN1Cc2cc(OC(F)(F)F)ccc2C1=N,Ki,3.6,nM,8.44
GRIN2B,CHEMBL1904,CHEMBL570613,N#Cc1cccc2c1C=Cc1ncc(-c3ccccc3)cc1C2O,IC50,9.0,nM,8.05
GRIN2B,CHEMBL1904,CHEMBL569802,N#Cc1cccc2c1C=Cc1ncc(N3CCCCC3)cc1C2O,IC50,27.0,nM,7.57
GRIN2B,CHEMBL1904,CHEMBL1779003,COc1cc(F)ccc1-c1cncc(CNC2CCCC2)c1,IC50,770.0,nM,6.11
GRIN2B,CHEMBL1904,CHEMBL1778865,COc1cc(F)ccc1-c1cncc(CNCC2CC2)n1,IC50,508.0,nM,6.29
GRIN2B,CHEMBL1904,CHEMBL1779012,COc1cc(F)ccc1-c1cncc(CNC(=O)c2cnccn2)c1,IC50,262.0,nM,6.58
GRIN2B,CHEMBL1904,CHEMBL1779013,COc1cc(F)ccc1-c1cncc(CNC(=O)c2ccccn2)c1,IC50,673.0,nM,6.17
GRIN2B,CHEMBL1904,CHEMBL17350,C[C@@H]([C@@H](O)c1ccc(O)cc1)N1CCC(O)(c2ccccc2)CC1,IC50,74.0,nM,7.13
GRIN2B,CHEMBL1904,CHEMBL2013195,Oc1ccc2[nH]c(-c3ccccc3)nc2c1CN1CCCCC1,IC50,7.943,nM,8.10
GRIN2B,CHEMBL1904,CHEMBL2013196,Oc1ccc2[nH]c(-c3ccccc3)nc2c1CN1CCCCCC1,IC50,7.943,nM,8.10
GRIN2B,CHEMBL1904,CHEMBL2013197,Oc1ccc2[nH]c(-c3ccccc3)nc2c1CN1CCCC1,IC50,7.943,nM,8.10
GRIN2B,CHEMBL1904,CHEMBL2013198,Oc1ccc2[nH]c(-c3ccccc3)nc2c1CNC1CCCC1,IC50,31.62,nM,7.50
GRIN2B,CHEMBL1904,CHEMBL2013199,CCCNCc1c(O)ccc2[nH]c(-c3ccccc3)nc12,IC50,39.81,nM,7.40
GRIN2B,CHEMBL1904,CHEMBL2013200,Oc1ccc2[nH]c(-c3ccccc3)nc2c1CN1CCOCC1,IC50,39.81,nM,7.40
GRIN2B,CHEMBL1904,CHEMBL2013201,Oc1ccc2[nH]c(-c3ccccc3)nc2c1CN1CCC(c2ccccc2)CC1,IC50,79.43,nM,7.10
GRIN2B,CHEMBL1904,CHEMBL2013202,CN(C)Cc1c(O)ccc2[nH]c(-c3ccccc3)nc12,IC50,251.19,nM,6.60
GRIN2B,CHEMBL1904,CHEMBL2013203,CN1CCN(Cc2c(O)ccc3[nH]c(-c4ccccc4)nc23)CC1,IC50,398.11,nM,6.40
GRIN2B,CHEMBL1904,CHEMBL2013204,Oc1ccc2[nH]c(-c3cccc(F)c3F)nc2c1CN1CCCC1,IC50,12.59,nM,7.90
GRIN2B,CHEMBL1904,CHEMBL2013205,Oc1ccc2[nH]c(-c3cccc(F)c3F)nc2c1CNCc1cccs1,IC50,630.96,nM,6.20
GRIN2B,CHEMBL1904,CHEMBL2013206,Oc1ccc2[nH]c(-c3cccc(F)c3F)nc2c1CNCc1ccco1,IC50,794.33,nM,6.10
GRIN2B,CHEMBL1904,CHEMBL2013207,Cc1ccc(-c2nc3c(CNC4CC4)c(O)ccc3[nH]2)cc1,IC50,39.81,nM,7.40
GRIN2B,CHEMBL1904,CHEMBL2010879,Oc1ccc2[nH]c(Cc3ccccc3)nc2c1CN1CCCC1,IC50,1584.89,nM,5.80
GRIN2B,CHEMBL1904,CHEMBL1619808,Oc1ccc2[nH]cnc2c1CN1CCCCC1,IC50,10000.0,nM,
GRIN2B,CHEMBL1904,CHEMBL2010880,c1ccc(-c2nc3c(CN4CCCCC4)cccc3[nH]2)cc1,IC50,398.11,nM,6.40
GRIN2B,CHEMBL1904,CHEMBL2010881,Cc1cccc2[nH]c(-c3ccccc3)nc12,IC50,10000.0,nM,
GRIN2B,CHEMBL1904,CHEMBL2010882,O=C(c1cccc2[nH]c(-c3ccccc3)nc12)N1CCCCC1,IC50,10000.0,nM,
GRIN2B,CHEMBL1904,CHEMBL2010883,Fc1ccc2[nH]c(-c3ccccc3)nc2c1CN1CCCC1,IC50,79.43,nM,7.10
GRIN2B,CHEMBL1904,CHEMBL2010884,Fc1ccc2[nH]c(-c3ccccc3)nc2c1CN1CCCCC1,IC50,79.43,nM,7.10
GRIN2B,CHEMBL1904,CHEMBL2010885,Fc1ccc2[nH]c(-c3ccccc3)nc2c1CN1CCCCCC1,IC50,199.53,nM,6.70
GRIN2B,CHEMBL1904,CHEMBL2010886,CC(C)NCc1c(F)ccc2[nH]c(-c3ccccc3)nc12,IC50,794.33,nM,6.10
GRIN2B,CHEMBL1904,CHEMBL2010887,CCC1CCCCN1Cc1c(F)ccc2[nH]c(-c3ccccc3)nc12,IC50,1000.0,nM,6.00
GRIN2B,CHEMBL1904,CHEMBL2010888,Fc1ccc2[nH]c(-c3ccccc3)nc2c1CN1CCOCC1,IC50,2511.89,nM,5.60
GRIN2B,CHEMBL1904,CHEMBL444384,O=C(CN1CCC(Cc2ccccc2)CC1)c1c[nH]c2ccccc12,IC50,769.0,nM,6.11
GRIN2B,CHEMBL1904,CHEMBL305187,CC(C(O)c1ccc(O)cc1)N1CCC(Cc2ccccc2)CC1,IC50,20.0,nM,7.70
GRIN2B,CHEMBL1904,CHEMBL350615,N=C(NCc1ccccc1)c1ccccc1,Ki,10000.0,nM,5.00
GRIN2B,CHEMBL1904,CHEMBL1289403,COc1ccc2c(c1)CCN(CCCCc1ccccc1)CC2O,Ki,5.4,nM,8.27
GRIN2B,CHEMBL1904,CHEMBL3357783,COc1ccc2c(c1)CCC(NCCCc1ccccc1)CC2O,Ki,16.0,nM,7.80
GRIN2B,CHEMBL1904,CHEMBL3357784,COc1ccc2c(c1)CCC(NCCCc1ccccc1)CC2,Ki,10.0,nM,8.00
GRIN2B,CHEMBL1904,CHEMBL3357785,c1ccc(CNC2CCc3ccccc3CC2)cc1,Ki,57.0,nM,7.24
GRIN2B,CHEMBL1904,CHEMBL3357786,c1ccc(CCNC2CCc3ccccc3CC2)cc1,Ki,20.0,nM,7.70
GRIN2B,CHEMBL1904,CHEMBL296601,c1ccc(CCCNC2CCc3ccccc3CC2)cc1,Ki,16.0,nM,7.80
GRIN2B,CHEMBL1904,CHEMBL3357787,c1ccc(CCCCNC2CCc3ccccc3CC2)cc1,Ki,17.0,nM,7.77
GRIN2B,CHEMBL1904,CHEMBL3357788,c1ccc(C2CCN(C3CCc4ccccc4CC3)CC2)cc1,Ki,6.9,nM,8.16
GRIN2B,CHEMBL1904,CHEMBL3357789,c1ccc(N2CCN(C3CCc4ccccc4CC3)CC2)cc1,Ki,12.0,nM,7.92
GRIN2B,CHEMBL1904,CHEMBL3357790,c1ccc(CC2CCN(C3CCc4ccccc4CC3)CC2)cc1,Ki,2.9,nM,8.54
GRIN2B,CHEMBL1904,CHEMBL3357791,c1ccc([C@H]2CC[C@@H](NC3CCc4ccccc4CC3)CC2)cc1,Ki,2.3,nM,8.64
GRIN2B,CHEMBL1904,CHEMBL3357792,c1ccc([C@H]2CC[C@H](NC3CCc4ccccc4CC3)CC2)cc1,Ki,5.7,nM,8.24
GRIN2B,CHEMBL1904,CHEMBL305187,CC(C(O)c1ccc(O)cc1)N1CCC(Cc2ccccc2)CC1,Ki,10.0,nM,8.00
GRIN2B,CHEMBL1904,CHEMBL28564,OC(CN1CCC(Cc2ccc(F)cc2)CC1)c1ccc(Cl)cc1,Ki,13.0,nM,7.89
GRIN2B,CHEMBL1904,CHEMBL3735173,O=[N+]([O-])c1ccc2c(c1)CCC(NCc1ccccc1)CC2,Ki,7.6,nM,8.12
GRIN2B,CHEMBL1904,CHEMBL3735485,O=[N+]([O-])c1ccc2c(c1)CCC(NCCc1ccccc1)CC2,Ki,3.3,nM,8.48
GRIN2B,CHEMBL1904,CHEMBL3735947,O=[N+]([O-])c1ccc2c(c1)CCC(NCCCc1ccccc1)CC2,Ki,1.6,nM,8.80
GRIN2B,CHEMBL1904,CHEMBL3736502,O=[N+]([O-])c1ccc2c(c1)CCC(NCCCCc1ccccc1)CC2,Ki,3.8,nM,8.42
GRIN2B,CHEMBL1904,CHEMBL319706,C[C@@H]([C@@H](O)c1ccc(O)cc1)N1CCC(Cc2ccccc2)CC1,Ki,10.0,nM,8.00
GRIN2B,CHEMBL1904,CHEMBL3797704,Cn1c(=O)n(C)c2cc3c(cc21)CCCC(NCCCc1ccccc1)C3,Ki,697.0,nM,6.16
GRIN2B,CHEMBL1904,CHEMBL219631,O=c1[nH]c2ccc([S+]([O-])CCN3CCC(Cc4ccc(F)cc4)CC3)cc2o1,Ki,30.0,nM,7.52
GRIN2B,CHEMBL1904,CHEMBL3945735,Cn1ccc(Cn2cc(-c3ccc(Cl)c(C(F)(F)F)c3)cn2)n1,IC50,,,
GRIN2B,CHEMBL1904,CHEMBL3975087,FC(F)c1cc(-c2cnn(Cc3cc[nH]n3)c2)ccc1Cl,IC50,890.0,nM,6.05
GRIN2B,CHEMBL1904,CHEMBL3954438,Fc1ccc(-c2cnn(Cc3cc[nH]n3)c2)cc1OC(F)F,IC50,370.0,nM,6.43
GRIN2B,CHEMBL1904,CHEMBL3983077,CCc1[nH]ncc1Cn1cc(-c2ccc(Cl)c(OC(F)F)c2)cn1,IC50,3700.0,nM,5.43
GRIN2B,CHEMBL1904,CHEMBL3927856,FC(F)Oc1cc(-c2cnn(Cc3cn[nH]c3)c2)ccc1Cl,IC50,350.0,nM,6.46
GRIN2B,CHEMBL1904,CHEMBL3897632,FC(F)Oc1cc(-c2cnn(Cc3cc[nH]n3)c2)ccc1Cl,IC50,230.0,nM,6.64
GRIN2B,CHEMBL1904,CHEMBL3936854,Cn1cc(Cn2cc(-c3ccc(Cl)c(OC(F)F)c3)cn2)cn1,IC50,1750.0,nM,5.76
GRIN2B,CHEMBL1904,CHEMBL3966599,Cn1ccc(Cn2cc(-c3ccc(Cl)c(OC(F)F)c3)cn2)n1,IC50,2460.0,nM,5.61
GRIN2B,CHEMBL1904,CHEMBL3892956,Cc1ccc(CN2CC[C@@H](N3CC[C@@H](c4ccc(O)cc4)[C@H](F)C3)C2=O)cc1,IC50,24.0,nM,7.62
GRIN2B,CHEMBL1904,CHEMBL4111330,O=C1[C@H](N2CCC(c3ccc(O)cc3)CC2)CCN1Cc1ccc(F)cc1,IC50,4.2,nM,8.38
GRIN2B,CHEMBL1904,CHEMBL3892956,Cc1ccc(CN2CC[C@@H](N3CC[C@@H](c4ccc(O)cc4)[C@H](F)C3)C2=O)cc1,Ki,6.3,nM,8.20
GRIN2B,CHEMBL1904,CHEMBL4169479,O[C@H]1Cc2ccccc2C2(CCC(N3CCN(C4CCCCC4)CC3)CC2)O1,Ki,34.0,nM,7.47
GRIN2B,CHEMBL1904,CHEMBL4159233,CCOC(=O)C[C@H]1Cc2ccccc2C2(CCC(N3CCN(C4CCCCC4)CC3)CC2)O1,Ki,54.0,nM,7.27
GRIN2B,CHEMBL1904,CHEMBL4170683,FCC[C@@H]1Cc2ccccc2C2(CCC(N3CCN(C4CCCCC4)CC3)CC2)O1,Ki,65.0,nM,7.19
GRIN2B,CHEMBL1904,CHEMBL4170858,FCC[C@H]1Cc2ccccc2C2(CCC(N3CCN(C4CCCCC4)CC3)CC2)O1,Ki,31.0,nM,7.51
GRIN2B,CHEMBL1904,CHEMBL4294561,COc1ccc2c(c1)CC[C@@H](NCCCc1ccccc1)C[C@H]2O,Ki,16.0,nM,7.80
GRIN2B,CHEMBL1904,CHEMBL4286654,Oc1ccc2c(c1)CCC(NCCCc1ccccc1)CC2,Ki,28.0,nM,7.55
GRIN2B,CHEMBL1904,CHEMBL4284348,Oc1ccc2c(c1)CCC(NCCCCc1ccccc1)CC2,Ki,21.0,nM,7.68
GRIN2B,CHEMBL1904,CHEMBL4294991,OCc1ccc2c(c1)CCC(NCCCc1ccccc1)CC2,Ki,101.0,nM,7.00
GRIN2B,CHEMBL1904,CHEMBL4287755,OCc1ccc2c(c1)CCC(NCCCCc1ccccc1)CC2,Ki,186.0,nM,6.73
GRIN2B,CHEMBL1904,CHEMBL305195,C[C@@H](CN1CCC(Cc2ccccc2)CC1)[C@@H](O)c1ccc(O)cc1,Ki,173.0,nM,6.76
GRIN2B,CHEMBL1904,CHEMBL4287203,COc1ccc2c(c1)CC[C@H](NCCCc1ccccc1)C[C@@H]2O,Ki,16.0,nM,7.80
GRIN2B,CHEMBL1904,CHEMBL3357784,COc1ccc2c(c1)CCC(NCCCc1ccccc1)CC2,Ki,11.0,nM,7.96
GRIN2B,CHEMBL1904,CHEMBL4283845,FC(CNC1CCc2ccccc2CC1)Cc1ccccc1,Ki,17.0,nM,7.77
GRIN2B,CHEMBL1904,CHEMBL4288292,FC(CCc1ccccc1)CNC1CCc2ccccc2CC1,Ki,27.0,nM,7.57
GRIN2B,CHEMBL1904,CHEMBL4287203,COc1ccc2c(c1)CC[C@H](NCCCc1ccccc1)C[C@@H]2O,IC50,12.0,nM,7.92
GRIN2B,CHEMBL1904,CHEMBL1165411,c1ccc(C2(c3ccccc3)OC[C@H]([C@@H]3CCCCN3)O2)cc1,Ki,,,
GRIN2B,CHEMBL1904,CHEMBL284237,C[C@]12N[C@H](Cc3ccccc31)c1ccccc12,Ki,,,
GRIN2B,CHEMBL1904,CHEMBL54,O=C(CCCN1CCC(O)(c2ccc(Cl)cc2)CC1)c1ccc(F)cc1,Ki,,,
GRIN2B,CHEMBL1904,CHEMBL282433,Cc1ccccc1NC(=N)Nc1ccccc1C,Ki,,,
GRIN2B,CHEMBL1904,CHEMBL23194,NCCCNCCCCNCCCN,EC50,127000.0,nM,
GRIN2B,CHEMBL1904,CHEMBL4435232,CCCc1nc2[nH]c(C)c(NS(=O)(=O)c3ccc(C4CCCCC4)cc3)c(=O)n2n1,EC50,15700.0,nM,4.80
GRIN2B,CHEMBL1904,CHEMBL2010868,O=C(O)c1cc2cccc(O)c2cc1O,IC50,9400.0,nM,5.03
GRIN2B,CHEMBL1904,CHEMBL4464605,O=C(O)c1cc2cc(-c3ccccc3)ccc2c(Br)c1O,IC50,2400.0,nM,5.62
GRIN2B,CHEMBL1904,CHEMBL2333943,O=C(O)c1cc2cc(Br)ccc2oc1=O,IC50,90000.0,nM,4.05
GRIN2B,CHEMBL1904,CHEMBL1179566,CC(=O)[C@H]1CC[C@H]2[C@@H]3CC[C@@H]4C[C@H](OS(=O)(=O)O)CC[C@]4(C)[C@H]3CC[C@]12C,IC50,38000.0,nM,4.42
GRIN2B,CHEMBL1904,CHEMBL2333944,Cc1ccc2[nH]c(=O)c(C3=NN(C(=O)CCC(=O)O)C(c4ccc(Br)cc4)C3)c(-c3ccccc3)c2c1,IC50,113000.0,nM,
GRIN2B,CHEMBL1904,CHEMBL1215292,COc1ccc2nc(/C=C/c3cccc([N+](=O)[O-])c3)n(-c3ccc(C(=O)O)cc3)c(=O)c2c1,IC50,193000.0,nM,
GRIN2B,CHEMBL1904,CHEMBL3545350,Cc1nccn1Cc1cc(-c2ccc(F)c(C(F)F)c2)cnn1,IC50,12.0,nM,7.92
GRIN2B,CHEMBL1904,CHEMBL305195,C[C@@H](CN1CCC(Cc2ccccc2)CC1)[C@@H](O)c1ccc(O)cc1,IC50,9.0,nM,8.05
GRIN2B,CHEMBL1904,CHEMBL305187,CC(C(O)c1ccc(O)cc1)N1CCC(Cc2ccccc2)CC1,IC50,110.0,nM,6.96
GRIN2B,CHEMBL1904,CHEMBL2333945,O=C(NNC(=O)c1ccc(CNS(=O)(=O)c2ccc(F)c(Cl)c2)cc1)c1ccccc1,IC50,10000.0,nM,
GRIN2B,CHEMBL1904,CHEMBL2333945,O=C(NNC(=O)c1ccc(CNS(=O)(=O)c2ccc(F)c(Cl)c2)cc1)c1ccccc1,IC50,50000.0,nM,4.30
GRIN2B,CHEMBL1904,CHEMBL23194,NCCCNCCCCNCCCN,EC50,125000.0,nM,
GRIN2B,CHEMBL1904,CHEMBL1179605,CC(=O)[C@H]1CC[C@H]2[C@@H]3CC=C4C[C@@H](OS(=O)(=O)O)CC[C@]4(C)[C@H]3CC[C@]12C,EC50,33000.0,nM,4.48
GRIN2B,CHEMBL1904,CHEMBL1179605,CC(=O)[C@H]1CC[C@H]2[C@@H]3CC=C4C[C@@H](OS(=O)(=O)O)CC[C@]4(C)[C@H]3CC[C@]12C,EC50,63000.0,nM,4.20
GRIN2B,CHEMBL1904,CHEMBL2397100,COc1ccc(OCC2c3cc(OC)c(OC)cc3CCN2C(=O)c2cccc(Cl)c2)cc1,EC50,10000.0,nM,
GRIN2B,CHEMBL1904,CHEMBL4452216,CC(C)CCCc1ccc2cc(C(=O)O)ccc2c1,EC50,34000.0,nM,4.47
GRIN2B,CHEMBL1904,CHEMBL4447266,O=C(O)CCC(=O)N1N=C(c2c(-c3ccccc3)c3cc(Br)ccc3[nH]c2=O)CC1c1ccc(Br)cc1,IC50,78000.0,nM,4.11
GRIN2B,CHEMBL1904,CHEMBL1289403,COc1ccc2c(c1)CCN(CCCCc1ccccc1)CC2O,Ki,706.0,nM,6.15
GRIN2B,CHEMBL1904,CHEMBL4439555,Oc1ccc2c(c1)CCN(CCCCc1ccc(OCCF)cc1)CC2O,Ki,193.0,nM,6.71
GRIN2B,CHEMBL1904,CHEMBL4472450,COc1ccc2c(c1)CCN(CCCC#Cc1ccccc1)CC2O,Ki,460.0,nM,6.34
GRIN2B,CHEMBL1904,CHEMBL113830,C[C@H]([C@@H](O)c1ccc(O)cc1)N1CCC(Cc2ccccc2)CC1,Ki,10.0,nM,8.00
GRIN2B,CHEMBL1904,CHEMBL49623,C[C@@H]([C@H](O)c1ccc(O)cc1)N1CCC(Cc2ccccc2)CC1,Kd,7.6,nM,8.12
GRIN2B,CHEMBL1904,CHEMBL305187,CC(C(O)c1ccc(O)cc1)N1CCC(Cc2ccccc2)CC1,IC50,13.3,nM,7.88
GRIN2B,CHEMBL1904,CHEMBL4570472,Nc1ccc2c(c1)CCC(NCc1ccccc1)CC2,Ki,128.0,nM,6.89
GRIN2B,CHEMBL1904,CHEMBL4513837,OC1CC(NCc2ccccc2)CCc2sccc21,Ki,204.0,nM,6.69
GRIN2B,CHEMBL1904,CHEMBL4574247,c1ccc(CNC2CCc3ccsc3CC2)cc1,Ki,26.0,nM,7.58
GRIN2B,CHEMBL1904,CHEMBL4590193,COc1ccc2c(c1)CC[C@H](NCCCc1ccccc1)C[C@H]2O,Ki,48.0,nM,7.32
GRIN2B,CHEMBL1904,CHEMBL4646841,c1ccc(CCNC2CCc3ccsc3CC2)cc1,Ki,33.0,nM,7.48
GRIN2B,CHEMBL1904,CHEMBL4634358,c1ccc(CCCNC2CCc3ccsc3CC2)cc1,Ki,5.9,nM,8.23
GRIN2B,CHEMBL1904,CHEMBL4646690,c1ccc(CCCCNC2CCc3ccsc3CC2)cc1,Ki,11.0,nM,7.96
GRIN2B,CHEMBL1904,CHEMBL4647243,CN(Cc1ccccc1)C1CCc2ccsc2CC1,Ki,72.0,nM,7.14
GRIN2B,CHEMBL1904,CHEMBL4632628,CN(CCc1ccccc1)C1CCc2ccsc2CC1,Ki,130.0,nM,6.89
GRIN2B,CHEMBL1904,CHEMBL4645707,CN(CCCc1ccccc1)C1CCc2ccsc2CC1,Ki,6.0,nM,8.22
GRIN2B,CHEMBL1904,CHEMBL4648500,CN(CCCCc1ccccc1)C1CCc2ccsc2CC1,Ki,9.0,nM,8.05
GRIN2B,CHEMBL1904,CHEMBL4647186,CCN(Cc1ccccc1)C1CCc2ccsc2CC1,Ki,61.0,nM,7.21
GRIN2B,CHEMBL1904,CHEMBL4644644,CCN(CCc1ccccc1)C1CCc2ccsc2CC1,Ki,196.0,nM,6.71
GRIN2B,CHEMBL1904,CHEMBL4648377,CCN(CCCc1ccccc1)C1CCc2ccsc2CC1,Ki,51.0,nM,7.29
GRIN2B,CHEMBL1904,CHEMBL4641623,CCN(CCCCc1ccccc1)C1CCc2ccsc2CC1,Ki,33.0,nM,7.48
GRIN2B,CHEMBL1904,CHEMBL4637229,OCc1cc2c(s1)CCC(NCCCc1ccccc1)CC2,Ki,183.0,nM,6.74
GRIN2B,CHEMBL1904,CHEMBL4644834,OCc1cc2c(s1)CCC(NCCCCc1ccccc1)CC2,Ki,764.0,nM,6.12
GRIN2B,CHEMBL1904,CHEMBL4642875,CN(CCc1ccccc1)C1CCc2cc(CO)sc2CC1,Ki,726.0,nM,6.14
GRIN2B,CHEMBL1904,CHEMBL4637655,CN(CCCc1ccccc1)C1CCc2cc(CO)sc2CC1,Ki,141.0,nM,6.85
GRIN2B,CHEMBL1904,CHEMBL4632765,Brc1cc2c(s1)CCC(NCCCc1ccccc1)CC2,Ki,13.0,nM,7.89
GRIN2B,CHEMBL1904,CHEMBL4645300,Brc1cc2c(s1)CCC(NCCCCc1ccccc1)CC2,Ki,23.0,nM,7.64
GRIN2B,CHEMBL1904,CHEMBL4649725,Oc1ccc(-c2cc3c(s2)CCC(NCCCc2ccccc2)CC3)cc1,Ki,60.0,nM,7.22
GRIN2B,CHEMBL1904,CHEMBL60542,CC(C)=CCN1CC[C@]2(C)c3cc(O)ccc3C[C@H]1[C@H]2C,Ki,,,
GRIN2B,CHEMBL1904,CHEMBL4637295,Clc1ccc2c(c1)CCC(NCCCc1ccccc1)CC2,Ki,2.1,nM,8.68
GRIN2B,CHEMBL1904,CHEMBL4639180,O=C(c1cc2ccccc2o1)N1CCCN(Cc2ccccc2)CC1,Ki,1600.0,nM,5.80
GRIN2B,CHEMBL1904,CHEMBL4633788,O=C(c1ccc2ccccc2n1)N1CCCN(Cc2ccccc2)CC1,Ki,1500.0,nM,5.82
GRIN2B,CHEMBL1904,CHEMBL4643805,Cc1ccc(CN2CCCN(C(=O)c3cc4ccccc4o3)CC2)c(C)c1,Ki,59.0,nM,7.23
GRIN2B,CHEMBL1904,CHEMBL4640137,Cc1ccc(CN2CCCN(C(=O)c3ccc4ccccc4n3)CC2)c(C)c1,Ki,108.0,nM,6.97
GRIN2B,CHEMBL1904,CHEMBL4643145,Cc1ccc(CN2CCCN(C(=O)c3ccncc3)CC2)c(C)c1,Ki,116.0,nM,6.94
GRIN2B,CHEMBL1904,CHEMBL4644807,Cc1ccc(CN2CCCN(C(=O)c3cccc4ccccc34)CC2)c(C)c1,Ki,79.0,nM,7.10
GRIN2B,CHEMBL1904,CHEMBL4636728,Cc1ccc(CN2CCCN(C(=O)c3ccccc3)CC2)c(C)c1,Ki,294.0,nM,6.53
GRIN2B,CHEMBL1904,CHEMBL1289626,Oc1ccc2c(c1)CCN(CCCCc1ccccc1)CC2O,Ki,84.0,nM,7.08
GRIN2B,CHEMBL1904,CHEMBL4754021,c1ccc(CCCN2CCCc3ccccc3CC2)cc1,Ki,36.0,nM,7.44
GRIN2B,CHEMBL1904,CHEMBL4778291,c1ccc(CCCCN2CCCc3ccccc3CC2)cc1,Ki,32.0,nM,7.50
GRIN2B,CHEMBL1904,CHEMBL4744736,c1ccc(CNC2CCc3ccccc3C2)cc1,Ki,4000.0,nM,5.40
GRIN2B,CHEMBL1904,CHEMBL4745317,c1ccc(CCNC2CCc3ccccc3C2)cc1,Ki,237.0,nM,6.62
GRIN2B,CHEMBL1904,CHEMBL25858,c1ccc(CCCNC2CCc3ccccc3C2)cc1,Ki,163.0,nM,6.79
GRIN2B,CHEMBL1904,CHEMBL4759924,c1ccc(CCCCNC2CCc3ccccc3C2)cc1,Ki,266.0,nM,6.58
GRIN2B,CHEMBL1904,CHEMBL4746028,c1ccc(C2CCN(C3CCc4ccccc4C3)CC2)cc1,Ki,8.4,nM,8.08
GRIN2B,CHEMBL1904,CHEMBL4740593,c1ccc(CC2CCN(C3CCc4ccccc4C3)CC2)cc1,Ki,8.0,nM,8.10
GRIN2B,CHEMBL1904,CHEMBL4759856,c1ccc(CCNC2Cc3ccccc3C2)cc1,Ki,455.0,nM,6.34
GRIN2B,CHEMBL1904,CHEMBL55317,c1ccc(CCCNC2Cc3ccccc3C2)cc1,Ki,117.0,nM,6.93
GRIN2B,CHEMBL1904,CHEMBL4800530,c1ccc(CCCCNC2Cc3ccccc3C2)cc1,Ki,66.0,nM,7.18
GRIN2B,CHEMBL1904,CHEMBL4745685,c1ccc(C2CCN(C3Cc4ccccc4C3)CC2)cc1,Ki,4.5,nM,8.35
GRIN2B,CHEMBL1904,CHEMBL4758763,c1ccc(CC2CCN(C3Cc4ccccc4C3)CC2)cc1,Ki,3.2,nM,8.49
GRIN2B,CHEMBL1904,CHEMBL49623,C[C@@H]([C@H](O)c1ccc(O)cc1)N1CCC(Cc2ccccc2)CC1,Ki,14.4,nM,7.84
GRIN2B,CHEMBL1904,CHEMBL113830,C[C@H]([C@@H](O)c1ccc(O)cc1)N1CCC(Cc2ccccc2)CC1,Ki,7.8,nM,8.11
GRIN2B,CHEMBL1904,CHEMBL493054,C[C@H]([C@H](O)c1ccc(O)cc1)N1CCC(Cc2ccccc2)CC1,Ki,5.8,nM,8.24
GRIN2B,CHEMBL1904,CHEMBL319706,C[C@@H]([C@@H](O)c1ccc(O)cc1)N1CCC(Cc2ccccc2)CC1,Ki,13.5,nM,7.87
GRIN2B,CHEMBL1904,CHEMBL49623,C[C@@H]([C@H](O)c1ccc(O)cc1)N1CCC(Cc2ccccc2)CC1,IC50,200.0,nM,6.70
GRIN2B,CHEMBL1904,CHEMBL113830,C[C@H]([C@@H](O)c1ccc(O)cc1)N1CCC(Cc2ccccc2)CC1,IC50,698.0,nM,6.16
GRIN2B,CHEMBL1904,CHEMBL493054,C[C@H]([C@H](O)c1ccc(O)cc1)N1CCC(Cc2ccccc2)CC1,IC50,218.0,nM,6.66
GRIN2B,CHEMBL1904,CHEMBL319706,C[C@@H]([C@@H](O)c1ccc(O)cc1)N1CCC(Cc2ccccc2)CC1,IC50,525.0,nM,6.28
GRIN2B,CHEMBL1904,CHEMBL5092058,Cc1cn([C@H](C)CC#N)c(=O)c2cc(Cn3nc(C(F)F)cc3Cl)nn12,EC50,30000.0,nM,
GRIN2B,CHEMBL1904,CHEMBL5185552,CCN1CCN(CCC(=O)Nc2nc3c(C)cccc3s2)CC1,Ki,1000.0,nM,
GRIN2B,CHEMBL1904,CHEMBL5183248,Cc1cccc2sc(NC(=O)CCN3CCN(C(C)C)CC3)nc12,Ki,1000.0,nM,
GRIN2B,CHEMBL1904,CHEMBL5171428,Cc1cccc2sc(NC(=O)CCN3CCN(C(C)(C)C)CC3)nc12,Ki,476.0,nM,6.32
GRIN2B,CHEMBL1904,CHEMBL5192987,CCCCN1CCN(CCC(=O)Nc2nc3c(C)cccc3s2)CC1,Ki,229.0,nM,6.64
GRIN2B,CHEMBL1904,CHEMBL5207906,Cc1cccc2sc(NC(=O)CCN3CCN(CCN(C)C)CC3)nc12,Ki,1000.0,nM,
GRIN2B,CHEMBL1904,CHEMBL5194197,Cc1cccc2sc(NC(=O)CCN3CCN(CCCN(C)C)CC3)nc12,Ki,1800.0,nM,5.75
GRIN2B,CHEMBL1904,CHEMBL5203299,CCOCCN1CCN(CCC(=O)Nc2nc3c(C)cccc3s2)CC1,Ki,1000.0,nM,
GRIN2B,CHEMBL1904,CHEMBL5192784,CCCCCCN1CCN(CCC(=O)Nc2nc3c(C)cccc3s2)CC1,Ki,115.0,nM,6.94
GRIN2B,CHEMBL1904,CHEMBL5207817,Cc1cccc2sc(NC(=O)CCN3CCN(CC4CCCO4)CC3)nc12,Ki,457.0,nM,6.34
GRIN2B,CHEMBL1904,CHEMBL5203777,Cc1cccc2sc(NC(=O)CCN3CCN(C4CCCCC4)CC3)nc12,Ki,213.0,nM,6.67
GRIN2B,CHEMBL1904,CHEMBL5204934,Cc1cccc2sc(NC(=O)CCN3CCN(CC4CCCCC4)CC3)nc12,Ki,60.0,nM,7.22
GRIN2B,CHEMBL1904,CHEMBL5198839,Cc1cccc2sc(NC(=O)CCN3CCN(C4CCN(C)CC4)CC3)nc12,Ki,1000.0,nM,
GRIN2B,CHEMBL1904,CHEMBL5205006,Cc1cccc2sc(NC(=O)CCN3CCN(CCN(C(C)C)C(C)C)CC3)nc12,Ki,202.0,nM,6.70
GRIN2B,CHEMBL1904,CHEMBL5178466,Cc1ccccc1N1CCN(CCC(=O)Nc2nc3c(C)cccc3s2)CC1,Ki,1000.0,nM,
GRIN2B,CHEMBL1904,CHEMBL5176580,CC(=O)c1ccc(N2CCN(CCC(=O)Nc3nc4c(C)cccc4s3)CC2)cc1,Ki,187.0,nM,6.73
GRIN2B,CHEMBL1904,CHEMBL5177298,Cc1cccc2sc(NC(=O)CCN3CCN(c4ccccn4)CC3)nc12,Ki,1000.0,nM,
GRIN2B,CHEMBL1904,CHEMBL5206534,Cc1cccc2sc(NC(=O)CCN3CCN(c4ccncc4)CC3)nc12,Ki,184.0,nM,6.74
GRIN2B,CHEMBL1904,CHEMBL5206663,Cc1cccc2sc(NC(=O)CCN3CCN(c4ncccn4)CC3)nc12,Ki,1000.0,nM,
GRIN2B,CHEMBL1904,CHEMBL5173420,Cc1cccc2sc(NC(=O)CCN3CCN(Cc4ccccc4F)CC3)nc12,Ki,1000.0,nM,
GRIN2B,CHEMBL1904,CHEMBL5193082,Cc1cccc2sc(NC(=O)CCN3CCN(Cc4cc(F)ccc4F)CC3)nc12,Ki,1000.0,nM,
GRIN2B,CHEMBL1904,CHEMBL5172256,Cc1cccc2sc(NC(=O)CCN3CCN(Cc4ccc(C(C)(C)C)cc4)CC3)nc12,Ki,1000.0,nM,
GRIN2B,CHEMBL1904,CHEMBL5198012,Cc1cccc2sc(NC(=O)CCN3CCN(Cc4cccc5ccccc45)CC3)nc12,Ki,1000.0,nM,
GRIN2B,CHEMBL1904,CHEMBL305187,CC(C(O)c1ccc(O)cc1)N1CCC(Cc2ccccc2)CC1,Ki,10.07,nM,8.00
GRIN2B,CHEMBL1904,CHEMBL43928,Oc1ccc2[nH]c3c(c2c1)CCN(CCCCc1ccccc1)C3,IC50,140.0,nM,6.85
GRIN2B,CHEMBL1904,CHEMBL44301,Oc1ccc2c3c([nH]c2c1)CN(CCCCc1ccccc1)CC3,IC50,50.0,nM,7.30
GRIN2B,CHEMBL1904,CHEMBL44412,Oc1ccc(CCCN2CCc3c([nH]c4ccccc34)C2)cc1,IC50,87.0,nM,7.06
GRIN2B,CHEMBL1904,CHEMBL4970764,c1ccc(C[C@@H]2NCCc3c2[nH]c2ccccc32)cc1,IC50,27000.0,nM,4.57
GRIN2B,CHEMBL1904,CHEMBL1950985,O=C1CCC[C@@H]2c3[nH]c4ccccc4c3C[C@@H](CO)N12,IC50,30000.0,nM,4.52
GRIN2B,CHEMBL1904,CHEMBL5273123,Cc1cc(Cn2nc(Br)cc2Cl)cc(=O)n1C[C@H]1C[C@@H]1C#N,EC50,30000.0,nM,
GRIN2B,CHEMBL1904,CHEMBL589390,Cc1ccc2c(c1)c1c(n2CCc2ccc(C)nc2)CCN(C)C1,IC50,82400.0,nM,4.08
GRIN2B,CHEMBL1904,CHEMBL5273633,CCN1CCc2c(c3cc(C)ccc3n2-c2c(C(F)(F)F)nc3ccccn23)C1,IC50,39510.0,nM,4.40
GRIN2B,CHEMBL1904,CHEMBL5277145,Cc1ccc2c(c1)c1c(n2CCC(=O)N(C)c2c(C(F)(F)F)nc3cc(C)ccn23)CCN(C)C1,IC50,32600.0,nM,4.49
GRIN2B,CHEMBL1904,CHEMBL4475303,CCN1CCc2c(c3ccccc3n2CCC(=O)N2c3ccccc3Sc3ccccc32)C1,IC50,13400.0,nM,4.87
GRIN2B,CHEMBL1904,CHEMBL4099400,CCN1CCc2c(c3cc(F)ccc3n2CCC(=O)N2c3ccccc3Sc3ccccc32)C1,IC50,8800.0,nM,5.06
GRIN2B,CHEMBL1904,CHEMBL5271717,CCc1ccc2c(c1)c1c(n2CCC(=O)N2c3ccccc3Sc3ccccc32)CCN(C)C1,IC50,15400.0,nM,4.81
GRIN2B,CHEMBL1904,CHEMBL4475303,CCN1CCc2c(c3ccccc3n2CCC(=O)N2c3ccccc3Sc3ccccc32)C1,IC50,14600.0,nM,4.84
GRIN2B,CHEMBL1904,CHEMBL4099400,CCN1CCc2c(c3cc(F)ccc3n2CCC(=O)N2c3ccccc3Sc3ccccc32)C1,IC50,15800.0,nM,4.80
GRIN2B,CHEMBL1904,CHEMBL5271717,CCc1ccc2c(c1)c1c(n2CCC(=O)N2c3ccccc3Sc3ccccc32)CCN(C)C1,IC50,13200.0,nM,4.88
GRIN2B,CHEMBL1904,CHEMBL17350,C[C@@H]([C@@H](O)c1ccc(O)cc1)N1CCC(O)(c2ccccc2)CC1,IC50,11.0,nM,7.96
GRIN2B,CHEMBL1904,CHEMBL3545350,Cc1nccn1Cc1cc(-c2ccc(F)c(C(F)F)c2)cnn1,IC50,17.0,nM,7.77
GRIN2B,CHEMBL1904,CHEMBL4636881,CC(=O)Nc1c(F)cc(C(=O)N[C@H]2CC[C@H](O)CC2)cc1O[C@@H](C)c1ccccc1,IC50,50118.72,nM,
GRIN2B,CHEMBL1904,CHEMBL4635134,CNC(=O)c1cc(C(=O)NC2CC2)cn(Cc2ccccc2)c1=O,IC50,50118.72,nM,
GRIN2B,CHEMBL1904,CHEMBL4639128,COCc1nc2cnc3cc(-c4c(C)noc4C)c(OC[C@H]4CCNC4)cc3c2n1[C@H](C)c1ccccc1,IC50,50118.72,nM,
GRIN2B,CHEMBL1904,CHEMBL5416465,Nc1nccn1Cc1cn(-c2ccc(Cl)c(C(=O)C(F)F)c2)nn1,IC50,4.2,nM,8.38
GRIN2B,CHEMBL1904,CHEMBL114644,C(#Cc1ccc2[nH]ncc2c1)CN1CCC(Cc2ccccc2)CC1,Ki,11.0,nM,7.96
GRIN2B,CHEMBL1904,CHEMBL5435194,Fc1ccc(CC2CCN(CC#Cc3ccc4[nH]ncc4c3)CC2)cc1,Ki,13.0,nM,7.89
GRIN2B,CHEMBL1904,CHEMBL5409908,Fc1ccccc1CC1CCN(CC#Cc2ccc3[nH]ncc3c2)CC1,Ki,25.0,nM,7.60
GRIN2B,CHEMBL1904,CHEMBL5435626,C(#Cc1ccc2cn[nH]c2c1)CN1CCC(Cc2ccccc2)CC1,Ki,53.0,nM,7.28
GRIN2B,CHEMBL1904,CHEMBL5429038,Fc1ccc(CC2CCN(CC#Cc3ccc4cn[nH]c4c3)CC2)cc1,Ki,35.0,nM,7.46
GRIN2B,CHEMBL1904,CHEMBL5425955,Cn1ncc2cc(C#CCN3CCC(Cc4ccccc4)CC3)ccc21,Ki,38.0,nM,7.42
GRIN2B,CHEMBL1904,CHEMBL5396018,Cn1ncc2cc(C#CCN3CCC(Cc4ccc(F)cc4)CC3)ccc21,Ki,29.0,nM,7.54
GRIN2B,CHEMBL1904,CHEMBL5403196,Cn1cc2cc(C#CCN3CCC(Cc4ccccc4)CC3)ccc2n1,Ki,136.0,nM,6.87
GRIN2B,CHEMBL1904,CHEMBL5394862,Cn1cc2cc(C#CCN3CCC(Cc4ccc(F)cc4)CC3)ccc2n1,Ki,182.0,nM,6.74
GRIN2B,CHEMBL1904,CHEMBL5398972,O=C(CCN1CCC(Cc2ccccc2)CC1)c1ccc2[nH]ncc2c1,Ki,18.0,nM,7.75
GRIN2B,CHEMBL1904,CHEMBL5431988,O=C(CCN1CCC(Cc2ccc(F)cc2)CC1)c1ccc2[nH]ncc2c1,Ki,56.0,nM,7.25
GRIN2B,CHEMBL1904,CHEMBL5406518,O=C(CCN1CCC(Cc2ccccc2F)CC1)c1ccc2[nH]ncc2c1,Ki,20.0,nM,7.70
GRIN2B,CHEMBL1904,CHEMBL5432037,OC(CCN1CCC(Cc2ccccc2)CC1)c1ccc2[nH]ncc2c1,Ki,38.0,nM,7.42
GRIN2B,CHEMBL1904,CHEMBL5410339,OC(CCN1CCC(Cc2ccc(F)cc2)CC1)c1ccc2[nH]ncc2c1,Ki,32.0,nM,7.50
GRIN2B,CHEMBL1904,CHEMBL5416753,OC(CCN1CCC(Cc2ccccc2F)CC1)c1ccc2[nH]ncc2c1,Ki,38.0,nM,7.42
GRIN2B,CHEMBL1904,CHEMBL5421604,C(=C/c1ccc2[nH]ncc2c1)\CN1CCC(Cc2ccccc2)CC1,Ki,6.6,nM,8.18
GRIN2B,CHEMBL1904,CHEMBL5423529,Fc1ccc(CC2CCN(C/C=C/c3ccc4[nH]ncc4c3)CC2)cc1,Ki,20.0,nM,7.70
GRIN2B,CHEMBL1904,CHEMBL5440346,C(=C\c1ccc2[nH]ncc2c1)\CN1CCC(Cc2ccccc2)CC1,Ki,120.0,nM,6.92
GRIN2B,CHEMBL1904,CHEMBL5408501,Fc1ccc(CC2CCN(C/C=C\c3ccc4[nH]ncc4c3)CC2)cc1,Ki,42.0,nM,7.38
GRIN2B,CHEMBL1904,CHEMBL5410173,c1ccc(CC2CCN(CCCc3ccc4[nH]ncc4c3)CC2)cc1,Ki,5.7,nM,8.24
GRIN2B,CHEMBL1904,CHEMBL5432456,Fc1ccc(CC2CCN(CCCc3ccc4[nH]ncc4c3)CC2)cc1,Ki,13.0,nM,7.89
GRIN2B,CHEMBL1904,CHEMBL5441115,Oc1ccc(C#CCN2CCC(Cc3ccc(F)cc3)CC2)cc1,Ki,12.0,nM,7.92
GRIN2B,CHEMBL1904,CHEMBL305187,CC(C(O)c1ccc(O)cc1)N1CCC(Cc2ccccc2)CC1,Ki,5.8,nM,8.24
GRIN2B,CHEMBL1904,CHEMBL5417143,O[C@@H](CCN1CCC(Cc2ccccc2)CC1)c1ccc2[nH]ncc2c1,Ki,93.0,nM,7.03
GRIN2B,CHEMBL1904,CHEMBL5435354,O[C@H](CCN1CCC(Cc2ccccc2)CC1)c1ccc2[nH]ncc2c1,Ki,265.0,nM,6.58
GRIN2B,CHEMBL1904,CHEMBL5417143,O[C@@H](CCN1CCC(Cc2ccccc2)CC1)c1ccc2[nH]ncc2c1,IC50,72.0,nM,7.14
GRIN2B,CHEMBL1904,CHEMBL5435354,O[C@H](CCN1CCC(Cc2ccccc2)CC1)c1ccc2[nH]ncc2c1,IC50,62.0,nM,7.21
GRIN2B,CHEMBL1904,CHEMBL305187,CC(C(O)c1ccc(O)cc1)N1CCC(Cc2ccccc2)CC1,IC50,264.0,nM,6.58
GRIN2B,CHEMBL1904,CHEMBL305187,CC(C(O)c1ccc(O)cc1)N1CCC(Cc2ccccc2)CC1,IC50,340.0,nM,6.47
GRIN2B,CHEMBL1904,CHEMBL5856011,COc1ccc(NC(=O)N2C[C@@H]3C[C@@](O)(c4ccccc4)C[C@@H]3C2)cc1,IC50,10000.0,nM,5.00
GRIN2B,CHEMBL1904,CHEMBL5763079,COc1ccc(NC(=O)N2C[C@@H]3C[C@@](O)(c4ccc(C#N)cc4)C[C@@H]3C2)cc1,IC50,10000.0,nM,5.00
GRIN2B,CHEMBL1904,CHEMBL5811892,Cc1ccc(NC(=O)N2C[C@@H]3C[C@@](O)(c4ccccc4)C[C@@H]3C2)cc1,IC50,10000.0,nM,5.00
GRIN2B,CHEMBL1904,CHEMBL6041357,O=C(Nc1cccc(Cl)c1)N1C[C@@H]2C[C@@](O)(c3ccccc3)C[C@@H]2C1,IC50,10000.0,nM,5.00
GRIN2B,CHEMBL1904,CHEMBL5857216,O=C(Nc1cccc(C(F)(F)F)c1)N1C[C@@H]2C[C@@](O)(c3ccccc3)C[C@@H]2C1,IC50,10000.0,nM,5.00
GRIN2B,CHEMBL1904,CHEMBL6020372,O=C(Nc1ccc(F)cc1)N1C[C@@H]2C[C@@](O)(c3ccccc3)C[C@@H]2C1,IC50,10000.0,nM,5.00
GRIN2B,CHEMBL1904,CHEMBL5984386,COc1cccc(NC(=O)N2C[C@@H]3C[C@@](O)(c4ccccc4)C[C@@H]3C2)c1,IC50,10000.0,nM,5.00
GRIN2B,CHEMBL1904,CHEMBL5877286,COc1ccc(NC(=O)N2C[C@@H]3C[C@@](O)(c4ccccc4C)C[C@@H]3C2)cc1,IC50,10000.0,nM,5.00
GRIN2B,CHEMBL1904,CHEMBL6045128,Cc1ccc(NC(=O)N2C[C@@H]3C[C@@](O)(c4ccccc4C)C[C@@H]3C2)cc1,IC50,10000.0,nM,5.00
GRIN2B,CHEMBL1904,CHEMBL6041753,COc1cccc(NC(=O)N2C[C@@H]3C[C@@](O)(c4ccccc4C)C[C@@H]3C2)c1,IC50,10000.0,nM,5.00
GRIN2B,CHEMBL1904,CHEMBL6044311,Cc1ccccc1[C@]1(O)C[C@H]2CN(C(=O)Nc3cccc(Cl)c3)C[C@H]2C1,IC50,10000.0,nM,5.00
GRIN2B,CHEMBL1904,CHEMBL6028848,Cc1ccccc1[C@]1(O)C[C@H]2CN(C(=O)Nc3cccc(C(F)(F)F)c3)C[C@H]2C1,IC50,10000.0,nM,5.00
GRIN2B,CHEMBL1904,CHEMBL5917047,Cc1ccccc1[C@]1(O)C[C@H]2CN(C(=O)Nc3ccc(F)cc3)C[C@H]2C1,IC50,10000.0,nM,5.00
GRIN2B,CHEMBL1904,CHEMBL6041249,COc1cccc([C@]2(O)C[C@H]3CN(C(=O)Nc4ccc(C)cc4)C[C@H]3C2)c1,IC50,10000.0,nM,5.00
GRIN2B,CHEMBL1904,CHEMBL6005856,COc1cccc([C@]2(O)C[C@H]3CN(C(=O)Nc4cccc(Cl)c4)C[C@H]3C2)c1,IC50,10000.0,nM,5.00
GRIN2B,CHEMBL1904,CHEMBL5966239,COc1cccc([C@]2(O)C[C@H]3CN(C(=O)Nc4cccc(C(F)(F)F)c4)C[C@H]3C2)c1,IC50,10000.0,nM,5.00
GRIN2B,CHEMBL1904,CHEMBL5943637,COc1ccc(NC(=O)N2C[C@@H]3C[C@@](O)(c4cccc(OC)c4)C[C@@H]3C2)cc1,IC50,10000.0,nM,5.00
GRIN2B,CHEMBL1904,CHEMBL5977314,COc1cccc(NC(=O)N2C[C@@H]3C[C@@](O)(c4cccc(OC)c4)C[C@@H]3C2)c1,IC50,10000.0,nM,5.00
GRIN2B,CHEMBL1904,CHEMBL5800523,O=C(Nc1ccc(F)cc1F)N1C[C@@H]2C[C@@](O)(c3ccccc3)C[C@@H]2C1,IC50,10000.0,nM,5.00
GRIN2B,CHEMBL1904,CHEMBL5796417,C[C@@H](NC(=O)N1C[C@@H]2C[C@@](O)(c3ccccc3)C[C@@H]2C1)c1ccc(Cl)cc1,IC50,10000.0,nM,5.00
GRIN2B,CHEMBL1904,CHEMBL5760869,COc1ccccc1CNC(=O)N1C[C@@H]2C[C@@](O)(c3ccccc3)C[C@@H]2C1,IC50,10000.0,nM,5.00
GRIN2B,CHEMBL1904,CHEMBL5931448,COC(=O)c1ccc(NC(=O)N2C[C@@H]3C[C@@](O)(c4ccccc4C)C[C@@H]3C2)cc1,IC50,10000.0,nM,5.00
GRIN2B,CHEMBL1904,CHEMBL5873813,COc1ccc(C)cc1NC(=O)N1C[C@@H]2C[C@@](O)(c3ccccc3C)C[C@@H]2C1,IC50,10000.0,nM,5.00
GRIN2B,CHEMBL1904,CHEMBL6065434,Cc1ccccc1[C@]1(O)C[C@H]2CN(C(=O)Nc3ccc(Cl)c(C(F)(F)F)c3)C[C@H]2C1,IC50,10000.0,nM,5.00
GRIN2B,CHEMBL1904,CHEMBL6062440,O=C(Nc1ccccc1)N1C[C@@H]2C[C@@](O)(c3ccccc3)C[C@@H]2C1,IC50,10000.0,nM,5.00
GRIN2B,CHEMBL1904,CHEMBL5947173,N#Cc1cccc(NC(=O)N2C[C@@H]3C[C@@](O)(c4ccccc4)C[C@@H]3C2)c1,IC50,10000.0,nM,5.00
GRIN2B,CHEMBL1904,CHEMBL5802611,COc1ccc(C)cc1NC(=O)N1C[C@@H]2C[C@@](O)(c3ccccc3)C[C@@H]2C1,IC50,10000.0,nM,5.00
GRIN2B,CHEMBL1904,CHEMBL5853764,COC(=O)c1ccc(NC(=O)N2C[C@@H]3C[C@@](O)(c4ccccc4)C[C@@H]3C2)cc1,IC50,10000.0,nM,5.00
GRIN2B,CHEMBL1904,CHEMBL5773702,COc1cccc([C@]2(O)C[C@H]3CN(C(=O)Nc4ccccc4)C[C@H]3C2)c1,IC50,10000.0,nM,5.00
GRIN2B,CHEMBL1904,CHEMBL6014587,Cc1ccccc1[C@]1(O)C[C@H]2CN(C(=O)Nc3ccccc3)C[C@H]2C1,IC50,10000.0,nM,5.00
GRIN2B,CHEMBL1904,CHEMBL5938939,Cc1ccccc1[C@]1(O)C[C@H]2CN(C(=O)Nc3cccc(C#N)c3)C[C@H]2C1,IC50,10000.0,nM,5.00
GRIN2B,CHEMBL1904,CHEMBL5894287,COc1cccc([C@]2(O)C[C@H]3CN(C(=O)Nc4cc(C)ccc4OC)C[C@H]3C2)c1,IC50,10000.0,nM,5.00
GRIN2B,CHEMBL1904,CHEMBL6038473,COc1cccc([C@]2(O)C[C@H]3CN(C(=O)Nc4ccc(Cl)c(C(F)(F)F)c4)C[C@H]3C2)c1,IC50,10000.0,nM,5.00
GRIN2B,CHEMBL1904,CHEMBL5971028,O=C(Nc1ccc(F)cc1)N1C[C@@H]2C[C@@](O)(c3ccc(F)cc3)C[C@@H]2C1,IC50,10000.0,nM,5.00
GRIN2B,CHEMBL1904,CHEMBL5746994,Cc1ccc(NC(=O)N2C[C@@H]3C[C@@](O)(c4ccc(F)cc4)C[C@@H]3C2)cc1,IC50,10000.0,nM,5.00
GRIN2B,CHEMBL1904,CHEMBL5747530,COc1cccc(NC(=O)N2C[C@@H]3C[C@@](O)(c4ccc(F)cc4)C[C@@H]3C2)c1,IC50,10000.0,nM,5.00
GRIN2B,CHEMBL1904,CHEMBL5929947,O=C(Nc1cccc(C(F)(F)F)c1)N1C[C@@H]2C[C@@](O)(c3ccc(F)cc3)C[C@@H]2C1,IC50,10000.0,nM,5.00
GRIN2B,CHEMBL1904,CHEMBL5945131,O=C(Nc1cccc(Cl)c1)N1C[C@@H]2C[C@@](O)(c3ccc(F)cc3)C[C@@H]2C1,IC50,10000.0,nM,5.00
GRIN2B,CHEMBL1904,CHEMBL5946694,N#Cc1cccc(NC(=O)N2C[C@@H]3C[C@@](O)(c4ccc(F)cc4)C[C@@H]3C2)c1,IC50,10000.0,nM,5.00
GRIN2B,CHEMBL1904,CHEMBL5865495,O=C(Nc1cccnc1)N1C[C@@H]2C[C@@](O)(c3ccc(F)cc3)C[C@@H]2C1,IC50,10000.0,nM,5.00
GRIN2B,CHEMBL1904,CHEMBL5869310,COc1ccc(C)cc1NC(=O)N1C[C@@H]2C[C@@](O)(c3ccc(F)cc3)C[C@@H]2C1,IC50,10000.0,nM,5.00
GRIN2B,CHEMBL1904,CHEMBL5828986,O=C(Nc1ccc(Cl)c(C(F)(F)F)c1)N1C[C@@H]2C[C@@](O)(c3ccc(F)cc3)C[C@@H]2C1,IC50,10000.0,nM,5.00
GRIN2B,CHEMBL1904,CHEMBL6053596,O=C(Nc1cccnc1)N1C[C@@H]2C[C@@](O)(c3ccccc3)C[C@@H]2C1,IC50,10000.0,nM,5.00
GRIN2B,CHEMBL1904,CHEMBL5759978,COC(=O)c1ccc(NC(=O)N2C[C@@H]3C[C@@](O)(c4cccc(OC)c4)C[C@@H]3C2)cc1,IC50,10000.0,nM,5.00
GRIN2B,CHEMBL1904,CHEMBL5843995,COc1cccc([C@]2(O)C[C@H]3CN(C(=O)Nc4cccnc4)C[C@H]3C2)c1,IC50,10000.0,nM,5.00
GRIN2B,CHEMBL1904,CHEMBL5795969,Cc1ccc(NC(=O)N2C[C@@H]3C[C@@](O)(c4ccccc4)C[C@@H]3C2)c(C)c1,IC50,10000.0,nM,5.00
GRIN2B,CHEMBL1904,CHEMBL5866500,Cc1ccc(NC(=O)N2C[C@@H]3C[C@@](O)(c4ccccc4C)C[C@@H]3C2)c(C)c1,IC50,10000.0,nM,5.00
GRIN2B,CHEMBL1904,CHEMBL5831263,COc1cccc([C@]2(O)C[C@H]3CN(C(=O)Nc4ccc(C)cc4C)C[C@H]3C2)c1,IC50,10000.0,nM,5.00
GRIN2B,CHEMBL1904,CHEMBL5748319,COC(=O)c1ccc(NC(=O)N2C[C@@H]3C[C@@](O)(c4ccc(C(C)(C)C)cc4)C[C@@H]3C2)cc1,IC50,10000.0,nM,5.00
GRIN2B,CHEMBL1904,CHEMBL6002658,COc1cccc(NC(=O)N2C[C@@H]3C[C@@](O)(c4ccc(C(C)(C)C)cc4)C[C@@H]3C2)c1,IC50,10000.0,nM,5.00
GRIN2B,CHEMBL1904,CHEMBL5790814,CC(C)(C)c1ccc([C@]2(O)C[C@H]3CN(C(=O)Nc4cccc(C#N)c4)C[C@H]3C2)cc1,IC50,10000.0,nM,5.00
GRIN2B,CHEMBL1904,CHEMBL6013527,CC(C)(C)c1ccc([C@]2(O)C[C@H]3CN(C(=O)Nc4ccc(Cl)c(C(F)(F)F)c4)C[C@H]3C2)cc1,IC50,10000.0,nM,5.00
GRIN2B,CHEMBL1904,CHEMBL5804784,CC(C)(C)c1ccc([C@]2(O)C[C@H]3CN(C(=O)Nc4ccccc4)C[C@H]3C2)cc1,IC50,10000.0,nM,5.00
GRIN2B,CHEMBL1904,CHEMBL5944139,CC(C)(C)c1ccc([C@]2(O)C[C@H]3CN(C(=O)Nc4cccc(C(F)(F)F)c4)C[C@H]3C2)cc1,IC50,10000.0,nM,5.00
GRIN2B,CHEMBL1904,CHEMBL5862705,CC(C)(C)c1ccc([C@]2(O)C[C@H]3CN(C(=O)Nc4cccc(Cl)c4)C[C@H]3C2)cc1,IC50,10000.0,nM,5.00
GRIN2B,CHEMBL1904,CHEMBL5768429,C[C@@]12CN(CC(=O)c3ccccc3)C[C@]1(C)C[C@@](O)(c1ccccc1)C2,IC50,10000.0,nM,5.00
GRIN2B,CHEMBL1904,CHEMBL5905752,OC(CN1C[C@@H]2C[C@@](O)(c3ccccc3)C[C@@H]2C1)c1ccccc1,IC50,10000.0,nM,5.00
GRIN2B,CHEMBL1904,CHEMBL5983930,COc1cccc([C@]2(O)C[C@H]3CN(CC(=O)c4ccccc4)C[C@H]3C2)c1,IC50,10000.0,nM,5.00
GRIN2B,CHEMBL1904,CHEMBL5860675,COc1cccc([C@]2(O)C[C@H]3CN(CC(O)c4ccccc4)C[C@H]3C2)c1,IC50,10000.0,nM,5.00
GRIN2B,CHEMBL1904,CHEMBL5748972,O=C(CN1C[C@@H]2C[C@@](O)(c3ccccc3)C[C@@H]2C1)c1cccc(F)c1,IC50,10000.0,nM,5.00
GRIN2B,CHEMBL1904,CHEMBL5783711,COc1cccc([C@]2(O)C[C@H]3CN(CC(=O)c4cccc(F)c4)C[C@H]3C2)c1,IC50,10000.0,nM,5.00
GRIN2B,CHEMBL1904,CHEMBL5829639,COc1cccc([C@]2(O)C[C@H]3CN(CC(O)c4cccc(F)c4)C[C@H]3C2)c1,IC50,10000.0,nM,5.00
GRIN2B,CHEMBL1904,CHEMBL5817641,OC(CN1C[C@@H]2C[C@@](O)(c3ccccc3)C[C@@H]2C1)c1cccc(F)c1,IC50,10000.0,nM,5.00
GRIN2B,CHEMBL1904,CHEMBL5792121,O=C(CN1C[C@@H]2C[C@@](O)(c3ccccc3)C[C@@H]2C1)c1ccc(O)cc1,IC50,10000.0,nM,5.00
GRIN2B,CHEMBL1904,CHEMBL5918322,COc1ccc(C(O)CN2C[C@@H]3C[C@@](O)(c4ccccc4)C[C@@H]3C2)cc1,IC50,10000.0,nM,5.00
GRIN2B,CHEMBL1904,CHEMBL6009777,Oc1ccc(C(O)CN2C[C@@H]3C[C@@](O)(c4ccccc4)C[C@@H]3C2)cc1,IC50,10000.0,nM,5.00
GRIN2B,CHEMBL1904,CHEMBL5921106,CC(C)(O)c1ccc(C(=O)CN2C[C@@H]3C[C@@](O)(c4ccccc4)C[C@@H]3C2)cc1,IC50,10000.0,nM,5.00
GRIN2B,CHEMBL1904,CHEMBL5921211,CC(C)(O)c1ccc(C(O)CN2C[C@@H]3C[C@@](O)(c4ccccc4)C[C@@H]3C2)cc1,IC50,10000.0,nM,5.00
GRIN2B,CHEMBL1904,CHEMBL5927538,CC(C)(C)c1ccc([C@]2(O)C[C@H]3CN(CC(O)c4cccc(C(F)(F)F)c4)C[C@H]3C2)cc1,IC50,10000.0,nM,5.00
GRIN2B,CHEMBL1904,CHEMBL5766979,CC(C)(C)c1ccc([C@]2(O)C[C@H]3CN(CC(O)c4cccc(F)c4)C[C@H]3C2)cc1,IC50,10000.0,nM,5.00
GRIN2B,CHEMBL1904,CHEMBL5859377,Cc1ccccc1[C@]1(O)C[C@H]2CN(CC(O)c3cccc(C(F)(F)F)c3)C[C@H]2C1,IC50,10000.0,nM,5.00
GRIN2B,CHEMBL1904,CHEMBL5923788,COc1cccc([C@]2(O)C[C@H]3CN(CC(O)c4cccc(C(F)(F)F)c4)C[C@H]3C2)c1,IC50,10000.0,nM,5.00
GRIN2B,CHEMBL1904,CHEMBL5757509,COc1cccc([C@]2(O)C[C@H]3CN(CC(O)c4ccc(Cl)cc4Cl)C[C@H]3C2)c1,IC50,10000.0,nM,5.00
GRIN2B,CHEMBL1904,CHEMBL5859829,OC(CN1C[C@@H]2C[C@@](O)(c3ccc(F)cc3)C[C@@H]2C1)c1cccc(C(F)(F)F)c1,IC50,10000.0,nM,5.00
GRIN2B,CHEMBL1904,CHEMBL5867806,OC(CN1C[C@@H]2C[C@@](O)(c3ccc(F)cc3)C[C@@H]2C1)c1ccc(Cl)cc1Cl,IC50,10000.0,nM,5.00
GRIN2B,CHEMBL1904,CHEMBL5809758,COc1cccc(C(O)CN2C[C@@H]3C[C@@](O)(c4cccc(OC)c4)C[C@@H]3C2)c1,IC50,10000.0,nM,5.00
GRIN2B,CHEMBL1904,CHEMBL5786976,COc1cccc([C@]2(O)C[C@H]3CN(C(C)C(O)c4ccc(O)cc4)C[C@H]3C2)c1,IC50,10000.0,nM,5.00
GRIN2B,CHEMBL1904,CHEMBL5879733,O[C@@]1(c2ccccc2)C[C@H]2CN(c3ccccn3)C[C@H]2C1,IC50,10000.0,nM,5.00
GRIN2B,CHEMBL1904,CHEMBL5821315,O[C@@]1(c2ccc(F)cc2)C[C@H]2CN(c3ccccn3)C[C@H]2C1,IC50,10000.0,nM,5.00
GRIN2B,CHEMBL1904,CHEMBL6053022,O[C@@]1(c2ccc(F)cc2)C[C@H]2CN(c3cccc(C(F)(F)F)n3)C[C@H]2C1,IC50,10000.0,nM,5.00
GRIN2B,CHEMBL1904,CHEMBL5897505,Cc1ccccc1[C@]1(O)C[C@H]2CN(c3ccccn3)C[C@H]2C1,IC50,10000.0,nM,5.00
GRIN2B,CHEMBL1904,CHEMBL5936543,O[C@@]1(c2ccccc2)C[C@H]2CN(c3cccc(C(F)(F)F)n3)C[C@H]2C1,IC50,10000.0,nM,5.00
GRIN2B,CHEMBL1904,CHEMBL5906794,Cc1ccccc1[C@]1(O)C[C@H]2CN(c3cccc(C(F)(F)F)n3)C[C@H]2C1,IC50,10000.0,nM,5.00
GRIN2B,CHEMBL1904,CHEMBL5827895,Cc1cccc(N2C[C@@H]3C[C@@](O)(c4ccccc4)C[C@@H]3C2)n1,IC50,10000.0,nM,5.00
GRIN2B,CHEMBL1904,CHEMBL5867148,Cc1cccc(N2C[C@@H]3C[C@@](O)(c4ccccc4C)C[C@@H]3C2)n1,IC50,10000.0,nM,5.00
GRIN2B,CHEMBL1904,CHEMBL5788753,Cc1cccc(N2C[C@@H]3C[C@@](O)(c4ccc(F)cc4)C[C@@H]3C2)n1,IC50,10000.0,nM,5.00
GRIN2B,CHEMBL1904,CHEMBL5828946,CC(C)(C)c1ccc([C@]2(O)C[C@H]3CN(c4ccccn4)C[C@H]3C2)cc1,IC50,10000.0,nM,5.00
GRIN2B,CHEMBL1904,CHEMBL5920389,Cc1cccc(N2C[C@@H]3C[C@@](O)(c4ccc(C(C)(C)C)cc4)C[C@@H]3C2)n1,IC50,10000.0,nM,5.00
GRIN2B,CHEMBL1904,CHEMBL5788700,CC(C(=O)c1ccc(O)cc1)N1C[C@@H]2C[C@@](O)(c3ccccc3)C[C@@H]2C1,IC50,10000.0,nM,5.00
GRIN2B,CHEMBL1904,CHEMBL5782639,CC(C(O)c1ccc(O)cc1)N1C[C@@H]2C[C@@](O)(c3ccccc3)C[C@@H]2C1,IC50,10000.0,nM,5.00
GRIN2B,CHEMBL1904,CHEMBL5922532,CC(C(=O)c1ccc(O)cc1)N1C[C@@H]2C[C@@](O)(c3ccc(F)cc3)C[C@@H]2C1,IC50,10000.0,nM,5.00
GRIN2B,CHEMBL1904,CHEMBL5863714,CC(C(=O)c1ccc(O)cc1)N1C[C@@H]2C[C@@](O)(c3ccc(C(C)(C)C)cc3)C[C@@H]2C1,IC50,10000.0,nM,5.00
GRIN2B,CHEMBL1904,CHEMBL5815891,Cc1ccccc1[C@]1(O)C[C@H]2CN(C(C)C(=O)c3ccc(O)cc3)C[C@H]2C1,IC50,10000.0,nM,5.00
GRIN2B,CHEMBL1904,CHEMBL6040038,Cc1ccccc1[C@]1(O)C[C@H]2CN(C(C)C(O)c3ccc(O)cc3)C[C@H]2C1,IC50,10000.0,nM,5.00
GRIN2B,CHEMBL1904,CHEMBL5995607,CC(C(O)c1ccc(O)cc1)N1C[C@@H]2C[C@@](O)(c3ccc(C(C)(C)C)cc3)C[C@@H]2C1,IC50,10500.0,nM,4.98
GRIN2B,CHEMBL1904,CHEMBL6046771,O=C(CCN1C[C@@H]2C[C@@](O)(c3ccccc3)C[C@@H]2C1)c1ccc(O)cc1,IC50,10000.0,nM,5.00
GRIN2B,CHEMBL1904,CHEMBL6046522,Oc1ccc(C(O)CCN2C[C@@H]3C[C@@](O)(c4ccccc4)C[C@@H]3C2)cc1,IC50,10000.0,nM,5.00
GRIN2B,CHEMBL1904,CHEMBL5807028,COc1ccc(NC(=O)N2C[C@H]3C[C@@H](c4ccccc4)C[C@H]3C2)cc1,IC50,10000.0,nM,5.00
GRIN2B,CHEMBL1904,CHEMBL5979826,O=C(Nc1ccc(O)cc1)N1C[C@H]2C[C@@H](c3ccccc3)C[C@H]2C1,IC50,10000.0,nM,5.00
GRIN2B,CHEMBL1904,CHEMBL5923393,O=C(Nc1ccc(F)cc1)N1C[C@H]2C[C@@H](c3ccccc3)C[C@H]2C1,IC50,10000.0,nM,5.00
GRIN2B,CHEMBL1904,CHEMBL5951294,O=C(Nc1ccccc1)N1C[C@H]2C[C@@H](c3ccccc3)C[C@H]2C1,IC50,10000.0,nM,5.00
GRIN2B,CHEMBL1904,CHEMBL5927042,COC(=O)c1ccc(NC(=O)N2C[C@H]3C[C@@H](c4ccccc4)C[C@H]3C2)cc1,IC50,10000.0,nM,5.00
GRIN2B,CHEMBL1904,CHEMBL5829135,COc1cccc(NC(=O)N2C[C@H]3C[C@@H](c4ccccc4)C[C@H]3C2)c1,IC50,10000.0,nM,5.00
GRIN2B,CHEMBL1904,CHEMBL5831681,O=C(Nc1cccc(C(F)(F)F)c1)N1C[C@H]2C[C@@H](c3ccccc3)C[C@H]2C1,IC50,10000.0,nM,5.00
GRIN2B,CHEMBL1904,CHEMBL6054110,O=C(Nc1cccc(Cl)c1)N1C[C@H]2C[C@@H](c3ccccc3)C[C@H]2C1,IC50,10000.0,nM,5.00
GRIN2B,CHEMBL1904,CHEMBL6035748,N#Cc1cccc(NC(=O)N2C[C@H]3C[C@@H](c4ccccc4)C[C@H]3C2)c1,IC50,10000.0,nM,5.00
GRIN2B,CHEMBL1904,CHEMBL5878508,O=C(Nc1ccc(Cl)c(C(F)(F)F)c1)N1C[C@H]2C[C@@H](c3ccccc3)C[C@H]2C1,IC50,10000.0,nM,5.00
GRIN2B,CHEMBL1904,CHEMBL6003983,COc1ccc(C)cc1NC(=O)N1C[C@H]2C[C@@H](c3ccccc3)C[C@H]2C1,IC50,10000.0,nM,5.00
GRIN2B,CHEMBL1904,CHEMBL5758296,Cc1ccc(NC(=O)N2C[C@H]3C[C@@H](c4ccccc4)C[C@H]3C2)c(C)c1,IC50,10000.0,nM,5.00
GRIN2B,CHEMBL1904,CHEMBL5918824,O=C(Nc1cccnc1)N1C[C@H]2C[C@@H](c3ccccc3)C[C@H]2C1,IC50,10000.0,nM,5.00
GRIN2B,CHEMBL1904,CHEMBL5882106,COc1ccccc1CNC(=O)N1C[C@H]2C[C@@H](c3ccccc3)C[C@H]2C1,IC50,10000.0,nM,5.00
GRIN2B,CHEMBL1904,CHEMBL5931005,C[C@@H](NC(=O)N1C[C@H]2C[C@@H](c3ccccc3)C[C@H]2C1)c1ccc(Cl)cc1,IC50,10000.0,nM,5.00
GRIN2B,CHEMBL1904,CHEMBL5860599,O=C(CN1C[C@H]2C[C@@H](c3ccccc3)C[C@H]2C1)c1ccc(O)cc1,IC50,232.0,nM,6.63
GRIN2B,CHEMBL1904,CHEMBL5808319,Oc1ccc(C(O)CN2C[C@H]3C[C@@H](c4ccccc4)C[C@H]3C2)cc1,IC50,10000.0,nM,5.00
GRIN2B,CHEMBL1904,CHEMBL5759206,OC(CN1C[C@H]2C[C@@H](c3ccccc3)C[C@H]2C1)c1cccc(C(F)(F)F)c1,IC50,10000.0,nM,5.00
GRIN2B,CHEMBL1904,CHEMBL5847026,COc1cccc(C(O)CN2C[C@H]3C[C@@H](c4ccccc4)C[C@H]3C2)c1,IC50,10000.0,nM,5.00
GRIN2B,CHEMBL1904,CHEMBL5997875,O=C(Nc1cccc(Cl)c1)N1C[C@@H]2C[C@@](O)(Cc3ccccc3)C[C@@H]2C1,IC50,10000.0,nM,5.00
GRIN2B,CHEMBL1904,CHEMBL5872971,COc1cccc(NC(=O)N2C[C@@H]3C[C@@](O)(Cc4ccccc4)C[C@@H]3C2)c1,IC50,10000.0,nM,5.00
GRIN2B,CHEMBL1904,CHEMBL5902228,O=C(Nc1ccc(Cl)c(C(F)(F)F)c1)N1C[C@@H]2C[C@@](O)(Cc3ccccc3)C[C@@H]2C1,IC50,10000.0,nM,5.00
GRIN2B,CHEMBL1904,CHEMBL5897629,Cc1ccc(NC(=O)N2C[C@@H]3C[C@@](O)(Cc4ccccc4)C[C@@H]3C2)c(C)c1,IC50,10000.0,nM,5.00
GRIN2B,CHEMBL1904,CHEMBL5929205,O=C(Nc1ccccc1)N1C[C@@H]2C[C@@](O)(Cc3ccccc3)C[C@@H]2C1,IC50,10000.0,nM,5.00
GRIN2B,CHEMBL1904,CHEMBL5776779,[C-]#[N+]c1cccc(NC(=O)N2C[C@@H]3C[C@@](O)(Cc4ccccc4)C[C@@H]3C2)c1,IC50,10000.0,nM,5.00
GRIN2B,CHEMBL1904,CHEMBL6032004,COc1ccc(C)cc1NC(=O)N1C[C@@H]2C[C@@](O)(Cc3ccccc3)C[C@@H]2C1,IC50,10000.0,nM,5.00
GRIN2B,CHEMBL1904,CHEMBL6020120,Cc1ccc(NC(=O)N2C[C@@H]3C[C@@](O)(Cc4ccccc4)C[C@@H]3C2)cc1,IC50,10000.0,nM,5.00
GRIN2B,CHEMBL1904,CHEMBL5971929,COc1ccc(NC(=O)N2C[C@@H]3C[C@@](O)(Cc4ccccc4)C[C@@H]3C2)cc1,IC50,10000.0,nM,5.00
GRIN2B,CHEMBL1904,CHEMBL5959409,O=C(Nc1ccccc1C(F)(F)F)N1C[C@@H]2C[C@@](O)(Cc3ccccc3)C[C@@H]2C1,IC50,10000.0,nM,5.00
GRIN2B,CHEMBL1904,CHEMBL5854358,COc1ccccc1NC(=O)N1C[C@@H]2C[C@@](O)(Cc3ccccc3)C[C@@H]2C1,IC50,10000.0,nM,5.00
GRIN2B,CHEMBL1904,CHEMBL5779811,Cc1cccc(NC(=O)N2C[C@@H]3C[C@@](O)(Cc4ccccc4)C[C@@H]3C2)c1,IC50,10000.0,nM,5.00
GRIN2B,CHEMBL1904,CHEMBL5968706,O=C(CN1C[C@@H]2C[C@@](O)(Cc3ccccc3)C[C@@H]2C1)c1ccc(O)cc1,IC50,44.1,nM,7.36
GRIN2B,CHEMBL1904,CHEMBL5926160,Oc1ccc(C(O)CN2C[C@@H]3C[C@@](O)(Cc4ccccc4)C[C@@H]3C2)cc1,IC50,25.5,nM,7.59
GRIN2B,CHEMBL1904,CHEMBL5878836,COc1ccc(C(=O)CN2C[C@@H]3C[C@@](O)(Cc4ccccc4)C[C@@H]3C2)cc1,IC50,10000.0,nM,5.00
GRIN2B,CHEMBL1904,CHEMBL6042984,O=C(CCN1C[C@@H]2C[C@@](O)(Cc3ccccc3)C[C@@H]2C1)c1ccc(O)cc1,IC50,7050.0,nM,5.15
GRIN2B,CHEMBL1904,CHEMBL6026366,O=C(CN1C[C@@H]2C[C@@](O)(Cc3ccc(F)cc3)C[C@@H]2C1)c1ccc(O)cc1,IC50,43.2,nM,7.37
GRIN2B,CHEMBL1904,CHEMBL5928167,Oc1ccc(C(O)CN2C[C@@H]3C[C@@](O)(Cc4ccc(F)cc4)C[C@@H]3C2)cc1,IC50,27.1,nM,7.57
GRIN2B,CHEMBL1904,CHEMBL5908367,Oc1ccc([C@@H](O)CN2C[C@@H]3C[C@@](O)(Cc4ccccc4)C[C@@H]3C2)cc1,IC50,23.7,nM,7.62
GRIN2B,CHEMBL1904,CHEMBL6038877,Oc1ccc([C@H](O)CN2C[C@@H]3C[C@@](O)(Cc4ccccc4)C[C@@H]3C2)cc1,IC50,20.4,nM,7.69
GRIN2B,CHEMBL1904,CHEMBL5777194,CC(C)(O)c1ccc(C(=O)CN2C[C@@H]3C[C@@](O)(Cc4ccccc4)C[C@@H]3C2)cc1,IC50,10000.0,nM,5.00
GRIN2B,CHEMBL1904,CHEMBL5850737,CC(C)(O)c1ccc(C(O)CN2C[C@@H]3C[C@@](O)(Cc4ccccc4)C[C@@H]3C2)cc1,IC50,10000.0,nM,5.00
GRIN2B,CHEMBL1904,CHEMBL5742043,O=C(CN1C[C@@H]2C[C@@](O)(Cc3ccccc3)C[C@@H]2C1)c1ccc(O)cn1,IC50,6940.0,nM,5.16
GRIN2B,CHEMBL1904,CHEMBL5811553,CC(=O)Nc1ccc(C(=O)CN2C[C@@H]3C[C@@](O)(Cc4ccccc4)C[C@@H]3C2)cc1,IC50,10000.0,nM,5.00
GRIN2B,CHEMBL1904,CHEMBL5866003,Oc1ccc(C(O)CN2C[C@@H]3C[C@@](O)(Cc4ccccc4)C[C@@H]3C2)nc1,IC50,26.8,nM,7.57
GRIN2B,CHEMBL1904,CHEMBL5923182,O=C(Cc1ccc(O)cc1)CN1C[C@@H]2C[C@@](O)(Cc3ccccc3)C[C@@H]2C1,IC50,10000.0,nM,5.00
GRIN2B,CHEMBL1904,CHEMBL6025089,CS(=O)(=O)Nc1ccc(C(=O)CN2C[C@@H]3C[C@@](O)(Cc4ccccc4)C[C@@H]3C2)cc1,IC50,326.0,nM,6.49
GRIN2B,CHEMBL1904,CHEMBL5740696,O=C1Cc2cc(C(=O)CN3C[C@@H]4C[C@@](O)(Cc5ccccc5)C[C@@H]4C3)ccc2N1,IC50,352.0,nM,6.45
GRIN2B,CHEMBL1904,CHEMBL5882712,O=C1CCc2cc(C(=O)CN3C[C@@H]4C[C@@](O)(Cc5ccccc5)C[C@@H]4C3)ccc2N1,IC50,137.0,nM,6.86
GRIN2B,CHEMBL1904,CHEMBL5904339,CC(=O)Nc1ccc(C(O)CN2C[C@@H]3C[C@@](O)(Cc4ccccc4)C[C@@H]3C2)cc1,IC50,2310.0,nM,5.64
GRIN2B,CHEMBL1904,CHEMBL5832650,CS(=O)(=O)Nc1ccc(C(O)CN2C[C@@H]3C[C@@](O)(Cc4ccccc4)C[C@@H]3C2)cc1,IC50,47.0,nM,7.33
GRIN2B,CHEMBL1904,CHEMBL5786215,O=C(CN1C[C@@H]2C[C@@](O)(Cc3ccccc3)C[C@@H]2C1)c1ccc(O)c(F)c1,IC50,372.0,nM,6.43
GRIN2B,CHEMBL1904,CHEMBL5942142,O=C1Cc2cc(C(O)CN3C[C@@H]4C[C@@](O)(Cc5ccccc5)C[C@@H]4C3)ccc2N1,IC50,143.0,nM,6.84
GRIN2B,CHEMBL1904,CHEMBL6037201,O=C1CCc2cc(C(O)CN3C[C@@H]4C[C@@](O)(Cc5ccccc5)C[C@@H]4C3)ccc2N1,IC50,40.2,nM,7.40
GRIN2B,CHEMBL1904,CHEMBL5948773,O=c1[nH]c2ccc(C(O)CN3C[C@@H]4C[C@@](O)(Cc5ccccc5)C[C@@H]4C3)cc2o1,IC50,52.4,nM,7.28
GRIN2B,CHEMBL1904,CHEMBL6005784,O=C(CN1C[C@@H]2C[C@@](O)(Cc3ccccc3)C[C@@H]2C1)c1ccc(Cl)nc1,IC50,10000.0,nM,5.00
GRIN2B,CHEMBL1904,CHEMBL5801110,Oc1ccc([C@H](O)CN2C[C@@H]3C[C@@](O)(Cc4ccccc4)C[C@@H]3C2)cc1F,IC50,30.5,nM,7.52
GRIN2B,CHEMBL1904,CHEMBL5928203,O=C(CN1C[C@@H]2C[C@@](O)(Cc3ccccc3)C[C@@H]2C1)c1ccc(=O)[nH]n1,IC50,10000.0,nM,5.00
GRIN2B,CHEMBL1904,CHEMBL5899140,O=c1ccc(C(O)CN2C[C@@H]3C[C@@](O)(Cc4ccccc4)C[C@@H]3C2)n[nH]1,IC50,10000.0,nM,5.00
GRIN2B,CHEMBL1904,CHEMBL5850707,O=C(CN1C[C@@H]2C[C@@](O)(Cc3ccccc3)C[C@@H]2C1)c1cc(F)c(O)c(F)c1,IC50,11600.0,nM,4.94
GRIN2B,CHEMBL1904,CHEMBL5926406,Oc1c(F)cc(C(O)CN2C[C@@H]3C[C@@](O)(Cc4ccccc4)C[C@@H]3C2)cc1F,IC50,98.1,nM,7.01
GRIN2B,CHEMBL1904,CHEMBL6007085,COc1ccc(C(=O)CN2C[C@@H]3C[C@@](O)(Cc4ccccc4)C[C@@H]3C2)cn1,IC50,10000.0,nM,5.00
BCHE,CHEMBL1914,CHEMBL133897,CCOc1nn(-c2cccc(OCc3ccccc3)c2)c(=O)o1,IC50,920.0,nM,6.04
BCHE,CHEMBL1914,CHEMBL336398,O=C(N1CCCCC1)n1nc(-c2ccc(Cl)cc2)nc1SCC1CC1,IC50,900.0,nM,6.05
BCHE,CHEMBL1914,CHEMBL131588,CN(C(=O)n1nc(-c2ccc(Cl)cc2)nc1SCC(F)(F)F)c1ccccc1,IC50,50000.0,nM,
BCHE,CHEMBL1914,CHEMBL130628,O=C(N1CCCCC1)n1nc(-c2ccc(Cl)cc2)nc1SCC(F)(F)F,IC50,1000.0,nM,6.00
BCHE,CHEMBL1914,CHEMBL130478,CSc1nc(-c2ccc(OC(F)(F)F)cc2)nn1C(=O)N(C)C,IC50,200.0,nM,6.70
BCHE,CHEMBL1914,CHEMBL130098,CSc1nc(-c2ccc(Cl)cc2)nn1C(=O)N(C)C,IC50,10.0,nM,
BCHE,CHEMBL1914,CHEMBL337486,CCCCCCSc1nc(-c2ccc(Cl)cc2)nn1C(=O)N1CCOCC1,IC50,50000.0,nM,
BCHE,CHEMBL1914,CHEMBL336538,COc1ccc(-c2nc(SC)n(C(=O)N(C)C)n2)cc1,IC50,410.0,nM,6.39
BCHE,CHEMBL1914,CHEMBL131051,CSc1nc(-c2ccc(OC(F)(F)F)cc2)nn1C(=O)N(C)c1ccccc1,IC50,50000.0,nM,
BCHE,CHEMBL1914,CHEMBL341437,CCSc1nc(-c2ccc(OC)cc2)nn1C(=O)N1CCOCC1,IC50,4000.0,nM,5.40
BCHE,CHEMBL1914,CHEMBL335033,CSc1nc(-c2ccc3ccccc3c2)nn1C(=O)N(C)C,IC50,130.0,nM,6.89
BCHE,CHEMBL1914,CHEMBL338720,CSc1nc(-c2ccc(-c3ccccc3)cc2)nn1C(=O)N(C)C,IC50,230.0,nM,6.64
BCHE,CHEMBL1914,CHEMBL339995,CSc1nc(/C=C/c2ccccc2)nn1C(=O)N(C)C,IC50,370.0,nM,6.43
BCHE,CHEMBL1914,CHEMBL335158,CCCCCCSc1nc(-c2ccc(Cl)cc2)nn1C(=O)N1CCCCC1,IC50,50000.0,nM,
BCHE,CHEMBL1914,CHEMBL106126,Cc1c(C(C)C)c(=O)on1C(=O)N1CCC[C@H](C)C1,IC50,50000.0,nM,
BCHE,CHEMBL1914,CHEMBL130666,CSc1nc(-c2ccc(Cl)cc2)nn1C(=O)N1CCCCC1,IC50,900.0,nM,6.05
BCHE,CHEMBL1914,CHEMBL134061,O=C(N1CCOCC1)n1nc(-c2ccc(Cl)cc2)nc1SCC(F)(F)F,IC50,50000.0,nM,
BCHE,CHEMBL1914,CHEMBL133388,CSc1nc(-c2ccc(C)cc2)nn1C(=O)N(C)C,IC50,200.0,nM,6.70
BCHE,CHEMBL1914,CHEMBL130645,CSc1nc(-c2ccc(Cl)cc2)nn1C(=O)N1CCOCC1,IC50,14000.0,nM,4.85
BCHE,CHEMBL1914,CHEMBL336524,CCSc1nc(-c2ccc(Cl)cc2)nn1C(=O)N(C)C,IC50,50.0,nM,7.30
BCHE,CHEMBL1914,CHEMBL336276,CCCCCCSc1nc(-c2ccc(C)cc2)nn1C(=O)N(C)C,IC50,300.0,nM,6.52
BCHE,CHEMBL1914,CHEMBL334395,CCCSc1nc(-c2ccc(Cl)cc2)nn1C(=O)N(C)C,IC50,100.0,nM,7.00
BCHE,CHEMBL1914,CHEMBL131320,Cc1ccc(-c2nc(SCC(F)(F)F)n(C(=O)N(C)C)n2)cc1,IC50,460.0,nM,6.34
BCHE,CHEMBL1914,CHEMBL339297,COc1nn(-c2ccc(NC(=O)c3ccc(C(C)(C)C)cc3)cc2)c(=O)o1,IC50,50000.0,nM,
BCHE,CHEMBL1914,CHEMBL337714,CSc1nc(-c2ccc(C(F)(F)F)cc2)nn1C(=O)N(C)C,IC50,100.0,nM,7.00
BCHE,CHEMBL1914,CHEMBL130704,CSc1nc(-c2ccc(C)cc2)nn1C(=O)N1CCOCC1,IC50,2000.0,nM,5.70
BCHE,CHEMBL1914,CHEMBL19060,COc1ccccc1CNCCCCCCNCCSSCCNCCCCCCNCc1ccccc1OC,IC50,6165.95,nM,5.21
BCHE,CHEMBL1914,CHEMBL75644,CCOC(=O)N(C)CC[C@@]12C=C[C@H](O)C[C@@H]1Oc1c(OC)ccc(C=O)c12,IC50,155000.0,nM,
BCHE,CHEMBL1914,CHEMBL422977,COc1ccccc1CNCCCCCCNCCCCCCCNCCCCCCNCc1ccccc1OC,IC50,3715.35,nM,5.43
BCHE,CHEMBL1914,CHEMBL75699,CCOC(=O)N1CC[C@@]23C=C[C@H](O)C[C@@H]2Oc2c(OC)ccc(c23)C1,IC50,300000.0,nM,
BCHE,CHEMBL1914,CHEMBL310961,COc1ccc2c3c1O[C@H]1C[C@@H](O)C=C[C@@]31CCN(C)OC2,IC50,960000.0,nM,
BCHE,CHEMBL1914,CHEMBL659,COc1ccc2c3c1O[C@H]1C[C@@H](O)C=C[C@@]31CCN(C)C2,IC50,18000.0,nM,4.75
BCHE,CHEMBL1914,CHEMBL11805,COc1ccccc1CN(C)CCCCCC(=O)N(C)CCCCCCCCN(C)C(=O)CCCCCN(C)Cc1ccccc1OC,IC50,11748.98,nM,4.93
BCHE,CHEMBL1914,CHEMBL302179,COc1ccccc1CNCCCCCCNCCCCCCNCCCCCCNCc1ccccc1OC,IC50,1380.38,nM,5.86
BCHE,CHEMBL1914,CHEMBL80382,CCOC(=O)N(C)CC[C@@]12C=C[C@H](O)C[C@@H]1Oc1c(OC)ccc(CO)c12,IC50,216000.0,nM,
BCHE,CHEMBL1914,CHEMBL94,CNC(=O)Oc1ccc2c(c1)[C@]1(C)CCN(C)[C@@H]1N2C,IC50,22.91,nM,7.64
BCHE,CHEMBL1914,CHEMBL208599,CCC1=CC2Cc3nc4cc(Cl)ccc4c(N)c3[C@@H](C1)C2,Ki,120.0,nM,6.92
BCHE,CHEMBL1914,CHEMBL27673,COc1ccccc1CNCCCCCCNCCCCCCCCNCCCCCCNCc1ccccc1OC,IC50,977.24,nM,6.01
BCHE,CHEMBL1914,CHEMBL95,Nc1c2c(nc3ccccc13)CCCC2,IC50,0.9,nM,9.05
BCHE,CHEMBL1914,CHEMBL132377,COc1ccccc1CNCCCCCC(=O)N(C)CCCCCCCCN(C)C(=O)CCCCCNCc1ccccc1OC,IC50,6025.6,nM,5.22
BCHE,CHEMBL1914,CHEMBL132133,NCCCCCCNCCSSCCNCCCCCCN,IC50,645654.23,nM,
BCHE,CHEMBL1914,CHEMBL95,Nc1c2c(nc3ccccc13)CCCC2,IC50,363.08,nM,6.44
BCHE,CHEMBL1914,CHEMBL1206,CCN(CC)C(C)CN1c2ccccc2Sc2ccccc21,Ki,20.0,nM,7.70
BCHE,CHEMBL1914,CHEMBL80224,CCOC(=O)O[C@H]1C=C[C@@]2(CCN(C)C(=O)OCC)c3c(CCl)ccc(OC)c3O[C@H]2C1,IC50,790000.0,nM,
BCHE,CHEMBL1914,CHEMBL134488,COc1ccccc1CNCCCCCC(=O)NCCCCCCCCNC(=O)CCCCCNCc1ccccc1OC,IC50,11481.54,nM,4.94
BCHE,CHEMBL1914,CHEMBL134382,COc1ccccc1CNCCCCCCNCCCCCNCCCCCCNCc1ccccc1OC,IC50,8709.64,nM,5.06
BCHE,CHEMBL1914,CHEMBL309667,CNC(=O)Oc1ccc2c(c1)[C@]1(C)CCNC1N2,IC50,2.4,nM,8.62
BCHE,CHEMBL1914,CHEMBL419470,C[C@@]12CCNC1Nc1ccc(OC(=O)Nc3ccccc3)cc12,IC50,897.0,nM,6.05
BCHE,CHEMBL1914,CHEMBL80221,CNC(=O)Oc1ccc2c(c1)[C@]1(C)CCN(C)C1N2Cc1ccccc1,IC50,21.8,nM,7.66
BCHE,CHEMBL1914,CHEMBL94,CNC(=O)Oc1ccc2c(c1)[C@]1(C)CCN(C)[C@@H]1N2C,IC50,16.0,nM,7.80
BCHE,CHEMBL1914,CHEMBL80247,CN1c2ccc(OC(=O)Nc3ccccc3)cc2[C@]2(C)CCNC12,IC50,612.0,nM,6.21
BCHE,CHEMBL1914,CHEMBL418917,CN1CC[C@@]2(C)c3cc(OC(=O)Nc4ccccc4)ccc3NC12,IC50,516.0,nM,6.29
BCHE,CHEMBL1914,CHEMBL77896,CNC(=O)Oc1ccc2c(c1)[C@]1(C)CCN(Cc3ccccc3)C1N2Cc1ccccc1,IC50,8.1,nM,8.09
BCHE,CHEMBL1914,CHEMBL419457,C[C@]12CCN(Cc3ccccc3)C1N(Cc1ccccc1)c1ccc(OC(=O)Nc3ccccc3)cc12,IC50,,nM,
BCHE,CHEMBL1914,CHEMBL74089,CNC(=O)Oc1ccc2c(c1)[C@]1(C)CCNC1N2C,IC50,2.0,nM,8.70
BCHE,CHEMBL1914,CHEMBL76640,CNC(=O)Oc1ccc2c(c1)[C@@]1(C)CCN(C)C1N2C,IC50,2490.0,nM,5.60
BCHE,CHEMBL1914,CHEMBL76241,CNC(=O)Oc1ccc2c(c1)[C@]1(C)CCN(Cc3ccccc3)C1N2C,IC50,10.4,nM,7.98
BCHE,CHEMBL1914,CHEMBL431784,CNC(=O)Oc1ccc2c(c1)[C@]1(C)CCN(C)C1N2,IC50,6.8,nM,8.17
BCHE,CHEMBL1914,CHEMBL311118,CN1CC[C@@]2(C)C3=CC(=O)C(=O)C=C3N(C)C12,IC50,,nM,
BCHE,CHEMBL1914,CHEMBL54727,CN1CC[C@@]2(C)c3cc(OC(=O)Nc4ccccc4)ccc3N(C)C12,IC50,1300.0,nM,5.89
BCHE,CHEMBL1914,CHEMBL75919,CN1CC[C@]2(C)c3cc(OC(=O)Nc4ccccc4)ccc3N(C)C12,IC50,23500.0,nM,4.63
BCHE,CHEMBL1914,CHEMBL309351,C[C@]12CCNC1Nc1ccc(OC(=O)Nc3ccccc3)cc12,IC50,952.0,nM,6.02
BCHE,CHEMBL1914,CHEMBL310934,CN1CC[C@@]2(C)c3cc(O)ccc3N(C)[C@@H]12,IC50,,nM,
BCHE,CHEMBL1914,CHEMBL75743,CNC(=O)Oc1ccc2c(c1)[C@@]1(C)CCNC1N2,IC50,237.0,nM,6.62
BCHE,CHEMBL1914,CHEMBL76135,C[C@@]12CCN(Cc3ccccc3)C1N(Cc1ccccc1)c1ccc(OC(=O)Nc3ccccc3)cc12,IC50,513.0,nM,6.29
BCHE,CHEMBL1914,CHEMBL440497,CNC(=O)Oc1ccc2c(c1)[C@@]1(C)CCN(Cc3ccccc3)C1N2Cc1ccccc1,IC50,776.0,nM,6.11
BCHE,CHEMBL1914,CHEMBL1202875,Cl.Cl.O.c1ccc(CN2CCC(CCOc3ccc(-c4ccccc4)nn3)CC2)cc1,IC50,1600.0,nM,5.80
BCHE,CHEMBL1914,CHEMBL3215535,Cl.Cl.c1ccc(CN2CCC(CCNc3ccc(-c4ccccc4)nn3)CC2)cc1,IC50,700.0,nM,6.16
BCHE,CHEMBL1914,CHEMBL1202865,Cl.Cl.O.c1ccc(CN2CCC(CCNc3cc4c(nn3)-c3ccccc3CCC4)CC2)cc1,IC50,510.0,nM,6.29
BCHE,CHEMBL1914,CHEMBL95,Nc1c2c(nc3ccccc13)CCCC2,IC50,21.0,nM,7.68
BCHE,CHEMBL1914,CHEMBL1202884,Cl.Cl.O.c1ccc(CN2CCC(CCNc3cc4ccc5ccccc5c4nn3)CC2)cc1,IC50,270.0,nM,6.57
BCHE,CHEMBL1914,CHEMBL1204162,Cl.O.c1ccc(CN2CCC(CCN=c3cc4c(n[nH]3)-c3ccccc3C4)CC2)cc1,IC50,230.0,nM,6.64
BCHE,CHEMBL1914,CHEMBL1202874,Cl.Cl.c1ccc(CN2CCC(CCSc3ccc(-c4ccccc4)nn3)CC2)cc1,IC50,480.0,nM,6.32
BCHE,CHEMBL1914,CHEMBL1204299,Cc1cc(=NCCC2CCN(Cc3ccccc3)CC2)[nH]nc1-c1ccccc1.Cl.Cl.O,IC50,940.0,nM,6.03
BCHE,CHEMBL1914,CHEMBL1204296,CCc1cc(=NCCC2CCN(Cc3ccccc3)CC2)[nH]nc1-c1ccccc1.Cl.Cl.O,IC50,920.0,nM,6.04
BCHE,CHEMBL1914,CHEMBL1202885,Cl.Cl.O.c1ccc(CN2CCC(CCNc3cc4c(nn3)-c3ccccc3CC4)CC2)cc1,IC50,280.0,nM,6.55
BCHE,CHEMBL1914,CHEMBL502,COc1cc2c(cc1OC)C(=O)C(CC1CCN(Cc3ccccc3)CC1)C2,IC50,8200.0,nM,5.09
BCHE,CHEMBL1914,CHEMBL95272,COC(=O)CCc1ccc2c(c1)COP(=O)(OCC1C=CC(n3cc(C)c(=O)[nH]c3=O)O1)O2,IC50,8800.0,nM,5.06
BCHE,CHEMBL1914,CHEMBL95192,Cc1cn(C2C=CC(COP3(=O)OCc4c(Cl)cccc4O3)O2)c(=O)[nH]c1=O,IC50,570.0,nM,6.24
BCHE,CHEMBL1914,CHEMBL375567,Cc1cn([C@H]2C=C[C@@H](COP3(=O)OCc4cccc(C(C)(C)C)c4O3)O2)c(=O)[nH]c1=O,IC50,4200.0,nM,5.38
BCHE,CHEMBL1914,CHEMBL97281,CCC(C)c1cccc2c1OP(=O)(OCC1C=CC(n3cc(C)c(=O)[nH]c3=O)O1)OC2,IC50,2000.0,nM,5.70
BCHE,CHEMBL1914,CHEMBL97720,Cc1cn(C2C=CC(COP3(=O)OCc4cccc(CCC(=O)O)c4O3)O2)c(=O)[nH]c1=O,IC50,50000.0,nM,
BCHE,CHEMBL1914,CHEMBL330237,Cc1cccc2c1OP(=O)(OCC1C=CC(n3cnc4c(O)nc(N)nc43)C1)OC2,IC50,2500.0,nM,5.60
BCHE,CHEMBL1914,CHEMBL97159,Cc1cn(C2C=CC(COP3(=O)OCc4cc(CCC(=O)OC(C)(C)C)ccc4O3)O2)c(=O)[nH]c1=O,IC50,4400.0,nM,5.36
BCHE,CHEMBL1914,CHEMBL329968,Cc1cn(C2C=CC(COP3(=O)OCc4c(ccc5ccccc45)O3)O2)c(=O)[nH]c1=O,IC50,3900.0,nM,5.41
BCHE,CHEMBL1914,CHEMBL376065,Cc1cccc2c1OP(=O)(OC[C@@H]1C=C[C@H](n3cc(C)c(=O)[nH]c3=O)O1)OC2,IC50,1200.0,nM,5.92
BCHE,CHEMBL1914,CHEMBL40302,Cc1cccc2c1OP(=O)(OCC1CCC(n3cnc4c(N)ncnc43)O1)OC2,IC50,910.0,nM,6.04
BCHE,CHEMBL1914,CHEMBL223807,Cc1ccc2c(c1)COP(=O)(OC[C@@H]1C=C[C@H](n3cc(C)c(=O)[nH]c3=O)O1)O2,IC50,4600.0,nM,5.34
BCHE,CHEMBL1914,CHEMBL2111586,Cc1cccc2c1O[P@@](=O)(OC[C@H]1O[C@@H](n3cc(F)c(=O)[nH]c3=O)C[C@@H]1O)OC2,IC50,0.0,nM,
BCHE,CHEMBL1914,CHEMBL606885,Cc1cccc2c1OP(=O)(OC[C@H]1C=C[C@@H](n3cnc4c(NC5CC5)nc(N)nc43)C1)OC2,IC50,1300.0,nM,5.89
BCHE,CHEMBL1914,CHEMBL97501,Cc1cccc2c1OP(=O)(OCC1OC(n3cc(C)c(=O)[nH]c3=O)CC1N=[N+]=[N-])OC2,IC50,40000.0,nM,4.40
BCHE,CHEMBL1914,CHEMBL317359,Cc1cccc2c1OP(=O)(OCC1CCC(n3cc(C)c(=O)[nH]c3=O)O1)OC2,IC50,1000.0,nM,6.00
BCHE,CHEMBL1914,CHEMBL95532,Cc1cccc2c1OP(=O)(OCCOCn1cnc3c(O)nc(N)nc31)OC2,IC50,50000.0,nM,
BCHE,CHEMBL1914,CHEMBL319290,Cc1cn(C2C=CC(COP3(=O)OCc4cc(C(C)(C)C)cc(C(C)(C)C)c4O3)O2)c(=O)[nH]c1=O,IC50,50000.0,nM,
BCHE,CHEMBL1914,CHEMBL3350307,COc1ccc2c(c1)CO[P@@](=O)(OC[C@@H]1C=C[C@H](n3cc(C)c(=O)[nH]c3=O)O1)O2,IC50,1800.0,nM,5.75
BCHE,CHEMBL1914,CHEMBL316665,Cc1cccc2c1OP(=O)(OCC(CO)CCn1cnc3c(O)nc(N)nc31)OC2,IC50,50000.0,nM,
BCHE,CHEMBL1914,CHEMBL95695,Cc1cn(C2C=CC(COP3(=O)OCc4cc5ccccc5cc4O3)O2)c(=O)[nH]c1=O,IC50,410.0,nM,6.39
BCHE,CHEMBL1914,CHEMBL98298,Cc1cn(C2C=CC(COP3(=O)Oc4ccccc4C(C(Cl)Cl)O3)O2)c(=O)[nH]c1=O,IC50,26000.0,nM,4.58
BCHE,CHEMBL1914,CHEMBL97145,Cc1cccc2c1OP(=O)(OCC1CC(O)C(n3cnc4c(N)ncnc43)O1)OC2,IC50,28000.0,nM,4.55
BCHE,CHEMBL1914,CHEMBL2115274,Cc1cccc2c1OP(=O)(OC[C@H](CO)OCn1cnc3c(O)nc(N)nc31)OC2,IC50,50000.0,nM,
BCHE,CHEMBL1914,CHEMBL31131,Cc1cc(C)c2c(c1)COP(=O)(OCC1C=CC(n3cc(C)c(=O)[nH]c3=O)O1)O2,IC50,46000.0,nM,4.34
BCHE,CHEMBL1914,CHEMBL330299,Cc1cn(C2C=CC(COP3(=O)OCc4cc(C(C)(C)C)ccc4O3)O2)c(=O)[nH]c1=O,IC50,5600.0,nM,5.25
BCHE,CHEMBL1914,CHEMBL320000,Cc1cn(C2C=CC(COP3(=O)Oc4ccccc4C(C(Cl)(Cl)Cl)O3)O2)c(=O)[nH]c1=O,IC50,27000.0,nM,4.57
BCHE,CHEMBL1914,CHEMBL2114303,O=C1NC(=O)N([C@H]2C[C@H](O)[C@@H](CO[P@]3(=O)OCc4cccc(-c5ccccc5)c4O3)O2)CC1/C=C/Br,IC50,3700.0,nM,5.43
BCHE,CHEMBL1914,CHEMBL318643,Cc1cn(C2C=CC(COP3(=O)OCc4cccc(CCC(=O)OC(C)(C)C)c4O3)O2)c(=O)[nH]c1=O,IC50,3400.0,nM,5.47
BCHE,CHEMBL1914,CHEMBL262299,Cc1cn(C2C=CC(COP3(=O)OCc4cc(CCC(=O)OCc5ccccc5)ccc4O3)O2)c(=O)[nH]c1=O,IC50,22000.0,nM,4.66
BCHE,CHEMBL1914,CHEMBL2114301,Cc1cn([C@H]2C=C[C@@H](CO[P@]3(=O)OCc4cccc(C(C)(C)C)c4O3)O2)c(=O)[nH]c1=O,IC50,2600.0,nM,5.58
BCHE,CHEMBL1914,CHEMBL447232,Cc1cn(C2C=CC(COP3(=O)Oc4ccccc4C(CCl)O3)O2)c(=O)[nH]c1=O,IC50,3900.0,nM,5.41
BCHE,CHEMBL1914,CHEMBL3142708,Cc1cccc2c1OP(=O)(OC[C@H]1O[C@@H](N3CC(/C=C/Br)C(=O)NC3=O)C[C@@H]1O)OC2,IC50,50000.0,nM,
BCHE,CHEMBL1914,CHEMBL375767,Cc1cn([C@H]2C=C[C@@H](COP3(=O)OCc4ccccc4O3)O2)c(=O)[nH]c1=O,IC50,770.0,nM,6.11
BCHE,CHEMBL1914,CHEMBL319367,Cc1cn(C2C=CC(COP3(=O)OCc4cccc(-c5ccccc5)c4O3)O2)c(=O)[nH]c1=O,IC50,350.0,nM,6.46
BCHE,CHEMBL1914,CHEMBL2112393,O=C1NC(=O)N([C@H]2C[C@H](O)[C@@H](COP3(=O)OCc4cccc(-c5ccccc5)c4O3)O2)C[C@H]1/C=C/Br,IC50,50000.0,nM,
BCHE,CHEMBL1914,CHEMBL2111587,Cc1cn([C@H]2C=C[C@@H](CO[P@@]3(=O)OCc4cccc(C(C)(C)C)c4O3)O2)c(=O)[nH]c1=O,IC50,50000.0,nM,
BCHE,CHEMBL1914,CHEMBL329491,Cc1cccc2c1OP(=O)(OCC1C=CC(n3cnc4c(N)ncnc43)O1)OC2,IC50,1200.0,nM,5.92
BCHE,CHEMBL1914,CHEMBL97177,Cc1cn(C2C=CC(COP3(=O)OCc4c(F)c(C(C)(C)C)cc(C(C)(C)C)c4O3)O2)c(=O)[nH]c1=O,IC50,48000.0,nM,4.32
BCHE,CHEMBL1914,CHEMBL3142709,Cc1cccc2c1OP(=O)(OC[C@H]1O[C@@H](n3cc(C)c(=O)[nH]c3=O)C[C@@H]1O)OC2,IC50,36000.0,nM,4.44
BCHE,CHEMBL1914,CHEMBL319963,Cc1cn(C2C=CC(COP3(=O)OCc4cccc(CCC(=O)OCc5ccccc5)c4O3)O2)c(=O)[nH]c1=O,IC50,2800.0,nM,5.55
BCHE,CHEMBL1914,CHEMBL2114386,Cc1cccc2c1O[P@@](=O)(OC[C@@H]1C=C[C@H](n3cc(C)c(=O)[nH]c3=O)O1)OC2,IC50,50000.0,nM,
BCHE,CHEMBL1914,CHEMBL2114302,Cc1cccc2c1O[P@](=O)(OC[C@H]1O[C@@H](n3cc(F)c(=O)[nH]c3=O)C[C@@H]1O)OC2,IC50,50000.0,nM,
BCHE,CHEMBL1914,CHEMBL3350302,Cc1cccc2c1O[P@@](=O)(OC[C@@H](CO)OCn1cnc3c(O)nc(N)nc31)OC2,IC50,50000.0,nM,
BCHE,CHEMBL1914,CHEMBL2111583,Cc1cccc2c1OP(=O)(OC[C@@H]1C[C@H](F)[C@H](n3cnc4c(N)ncnc43)O1)OC2,IC50,5000.0,nM,5.30
BCHE,CHEMBL1914,CHEMBL97289,Cc1cn(C2C=CC(COP3(=O)OCc4cc(CCC(=O)O)ccc4O3)O2)c(=O)[nH]c1=O,IC50,50000.0,nM,
BCHE,CHEMBL1914,CHEMBL3142710,Cc1cccc2c1OP(=O)(OC[C@H]1O[C@@H](n3cc(F)c(=O)[nH]c3=O)C[C@@H]1O)OC2,IC50,50000.0,nM,
BCHE,CHEMBL1914,CHEMBL2112391,Cc1cccc2c1OP(=O)(OC[C@@H]1C[C@@H](F)[C@H](n3cnc4c(N)ncnc43)O1)OC2,IC50,1100.0,nM,5.96
BCHE,CHEMBL1914,CHEMBL95465,COC(=O)CCc1cccc2c1OP(=O)(OCC1C=CC(n3cc(C)c(=O)[nH]c3=O)O1)OC2,IC50,2700.0,nM,5.57
BCHE,CHEMBL1914,CHEMBL419521,CCC(C)c1ccc2c(c1)COP(=O)(OCC1C=CC(n3cc(C)c(=O)[nH]c3=O)O1)O2,IC50,3300.0,nM,5.48
BCHE,CHEMBL1914,CHEMBL541464,Cc1cn(C2C=CC(COP3(=O)Oc4cccc(Cl)c4C(C)O3)O2)c(=O)[nH]c1=O,IC50,1800.0,nM,5.75
BCHE,CHEMBL1914,CHEMBL328165,CCCCC1OP(=O)(OCC2C=CC(n3cc(C)c(=O)[nH]c3=O)O2)Oc2cccc(Cl)c21,IC50,13000.0,nM,4.89
BCHE,CHEMBL1914,CHEMBL433371,CCOC(=O)CC1OP(=O)(OCC2C=CC(n3cc(C)c(=O)[nH]c3=O)O2)Oc2cccc(Cl)c21,IC50,50000.0,nM,
BCHE,CHEMBL1914,CHEMBL2114383,COc1ccc2c(c1)CO[P@](=O)(OC[C@@H]1C=C[C@H](n3cc(C)c(=O)[nH]c3=O)O1)O2,IC50,50000.0,nM,
BCHE,CHEMBL1914,CHEMBL2165109,Cc1cccc2c1O[P@](=O)(OC[C@@H]1C=C[C@H](n3cc(C)c(=O)[nH]c3=O)O1)OC2,IC50,240.0,nM,6.62
BCHE,CHEMBL1914,CHEMBL2114298,Cc1cccc2c1O[P@@](=O)(OC[C@H](CO)OCn1cnc3c(O)nc(N)nc31)OC2,IC50,23000.0,nM,4.64
BCHE,CHEMBL1914,CHEMBL94571,Cc1cccc2c1OP(=O)(OCC1OC(n3cc(C)c(=O)[nH]c3=O)CC1=O)OC2,IC50,50000.0,nM,
BCHE,CHEMBL1914,CHEMBL3142699,Cc1cccc2c1OP(=O)(OC[C@H]1O[C@@H](N3C=NC4C(=O)N=C(N)N=C43)C[C@@H]1O)OC2,IC50,50000.0,nM,
BCHE,CHEMBL1914,CHEMBL97804,Cc1cn(C2C=CC(COP3(=O)OCc4cc(-c5ccccc5)ccc4O3)O2)c(=O)[nH]c1=O,IC50,4400.0,nM,5.36
BCHE,CHEMBL1914,CHEMBL95375,Cc1cn(C2C=CC(COP3(=O)OCc4ccc5ccccc5c4O3)O2)c(=O)[nH]c1=O,IC50,250.0,nM,6.60
BCHE,CHEMBL1914,CHEMBL305670,CNC(=O)Oc1ccc2c(c1)[C@]1(C)CCN[C@@H]1N2C,IC50,35.0,nM,7.46
BCHE,CHEMBL1914,CHEMBL305670,CNC(=O)Oc1ccc2c(c1)[C@]1(C)CCN[C@@H]1N2C,IC50,3.0,nM,8.52
BCHE,CHEMBL1914,CHEMBL94,CNC(=O)Oc1ccc2c(c1)[C@]1(C)CCN(C)[C@@H]1N2C,IC50,129.0,nM,6.89
BCHE,CHEMBL1914,CHEMBL94,CNC(=O)Oc1ccc2c(c1)[C@]1(C)CCN(C)[C@@H]1N2C,IC50,15.0,nM,7.82
BCHE,CHEMBL1914,CHEMBL75729,CNC(=O)Oc1ccc2c(c1)[C@]1(C)CCN(CCc3ccccc3)[C@@H]1N2C,IC50,7.0,nM,8.15
BCHE,CHEMBL1914,CHEMBL75729,CNC(=O)Oc1ccc2c(c1)[C@]1(C)CCN(CCc3ccccc3)[C@@H]1N2C,IC50,2.0,nM,8.70
BCHE,CHEMBL1914,CHEMBL74950,COc1ccc(NC(=O)Oc2ccc3c(c2)[C@]2(C)CCN(C)[C@@H]2N3C)cc1,IC50,230.0,nM,6.64
BCHE,CHEMBL1914,CHEMBL74950,COc1ccc(NC(=O)Oc2ccc3c(c2)[C@]2(C)CCN(C)[C@@H]2N3C)cc1,IC50,71.0,nM,7.15
BCHE,CHEMBL1914,CHEMBL74107,CCCCCCCCNC(=O)Oc1ccc2c(c1)[C@]1(C)CCN(C)[C@@H]1N2C,IC50,9.0,nM,8.05
BCHE,CHEMBL1914,CHEMBL74107,CCCCCCCCNC(=O)Oc1ccc2c(c1)[C@]1(C)CCN(C)[C@@H]1N2C,IC50,4.0,nM,8.40
BCHE,CHEMBL1914,CHEMBL94,CNC(=O)Oc1ccc2c(c1)[C@]1(C)CCN(C)[C@@H]1N2C,IC50,26000.0,nM,4.58
BCHE,CHEMBL1914,CHEMBL94,CNC(=O)Oc1ccc2c(c1)[C@]1(C)CCN(C)[C@@H]1N2C,IC50,4000.0,nM,5.40
BCHE,CHEMBL1914,CHEMBL74257,CNC(=O)Oc1ccc2c(c1)[C@]1(C)CCN(Cc3ccccc3)[C@@H]1N2C,IC50,55.0,nM,7.26
BCHE,CHEMBL1914,CHEMBL74257,CNC(=O)Oc1ccc2c(c1)[C@]1(C)CCN(Cc3ccccc3)[C@@H]1N2C,IC50,10.0,nM,8.00
BCHE,CHEMBL1914,CHEMBL307721,C=CCN1CC[C@@]2(C)c3cc(OC(=O)NC)ccc3N(C)[C@@H]12,IC50,16.0,nM,7.80
BCHE,CHEMBL1914,CHEMBL307721,C=CCN1CC[C@@]2(C)c3cc(OC(=O)NC)ccc3N(C)[C@@H]12,IC50,3.0,nM,8.52
BCHE,CHEMBL1914,CHEMBL308503,CN1CC[C@@]2(C)c3cc(OC(=O)NC(C)(C)C)ccc3N(C)[C@@H]12,IC50,11000.0,nM,4.96
BCHE,CHEMBL1914,CHEMBL308503,CN1CC[C@@]2(C)c3cc(OC(=O)NC(C)(C)C)ccc3N(C)[C@@H]12,IC50,2000.0,nM,5.70
BCHE,CHEMBL1914,CHEMBL308043,CN(C)C(=O)Oc1ccc2c(c1)[C@]1(C)CCN(C)[C@@H]1N2C,IC50,3000.0,nM,5.52
BCHE,CHEMBL1914,CHEMBL308043,CN(C)C(=O)Oc1ccc2c(c1)[C@]1(C)CCN(C)[C@@H]1N2C,IC50,420.0,nM,6.38
BCHE,CHEMBL1914,CHEMBL74926,CN1CC[C@@]2(C)c3cc(OC(=O)Nc4ccccc4)ccc3N(C)[C@@H]12,IC50,2500.0,nM,5.60
BCHE,CHEMBL1914,CHEMBL74926,CN1CC[C@@]2(C)c3cc(OC(=O)Nc4ccccc4)ccc3N(C)[C@@H]12,IC50,1300.0,nM,5.89
BCHE,CHEMBL1914,CHEMBL424100,C/C(=C\C(=O)N(C)[C@H]1CC[C@@]2(C)[C@@H](CC[C@@H]3[C@@H]2CC[C@]2(C)C([C@H](C)N(C)C)=CC[C@@H]32)C1)C(C)C,IC50,3650.0,nM,5.44
BCHE,CHEMBL1914,CHEMBL424100,C/C(=C\C(=O)N(C)[C@H]1CC[C@@]2(C)[C@@H](CC[C@@H]3[C@@H]2CC[C@]2(C)C([C@H](C)N(C)C)=CC[C@@H]32)C1)C(C)C,Ki,9100.0,nM,5.04
BCHE,CHEMBL1914,CHEMBL359415,C/C(=C\C(=O)N[C@H]1CC[C@@]2(C)[C@@H](CC[C@@H]3[C@@H]2CC[C@]2(C)[C@@H]([C@H](C)N(C)C)CC[C@@H]32)C1)C(C)C,IC50,4630.0,nM,5.33
BCHE,CHEMBL1914,CHEMBL359415,C/C(=C\C(=O)N[C@H]1CC[C@@]2(C)[C@@H](CC[C@@H]3[C@@H]2CC[C@]2(C)[C@@H]([C@H](C)N(C)C)CC[C@@H]32)C1)C(C)C,Ki,3250.0,nM,5.49
BCHE,CHEMBL1914,CHEMBL343365,C[C@@H]([C@H]1CC[C@H]2[C@@H]3CC[C@H]4C[C@@H](NC(=O)c5ccccc5)[C@@H](O)C[C@]4(C)[C@H]3CC[C@]12C)N(C)C,IC50,28900.0,nM,4.54
BCHE,CHEMBL1914,CHEMBL343365,C[C@@H]([C@H]1CC[C@H]2[C@@H]3CC[C@H]4C[C@@H](NC(=O)c5ccccc5)[C@@H](O)C[C@]4(C)[C@H]3CC[C@]12C)N(C)C,Ki,16200.0,nM,4.79
BCHE,CHEMBL1914,CHEMBL146254,CC(=O)O[C@H]1[C@@H](NC(=O)C=C(C)C)CC[C@]2(C)[C@H]3CC[C@]4(C)[C@@H]([C@H](C)N(C)C)CC[C@H]4[C@@H]3CC[C@@H]12,IC50,2300.0,nM,5.64
BCHE,CHEMBL1914,CHEMBL146254,CC(=O)O[C@H]1[C@@H](NC(=O)C=C(C)C)CC[C@]2(C)[C@H]3CC[C@]4(C)[C@@H]([C@H](C)N(C)C)CC[C@H]4[C@@H]3CC[C@@H]12,Ki,2580.0,nM,5.59
BCHE,CHEMBL1914,CHEMBL343054,C/C=C(\C)C(=O)N[C@@H]1[C@H](OC(C)=O)[C@@H]2CC[C@H]3C4=CC[C@H]([C@H](C)N(C)C)[C@@]4(C)CC[C@@H]3[C@@]2(C)C[C@@H]1O,IC50,38360.0,nM,4.42
BCHE,CHEMBL1914,CHEMBL343054,C/C=C(\C)C(=O)N[C@@H]1[C@H](OC(C)=O)[C@@H]2CC[C@H]3C4=CC[C@H]([C@H](C)N(C)C)[C@@]4(C)CC[C@@H]3[C@@]2(C)C[C@@H]1O,Ki,26300.0,nM,4.58
BCHE,CHEMBL1914,CHEMBL146080,C/C=C(\C)C(=O)N[C@@H]1C=C2CC[C@@H]3[C@H](CC[C@]4(C)C([C@H](C)N(C)C)=CC[C@@H]34)[C@@]2(C)C[C@H]1O,IC50,23780.0,nM,4.62
BCHE,CHEMBL1914,CHEMBL146080,C/C=C(\C)C(=O)N[C@@H]1C=C2CC[C@@H]3[C@H](CC[C@]4(C)C([C@H](C)N(C)C)=CC[C@@H]34)[C@@]2(C)C[C@H]1O,Ki,,nM,
BCHE,CHEMBL1914,CHEMBL343780,C/C=C(\C)C(=O)N[C@H]1CC[C@@]2(C)C(=CC[C@H]3[C@@H]4CC[C@H]([C@H](C)N(C)C)[C@@]4(C)CC[C@@H]32)C1=O,IC50,2100.0,nM,5.68
BCHE,CHEMBL1914,CHEMBL343780,C/C=C(\C)C(=O)N[C@H]1CC[C@@]2(C)C(=CC[C@H]3[C@@H]4CC[C@H]([C@H](C)N(C)C)[C@@]4(C)CC[C@@H]32)C1=O,Ki,3080.0,nM,5.51
BCHE,CHEMBL1914,CHEMBL422098,CC(=O)N[C@H]1CC[C@@]2(C)[C@@H](CC[C@@H]3[C@@H]2CC[C@]2(C)[C@@H]([C@H](C)N(C)C)CC[C@@H]32)C1,IC50,10300.0,nM,4.99
BCHE,CHEMBL1914,CHEMBL422098,CC(=O)N[C@H]1CC[C@@]2(C)[C@@H](CC[C@@H]3[C@@H]2CC[C@]2(C)[C@@H]([C@H](C)N(C)C)CC[C@@H]32)C1,Ki,7500.0,nM,5.12
BCHE,CHEMBL1914,CHEMBL413039,CC(=O)O[C@H]1[C@@H](NC(=O)c2ccccc2)[C@@H](O)C[C@]2(C)[C@H]3CC[C@]4(C)[C@@H]([C@H](C)N(C)C)CC[C@H]4[C@@H]3CC[C@@H]12,IC50,17990.0,nM,4.75
BCHE,CHEMBL1914,CHEMBL413039,CC(=O)O[C@H]1[C@@H](NC(=O)c2ccccc2)[C@@H](O)C[C@]2(C)[C@H]3CC[C@]4(C)[C@@H]([C@H](C)N(C)C)CC[C@H]4[C@@H]3CC[C@@H]12,Ki,20300.0,nM,4.69
BCHE,CHEMBL1914,CHEMBL421920,C/C=C(\C)C(=O)N[C@@H]1[C@H](OC(C)=O)[C@@H]2CC[C@@H]3[C@H](CC[C@]4(C)[C@@H]([C@H](C)N(C)C)CC[C@@H]34)[C@@]2(C)C[C@@H]1O,IC50,18200.0,nM,4.74
BCHE,CHEMBL1914,CHEMBL421920,C/C=C(\C)C(=O)N[C@@H]1[C@H](OC(C)=O)[C@@H]2CC[C@@H]3[C@H](CC[C@]4(C)[C@@H]([C@H](C)N(C)C)CC[C@@H]34)[C@@]2(C)C[C@@H]1O,Ki,,nM,
BCHE,CHEMBL1914,CHEMBL137039,C/C=C(\C)C(=O)N[C@H]1CC[C@@]2(C)C(=CC[C@H]3C4=CC[C@H]([C@H](C)N(C)C)[C@@]4(C)CC[C@@H]32)C1=O,IC50,4290.0,nM,5.37
BCHE,CHEMBL1914,CHEMBL137039,C/C=C(\C)C(=O)N[C@H]1CC[C@@]2(C)C(=CC[C@H]3C4=CC[C@H]([C@H](C)N(C)C)[C@@]4(C)CC[C@@H]32)C1=O,Ki,1600.0,nM,5.80
BCHE,CHEMBL1914,CHEMBL409854,C[C@@H]([C@H]1CC[C@H]2[C@@H]3CC[C@H]4C[C@@H](N(C)C(=O)/C=C/c5ccccc5)CC[C@]4(C)[C@H]3CC[C@]12C)N(C)C,IC50,4840.0,nM,5.32
BCHE,CHEMBL1914,CHEMBL409854,C[C@@H]([C@H]1CC[C@H]2[C@@H]3CC[C@H]4C[C@@H](N(C)C(=O)/C=C/c5ccccc5)CC[C@]4(C)[C@H]3CC[C@]12C)N(C)C,Ki,6600.0,nM,5.18
BCHE,CHEMBL1914,CHEMBL335133,C[C@@H]([C@H]1CC[C@H]2[C@@H]3CC[C@H]4C(=O)C(NC(=O)c5ccccc5)=CC[C@]4(C)[C@H]3CC[C@]12C)N(C)C,IC50,2490.0,nM,5.60
BCHE,CHEMBL1914,CHEMBL335133,C[C@@H]([C@H]1CC[C@H]2[C@@H]3CC[C@H]4C(=O)C(NC(=O)c5ccccc5)=CC[C@]4(C)[C@H]3CC[C@]12C)N(C)C,Ki,2150.0,nM,5.67
BCHE,CHEMBL1914,CHEMBL344593,C/C(=C\C(=O)N(C)[C@H]1CC[C@@]2(C)[C@@H](CC[C@@H]3[C@@H]2CC[C@]2(C)[C@@H]([C@H](C)N(C)C)CC[C@@H]32)C1)C(C)C,IC50,4070.0,nM,5.39
BCHE,CHEMBL1914,CHEMBL344593,C/C(=C\C(=O)N(C)[C@H]1CC[C@@]2(C)[C@@H](CC[C@@H]3[C@@H]2CC[C@]2(C)[C@@H]([C@H](C)N(C)C)CC[C@@H]32)C1)C(C)C,Ki,3400.0,nM,5.47
BCHE,CHEMBL1914,CHEMBL147346,CN[C@H]1CC[C@@]2(C)[C@@H](CC[C@@H]3[C@@H]2CC[C@]2(C)[C@@H]([C@H](C)N(C)C(C)=O)CC[C@@H]32)C1,IC50,16500.0,nM,4.78
BCHE,CHEMBL1914,CHEMBL147346,CN[C@H]1CC[C@@]2(C)[C@@H](CC[C@@H]3[C@@H]2CC[C@]2(C)[C@@H]([C@H](C)N(C)C(C)=O)CC[C@@H]32)C1,Ki,8600.0,nM,5.07
BCHE,CHEMBL1914,CHEMBL553187,CN(CCCCCNc1ccc(-c2ccccc2)nn1)Cc1ccccc1.Cl,IC50,340.0,nM,6.47
BCHE,CHEMBL1914,CHEMBL130956,Cc1ccc(NC(=O)Oc2ccc3c(c2)[C@]2(C)CCN(C)[C@@H]2N3C)cc1,IC50,250.0,nM,6.60
BCHE,CHEMBL1914,CHEMBL335167,CCc1cccc(CC)c1NC(=O)Oc1ccc2c(c1)[C@]1(C)CCN(C)[C@@H]1N2C,IC50,1100.0,nM,5.96
BCHE,CHEMBL1914,CHEMBL130270,CC(C)c1ccccc1NC(=O)Oc1ccc2c(c1)[C@]1(C)CCN(C)[C@@H]1N2C,IC50,650.0,nM,6.19
BCHE,CHEMBL1914,CHEMBL340867,Cc1cccc(C)c1NC(=O)Oc1ccc2c(c1)[C@]1(C)CCN(C)[C@@H]1N2C,IC50,290.0,nM,6.54
BCHE,CHEMBL1914,CHEMBL340391,CCc1ccccc1NC(=O)Oc1ccc2c(c1)[C@]1(C)CCN(C)[C@@H]1N2C,IC50,2915.0,nM,5.54
BCHE,CHEMBL1914,CHEMBL131210,Cc1cc(C)cc(NC(=O)Oc2ccc3c(c2)[C@]2(C)CCN(C)[C@@H]2N3C)c1,IC50,798.0,nM,6.10
BCHE,CHEMBL1914,CHEMBL131598,Cc1cccc(NC(=O)Oc2ccc3c(c2)[C@]2(C)CCN(C)[C@@H]2N3C)c1,IC50,165.0,nM,6.78
BCHE,CHEMBL1914,CHEMBL543711,Cl.c1ccc(-c2ccc(NCCCCCN3CCc4ccccc4C3)nn2)cc1,IC50,310.0,nM,6.51
BCHE,CHEMBL1914,CHEMBL335962,Cc1cccc(NC(=O)Oc2ccc3c(c2)[C@]2(C)CCN(C)[C@@H]2N3C)c1C,IC50,170.0,nM,6.77
BCHE,CHEMBL1914,CHEMBL131825,CN(C(=O)Oc1ccc2c(c1)[C@]1(C)CCN(C)[C@@H]1N2C)c1ccccc1,IC50,10000.0,nM,
BCHE,CHEMBL1914,CHEMBL134251,CNC(=O)Oc1cc2c(cc1C)N(C)[C@H]1N(C)CC[C@@]21C,IC50,8530.0,nM,5.07
BCHE,CHEMBL1914,CHEMBL337675,Cc1ccc(C)c(NC(=O)Oc2ccc3c(c2)[C@]2(C)CCN(C)[C@@H]2N3C)c1,IC50,490.0,nM,6.31
BCHE,CHEMBL1914,CHEMBL335220,Cc1ccc(NC(=O)Oc2ccc3c(c2)[C@]2(C)CCN(C)[C@@H]2N3C)c(C)c1,IC50,1820.0,nM,5.74
BCHE,CHEMBL1914,CHEMBL130363,Cc1cc(C)c(NC(=O)Oc2ccc3c(c2)[C@]2(C)CCN(C)[C@@H]2N3C)c(C)c1,IC50,3290.0,nM,5.48
BCHE,CHEMBL1914,CHEMBL130672,Cc1ccc(NC(=O)Oc2ccc3c(c2)[C@]2(C)CCN(C)[C@@H]2N3C)cc1C,IC50,66.0,nM,7.18
BCHE,CHEMBL1914,CHEMBL74926,CN1CC[C@@]2(C)c3cc(OC(=O)Nc4ccccc4)ccc3N(C)[C@@H]12,IC50,1560.0,nM,5.81
BCHE,CHEMBL1914,CHEMBL132531,Cc1cc2c(cc1OC(=O)Nc1ccccc1)[C@]1(C)CCN(C)[C@@H]1N2C,IC50,5020.0,nM,5.30
BCHE,CHEMBL1914,CHEMBL132285,CN(C)Cc1cc2c(cc1OC(=O)Nc1ccccc1)[C@]1(C)CCN(C)[C@@H]1N2C,IC50,3890.0,nM,5.41
BCHE,CHEMBL1914,CHEMBL129837,CC(C)c1ccc(NC(=O)Oc2ccc3c(c2)[C@]2(C)CCN(C)[C@@H]2N3C)cc1,IC50,50.0,nM,7.30
BCHE,CHEMBL1914,CHEMBL130458,Cc1ccccc1NC(=O)Oc1ccc2c(c1)[C@]1(C)CCN(C)[C@@H]1N2C,IC50,1950.0,nM,5.71
BCHE,CHEMBL1914,CHEMBL36583,CCN(CC)CCOC(=O)C(C)(c1ccccc1)c1ccc(OC(=O)NC)cc1,Ki,1400.0,nM,5.85
BCHE,CHEMBL1914,CHEMBL416974,CCN(CC)CCOC(=O)C(C)(c1ccccc1)c1ccc(OC(=O)N(C)C)cc1,Ki,1300.0,nM,5.89
BCHE,CHEMBL1914,CHEMBL94,CNC(=O)Oc1ccc2c(c1)[C@]1(C)CCN(C)[C@@H]1N2C,Ki,5000.0,nM,5.30
BCHE,CHEMBL1914,CHEMBL290912,CCN(CC)CCOC(=O)C(C)(c1ccc(OC(=O)N(C)C)cc1)c1ccc(OC(=O)N(C)C)cc1,Ki,4600.0,nM,5.34
BCHE,CHEMBL1914,CHEMBL288482,CCN(CC)CCOC(=O)C(C)(c1ccc(O)cc1)c1ccc(OC(=O)N(C)C)cc1,Ki,800.0,nM,6.10
BCHE,CHEMBL1914,CHEMBL1115,CN(C)C(=O)Oc1ccc[n+](C)c1,Ki,3500.0,nM,5.46
BCHE,CHEMBL1914,CHEMBL42531,CCCN(c1ccncc1F)n1cc(C)c2cc(OC(=O)NC)ccc21,IC50,31.0,nM,7.51
BCHE,CHEMBL1914,CHEMBL433041,CCCCCCCNC(=O)Oc1ccc2c(c1)[C@]1(C)CCN(C)[C@@H]1N2C,IC50,0.69,nM,9.16
BCHE,CHEMBL1914,CHEMBL290628,CCCCNC(=O)Oc1ccc2c(c1)c(C)cn2N(CCC)c1ccncc1F,IC50,920.0,nM,6.04
BCHE,CHEMBL1914,CHEMBL44080,CCCN(c1ccncc1F)n1cc(C)c2cc(OC(=O)NCc3ccccc3)ccc21,IC50,27.0,nM,7.57
BCHE,CHEMBL1914,CHEMBL295462,CNC(=O)Oc1ccc2c(c1)c(C)cn2Nc1ccncc1F,IC50,190.0,nM,6.72
BCHE,CHEMBL1914,CHEMBL542467,CNC(=O)Oc1cccc(CN(C)CCCCCCCCCOc2ccc3c(=O)c4ccccc4oc3c2)c1.Cl,IC50,48.3,nM,7.32
BCHE,CHEMBL1914,CHEMBL76173,c1cnc2nc3c(c(NCCCCCCCNc4c5c(nc6ncccc46)CCCC5)c2c1)CCCC3,IC50,59.0,nM,7.23
BCHE,CHEMBL1914,CHEMBL540833,CNC(=O)Oc1ccc2c(c1)CN(CCCOc1ccc3c(=O)c4ccccc4oc3c1)CC2.Cl,IC50,34.1,nM,7.47
BCHE,CHEMBL1914,CHEMBL127465,CN(CCCOc1ccc2c(=O)c3ccccc3oc2c1)Cc1cccc(OC(=O)NCCCCCCCCN2CCOCC2)c1,IC50,3.9,nM,8.41
BCHE,CHEMBL1914,CHEMBL544592,CNC(=O)Oc1cccc(CN(C)CCCOc2ccc(C(=O)c3ccccc3)cc2)c1.Cl,IC50,24.5,nM,7.61
BCHE,CHEMBL1914,CHEMBL421501,c1ccc2c(NCCCCCCNc3c4c(nc5ccccc35)CCC4)c3c(nc2c1)CCC3,IC50,273.0,nM,6.56
BCHE,CHEMBL1914,CHEMBL124933,CNC(=O)Oc1cccc(CN(C)CCCCCCOc2ccc3c(=O)c4ccccc4oc3c2)c1,IC50,13.9,nM,7.86
BCHE,CHEMBL1914,CHEMBL542220,CNC(=O)Oc1cccc(CN(C)CCCOc2ccc3ccccc3c2)c1.Cl,IC50,205.0,nM,6.69
BCHE,CHEMBL1914,CHEMBL127857,CN(CCCOc1ccc2c(=O)c3ccccc3oc2c1)Cc1cccc(OC(=O)NCCCCCCCCCN2CCOCC2)c1,IC50,3.3,nM,8.48
BCHE,CHEMBL1914,CHEMBL557405,CNC(=O)Oc1cccc(CN(C)CCCCCCCCOc2ccc3c(=O)c4ccccc4oc3c2)c1.Cl,IC50,25.2,nM,7.60
BCHE,CHEMBL1914,CHEMBL340228,CN(CCCOc1ccc2c(=O)c3ccccc3oc2c1)Cc1cccc(OC(=O)NCCCCCCN2CCOCC2)c1,IC50,7.5,nM,8.12
BCHE,CHEMBL1914,CHEMBL94,CNC(=O)Oc1ccc2c(c1)[C@]1(C)CCN(C)[C@@H]1N2C,IC50,23.1,nM,7.64
BCHE,CHEMBL1914,CHEMBL95,Nc1c2c(nc3ccccc13)CCCC2,IC50,89.0,nM,7.05
BCHE,CHEMBL1914,CHEMBL544126,CNC(=O)Oc1cccc(CN(C)CCCOc2cccc(Cc3ccccc3)c2)c1.Cl,IC50,22.1,nM,7.66
BCHE,CHEMBL1914,CHEMBL76014,c1ccc2c(NCCCCCCCNc3c4c(nc5ccccc35)CCC4)c3c(nc2c1)CCC3,IC50,328.0,nM,6.48
BCHE,CHEMBL1914,CHEMBL543655,CNC(=O)Oc1cccc(CN(C)CCCCCCCOc2ccc3c(=O)c4ccccc4oc3c2)c1.Cl,IC50,16.5,nM,7.78
BCHE,CHEMBL1914,CHEMBL124156,CNC(=O)Oc1cccc(CN(C)CCCOc2ccc(-c3ccccc3)cc2)c1,IC50,42.6,nM,7.37
BCHE,CHEMBL1914,CHEMBL75305,c1cnc2nc3c(c(NCCCCCCNc4c5c(nc6ncccc46)CCCC5)c2c1)CCCC3,IC50,93.0,nM,7.03
BCHE,CHEMBL1914,CHEMBL74940,Fc1ccc2c(NCCCCCCNc3c4c(nc5cc(F)ccc35)CCCC4)c3c(nc2c1)CCCC3,IC50,45.0,nM,7.35
BCHE,CHEMBL1914,CHEMBL308962,c1ccc2c(NCCCCCCNc3c4c(nc5ccccc35)CCCCC4)c3c(nc2c1)CCCCC3,IC50,3.3,nM,8.48
BCHE,CHEMBL1914,CHEMBL73160,Clc1ccc2c(NCCCCCCNc3c4c(nc5cc(Cl)ccc35)CCCC4)c3c(nc2c1)CCCC3,IC50,312.0,nM,6.51
BCHE,CHEMBL1914,CHEMBL32823,c1ccc2c(NCCCCCCCNc3c4c(nc5ccccc35)CCCC4)c3c(nc2c1)CCCC3,IC50,54.0,nM,7.27
BCHE,CHEMBL1914,CHEMBL74927,Fc1ccc2c(NCCCCCCCNc3c4c(nc5cc(F)ccc35)CCCC4)c3c(nc2c1)CCCC3,IC50,257.0,nM,6.59
BCHE,CHEMBL1914,CHEMBL340171,CN(CCCOc1ccc2c(=O)c3ccccc3oc2c1)Cc1cccc(OC(=O)NCCCCCCCN2CCOCC2)c1,IC50,4.9,nM,8.31
BCHE,CHEMBL1914,CHEMBL307908,c1ccc2c(NCCCCCCCNc3c4c(nc5ccccc35)CCCCC4)c3c(nc2c1)CCCCC3,IC50,2.6,nM,8.59
BCHE,CHEMBL1914,CHEMBL73800,c1ccc2c(NCCCCCCNc3c4c(nc5ccccc35)CCCC4)c3c(nc2c1)CCCC3,IC50,83.0,nM,7.08
BCHE,CHEMBL1914,CHEMBL312761,Fc1ccc2c(NCCCCCCCCNc3c4c(nc5cc(F)ccc35)CCCC4)c3c(nc2c1)CCCC3,IC50,164.0,nM,6.79
BCHE,CHEMBL1914,CHEMBL539045,CNC(=O)Oc1cccc(CN(C)CCCOc2ccccc2)c1.Cl,IC50,24.8,nM,7.61
BCHE,CHEMBL1914,CHEMBL553803,CNC(=O)Oc1cccc(CN(C)CC#CCOc2ccc3c(=O)c4ccccc4oc3c2)c1.Cl,IC50,529.0,nM,6.28
BCHE,CHEMBL1914,CHEMBL75985,c1cnc2nc3c(c(NCCCCCCCCNc4c5c(nc6ncccc46)CCCC5)c2c1)CCCC3,IC50,23.0,nM,7.64
BCHE,CHEMBL1914,CHEMBL307004,Clc1ccc2c(NCCCCCCCNc3c4c(nc5cc(Cl)ccc35)CCCC4)c3c(nc2c1)CCCC3,IC50,26.0,nM,7.58
BCHE,CHEMBL1914,CHEMBL544823,CNC(=O)Oc1cccc(CN(C)CCCCCCCCCCOc2ccc3c(=O)c4ccccc4oc3c2)c1.Cl,IC50,31.6,nM,7.50
BCHE,CHEMBL1914,CHEMBL312310,Clc1ccc2c(NCCCCCCCCNc3c4c(nc5cc(Cl)ccc35)CCCC4)c3c(nc2c1)CCCC3,IC50,194.0,nM,6.71
BCHE,CHEMBL1914,CHEMBL74827,c1ccc2c(NCCCCCCCCNc3c4c(nc5ccccc35)CCC4)c3c(nc2c1)CCC3,IC50,165.0,nM,6.78
BCHE,CHEMBL1914,CHEMBL306492,c1ccc2c(NCCCCCCCCNc3c4c(nc5ccccc35)CCCCC4)c3c(nc2c1)CCCCC3,IC50,3.8,nM,8.42
BCHE,CHEMBL1914,CHEMBL75274,c1ccc2c(NCCCCCCCCNc3c4c(nc5ccccc35)CCCC4)c3c(nc2c1)CCCC3,IC50,53.0,nM,7.28
BCHE,CHEMBL1914,CHEMBL418917,CN1CC[C@@]2(C)c3cc(OC(=O)Nc4ccccc4)ccc3NC12,IC50,516.3,nM,6.29
BCHE,CHEMBL1914,CHEMBL99581,CNC(=O)Oc1ccc2c(c1)[C@]1(C)CCN(C)C1N2C=O,IC50,46.0,nM,7.34
BCHE,CHEMBL1914,CHEMBL174228,CCN(CCCCCC(=O)N(C)CCCCCCCCN(C)C(=O)CCCCCN(CC)Cc1ccccc1C)Cc1ccccc1C,IC50,7413.1,nM,5.13
BCHE,CHEMBL1914,CHEMBL173935,CC[N+](C)(CCCCCC(=O)N(C)CCCCCCCCN(C)C(=O)CCCCC[N+](C)(CC)Cc1ccccc1Cl)Cc1ccccc1Cl,IC50,2570.4,nM,5.59
BCHE,CHEMBL1914,CHEMBL176521,CC[N+](C)(CCCCCC(=O)N(CCCCCCCCN(C(=O)CCCCC[N+](C)(CC)Cc1ccccc1OC)C(C)C)C(C)C)Cc1ccccc1OC,IC50,1659.59,nM,5.78
BCHE,CHEMBL1914,CHEMBL319541,CN1CC[C@@]2(C)c3cc(OC(=O)Nc4ccccc4)ccc3N(Cc3ccccc3)C12,IC50,85.3,nM,7.07
BCHE,CHEMBL1914,CHEMBL79012,COc1ccc(CN(C)CCCCCC(=O)N(C)CCCCCCCCN(C)C(=O)CCCCCN(C)Cc2ccc(OC)cc2)cc1,IC50,5495.41,nM,5.26
BCHE,CHEMBL1914,CHEMBL99655,CN1CC[C@]2(C)c3cc(OC(=O)Nc4ccccc4)ccc3N(Cc3ccccc3)C12,IC50,7086.0,nM,5.15
BCHE,CHEMBL1914,CHEMBL317162,CNC(=O)Oc1ccc2c(c1)[C@@]1(C)CCN(C)C1N2Cc1ccccc1,IC50,1589.5,nM,5.80
BCHE,CHEMBL1914,CHEMBL143055,CCN(CCCCCC(=O)N(CCCCCCCCN(C(=O)CCCCCN(CC)Cc1ccccc1OC)C(C)C)C(C)C)Cc1ccccc1OC,IC50,2137.96,nM,5.67
BCHE,CHEMBL1914,CHEMBL609977,CC[N+](C)(CCCCCC(=O)N(C)CCCCCCCCN(C)C(=O)CCCCC[N+](C)(CC)Cc1ccccc1[N+](=O)[O-])Cc1ccccc1[N+](=O)[O-].[I-].[I-],IC50,2398.83,nM,5.62
BCHE,CHEMBL1914,CHEMBL174710,COc1ccccc1CN(CCCCCC(=O)N(C)CCCCCCCCN(C)C(=O)CCCCCN(Cc1ccccc1OC)C(C)C)C(C)C,IC50,870.96,nM,6.06
BCHE,CHEMBL1914,CHEMBL176773,COc1cccc(CN(C)CCCCCC(=O)N(C)CCCCCCCCN(C)C(=O)CCCCCN(C)Cc2cccc(OC)c2)c1,IC50,8317.64,nM,5.08
BCHE,CHEMBL1914,CHEMBL174046,CC[N+](C)(CCCCCC(=O)N(C)CCCCCCCCN(C)C(=O)CCCCC[N+](C)(CC)Cc1ccccc1C(F)(F)F)Cc1ccccc1C(F)(F)F,IC50,7585.78,nM,5.12
BCHE,CHEMBL1914,CHEMBL176308,CCN(CCCCCC(=O)N(C)CCCCCCCCN(C)C(=O)CCCCCN(CC)Cc1ccccc1[N+](=O)[O-])Cc1ccccc1[N+](=O)[O-],IC50,54954.09,nM,4.26
BCHE,CHEMBL1914,CHEMBL137059,CC[N+](C)(CCCCCC(=O)N(C)CCCCCCCCN(C)C(=O)CCCCC[N+](C)(CC)Cc1ccccc1)Cc1ccccc1,IC50,2511.89,nM,5.60
BCHE,CHEMBL1914,CHEMBL263785,CCCOc1ccccc1C[N+](C)(CC)CCCCCC(=O)N(C)CCCCCCCCN(C)C(=O)CCCCC[N+](C)(CC)Cc1ccccc1OCCC,IC50,83.18,nM,7.08
BCHE,CHEMBL1914,CHEMBL173607,CC[N+](C)(CCCCCC(=O)N(C)CCCCCCCCN(C)C(=O)CCCCC[N+](C)(CC)Cc1ccccc1C)Cc1ccccc1C,IC50,6456.54,nM,5.19
BCHE,CHEMBL1914,CHEMBL95,Nc1c2c(nc3ccccc13)CCCC2,IC50,53.7,nM,7.27
BCHE,CHEMBL1914,CHEMBL368075,CCCOc1ccccc1CN(CC)CCCCCC(=O)N(C)CCCCCCCCN(C)C(=O)CCCCCN(CC)Cc1ccccc1OCCC,IC50,165.96,nM,6.78
BCHE,CHEMBL1914,CHEMBL75919,CN1CC[C@]2(C)c3cc(OC(=O)Nc4ccccc4)ccc3N(C)C12,IC50,23490.0,nM,4.63
BCHE,CHEMBL1914,CHEMBL76640,CNC(=O)Oc1ccc2c(c1)[C@@]1(C)CCN(C)C1N2C,IC50,2489.0,nM,5.60
BCHE,CHEMBL1914,CHEMBL100366,CN1CC[C@@]2(C)c3cc(OC(=O)Nc4ccccc4)ccc3N(C=O)C12,IC50,1473.0,nM,5.83
BCHE,CHEMBL1914,CHEMBL173136,CCN(CCCCCC(=O)N(C)CCCCCCCCN(C)C(=O)CCCCCN(CC)Cc1ccccc1C(F)(F)F)Cc1ccccc1C(F)(F)F,IC50,165958.69,nM,
BCHE,CHEMBL1914,CHEMBL173309,CCN(CCCCCC(=O)N(C)CCCCCCCCN(C)C(=O)CCCCCN(CC)Cc1ccccc1OC)Cc1ccccc1OC,IC50,2238.72,nM,5.65
BCHE,CHEMBL1914,CHEMBL175047,CCN(CCCCCCOCCCCCCCCOCCCCCCN(CC)Cc1ccccc1OC)Cc1ccccc1OC,IC50,2630.27,nM,5.58
BCHE,CHEMBL1914,CHEMBL176585,CCN(CCCCCC(=O)N(C)CCCCCCCCN(C)C(=O)CCCCCN(CC)Cc1ccccc1)Cc1ccccc1,IC50,1071.52,nM,5.97
BCHE,CHEMBL1914,CHEMBL99414,CNC(=O)Oc1ccc2c(c1)[C@@]1(C)CCN(C)C1N2,IC50,1120.5,nM,5.95
BCHE,CHEMBL1914,CHEMBL177052,CCN(CCCCCC(=O)N(C)CCCCCCCCN(C)C(=O)CCCCCN(CC)Cc1ccccc1Cl)Cc1ccccc1Cl,IC50,4073.8,nM,5.39
BCHE,CHEMBL1914,CHEMBL172442,CC[N+](C)(CCCCCCOCCCCCCCCOCCCCCC[N+](C)(CC)Cc1ccccc1OC)Cc1ccccc1OC,IC50,758.58,nM,6.12
BCHE,CHEMBL1914,CHEMBL173018,CC[N+](C)(CCCCCC(=O)N(C)CCCCCCCCN(C)C(=O)CCCCC[N+](C)(CC)Cc1ccccc1OC)Cc1ccccc1OC,IC50,1412.54,nM,5.85
BCHE,CHEMBL1914,CHEMBL99284,CN1CC[C@]2(C)c3cc(OC(=O)Nc4ccccc4)ccc3NC12,IC50,1745.5,nM,5.76
BCHE,CHEMBL1914,CHEMBL11805,COc1ccccc1CN(C)CCCCCC(=O)N(C)CCCCCCCCN(C)C(=O)CCCCCN(C)Cc1ccccc1OC,IC50,85113803820237.6,nM,
BCHE,CHEMBL1914,CHEMBL94546,CN1C(=O)Cc2cc3c(CCC4CCN(Cc5ccccc5)CC4)noc3cc21.CS(=O)(=O)O,IC50,4500.0,nM,5.35
BCHE,CHEMBL1914,CHEMBL12324,CNC(=O)Oc1ccc2c(c1)OC[C@@H]1CC[N+](C)(C)[C@H]21,IC50,338844156139203.44,nM,
BCHE,CHEMBL1914,CHEMBL11514,CNC(=O)Oc1ccc2c(c1)[C@@H]1[C@@H](CCN1C)CO2,IC50,97723722095581.11,nM,
BCHE,CHEMBL1914,CHEMBL329012,O=C(O)/C=C\C(=O)O.O=C1Cc2cc3c(CCC4CCN(Cc5ccccc5)CC4)noc3cc2N1,IC50,7200.0,nM,5.14
BCHE,CHEMBL1914,CHEMBL274107,CNC(=O)Oc1cccc2c1OC[C@@H]1CCN(C)[C@H]21,IC50,18620871366628656,nM,
BCHE,CHEMBL1914,CHEMBL268481,CN1CC[C@H]2COc3c(O)cccc3[C@H]21,IC50,1258925411794.17,nM,
BCHE,CHEMBL1914,CHEMBL94,CNC(=O)Oc1ccc2c(c1)[C@]1(C)CCN(C)[C@@H]1N2C,IC50,43651583224016660,nM,
BCHE,CHEMBL1914,CHEMBL94217,CC(=O)Nc1ccc2c(CCC3CCN(Cc4ccccc4)CC3)noc2c1.O=C(O)/C=C/C(=O)O,IC50,9000.0,nM,5.05
BCHE,CHEMBL1914,CHEMBL328468,O=C1Cc2cc3onc(CCC4CCN(Cc5ccccc5)CC4)c3cc2N1,IC50,3900.0,nM,5.41
BCHE,CHEMBL1914,CHEMBL2113719,O=C(CCCCCCC(=O)NCCCCCCN1CC[C@H]2COc3ccccc3[C@H]21)NCCCCCCN1CC[C@H]2COc3ccccc3[C@H]21,IC50,1096478196143182.9,nM,
BCHE,CHEMBL1914,CHEMBL329231,O=C1CCc2cc3c(CCC4CCN(Cc5ccccc5)CC4)noc3cc2N1,IC50,4000.0,nM,5.40
BCHE,CHEMBL1914,CHEMBL94,CNC(=O)Oc1ccc2c(c1)[C@]1(C)CCN(C)[C@@H]1N2C,IC50,73.0,nM,7.14
BCHE,CHEMBL1914,CHEMBL95020,O=C1Cc2c(ccc3c(CCC4CCN(Cc5ccccc5)CC4)noc23)N1,IC50,2200.0,nM,5.66
BCHE,CHEMBL1914,CHEMBL274107,CNC(=O)Oc1cccc2c1OC[C@@H]1CCN(C)[C@H]21,IC50,1288249551693132.2,nM,
BCHE,CHEMBL1914,CHEMBL11833,CNC(=O)Oc1ccc2c(c1)OC[C@@H]1CCN(C)[C@H]21,IC50,281838293126444.94,nM,
BCHE,CHEMBL1914,CHEMBL274107,CNC(=O)Oc1cccc2c1OC[C@@H]1CCN(C)[C@H]21,IC50,16982436524617460,nM,
BCHE,CHEMBL1914,CHEMBL95,Nc1c2c(nc3ccccc13)CCCC2,IC50,6.0,nM,8.22
BCHE,CHEMBL1914,CHEMBL332760,CC(C)c1ccc(NC(=O)Oc2ccc3c(c2)[C@]2(C)CCN(C)[C@@H]2N3C)cc1.O=C(O)C(O)C(O)C(=O)O,IC50,50.0,nM,7.30
BCHE,CHEMBL1914,CHEMBL109431,Nc1c2c(nc3ccccc13)CC1C=C(c3ccccc3)CC2C1,IC50,,nM,
BCHE,CHEMBL1914,CHEMBL333580,CC(C)c1ccc(NC(=O)Oc2ccc3c(c2)[C@]2(C)CCN(C)O[C@@H]2N3C)cc1,IC50,25.0,nM,7.60
BCHE,CHEMBL1914,CHEMBL659,COc1ccc2c3c1O[C@H]1C[C@@H](O)C=C[C@@]31CCN(C)C2,IC50,7300.0,nM,5.14
BCHE,CHEMBL1914,CHEMBL338975,CNC(=O)Oc1ccc2c(c1)[C@]1(C)CCN(C)[C@@H]1N2C.O=C(O)c1ccccc1O,IC50,16.0,nM,7.80
BCHE,CHEMBL1914,CHEMBL111255,CCCCC1=CC2Cc3nc4ccccc4c(N)c3C(C1)C2,IC50,,nM,
BCHE,CHEMBL1914,CHEMBL109870,CC1=CC2Cc3nc4cc(C)ccc4c(N)c3C(C1)C2,IC50,449.0,nM,6.35
BCHE,CHEMBL1914,CHEMBL395280,C/C=C1\[C@H]2C=C(C)C[C@]1(N)c1ccc(=O)[nH]c1C2,IC50,10000.0,nM,
BCHE,CHEMBL1914,CHEMBL636,CCN(C)C(=O)Oc1cccc([C@H](C)N(C)C)c1,IC50,37.0,nM,7.43
BCHE,CHEMBL1914,CHEMBL395280,C/C=C1\[C@H]2C=C(C)C[C@]1(N)c1ccc(=O)[nH]c1C2,IC50,100000.0,nM,
BCHE,CHEMBL1914,CHEMBL322281,CC1=CC2Cc3nc4ccccc4c(N)c3C(C1)C2,IC50,89.0,nM,7.05
BCHE,CHEMBL1914,CHEMBL322281,CC1=CC2Cc3nc4ccccc4c(N)c3C(C1)C2,IC50,126.0,nM,6.90
BCHE,CHEMBL1914,CHEMBL124054,Cc1ccccc1NC(=O)Oc1ccc2c(c1)[C@]1(C)CCN(C)O[C@@H]1N2C,IC50,1570.0,nM,5.80
BCHE,CHEMBL1914,CHEMBL557400,CC(C)c1ccc(NC(=O)Oc2ccc3c(c2)[C@]2(C)CC[N@@+](C)([O-])[C@@H]2N3C)cc1.Cl,IC50,5200.0,nM,5.28
BCHE,CHEMBL1914,CHEMBL123248,CNC(=O)Oc1ccc2c(c1)[C@]1(C)CCN(C)O[C@@H]1N2C,IC50,12.0,nM,7.92
BCHE,CHEMBL1914,CHEMBL556186,Cc1ccccc1NC(=O)Oc1ccc2c(c1)[C@]1(C)CC[N@@+](C)([O-])[C@@H]1N2C.Cl,IC50,10000.0,nM,
BCHE,CHEMBL1914,CHEMBL323679,C=CCC1=CC2Cc3nc4ccccc4c(N)c3C(C1)C2,IC50,,nM,
BCHE,CHEMBL1914,CHEMBL323679,C=CCC1=CC2Cc3nc4ccccc4c(N)c3C(C1)C2,IC50,,,
BCHE,CHEMBL1914,CHEMBL322281,CC1=CC2Cc3nc4ccccc4c(N)c3C(C1)C2,IC50,316.0,nM,6.50
BCHE,CHEMBL1914,CHEMBL538109,CCc1ccccc1NC(=O)Oc1ccc2c(c1)[C@]1(C)CC[N@@+](C)([O-])[C@@H]1N2C.Cl,IC50,1700.0,nM,5.77
BCHE,CHEMBL1914,CHEMBL322343,CCC1=CC2Cc3nc4cc(C)ccc4c(N)c3C(C1)C2,IC50,208.0,nM,6.68
BCHE,CHEMBL1914,CHEMBL120279,Cc1ccccc1NC(=O)Oc1ccc2c(c1)[C@]1(C)CCN(C)[C@@H]1N2C.O=C(O)C(O)C(O)C(=O)O,IC50,1950.0,nM,5.71
BCHE,CHEMBL1914,CHEMBL538852,CNC(=O)Oc1ccc2c(c1)[C@]1(C)CC[N@@+](C)([O-])[C@@H]1N2C.Cl,IC50,660.0,nM,6.18
BCHE,CHEMBL1914,CHEMBL4524111,CC1=C[C@@H]2Cc3nc4cc(F)ccc4c(N)c3[C@H](C1)C2,IC50,138.0,nM,6.86
BCHE,CHEMBL1914,CHEMBL109869,CC1=CC2Cc3nc4cccc(F)c4c(N)c3C(C1)C2,IC50,543.0,nM,6.26
BCHE,CHEMBL1914,CHEMBL322343,CCC1=CC2Cc3nc4cc(C)ccc4c(N)c3C(C1)C2,IC50,115.0,nM,6.94
BCHE,CHEMBL1914,CHEMBL322343,CCC1=CC2Cc3nc4cc(C)ccc4c(N)c3C(C1)C2,IC50,347.0,nM,6.46
BCHE,CHEMBL1914,CHEMBL123249,CN1CC[C@@]2(C)c3cc(OC(=O)Nc4ccccc4)ccc3N(C)[C@@H]12.O=C(O)C(O)C(O)C(=O)O,IC50,1560.0,nM,5.81
BCHE,CHEMBL1914,CHEMBL111223,CCCC1=CC2Cc3nc4ccccc4c(N)c3C(C1)C2,IC50,,nM,
BCHE,CHEMBL1914,CHEMBL122834,CCc1ccccc1NC(=O)Oc1ccc2c(c1)[C@]1(C)CCN(C)[C@@H]1N2C.O=C(O)C(O)C(O)C(=O)O,IC50,2900.0,nM,5.54
BCHE,CHEMBL1914,CHEMBL322557,CC(C)C1=CC2Cc3nc4ccccc4c(N)c3C(C1)C2,IC50,,nM,
BCHE,CHEMBL1914,CHEMBL121810,CCc1ccccc1NC(=O)Oc1ccc2c(c1)[C@]1(C)CCN(C)O[C@@H]1N2C,IC50,310.0,nM,6.51
BCHE,CHEMBL1914,CHEMBL325338,CCC1=CC2Cc3nc4ccccc4c(N)c3C(C1)C2,IC50,109.0,nM,6.96
BCHE,CHEMBL1914,CHEMBL325338,CCC1=CC2Cc3nc4ccccc4c(N)c3C(C1)C2,IC50,63.3,nM,7.20
BCHE,CHEMBL1914,CHEMBL4524111,CC1=C[C@@H]2Cc3nc4cc(F)ccc4c(N)c3[C@H](C1)C2,IC50,2930.0,nM,5.53
BCHE,CHEMBL1914,CHEMBL323233,CC(C)(C)C1=CC2Cc3nc4ccccc4c(N)c3C(C1)C2,IC50,,nM,
BCHE,CHEMBL1914,CHEMBL95,Nc1c2c(nc3ccccc13)CCCC2,IC50,43.9,nM,7.36
BCHE,CHEMBL1914,CHEMBL325338,CCC1=CC2Cc3nc4ccccc4c(N)c3C(C1)C2,IC50,79.3,nM,7.10
BCHE,CHEMBL1914,CHEMBL4524111,CC1=C[C@@H]2Cc3nc4cc(F)ccc4c(N)c3[C@H](C1)C2,IC50,197.0,nM,6.71
BCHE,CHEMBL1914,CHEMBL322106,CCC1=CC2Cc3nc4cccc(C)c4c(N)c3C(C1)C2,IC50,512.0,nM,6.29
BCHE,CHEMBL1914,CHEMBL433041,CCCCCCCNC(=O)Oc1ccc2c(c1)[C@]1(C)CCN(C)[C@@H]1N2C,IC50,5.0,nM,8.30
BCHE,CHEMBL1914,CHEMBL502,COc1cc2c(cc1OC)C(=O)C(CC1CCN(Cc3ccccc3)CC1)C2,IC50,4150.0,nM,5.38
BCHE,CHEMBL1914,CHEMBL123831,CN1CC[C@@]2(C)c3cc(OC(=O)Nc4ccccc4)ccc3N(C)[C@H]2O1,IC50,815.0,nM,6.09
BCHE,CHEMBL1914,CHEMBL95,Nc1c2c(nc3ccccc13)CCCC2,IC50,47.0,nM,7.33
BCHE,CHEMBL1914,CHEMBL538853,CN1c2ccc(OC(=O)Nc3ccccc3)cc2[C@]2(C)CC[N@@+](C)([O-])[C@H]12.Cl,IC50,10000.0,nM,
BCHE,CHEMBL1914,CHEMBL174706,CO[C@@H]1C=CC[C@@H]2Oc3ccc(Br)cc3C(=O)[C@@]21C#N,IC50,730.0,nM,6.14
BCHE,CHEMBL1914,CHEMBL426766,COC1C=CC[C@@H]2Oc3ccc(C)cc3C(=O)[C@]12C#N,IC50,2000.0,nM,
BCHE,CHEMBL1914,CHEMBL174650,CO[C@@H]1C=CC[C@@H]2Oc3ccc(F)cc3C(=O)[C@@]21C#N,IC50,2000.0,nM,
BCHE,CHEMBL1914,CHEMBL360907,COC1C=C(O[Si](C)(C)C(C)(C)C)C[C@@H]2Oc3ccccc3C(=O)[C@]12C#N,IC50,350.0,nM,6.46
BCHE,CHEMBL1914,CHEMBL176366,COc1ccc2c(c1)C(=O)[C@]1(C#N)C(OC)C=CC[C@@H]1O2,IC50,1410.0,nM,5.85
BCHE,CHEMBL1914,CHEMBL366411,COC1C=CC[C@@H]2Oc3ccc(Cl)cc3C(=O)[C@]12C#N,IC50,270.0,nM,6.57
BCHE,CHEMBL1914,CHEMBL177817,N#C[C@]12C(=O)c3ccccc3OC1C1C=CC2CC1,IC50,2000.0,nM,
BCHE,CHEMBL1914,CHEMBL176756,COC1=CC2CCC1C1Oc3ccccc3C(=O)[C@]21C#N,IC50,2000.0,nM,
BCHE,CHEMBL1914,CHEMBL174705,CO[C@@H]1C=CC[C@@H]2Oc3ccccc3C(=O)[C@@]21C#N,IC50,2000.0,nM,
BCHE,CHEMBL1914,CHEMBL174746,COC1CC(=O)C[C@@H]2Oc3ccccc3C(=O)[C@]12C#N,IC50,2000.0,nM,
BCHE,CHEMBL1914,CHEMBL431844,Nc1c2c(nc3ccccc13)C1CCC2C1,IC50,41.0,nM,7.39
BCHE,CHEMBL1914,CHEMBL115580,CC1Cc2c(nc3ccccc3c2N)C1(C)O,IC50,12200.0,nM,4.91
BCHE,CHEMBL1914,CHEMBL118968,Nc1c2c(nc3ccccc13)CCCCCC2,IC50,2300.0,nM,5.64
BCHE,CHEMBL1914,CHEMBL332454,Nc1c2c(nc3ccccc13)-c1ccccc1CCC2,IC50,36000.0,nM,4.44
BCHE,CHEMBL1914,CHEMBL330883,Nc1c2c(nc3ccccc13)CCCCC2,IC50,14.0,nM,7.85
BCHE,CHEMBL1914,CHEMBL89012,Nc1c2c(nc3ccccc13)-c1ccccc1CC2,IC50,3300.0,nM,5.48
BCHE,CHEMBL1914,CHEMBL118033,COc1ccc2c(c1)CCc1c-2nc2ccccc2c1N,IC50,,nM,
BCHE,CHEMBL1914,CHEMBL95,Nc1c2c(nc3ccccc13)CCCC2,IC50,25.0,nM,7.60
BCHE,CHEMBL1914,CHEMBL60167,Nc1c2c(nc3ccccc13)-c1ccccc1C2,IC50,3100.0,nM,5.51
BCHE,CHEMBL1914,CHEMBL119528,CCCCC1(O)c2nc3ccccc3c(N)c2CC1C,IC50,81000.0,nM,4.09
BCHE,CHEMBL1914,CHEMBL333011,Nc1c2c(nc3ccccc13)-c1cccc(Cl)c1CC2,IC50,10300.0,nM,4.99
BCHE,CHEMBL1914,CHEMBL118752,Nc1c2c(nc3ccccc13)CCC2,IC50,52.0,nM,7.28
BCHE,CHEMBL1914,CHEMBL119390,CC1=C(C)c2nc3ccccc3c(N)c2C1,IC50,5900.0,nM,5.23
BCHE,CHEMBL1914,CHEMBL331637,CC12CCC(c3c1nc1ccccc1c3N)C2(C)C,IC50,88000.0,nM,4.06
BCHE,CHEMBL1914,CHEMBL117826,Nc1c2ccccc2nc2c1cnc1cc(Cl)ccc12,IC50,,nM,
BCHE,CHEMBL1914,CHEMBL325203,Nc1c2c(nc3ccccc13)-c1ccccc1NCCC2,IC50,6700.0,nM,5.17
BCHE,CHEMBL1914,CHEMBL119634,COc1ccc2c(c1)CCCc1c-2nc2ccccc2c1N,IC50,100000.0,nM,
BCHE,CHEMBL1914,CHEMBL118139,Nc1c2c(nc3ccccc13)CCCc1ccccc1-2,IC50,26400.0,nM,4.58
BCHE,CHEMBL1914,CHEMBL115697,Nc1c2c(nc3ccccc13)-c1ccccc1NCC2,IC50,18900.0,nM,4.72
BCHE,CHEMBL1914,CHEMBL119389,CCCCC1=C(C)Cc2c1nc1ccccc1c2N,IC50,42000.0,nM,4.38
BCHE,CHEMBL1914,CHEMBL54577,CC(C)c1ccc(NC(=O)Oc2ccc3c(c2)[C@]2(C)CCN(CCc4ccccc4)C2N3C)cc1,IC50,6.0,nM,8.22
BCHE,CHEMBL1914,CHEMBL54420,CC(C)c1ccc(NC(=O)Oc2ccc3c(c2)[C@]2(C)CCNC2N3C)cc1,IC50,8.3,nM,8.08
BCHE,CHEMBL1914,CHEMBL300143,Cc1ccccc1NC(=O)Oc1ccc2c(c1)[C@]1(C)CCN(C)C1N2C,IC50,1950.0,nM,5.71
BCHE,CHEMBL1914,CHEMBL293720,CC(C)c1ccc(NC(=O)Oc2ccc3c(c2)[C@]2(C)CCN(C)C2N3Cc2ccccc2)cc1,IC50,85.0,nM,7.07
BCHE,CHEMBL1914,CHEMBL54470,CC(C)c1ccc(NC(=O)Oc2ccc3c(c2)[C@]2(C)CCNC2N3)cc1,IC50,1.0,nM,9.00
BCHE,CHEMBL1914,CHEMBL417915,CC(C)c1ccc(NC(=O)Oc2ccc3c(c2)[C@]2(C)CCN(C)C2N3C)cc1,IC50,50.0,nM,7.30
BCHE,CHEMBL1914,CHEMBL55315,Cc1ccccc1NC(=O)Oc1ccc2c(c1)[C@]1(C)CCN(C)C1N2,IC50,1430.0,nM,5.84
BCHE,CHEMBL1914,CHEMBL292695,Cc1ccccc1NC(=O)Oc1ccc2c(c1)[C@]1(C)CCN(Cc3ccccc3)C1N2Cc1ccccc1,IC50,641.0,nM,6.19
BCHE,CHEMBL1914,CHEMBL53623,Cc1ccccc1NC(=O)Oc1ccc2c(c1)[C@]1(C)CCNC1N2C,IC50,2165.0,nM,5.67
BCHE,CHEMBL1914,CHEMBL54864,Cc1ccccc1NC(=O)Oc1ccc2c(c1)[C@]1(C)CCNC1N2,IC50,396.0,nM,6.40
BCHE,CHEMBL1914,CHEMBL300808,CC(C)c1ccc(NC(=O)Oc2ccc3c(c2)[C@]2(C)CCN(Cc4ccccc4)C2N3Cc2ccccc2)cc1,IC50,132.0,nM,6.88
BCHE,CHEMBL1914,CHEMBL54014,Cc1ccccc1NC(=O)Oc1ccc2c(c1)[C@]1(C)CCN(C)C1N2Cc1ccccc1,IC50,600.0,nM,6.22
BCHE,CHEMBL1914,CHEMBL294208,CC(C)c1ccc(NC(=O)Oc2ccc3c(c2)[C@]2(C)CCN(C)C2N3)cc1,IC50,78.0,nM,7.11
BCHE,CHEMBL1914,CHEMBL54956,Cc1ccccc1NC(=O)Oc1ccc2c(c1)[C@]1(C)CCN(CCc3ccccc3)C1N2C,IC50,1790.0,nM,5.75
BCHE,CHEMBL1914,CHEMBL54727,CN1CC[C@@]2(C)c3cc(OC(=O)Nc4ccccc4)ccc3N(C)C12,IC50,1560.0,nM,5.81
BCHE,CHEMBL1914,CHEMBL341658,CCC1=CC2Cc3nc4cc(F)ccc4c(N)c3C(C1)C2,IC50,32.4,nM,7.49
BCHE,CHEMBL1914,CHEMBL208599,CCC1=CC2Cc3nc4cc(Cl)ccc4c(N)c3[C@@H](C1)C2,IC50,15.8,nM,7.80
BCHE,CHEMBL1914,CHEMBL341658,CCC1=CC2Cc3nc4cc(F)ccc4c(N)c3C(C1)C2,IC50,185.0,nM,6.73
BCHE,CHEMBL1914,CHEMBL539072,CC1=CC2CC(C1)Cc1nc3ccccc3c(N)c12.Cl,IC50,148.0,nM,6.83
BCHE,CHEMBL1914,CHEMBL357207,CCC1=CC2Cc3nc4cc(Cl)cc(Cl)c4c(N)c3C(C1)C2,IC50,1210.0,nM,5.92
BCHE,CHEMBL1914,CHEMBL1677,Cl.Nc1c2c(nc3ccccc13)CCCC2,IC50,44.0,nM,7.36
BCHE,CHEMBL1914,CHEMBL541344,CC1=CC2Cc3nc4ccccc4c(N)c3C(C1)C2.Cl,IC50,126.0,nM,6.90
BCHE,CHEMBL1914,CHEMBL140476,CC1=CC2Cc3nc4cc(Cl)ccc4c(N)c3C(C1)C2,IC50,236.0,nM,6.63
BCHE,CHEMBL1914,CHEMBL142491,CCC1=CC2Cc3nc4cccc(F)c4c(N)c3C(C1)C2,IC50,109.0,nM,6.96
BCHE,CHEMBL1914,CHEMBL142816,CCC1=CC2Cc3nc4ccc(Cl)cc4c(N)c3C(C1)C2,IC50,762.0,nM,6.12
BCHE,CHEMBL1914,CHEMBL143290,CC1=CC2Cc3nc4cc(F)cc(F)c4c(N)c3C(C1)C2,IC50,963.0,nM,6.02
BCHE,CHEMBL1914,CHEMBL539051,CCC1=CC2Cc3nc4ccccc4c(N)c3C(C1)C2.Cl,IC50,79.3,nM,7.10
BCHE,CHEMBL1914,CHEMBL208599,CCC1=CC2Cc3nc4cc(Cl)ccc4c(N)c3[C@@H](C1)C2,IC50,58.3,nM,7.23
BCHE,CHEMBL1914,CHEMBL143094,CCC1=CC2Cc3nc4cc(C)cc(C)c4c(N)c3C(C1)C2,IC50,32.6,nM,7.49
BCHE,CHEMBL1914,CHEMBL208599,CCC1=CC2Cc3nc4cc(Cl)ccc4c(N)c3[C@@H](C1)C2,IC50,159.0,nM,6.80
BCHE,CHEMBL1914,CHEMBL542497,CCC1=CC2CC(C1)Cc1nc3ccccc3c(N)c12.Cl,IC50,63.0,nM,7.20
BCHE,CHEMBL1914,CHEMBL139819,CCC1=CC2Cc3nc4cccc(Cl)c4c(N)c3C(C1)C2,IC50,331.0,nM,6.48
BCHE,CHEMBL1914,CHEMBL335355,CCC1=CC2Cc3nc4cc(F)cc(F)c4c(N)c3C(C1)C2,IC50,194.0,nM,6.71
BCHE,CHEMBL1914,CHEMBL341658,CCC1=CC2Cc3nc4cc(F)ccc4c(N)c3C(C1)C2,IC50,57.4,nM,7.24
BCHE,CHEMBL1914,CHEMBL140476,CC1=CC2Cc3nc4cc(Cl)ccc4c(N)c3C(C1)C2,IC50,247.0,nM,6.61
BCHE,CHEMBL1914,CHEMBL140476,CC1=CC2Cc3nc4cc(Cl)ccc4c(N)c3C(C1)C2,IC50,153.0,nM,6.82
BCHE,CHEMBL1914,CHEMBL557181,Cl.O=C(CCC1CCN(Cc2ccccc2)CC1)c1ccc2c(c1)OCCO2,IC50,4800.0,nM,5.32
BCHE,CHEMBL1914,CHEMBL107254,CN(C)Cc1ccc(CSCCNc2cc(Nc3ccc(F)cc3)c([N+](=O)[O-])cc2[N+](=O)[O-])o1,IC50,1100.0,nM,5.96
BCHE,CHEMBL1914,CHEMBL537908,Cl.O=C(CCC1CCN(Cc2ccccc2)CC1)c1ccc2[nH]c(-c3ccccc3)nc2c1,IC50,890.0,nM,6.05
BCHE,CHEMBL1914,CHEMBL502,COc1cc2c(cc1OC)C(=O)C(CC1CCN(Cc3ccccc3)CC1)C2,IC50,2900.0,nM,5.54
BCHE,CHEMBL1914,CHEMBL106932,CC(C)=NNc1cc(NCCSCc2ccc(CN(C)C)o2)c([N+](=O)[O-])cc1[N+](=O)[O-],IC50,8400.0,nM,5.08
BCHE,CHEMBL1914,CHEMBL94,CNC(=O)Oc1ccc2c(c1)[C@]1(C)CCN(C)[C@@H]1N2C,IC50,35.0,nM,7.46
BCHE,CHEMBL1914,CHEMBL104355,CN(C)Cc1ccc(CSCCNc2ccc(F)cc2[N+](=O)[O-])o1,IC50,3300.0,nM,5.48
BCHE,CHEMBL1914,CHEMBL107673,CN(C)Cc1ccc(CSCCNc2cc(NCc3cccnc3)c([N+](=O)[O-])cc2[N+](=O)[O-])o1,IC50,6100.0,nM,5.21
BCHE,CHEMBL1914,CHEMBL75121,COc1cc2cc(-c3ccc(CN(C)Cc4ccccc4)cc3)c(=O)oc2cc1OC,IC50,48900.0,nM,4.31
BCHE,CHEMBL1914,CHEMBL104681,CN(C)Cc1ccc(CSCCNc2cc(F)c([N+](=O)[O-])cc2[N+](=O)[O-])o1,IC50,3800.0,nM,5.42
BCHE,CHEMBL1914,CHEMBL107892,CN(C)Cc1ccc(CSCCNc2cc(N)c([N+](=O)[O-])cc2[N+](=O)[O-])o1,IC50,2400.0,nM,5.62
BCHE,CHEMBL1914,CHEMBL502,COc1cc2c(cc1OC)C(=O)C(CC1CCN(Cc3ccccc3)CC1)C2,IC50,7420.0,nM,5.13
BCHE,CHEMBL1914,CHEMBL321605,CN(C)Cc1ccc(CSCCNc2cc(NN)c([N+](=O)[O-])cc2[N+](=O)[O-])o1,IC50,5100.0,nM,5.29
BCHE,CHEMBL1914,CHEMBL106782,CCCNc1cc(NCCSCc2ccc(CN(C)C)o2)c([N+](=O)[O-])cc1[N+](=O)[O-],IC50,3800.0,nM,5.42
BCHE,CHEMBL1914,CHEMBL104334,CN(C)Cc1ccc(CSCCNc2cc(Nc3ncccc3[N+](=O)[O-])c([N+](=O)[O-])cc2[N+](=O)[O-])o1,IC50,18000.0,nM,4.75
BCHE,CHEMBL1914,CHEMBL320291,CNc1cc(NCCSCc2ccc(CN(C)C)o2)c([N+](=O)[O-])cc1[N+](=O)[O-],IC50,3300.0,nM,5.48
BCHE,CHEMBL1914,CHEMBL542543,Cc1nc2ccc(C(=O)CCC3CCN(Cc4ccccc4)CC3)cc2s1.Cl,IC50,3400.0,nM,5.47
BCHE,CHEMBL1914,CHEMBL106082,CN(C)Cc1ccc(CSCCNc2cc(Nc3ccccc3C#N)c([N+](=O)[O-])cc2[N+](=O)[O-])o1,IC50,1800.0,nM,5.75
BCHE,CHEMBL1914,CHEMBL555075,CCn1c(C)nc2cc(C(=O)CCC3CCN(Cc4ccccc4)CC3)ccc21.Cl,IC50,4200.0,nM,5.38
BCHE,CHEMBL1914,CHEMBL106348,CN(C)CCNc1cc(NCCSCc2ccc(CN(C)C)o2)c([N+](=O)[O-])cc1[N+](=O)[O-],IC50,1400.0,nM,5.85
BCHE,CHEMBL1914,CHEMBL552832,Cl.O=C(CCC1CCN(Cc2ccccc2)CC1)c1ccccc1,IC50,4300.0,nM,5.37
BCHE,CHEMBL1914,CHEMBL318517,CN(C)Cc1ccc(CSCCNc2cc(NCCCN3CCOCC3)c([N+](=O)[O-])cc2[N+](=O)[O-])o1,IC50,4700.0,nM,5.33
BCHE,CHEMBL1914,CHEMBL321808,CN(C)Cc1ccc(CSCCNc2nnccc2[N+](=O)[O-])o1,IC50,10000.0,nM,5.00
BCHE,CHEMBL1914,CHEMBL106936,CN(C)Cc1ccc(CSCCNc2cc(NCc3ccccc3)c([N+](=O)[O-])cc2[N+](=O)[O-])o1,IC50,1300.0,nM,5.89
BCHE,CHEMBL1914,CHEMBL327135,CN(C)Cc1ccc(CSCCNc2cc(Oc3ccc([N+](=O)[O-])cc3)c([N+](=O)[O-])cc2[N+](=O)[O-])o1,IC50,1100.0,nM,5.96
BCHE,CHEMBL1914,CHEMBL95,Nc1c2c(nc3ccccc13)CCCC2,IC50,23.0,nM,7.64
BCHE,CHEMBL1914,CHEMBL106344,CN(C)Cc1ccc(CSCCNc2cc(NCc3ccccn3)c([N+](=O)[O-])cc2[N+](=O)[O-])o1,IC50,5200.0,nM,5.28
BCHE,CHEMBL1914,CHEMBL542297,Cc1nc2cc(C(=O)CCC3CCN(Cc4ccccc4)CC3)ccc2[nH]1.Cl,IC50,6200.0,nM,5.21
BCHE,CHEMBL1914,CHEMBL316973,CN(C)Cc1ccc(CSCCNc2ccc([N+](=O)[O-])cc2[N+](=O)[O-])o1,IC50,1800.0,nM,5.75
BCHE,CHEMBL1914,CHEMBL108163,CN(C)Cc1ccc(CSCCNc2cc(Nc3ccccc3)c([N+](=O)[O-])cc2[N+](=O)[O-])o1,IC50,1600.0,nM,5.80
BCHE,CHEMBL1914,CHEMBL13426,CN(C)Cc1ccc(CSCCCCCCCSCc2ccc(CN(C)C)o2)o1,IC50,1900.0,nM,5.72
BCHE,CHEMBL1914,CHEMBL418714,CN(C)Cc1ccc(CSCCCCCCCCSCc2ccc(CN(C)C)o2)o1,IC50,1900.0,nM,5.72
BCHE,CHEMBL1914,CHEMBL12781,CN(C)Cc1ccc(CSCc2ccc(-c3ccc(CSCc4ccc(CN(C)C)o4)cc3)cc2)o1,IC50,1300.0,nM,5.89
BCHE,CHEMBL1914,CHEMBL268499,CN(C)Cc1ccc(CSCCCCCCSCc2ccc(CN(C)C)o2)o1,IC50,2900.0,nM,5.54
BCHE,CHEMBL1914,CHEMBL13206,CN(C)Cc1ccc(CSCCN/C=C(/NCCSCc2ccc(CN(C)C)o2)[N+](=O)[O-])o1,IC50,1300.0,nM,5.89
BCHE,CHEMBL1914,CHEMBL418712,CN(C)Cc1ccc(CSCCCCCCCCCSCc2ccc(CN(C)C)o2)o1,IC50,1000.0,nM,6.00
BCHE,CHEMBL1914,CHEMBL12937,CN(C)Cc1ccc(CSCCCCSCc2ccc(CN(C)C)o2)o1,IC50,3100.0,nM,5.51
BCHE,CHEMBL1914,CHEMBL12858,CN(C)Cc1ccc(CSCCNC(=NC#N)NCCSCc2ccc(CN(C)C)o2)o1,IC50,2400.0,nM,5.62
BCHE,CHEMBL1914,CHEMBL13166,CN(C)Cc1ccc(CSCCCCCSCc2ccc(CN(C)C)o2)o1,IC50,3600.0,nM,5.44
BCHE,CHEMBL1914,CHEMBL13122,CN(C)Cc1ccc(CSCCNc2cc(NCCSCc3ccc(CN(C)C)o3)c([N+](=O)[O-])cc2[N+](=O)[O-])o1,IC50,25.0,nM,7.60
BCHE,CHEMBL1914,CHEMBL275537,CN(C)Cc1ccc(CSCCCSCc2ccc(CN(C)C)o2)o1,IC50,4100.0,nM,5.39
BCHE,CHEMBL1914,CHEMBL13308,CN(C)Cc1ccc(CSCCSCc2ccc(CN(C)C)o2)o1,IC50,4300.0,nM,5.37
BCHE,CHEMBL1914,CHEMBL12472,CN(C)Cc1ccc(CSCc2ccc(CSCc3ccc(CN(C)C)o3)cc2)o1,IC50,2700.0,nM,5.57
BCHE,CHEMBL1914,CHEMBL129108,c1ccc2c(NCCCCCCCCSc3c4c(nc5ccccc35)CCCC4)c3c(nc2c1)CCCC3,IC50,0.77,nM,9.11
BCHE,CHEMBL1914,CHEMBL338755,CN(CCCNc1c2c(nc3ccccc13)CCCC2)CCCNc1c2c(nc3ccccc13)CCCC2,IC50,10.4,nM,7.98
BCHE,CHEMBL1914,CHEMBL262565,CCN(CCCNc1c2c(nc3ccccc13)CCCC2)CCCNc1c2c(nc3ccccc13)CCCC2,IC50,3.4,nM,8.47
BCHE,CHEMBL1914,CHEMBL180581,CC(=O)N(CCCNc1c2c(nc3ccccc13)CCCC2)CCCNc1c2ccccc2nc2ccccc12,IC50,3.9,nM,8.41
BCHE,CHEMBL1914,CHEMBL362444,CNC(=O)Oc1ccc2c(c1)[C@]1(C)CCOC1N2C,IC50,4.0,nM,8.40
BCHE,CHEMBL1914,CHEMBL367795,CCNC(=O)Oc1ccc2c(c1)[C@]1(C)CCOC1N2C,IC50,2.0,nM,8.70
BCHE,CHEMBL1914,CHEMBL362049,Cc1ccccc1NC(=O)Oc1ccc2c(c1)[C@]1(C)CCOC1N2C,IC50,1560.0,nM,5.81
BCHE,CHEMBL1914,CHEMBL178132,CC(C)c1ccc(NC(=O)Oc2ccc3c(c2)[C@]2(C)CCOC2N3C)cc1,IC50,17.0,nM,7.77
BCHE,CHEMBL1914,CHEMBL361409,CCNC(=O)Oc1ccc2c(c1)[C@]1(C)CCN(C)C1N2C,IC50,4.0,nM,8.40
BCHE,CHEMBL1914,CHEMBL369554,CCNC(=O)Oc1ccc2c(c1)C1(C)CCOC1O2,IC50,6.0,nM,8.22
BCHE,CHEMBL1914,CHEMBL178770,Cc1ccccc1NC(=O)Oc1ccc2c(c1)C1(C)CCOC1O2,IC50,30000.0,nM,
BCHE,CHEMBL1914,CHEMBL179320,CC(C)c1ccc(NC(=O)Oc2ccc3c(c2)C2(C)CCOC2O3)cc1,IC50,27.0,nM,7.57
BCHE,CHEMBL1914,CHEMBL362704,CCNC(=O)Oc1ccc2c(c1)C1(C)COC(C1)O2,IC50,24.0,nM,7.62
BCHE,CHEMBL1914,CHEMBL178294,Cc1ccccc1NC(=O)Oc1ccc2c(c1)C1(C)COC(C1)O2,IC50,30000.0,nM,
BCHE,CHEMBL1914,CHEMBL178792,CC(C)c1ccc(NC(=O)Oc2ccc3c(c2)C2(C)COC(C2)O3)cc1,IC50,22.0,nM,7.66
BCHE,CHEMBL1914,CHEMBL539624,CCc1ccccc1NC(=O)Oc1ccc2c(c1)[C@]1(C)CC[N+](C)([O-])[C@@H]1N2C.Cl,IC50,1700.0,nM,5.77
BCHE,CHEMBL1914,CHEMBL95,Nc1c2c(nc3ccccc13)CCCC2,IC50,45.8,nM,7.34
BCHE,CHEMBL1914,CHEMBL345124,CC[N+](C)(CC)CCC[n+]1c(-c2ccccc2)c2cc(N)ccc2c2ccc(N)cc21.[I-].[I-],IC50,13200.0,nM,4.88
BCHE,CHEMBL1914,CHEMBL11805,COc1ccccc1CN(C)CCCCCC(=O)N(C)CCCCCCCCN(C)C(=O)CCCCCN(C)Cc1ccccc1OC,IC50,11600.0,nM,4.94
BCHE,CHEMBL1914,CHEMBL179455,Nc1ccc2c(c1)c(-c1ccccc1)[n+](CCCNCCCNCCCNc1c3c(nc4ccccc14)CCCC3)c1cc(N)ccc21,IC50,63.7,nM,7.20
BCHE,CHEMBL1914,CHEMBL361165,COc1ccccc1CN(C)CCCN(C)CCCNCCC[n+]1c(-c2ccccc2)c2cc(N)ccc2c2ccc(N)cc21,IC50,2190.0,nM,5.66
BCHE,CHEMBL1914,CHEMBL535812,CCC1=CC2Cc3nc4ccccc4c(NCCCCCCCCNc4c5c(nc6ccccc46)CCCC5)c3C(C1)C2.Cl.Cl,IC50,5.55,nM,8.26
BCHE,CHEMBL1914,CHEMBL359719,COc1ccc(-c2cc3c(c(=O)o2)C[C@@]2(O)[C@@]4(C)CCC(=O)OC(C)(C)[C@@]4(O)CC[C@@]2(C)O3)cc1,IC50,500000.0,nM,
BCHE,CHEMBL1914,CHEMBL183507,COc1ccc(-c2cc3c(c(=O)o2)C[C@@]2(O)[C@@]4(C)C(=O)[C@@]5(OC)C(=O)O[C@]4(CC[C@@]2(C)O3)C5(C)C)cc1,IC50,200000.0,nM,
BCHE,CHEMBL1914,CHEMBL424984,COc1ccc(-c2cc3c(c(=O)o2)C[C@@]2(O)[C@@]4(C)C=CC(=O)C(C)(C)[C@@]4(O)CC[C@@]2(C)O3)cc1,IC50,200000.0,nM,
BCHE,CHEMBL1914,CHEMBL183813,COc1ccc(-c2cc3c(c(=O)o2)C[C@@]2(O)[C@@]4(C)CCC(=O)C(C)(C)[C@@]4(O)CC[C@@]2(C)O3)cc1,IC50,200000.0,nM,
BCHE,CHEMBL1914,CHEMBL367571,COC1=CC(=O)[C@]2(C)[C@]3(O)Cc4c(cc(-c5cc(OC)c(OC)c(OC)c5)oc4=O)O[C@]3(C)CC[C@]2(O)C1(C)C,IC50,200000.0,nM,
BCHE,CHEMBL1914,CHEMBL95,Nc1c2c(nc3ccccc13)CCCC2,IC50,10.0,nM,8.00
BCHE,CHEMBL1914,CHEMBL636,CCN(C)C(=O)Oc1cccc([C@H](C)N(C)C)c1,IC50,301.0,nM,6.52
BCHE,CHEMBL1914,CHEMBL188274,CNC(=O)Oc1cccc(C(C)N(C)C)c1.Cl,IC50,406.0,nM,6.39
BCHE,CHEMBL1914,CHEMBL189906,CNC(=O)Oc1cccc2c1OCC1CCN(C)C21,IC50,59.4,nM,7.23
BCHE,CHEMBL1914,CHEMBL189907,CNC(=O)Oc1cccc2c1CCC1CCN(C)C21,IC50,24.5,nM,7.61
BCHE,CHEMBL1914,CHEMBL190322,CNC(=O)Oc1cccc2c1SCC1CCN(C)C21,IC50,10.5,nM,7.98
BCHE,CHEMBL1914,CHEMBL371787,CC(NC(=O)Oc1cccc2c1OCC1CCN(C)C21)c1ccccc1,IC50,209.0,nM,6.68
BCHE,CHEMBL1914,CHEMBL187870,CCCCCCCNC(=O)Oc1cccc2c1OCC1CCN(C)C21,IC50,1.26,nM,8.90
BCHE,CHEMBL1914,CHEMBL187385,CCNC(=O)Oc1cccc2c1OCC1CCN(C)C21,IC50,44.41,nM,7.35
BCHE,CHEMBL1914,CHEMBL363557,CCNC(=O)Oc1cccc2c1CCC1CCN(C)C21,IC50,30.3,nM,7.52
BCHE,CHEMBL1914,CHEMBL340427,CNC(=O)Oc1cccc(CN(C)CCCOc2ccc3c(=O)c4ccccc4oc3c2)c1,IC50,48000.0,nM,4.32
BCHE,CHEMBL1914,CHEMBL189957,CNC(=O)Oc1cccc(CN(C)CCCCCCCOc2ccc3c(=O)c4ccccc4oc3c2)c1,IC50,16500.0,nM,4.78
BCHE,CHEMBL1914,CHEMBL191416,CNC(=O)Oc1cccc(CN(C)CCCOc2ccc3c(c2)O/C(=C\c2cc(OC)c(OC)c(OC)c2)C3=O)c1,IC50,155000.0,nM,
BCHE,CHEMBL1914,CHEMBL190060,CNC(=O)Oc1cccc(CN(C)CCCOc2ccc3c(c2)O/C(=C\c2cccc4ccccc24)C3=O)c1,IC50,44300.0,nM,4.35
BCHE,CHEMBL1914,CHEMBL191386,CNC(=O)Oc1cccc(CN(C)CCCOc2ccc3c(c2)O/C(=C\c2ccc4ccccc4c2)C3=O)c1,IC50,70300.0,nM,4.15
BCHE,CHEMBL1914,CHEMBL190528,CNC(=O)Oc1cccc(CN(C)CCCCCCCOc2ccc3c(c2)O/C(=C\c2cc(OC)c(OC)c(OC)c2)C3=O)c1,IC50,136000.0,nM,
BCHE,CHEMBL1914,CHEMBL364545,CNC(=O)Oc1cccc(CN(C)CCCCCCCOc2ccc3c(c2)O/C(=C\c2cccc4ccccc24)C3=O)c1,IC50,40200.0,nM,4.40
BCHE,CHEMBL1914,CHEMBL365678,CCC(=O)Oc1cccc(CN(C)CCCCCCCOc2ccc3c(c2)O/C(=C\c2ccc4ccccc4c2)C3=O)c1,IC50,74800.0,nM,4.13
BCHE,CHEMBL1914,CHEMBL191314,CNC(=O)Oc1cccc(CN(C)CCCCCCCOc2ccc3c(c2)O/C(=C\c2c4ccccc4cc4ccccc24)C3=O)c1,IC50,761000.0,nM,
BCHE,CHEMBL1914,CHEMBL370961,CNC(=O)Oc1cccc(CN(C)CCCCCCCOc2ccc3c(c2)O/C(=C\c2ccccc2)C3=O)c1,IC50,57900.0,nM,4.24
BCHE,CHEMBL1914,CHEMBL372710,CNC(=O)Oc1cccc(CN(C)CCCCCCCOc2ccc3c(c2)O/C(=C\c2ccc(Cl)c(Cl)c2)C3=O)c1,IC50,94600.0,nM,4.02
BCHE,CHEMBL1914,CHEMBL364678,CNC(=O)Oc1cccc(CN(C)CCCCCCCOc2ccc3c(c2)O/C(=C\c2cc(Cl)cc(Cl)c2)C3=O)c1,IC50,130000.0,nM,
BCHE,CHEMBL1914,CHEMBL191461,CNC(=O)Oc1cccc(CN(C)CCCCCCCOc2ccc3c(c2)C/C(=C\c2cc(OC)c(OC)c(OC)c2)C3=O)c1,IC50,81300.0,nM,4.09
BCHE,CHEMBL1914,CHEMBL363588,CNC(=O)Oc1cccc(CN(C)CCCCCCCOc2ccc3c(c2)OC/C(=C\c2cc(OC)c(OC)c(OC)c2)C3=O)c1,IC50,153000.0,nM,
BCHE,CHEMBL1914,CHEMBL365136,CNC(=O)Oc1cccc(CN(C)CCCCCCCOc2ccc3c(c2)CC/C(=C\c2cc(OC)c(OC)c(OC)c2)C3=O)c1,IC50,84400.0,nM,4.07
BCHE,CHEMBL1914,CHEMBL371798,CN(CCCCCCCOc1ccc2c(c1)O/C(=C\c1cccc3ccccc13)C2=O)Cc1cccc(O)c1,IC50,4650000.0,nM,
BCHE,CHEMBL1914,CHEMBL189797,CNC(=O)Oc1cccc(CN(C)CCCCCCCOc2ccc3c(c2)OCC3=O)c1,IC50,11400000.0,nM,
BCHE,CHEMBL1914,CHEMBL94,CNC(=O)Oc1ccc2c(c1)[C@]1(C)CCN(C)[C@@H]1N2C,IC50,23000.0,nM,4.64
BCHE,CHEMBL1914,CHEMBL362996,O=C(C(=O)c1ccc(C(=O)C(=O)c2ccccc2)cc1)c1ccccc1,Ki,100000.0,nM,
BCHE,CHEMBL1914,CHEMBL192258,CC(=O)C(=O)c1ccccc1,Ki,100000.0,nM,
BCHE,CHEMBL1914,CHEMBL365809,CC(=O)C(C)=O,Ki,100000.0,nM,
BCHE,CHEMBL1914,CHEMBL90039,O=C(c1ccccc1)c1ccccc1,Ki,100000.0,nM,
BCHE,CHEMBL1914,CHEMBL371523,O=C(CC(=O)c1ccccc1)c1ccccc1,Ki,100000.0,nM,
BCHE,CHEMBL1914,CHEMBL190677,O=C(c1ccccc1)C(O)c1ccccc1,Ki,100000.0,nM,
BCHE,CHEMBL1914,CHEMBL365982,OC(c1ccccc1)C(O)c1ccccc1,Ki,100000.0,nM,
BCHE,CHEMBL1914,CHEMBL370299,COc1ccc(C(=O)C(O)c2ccc(OC)cc2)cc1,Ki,100000.0,nM,
BCHE,CHEMBL1914,CHEMBL192595,CN(C)c1ccc(C(O)C(=O)c2ccccc2)cc1,Ki,100000.0,nM,
BCHE,CHEMBL1914,CHEMBL192648,O=C(O)c1ccc(C(=O)c2ccccc2)cc1,Ki,100000.0,nM,
BCHE,CHEMBL1914,CHEMBL363855,CC(=O)CCC(=O)c1ccccc1,Ki,100000.0,nM,
BCHE,CHEMBL1914,CHEMBL364734,COC(OC)(C(=O)c1ccccc1)c1ccccc1,Ki,100000.0,nM,
BCHE,CHEMBL1914,CHEMBL192809,CCC(=O)C(C)=O,Ki,100000.0,nM,
BCHE,CHEMBL1914,CHEMBL191625,CC(=O)CC(C)=O,Ki,100000.0,nM,
BCHE,CHEMBL1914,CHEMBL371371,CC1CCC(=O)C1=O,Ki,100000.0,nM,
BCHE,CHEMBL1914,CHEMBL363186,CC1C(=O)CCC1=O,Ki,100000.0,nM,
BCHE,CHEMBL1914,CHEMBL364588,CCCCC(=O)C(C)=O,Ki,100000.0,nM,
BCHE,CHEMBL1914,CHEMBL189727,O=C1CCCCC1=O,Ki,100000.0,nM,
BCHE,CHEMBL1914,CHEMBL363919,O=C1CCCC(=O)C1,Ki,100000.0,nM,
BCHE,CHEMBL1914,CHEMBL190613,CC1CCCC(=O)C1=O,Ki,100000.0,nM,
BCHE,CHEMBL1914,CHEMBL191688,CC1C(=O)CCCC1=O,Ki,100000.0,nM,
BCHE,CHEMBL1914,CHEMBL191800,CC1CC(C)(C)CC(=O)C1=O,Ki,100000.0,nM,
BCHE,CHEMBL1914,CHEMBL8320,O=C1C=CC(=O)C=C1,Ki,2050.0,nM,5.69
BCHE,CHEMBL1914,CHEMBL365161,CC(C)(C)C1=CC(=O)C(=O)C(C(C)(C)C)=C1,Ki,100000.0,nM,
BCHE,CHEMBL1914,CHEMBL364729,O=C1C(=O)C(Cl)=C(Cl)C(Cl)=C1Cl,Ki,3200.0,nM,5.50
BCHE,CHEMBL1914,CHEMBL192627,O=C1C(Cl)=C(Cl)C(=O)C(Cl)=C1Cl,Ki,268.0,nM,6.57
BCHE,CHEMBL1914,CHEMBL192712,CC1NC(=O)C(=O)OC1C,Ki,100000.0,nM,
BCHE,CHEMBL1914,CHEMBL284028,Oc1nc2cc(Cl)c(Cl)cc2nc1O,Ki,100000.0,nM,
BCHE,CHEMBL1914,CHEMBL189886,O=C(C(=O)c1ccccc1)c1ccccc1,Ki,100000.0,nM,
BCHE,CHEMBL1914,CHEMBL192410,O=C(C(=O)c1ccc(F)cc1)c1ccc(F)cc1,Ki,100000.0,nM,
BCHE,CHEMBL1914,CHEMBL192139,O=C(C(=O)c1ccc(Cl)cc1)c1ccc(Cl)cc1,Ki,100000.0,nM,
BCHE,CHEMBL1914,CHEMBL365392,O=C(C(=O)c1ccccc1Cl)c1ccccc1Cl,Ki,100000.0,nM,
BCHE,CHEMBL1914,CHEMBL193228,O=C(C(=O)c1ccc(Br)cc1)c1ccc(Br)cc1,Ki,100000.0,nM,
BCHE,CHEMBL1914,CHEMBL193229,O=C(C(=O)c1cc(F)cc(F)c1)c1cc(F)cc(F)c1,Ki,100000.0,nM,
BCHE,CHEMBL1914,CHEMBL193180,O=C(C(=O)c1cc(F)c(F)c(F)c1)c1cc(F)c(F)c(F)c1,Ki,100000.0,nM,
BCHE,CHEMBL1914,CHEMBL370059,O=C(O)c1ccc(C(=O)C(=O)c2ccccc2)cc1,Ki,100000.0,nM,
BCHE,CHEMBL1914,CHEMBL192180,O=C(C(=O)c1ccc(Cl)cc1)c1ccccc1,Ki,100000.0,nM,
BCHE,CHEMBL1914,CHEMBL192252,Cc1ccc(C(=O)C(=O)c2ccc(Cl)cc2)cc1,Ki,100000.0,nM,
BCHE,CHEMBL1914,CHEMBL371858,Cc1ccc(C(=O)C(=O)c2ccccc2)cc1,Ki,100000.0,nM,
BCHE,CHEMBL1914,CHEMBL192625,Cc1ccc(C(=O)C(=O)c2ccc(C)cc2)cc1,Ki,100000.0,nM,
BCHE,CHEMBL1914,CHEMBL193140,Cc1ccc(C(=O)C(=O)c2ccccc2)cc1C,Ki,100000.0,nM,
BCHE,CHEMBL1914,CHEMBL192474,COc1ccc(C(=O)C(=O)c2ccccc2)cc1,Ki,100000.0,nM,
BCHE,CHEMBL1914,CHEMBL191513,COc1ccc(C(=O)C(=O)c2ccc(OC)cc2)cc1,Ki,100000.0,nM,
BCHE,CHEMBL1914,CHEMBL435109,COc1cccc(C(=O)C(=O)c2cccc(OC)c2)c1,Ki,100000.0,nM,
BCHE,CHEMBL1914,CHEMBL191822,COc1ccc(C(=O)C(=O)c2ccccc2Cl)cc1OC,Ki,100000.0,nM,
BCHE,CHEMBL1914,CHEMBL192241,O=C(C(=O)c1ccc(CBr)cc1)c1ccccc1,Ki,100000.0,nM,
BCHE,CHEMBL1914,CHEMBL191739,O=C(C(=O)c1ccc(Br)c([N+](=O)[O-])c1)c1ccc(Br)c([N+](=O)[O-])c1,Ki,100000.0,nM,
BCHE,CHEMBL1914,CHEMBL191847,Cc1ccc(C(=O)C(=O)c2ccccc2)cc1[N+](=O)[O-],Ki,100000.0,nM,
BCHE,CHEMBL1914,CHEMBL192589,O=C(C(=O)c1ccc([N+](=O)[O-])cc1)c1ccccc1,Ki,100000.0,nM,
BCHE,CHEMBL1914,CHEMBL365517,O=C(C(=O)c1ccc([N+](=O)[O-])cc1[N+](=O)[O-])c1ccccc1,Ki,100000.0,nM,
BCHE,CHEMBL1914,CHEMBL191796,O=C(C(=O)c1cccc([N+](=O)[O-])c1)c1cccc([N+](=O)[O-])c1,Ki,100000.0,nM,
BCHE,CHEMBL1914,CHEMBL425192,O=C(C(=O)c1ccc(O)cc1)c1ccccc1,Ki,100000.0,nM,
BCHE,CHEMBL1914,CHEMBL366205,O=C(C(=O)c1cc(Br)ccc1O)c1cc(Br)ccc1O,Ki,100000.0,nM,
BCHE,CHEMBL1914,CHEMBL192039,O=C(C(=O)c1ccc(O)cc1O)c1ccc(O)cc1O,Ki,100000.0,nM,
BCHE,CHEMBL1914,CHEMBL192657,O=C(C(=O)c1ccc(O)c([N+](=O)[O-])c1)c1ccc(O)c([N+](=O)[O-])c1,Ki,100000.0,nM,
BCHE,CHEMBL1914,CHEMBL372856,COc1ccc(C(=O)C(=O)c2ccc(OC)c([N+](=O)[O-])c2)cc1[N+](=O)[O-],Ki,100000.0,nM,
BCHE,CHEMBL1914,CHEMBL191676,CN(C)c1ccc(C(=O)C(=O)c2ccc(N(C)C)cc2)cc1,Ki,100000.0,nM,
BCHE,CHEMBL1914,CHEMBL195713,O=C(C(=O)c1c(Cl)c(Cl)c(Cl)c(Cl)c1Cl)c1c(F)c(F)c(F)c(F)c1F,Ki,100000.0,nM,
BCHE,CHEMBL1914,CHEMBL365129,O=S(=O)(Cc1ccccc1)Cc1ccccc1,Ki,100000.0,nM,
BCHE,CHEMBL1914,CHEMBL189988,O=S(=O)(Cc1ccccc1)c1ccccc1,Ki,100000.0,nM,
BCHE,CHEMBL1914,CHEMBL190496,[O-][S+](Cc1ccccc1)Cc1ccccc1,Ki,100000.0,nM,
BCHE,CHEMBL1914,CHEMBL372262,CCOC(=O)c1c(C)c(N2CCN(C)CC2)nc2ccccc12,IC50,10000.0,nM,
BCHE,CHEMBL1914,CHEMBL191084,Cc1c(N2CCN(C)CC2)nc2ccccc2c1C(=O)N(C)Cc1ccccc1,IC50,10000.0,nM,
BCHE,CHEMBL1914,CHEMBL95,Nc1c2c(nc3ccccc13)CCCC2,IC50,27.0,nM,7.57
BCHE,CHEMBL1914,CHEMBL195418,Cc1c(Cl)nc2ccccc2c1C(=O)NCCCCCCCNc1c2c(nc3ccccc13)CCCC2,IC50,32.0,nM,7.50
BCHE,CHEMBL1914,CHEMBL195241,Cc1c(N2CCN(C)CC2)nc2ccccc2c1C(=O)NCCCCCCCNc1c2c(nc3ccccc13)CCCC2,IC50,40.0,nM,7.40
BCHE,CHEMBL1914,CHEMBL192682,O=C(CCCCC1CCSS1)NCCNc1c2c(nc3ccccc13)CCCC2,IC50,47.5,nM,7.32
BCHE,CHEMBL1914,CHEMBL195179,O=C(CCCCC1CCSS1)NCCCNc1c2c(nc3ccccc13)CCCC2,IC50,12.0,nM,7.92
BCHE,CHEMBL1914,CHEMBL424833,O=C(CCCCC1CCSS1)NCCCCNc1c2c(nc3ccccc13)CCCC2,IC50,5.04,nM,8.30
BCHE,CHEMBL1914,CHEMBL425739,O=C(CCCCC1CCSS1)NCCCCCNc1c2c(nc3ccccc13)CCCC2,IC50,1.48,nM,8.83
BCHE,CHEMBL1914,CHEMBL278963,O=C(CCCCC1CCSS1)NCCCCCCNc1c2c(nc3ccccc13)CCCC2,IC50,3.24,nM,8.49
BCHE,CHEMBL1914,CHEMBL195067,O=C(CCCCC1CCSS1)NCCCCCCCNc1c2c(nc3ccccc13)CCCC2,IC50,8.58,nM,8.07
BCHE,CHEMBL1914,CHEMBL194823,O=C(CCCCC1CCSS1)NCCCNc1c2c(nc3cc(Cl)ccc13)CCCC2,IC50,10.8,nM,7.97
BCHE,CHEMBL1914,CHEMBL363391,Nc1c2c(nc3cc(Cl)ccc13)CC(CNC(=O)CCCCC1CCSS1)CC2,IC50,329.0,nM,6.48
BCHE,CHEMBL1914,CHEMBL191758,NCCCNc1c2c(nc3cc(Cl)ccc13)CCCC2,IC50,2580.0,nM,5.59
BCHE,CHEMBL1914,CHEMBL33864,O=C(O)CCCCC1CCSS1,IC50,1000000.0,nM,
BCHE,CHEMBL1914,CHEMBL555666,CC1=CC2Cc3nc4cc(Cl)ccc4c(NCCCCCCNc4c5c(nc6ccccc46)CCCC5)c3C(C1)C2.Cl.Cl,IC50,7.69,nM,8.11
BCHE,CHEMBL1914,CHEMBL557155,CC1=CC2Cc3nc4cc(Cl)ccc4c(NCCCCCCCNc4c5c(nc6ccccc46)CCCC5)c3C(C1)C2.Cl.Cl,IC50,6.7,nM,8.17
BCHE,CHEMBL1914,CHEMBL534932,CC1=CC2Cc3nc4cc(Cl)ccc4c(NCCCCCCCCNc4c5c(nc6ccccc46)CCCC5)c3C(C1)C2.Cl.Cl,IC50,4.74,nM,8.32
BCHE,CHEMBL1914,CHEMBL2113368,CC1=C[C@@H]2Cc3nc4cc(Cl)ccc4c(NCCCN(C)CCCCNc4c5c(nc6ccccc46)CCCC5)c3[C@H](C1)C2.Cl.Cl.Cl,IC50,16.4,nM,7.79
BCHE,CHEMBL1914,CHEMBL555214,CC1=CC2Cc3nc4cc(Cl)ccc4c(NCCCCCCNc4c5c(nc6cc(Cl)ccc46)CCCC5)c3C(C1)C2.Cl.Cl,IC50,14.0,nM,7.85
BCHE,CHEMBL1914,CHEMBL538573,CC1=CC2Cc3nc4cc(Cl)ccc4c(NCCCCCCCNc4c5c(nc6cc(Cl)ccc46)CCCC5)c3C(C1)C2.Cl.Cl,IC50,7.38,nM,8.13
BCHE,CHEMBL1914,CHEMBL539599,CC1=CC2Cc3nc4cc(Cl)ccc4c(NCCCCCCCCNc4c5c(nc6cc(Cl)ccc46)CCCC5)c3C(C1)C2.Cl.Cl,IC50,7.8,nM,8.11
BCHE,CHEMBL1914,CHEMBL2113367,CC1=C[C@@H]2Cc3nc4cc(Cl)ccc4c(NCCCN(C)CCCCNc4c5c(nc6cc(Cl)ccc46)CCCC5)c3[C@H](C1)C2.Cl.Cl.Cl,IC50,31.1,nM,7.51
BCHE,CHEMBL1914,CHEMBL1677,Cl.Nc1c2c(nc3ccccc13)CCCC2,IC50,43.9,nM,7.36
BCHE,CHEMBL1914,CHEMBL536047,CC1=CC2Cc3nc4cc(Cl)ccc4c(N)c3C(C1)C2.Cl,IC50,236.0,nM,6.63
BCHE,CHEMBL1914,CHEMBL198565,Nc1ncnc2c1ncn2CCOCP1(=O)OCc2ccccc2O1,IC50,50000.0,nM,
BCHE,CHEMBL1914,CHEMBL371100,Cc1cccc2c1OP(=O)(COCCn1cnc3c(N)ncnc31)OC2,IC50,50000.0,nM,
BCHE,CHEMBL1914,CHEMBL197433,CC(C)(C)c1cccc2c1OP(=O)(COCCn1cnc3c(N)ncnc31)OC2,IC50,50000.0,nM,
BCHE,CHEMBL1914,CHEMBL197483,CC(C)(C)c1cc2c(c(C(C)(C)C)c1)OP(=O)(COCCn1cnc3c(N)ncnc31)OC2,IC50,50000.0,nM,
BCHE,CHEMBL1914,CHEMBL197832,Nc1ncnc2c1ncn2CCOCP1(=O)Nc2cccc(F)c2CO1,IC50,50000.0,nM,
BCHE,CHEMBL1914,CHEMBL372812,Nc1ncnc2c1ncn2CCOCP1(=O)Nc2ccccc2CO1,IC50,50000.0,nM,
BCHE,CHEMBL1914,CHEMBL196867,Cc1cccc2c1NP(=O)(COCCn1cnc3c(N)ncnc31)OC2,IC50,50000.0,nM,
BCHE,CHEMBL1914,CHEMBL199670,O=C(CCCCCCNc1c2c(nc3ccccc13)CCCC2)NCCc1c[nH]c2ccccc12,IC50,6.8,nM,8.17
BCHE,CHEMBL1914,CHEMBL45,COc1ccc2[nH]cc(CCNC(C)=O)c2c1,IC50,,,
BCHE,CHEMBL1914,CHEMBL95,Nc1c2c(nc3ccccc13)CCCC2,IC50,40.0,nM,7.40
BCHE,CHEMBL1914,CHEMBL370807,O=C(CCCCCNc1c2c(nc3ccccc13)CCCC2)NCCc1c[nH]c2ccc(O)cc12,IC50,1.0,nM,9.00
BCHE,CHEMBL1914,CHEMBL372202,COc1ccc2[nH]cc(CCNC(=O)CCCCCCNc3c4c(nc5cc(Cl)cc(Cl)c35)CCCC4)c2c1,IC50,25.0,nM,7.60
BCHE,CHEMBL1914,CHEMBL382260,COc1ccc2[nH]cc(CCNC(=O)CCCCCCNc3c4c(nc5ccccc35)CCCC4)c2c1,IC50,3.0,nM,8.52
BCHE,CHEMBL1914,CHEMBL199585,O=C(CCCCCCNc1c2c(nc3cc(Cl)cc(Cl)c13)CCCC2)NCCc1c[nH]c2ccccc12,IC50,7.8,nM,8.11
BCHE,CHEMBL1914,CHEMBL202661,O=C(CCCCCNc1c2c(nc3cccc(Cl)c13)CCCC2)NCCc1c[nH]c2ccccc12,IC50,23.0,nM,7.64
BCHE,CHEMBL1914,CHEMBL381499,O=C(CCCCCCNc1c2c(nc3cc(Cl)ccc13)CCCC2)NCCc1c[nH]c2ccccc12,IC50,35.0,nM,7.46
BCHE,CHEMBL1914,CHEMBL204895,CCNC(=O)Oc1ccc2c(c1)[C@]1(C)CCO[C@@H]1O2,IC50,3.0,nM,8.52
BCHE,CHEMBL1914,CHEMBL494887,CC(C)NP(=O)(NC(C)C)OP(=O)(NC(C)C)NC(C)C,IC50,980.0,nM,6.01
BCHE,CHEMBL1914,CHEMBL464538,C=CC[N+](C)(C)c1ccc(CCC(=O)CCc2ccc([N+](C)(C)CC=C)cc2)cc1.[Br-].[Br-],IC50,48000.0,nM,4.32
BCHE,CHEMBL1914,CHEMBL205826,CC(C)c1ccc(NC(=O)Oc2ccc3c(c2)[C@@]2(C)CCO[C@H]2N3C)cc1,IC50,23.0,nM,7.64
BCHE,CHEMBL1914,CHEMBL382207,CC(C)c1ccc(NC(=O)Oc2ccc3c(c2)[C@]2(C)CCO[C@@H]2N3C)cc1,IC50,17.0,nM,7.77
BCHE,CHEMBL1914,CHEMBL205335,Cc1ccccc1NC(=O)Oc1ccc2c(c1)[C@@]1(C)CCO[C@H]1N2C,IC50,5100.0,nM,5.29
BCHE,CHEMBL1914,CHEMBL205895,Cc1ccccc1NC(=O)Oc1ccc2c(c1)[C@]1(C)CCO[C@@H]1N2C,IC50,1560.0,nM,5.81
BCHE,CHEMBL1914,CHEMBL381926,CCNC(=O)Oc1ccc2c(c1)[C@]1(C)CCO[C@@H]1N2C,IC50,2.0,nM,8.70
BCHE,CHEMBL1914,CHEMBL205940,CNC(=O)Oc1ccc2c(c1)[C@@]1(C)CCO[C@H]1N2C,IC50,56.0,nM,7.25
BCHE,CHEMBL1914,CHEMBL205231,CNC(=O)Oc1ccc2c(c1)[C@]1(C)CCO[C@@H]1N2C,IC50,4.0,nM,8.40
BCHE,CHEMBL1914,CHEMBL383013,CC(C)c1ccc(NC(=O)Oc2ccc3c(c2)[C@@]2(C)CCN(C)[C@H]2N3C)cc1,IC50,5100.0,nM,5.29
BCHE,CHEMBL1914,CHEMBL381782,Cc1ccccc1NC(=O)Oc1ccc2c(c1)[C@@]1(C)CCN(C)[C@H]1N2C,IC50,1180.0,nM,5.93
BCHE,CHEMBL1914,CHEMBL205340,CCNC(=O)Oc1ccc2c(c1)[C@]1(C)CCN(C)[C@@H]1N2C,IC50,4.0,nM,8.40
BCHE,CHEMBL1914,CHEMBL382351,CNC(=O)Oc1ccc2c(c1)[C@@]1(C)CCN(C)[C@H]1N2C,IC50,2490.0,nM,5.60
BCHE,CHEMBL1914,CHEMBL205321,CC(C)c1ccc(NC(=O)Oc2ccc3c(c2)[C@]2(C)CO[C@@H](C2)O3)cc1,IC50,54.0,nM,7.27
BCHE,CHEMBL1914,CHEMBL204732,CC(C)c1ccc(NC(=O)Oc2ccc3c(c2)[C@@]2(C)CO[C@H](C2)O3)cc1,IC50,15.0,nM,7.82
BCHE,CHEMBL1914,CHEMBL378404,Cc1ccccc1NC(=O)Oc1ccc2c(c1)[C@@]1(C)CO[C@H](C1)O2,IC50,52000.0,nM,4.28
BCHE,CHEMBL1914,CHEMBL205967,CCNC(=O)Oc1ccc2c(c1)[C@]1(C)CO[C@@H](C1)O2,IC50,120.0,nM,6.92
BCHE,CHEMBL1914,CHEMBL380830,CCNC(=O)Oc1ccc2c(c1)[C@@]1(C)CO[C@H](C1)O2,IC50,23.0,nM,7.64
BCHE,CHEMBL1914,CHEMBL206237,CC(C)c1ccc(NC(=O)Oc2ccc3c(c2)[C@@]2(C)CCO[C@H]2O3)cc1,IC50,40.0,nM,7.40
BCHE,CHEMBL1914,CHEMBL206642,CC(C)c1ccc(NC(=O)Oc2ccc3c(c2)[C@]2(C)CCO[C@@H]2O3)cc1,IC50,13.0,nM,7.89
BCHE,CHEMBL1914,CHEMBL206093,Cc1ccccc1NC(=O)Oc1ccc2c(c1)[C@@]1(C)CCO[C@H]1O2,IC50,36400.0,nM,4.44
BCHE,CHEMBL1914,CHEMBL426674,Cc1ccccc1NC(=O)Oc1ccc2c(c1)[C@]1(C)CCO[C@@H]1O2,IC50,11400.0,nM,4.94
BCHE,CHEMBL1914,CHEMBL377283,CCNC(=O)Oc1ccc2c(c1)[C@@]1(C)CCO[C@H]1O2,IC50,28.0,nM,7.55
BCHE,CHEMBL1914,CHEMBL208092,C/C=C1\C2C=C(C)C[C@]1(N)CC(NCCCCCCCNc1c3c(nc4ccccc14)CCCC3)C2(C)C,Ki,20.8,nM,7.68
BCHE,CHEMBL1914,CHEMBL395280,C/C=C1\[C@H]2C=C(C)C[C@]1(N)c1ccc(=O)[nH]c1C2,Ki,1000.0,nM,
BCHE,CHEMBL1914,CHEMBL95,Nc1c2c(nc3ccccc13)CCCC2,Ki,7.0,nM,8.15
BCHE,CHEMBL1914,CHEMBL210453,C/C=C1\C2C=C(C)C[C@]1(C(=O)OC)CC(NCCCCCCCNc1c3c(nc4ccccc14)CCCC3)C2,Ki,19.5,nM,7.71
BCHE,CHEMBL1914,CHEMBL382423,C/C=C1\C2C=C(C)C[C@]1(N)CC(NCCCCCCCNc1c3c(nc4ccccc14)CCCC3)C2,Ki,30.8,nM,7.51
BCHE,CHEMBL1914,CHEMBL384563,CC1=CC2Cc3nc4cc(Cl)ccc4c(N)c3C(C1)C2NC=O,IC50,10000.0,nM,
BCHE,CHEMBL1914,CHEMBL217521,CC12CC3Cc4nc5cc(Cl)ccc5c(N)c4C(C1)C3N2S(C)(=O)=O,IC50,9220.0,nM,5.04
BCHE,CHEMBL1914,CHEMBL387188,CC12CC3Cc4nc5cc(Cl)ccc5c(N)c4C(C1)C3N2,IC50,10000.0,nM,
BCHE,CHEMBL1914,CHEMBL415799,CC1=CC2Cc3nc4cc(Cl)ccc4c(N)c3C(C1)C2N,IC50,601.0,nM,6.22
BCHE,CHEMBL1914,CHEMBL415799,CC1=CC2Cc3nc4cc(Cl)ccc4c(N)c3C(C1)C2N,IC50,6480.0,nM,5.19
BCHE,CHEMBL1914,CHEMBL386541,CC1=CC2Cc3nc4cc(Cl)ccc4c(N)c3C(C1)C2NS(C)(=O)=O,IC50,,,
BCHE,CHEMBL1914,CHEMBL386541,CC1=CC2Cc3nc4cc(Cl)ccc4c(N)c3C(C1)C2NS(C)(=O)=O,IC50,10000.0,nM,
BCHE,CHEMBL1914,CHEMBL214467,CC(=O)NC1C2C=C(C)CC1c1c(nc3cc(Cl)ccc3c1N)C2,IC50,10000.0,nM,
BCHE,CHEMBL1914,CHEMBL214467,CC(=O)NC1C2C=C(C)CC1c1c(nc3cc(Cl)ccc3c1N)C2,IC50,8490.0,nM,5.07
BCHE,CHEMBL1914,CHEMBL384563,CC1=CC2Cc3nc4cc(Cl)ccc4c(N)c3C(C1)C2NC=O,IC50,3980.0,nM,5.40
BCHE,CHEMBL1914,CHEMBL219262,COc1cc(C(=O)NNc2c3c(nc4ccccc24)CCCC3)cc(OC)c1OC,IC50,1.7,nM,8.77
BCHE,CHEMBL1914,CHEMBL376514,CCN(CC)C(C)C(=O)N1c2ccccc2Sc2ccccc21,IC50,3370.0,nM,5.47
BCHE,CHEMBL1914,CHEMBL219264,COc1cc(CCC(=O)NCCCCCC(=O)NNc2c3c(nc4ccccc24)CCCC3)cc(OC)c1OC,IC50,0.141,nM,9.85
BCHE,CHEMBL1914,CHEMBL219316,COc1cc(CCC(=O)NCCCCC(=O)NNc2c3c(nc4ccccc24)CCCC3)cc(OC)c1OC,IC50,0.139,nM,9.86
BCHE,CHEMBL1914,CHEMBL384886,COc1cc(CCC(=O)NCCCC(=O)NNc2c3c(nc4ccccc24)CCCC3)cc(OC)c1OC,IC50,0.226,nM,9.65
BCHE,CHEMBL1914,CHEMBL220141,COc1cc(CCC(=O)NCCC(=O)NNc2c3c(nc4ccccc24)CCCC3)cc(OC)c1OC,IC50,6.03,nM,8.22
BCHE,CHEMBL1914,CHEMBL445846,COc1cc(CCC(=O)NCC(=O)NNc2c3c(nc4ccccc24)CCCC3)cc(OC)c1OC,IC50,24.0,nM,7.62
BCHE,CHEMBL1914,CHEMBL219911,COc1cc(CCC(=O)NNc2c3c(nc4ccccc24)CCCC3)cc(OC)c1OC,IC50,12.1,nM,7.92
BCHE,CHEMBL1914,CHEMBL374981,COc1cc(C(=O)NCCCCCCCCC(=O)NNc2c3c(cc4ccccc24)CCCC3)cc(OC)c1OC,IC50,1.38,nM,8.86
BCHE,CHEMBL1914,CHEMBL216159,COc1cc(C(=O)NCCCCCCCC(=O)NNc2c3c(nc4ccccc24)CCCC3)cc(OC)c1OC,IC50,0.293,nM,9.53
BCHE,CHEMBL1914,CHEMBL219569,COc1cc(C(=O)NCCCCCCC(=O)NNc2c3c(nc4ccccc24)CCCC3)cc(OC)c1OC,IC50,0.523,nM,9.28
BCHE,CHEMBL1914,CHEMBL434378,COc1cc(C(=O)NCCCCCC(=O)NNc2c3c(nc4ccccc24)CCCC3)cc(OC)c1OC,IC50,0.969,nM,9.01
BCHE,CHEMBL1914,CHEMBL219550,COc1cc(C(=O)NCCCCC(=O)NNc2c3c(nc4ccccc24)CCCC3)cc(OC)c1OC,IC50,1.68,nM,8.78
BCHE,CHEMBL1914,CHEMBL219063,COc1cc(C(=O)NCCCC(=O)NNc2c3c(nc4ccccc24)CCCC3)cc(OC)c1OC,IC50,7.13,nM,8.15
BCHE,CHEMBL1914,CHEMBL266045,COc1cc(C(=O)NCCC(=O)NNc2c3c(nc4ccccc24)CCCC3)cc(OC)c1OC,IC50,12.8,nM,7.89
BCHE,CHEMBL1914,CHEMBL385269,COc1cc(C(=O)NCC(=O)NNc2c3c(nc4ccccc24)CCCC3)cc(OC)c1OC,IC50,27.6,nM,7.56
BCHE,CHEMBL1914,CHEMBL95,Nc1c2c(nc3ccccc13)CCCC2,IC50,36.0,nM,7.44
BCHE,CHEMBL1914,CHEMBL374184,CCOC(=O)C1=C(C)Nc2nc3c(c(N)c2C1c1ccc(OC)cc1)CCCC3,IC50,100000.0,nM,
BCHE,CHEMBL1914,CHEMBL218940,CCOC(=O)C1=C(C)Nc2nc3c(c(N)c2C1c1cccc(OC)c1)CCCC3,IC50,100000.0,nM,
BCHE,CHEMBL1914,CHEMBL436302,CCOC(=O)C1=C(C)Nc2nc3c(c(N)c2C1c1ccccc1OC)CCCC3,IC50,100000.0,nM,
BCHE,CHEMBL1914,CHEMBL219406,CCOC(=O)C1=C(C)Nc2nc3c(c(N)c2C1c1ccc(C)cc1)CCCC3,IC50,100000.0,nM,
BCHE,CHEMBL1914,CHEMBL219405,CCOC(=O)C1=C(C)Nc2nc3c(c(N)c2C1c1ccc([N+](=O)[O-])cc1)CCCC3,IC50,34400.0,nM,4.46
BCHE,CHEMBL1914,CHEMBL220294,CCOC(=O)C1=C(C)Nc2nc3c(c(N)c2C1c1cccc([N+](=O)[O-])c1)CCCC3,IC50,100000.0,nM,
BCHE,CHEMBL1914,CHEMBL219400,CCOC(=O)C1=C(C)Nc2nc3c(c(N)c2C1c1ccccc1[N+](=O)[O-])CCCC3,IC50,4800.0,nM,5.32
BCHE,CHEMBL1914,CHEMBL219172,CCOC(=O)C1=C(C)Nc2nc3c(c(N)c2C1c1ccc(F)cc1)CCCC3,IC50,100000.0,nM,
BCHE,CHEMBL1914,CHEMBL218939,CCOC(=O)C1=C(C)Nc2nc3c(c(N)c2C1c1ccccc1)CCCC3,IC50,100000.0,nM,
BCHE,CHEMBL1914,CHEMBL266084,COc1ccc2[nH]c3c(c2c1)CCNC3,IC50,10000.0,nM,
BCHE,CHEMBL1914,CHEMBL221811,COc1ccc2[nH]c3c(c2c1)CCNC3C,IC50,10000.0,nM,
BCHE,CHEMBL1914,CHEMBL80619,COc1ccc2[nH]c3cnccc3c2c1,IC50,10000.0,nM,
BCHE,CHEMBL1914,CHEMBL221794,COc1ccc2c(c1)c1ccncc1n2C,IC50,10000.0,nM,
BCHE,CHEMBL1914,CHEMBL278193,COc1ccc2[nH]c3c(C)nccc3c2c1,IC50,10000.0,nM,
BCHE,CHEMBL1914,CHEMBL376011,Oc1ccc2[nH]c3cnccc3c2c1,IC50,10000.0,nM,
BCHE,CHEMBL1914,CHEMBL373674,Cn1c2ccc(O)cc2c2ccncc21,IC50,10000.0,nM,
BCHE,CHEMBL1914,CHEMBL376012,Cc1nccc2c1[nH]c1ccc(O)cc12,IC50,10000.0,nM,
BCHE,CHEMBL1914,CHEMBL220849,Cc1nccc2c3cc(O)ccc3n(C)c12,IC50,10000.0,nM,
BCHE,CHEMBL1914,CHEMBL220959,COc1ccc2c(c1)c1cc[n+](C)c(C)c1n2C,IC50,10000.0,nM,
BCHE,CHEMBL1914,CHEMBL659,COc1ccc2c3c1O[C@H]1C[C@@H](O)C=C[C@@]31CCN(C)C2,IC50,8400.0,nM,5.08
BCHE,CHEMBL1914,CHEMBL659,COc1ccc2c3c1O[C@H]1C[C@@H](O)C=C[C@@]31CCN(C)C2,IC50,8394.6,nM,5.08
BCHE,CHEMBL1914,CHEMBL441868,Cc1c2c(cc[n+]1C)c1cc(O)ccc1n2C,IC50,2700.0,nM,5.57
BCHE,CHEMBL1914,CHEMBL441868,Cc1c2c(cc[n+]1C)c1cc(O)ccc1n2C,IC50,2685.34,nM,5.57
BCHE,CHEMBL1914,CHEMBL375862,Cc1c2[nH]c3ccc(O)cc3c2cc[n+]1C,IC50,1600.0,nM,5.80
BCHE,CHEMBL1914,CHEMBL375862,Cc1c2[nH]c3ccc(O)cc3c2cc[n+]1C,IC50,1625.55,nM,5.79
BCHE,CHEMBL1914,CHEMBL373651,Cn1c2ccc(O)cc2c2cc[n+](C)cc21,IC50,32200.0,nM,4.49
BCHE,CHEMBL1914,CHEMBL373651,Cn1c2ccc(O)cc2c2cc[n+](C)cc21,IC50,32210.69,nM,4.49
BCHE,CHEMBL1914,CHEMBL220905,C[n+]1ccc2c(c1)[nH]c1ccc(O)cc12,IC50,8700.0,nM,5.06
BCHE,CHEMBL1914,CHEMBL220905,C[n+]1ccc2c(c1)[nH]c1ccc(O)cc12,IC50,8729.71,nM,5.06
BCHE,CHEMBL1914,CHEMBL374729,COc1ccc2[nH]c3c(C)[n+](C)ccc3c2c1,IC50,1200.0,nM,5.92
BCHE,CHEMBL1914,CHEMBL374729,COc1ccc2[nH]c3c(C)[n+](C)ccc3c2c1,IC50,1099.01,nM,5.96
BCHE,CHEMBL1914,CHEMBL385778,COc1ccc2c(c1)c1cc[n+](C)cc1n2C,IC50,20900.0,nM,4.68
BCHE,CHEMBL1914,CHEMBL385778,COc1ccc2c(c1)c1cc[n+](C)cc1n2C,IC50,20941.12,nM,4.68
BCHE,CHEMBL1914,CHEMBL376434,COc1ccc2[nH]c3c[n+](C)ccc3c2c1,IC50,17500.0,nM,4.76
BCHE,CHEMBL1914,CHEMBL376434,COc1ccc2[nH]c3c[n+](C)ccc3c2c1,IC50,17458.22,nM,4.76
BCHE,CHEMBL1914,CHEMBL375077,COc1ccc2c(c1)c1ccnc(C)c1n2C,IC50,17400.0,nM,4.76
BCHE,CHEMBL1914,CHEMBL375077,COc1ccc2c(c1)c1ccnc(C)c1n2C,IC50,17458.22,nM,4.76
BCHE,CHEMBL1914,CHEMBL636,CCN(C)C(=O)Oc1cccc([C@H](C)N(C)C)c1,IC50,54000.0,nM,4.27
BCHE,CHEMBL1914,CHEMBL94,CNC(=O)Oc1ccc2c(c1)[C@]1(C)CCN(C)[C@@H]1N2C,IC50,1200.0,nM,5.92
BCHE,CHEMBL1914,CHEMBL94,CNC(=O)Oc1ccc2c(c1)[C@]1(C)CCN(C)[C@@H]1N2C,IC50,1164.13,nM,5.93
BCHE,CHEMBL1914,CHEMBL376095,Cc1cn([C@H]2C=C[C@@H](COP3(=O)OCc4cccc(-c5cccc6c5OP(=O)(OC[C@@H]5C=C[C@H](n7cc(C)c(=O)[nH]c7=O)O5)OC6)c4O3)O2)c(=O)[nH]c1=O,IC50,40000.0,nM,4.40
BCHE,CHEMBL1914,CHEMBL223232,Cc1cc(CO)c(O)c(-c2cc(C)cc(CO)c2O)c1,IC50,50000.0,nM,
BCHE,CHEMBL1914,CHEMBL376914,OCc1cccc(-c2cccc(CO)c2O)c1O,IC50,50000.0,nM,
BCHE,CHEMBL1914,CHEMBL375636,Cc1cn([C@H]2C=C[C@@H](COP3(=O)OCc4cccc(-c5cccc6c5OC(C)(C)OC6)c4O3)O2)c(=O)[nH]c1=O,IC50,3600.0,nM,5.44
BCHE,CHEMBL1914,CHEMBL375636,Cc1cn([C@H]2C=C[C@@H](COP3(=O)OCc4cccc(-c5cccc6c5OC(C)(C)OC6)c4O3)O2)c(=O)[nH]c1=O,IC50,50000.0,nM,
BCHE,CHEMBL1914,CHEMBL375636,Cc1cn([C@H]2C=C[C@@H](COP3(=O)OCc4cccc(-c5cccc6c5OC(C)(C)OC6)c4O3)O2)c(=O)[nH]c1=O,IC50,4700.0,nM,5.33
BCHE,CHEMBL1914,CHEMBL373537,Cc1cn([C@H]2C=C[C@@H](COP3(=O)OCc4cccc(-c5cccc(CO)c5O)c4O3)O2)c(=O)[nH]c1=O,IC50,790.0,nM,6.10
BCHE,CHEMBL1914,CHEMBL373537,Cc1cn([C@H]2C=C[C@@H](COP3(=O)OCc4cccc(-c5cccc(CO)c5O)c4O3)O2)c(=O)[nH]c1=O,IC50,50000.0,nM,
BCHE,CHEMBL1914,CHEMBL373537,Cc1cn([C@H]2C=C[C@@H](COP3(=O)OCc4cccc(-c5cccc(CO)c5O)c4O3)O2)c(=O)[nH]c1=O,IC50,2300.0,nM,5.64
BCHE,CHEMBL1914,CHEMBL221156,Cc1cn([C@H]2C=C[C@@H](COP3(=O)OCc4cccc(-c5ccccc5)c4O3)O2)c(=O)[nH]c1=O,IC50,350.0,nM,6.46
BCHE,CHEMBL1914,CHEMBL373463,Cc1cc2c(c(-c3cc(C)cc4c3OP(=O)(OC[C@@H]3C=C[C@H](n5cc(C)c(=O)[nH]c5=O)O3)OC4)c1)OP(=O)(OC[C@@H]1C=C[C@H](n3cc(C)c(=O)[nH]c3=O)O1)OC2,IC50,50000.0,nM,
BCHE,CHEMBL1914,CHEMBL326294,O=C1Nc2ccccc2C1=O,Ki,100000.0,nM,
BCHE,CHEMBL1914,CHEMBL222752,O=C1C(=O)N(Cc2ccc(Cc3ccc(CN4C(=O)C(=O)c5ccccc54)cc3)cc2)c2ccccc21,Ki,100000.0,nM,
BCHE,CHEMBL1914,CHEMBL221512,CCCCCCCCCCCCCCCCN1C(=O)C(=O)c2ccccc21,Ki,100000.0,nM,
BCHE,CHEMBL1914,CHEMBL222644,CCCCCCCCCCCCN1C(=O)C(=O)c2ccccc21,Ki,100000.0,nM,
BCHE,CHEMBL1914,CHEMBL222849,O=C1C(=O)N(CN2CCOCC2)c2ccccc21,Ki,100000.0,nM,
BCHE,CHEMBL1914,CHEMBL374905,O=C1C(=O)N(CN2CCCCC2)c2ccccc21,Ki,100000.0,nM,
BCHE,CHEMBL1914,CHEMBL221669,Cc1c(Cl)ccc2c1NC(=O)C2=O,Ki,100000.0,nM,
BCHE,CHEMBL1914,CHEMBL376290,Cc1cc(Cl)cc2c1NC(=O)C2=O,Ki,100000.0,nM,
BCHE,CHEMBL1914,CHEMBL373715,Cc1ccc(Cl)c2c1NC(=O)C2=O,Ki,100000.0,nM,
BCHE,CHEMBL1914,CHEMBL222292,O=C1Nc2c(ccc(Cl)c2Cl)C1=O,Ki,100000.0,nM,
BCHE,CHEMBL1914,CHEMBL374740,O=C1Nc2c(Cl)cc(Cl)cc2C1=O,Ki,100000.0,nM,
BCHE,CHEMBL1914,CHEMBL222988,O=C1Nc2cc(Cl)c(Cl)cc2C1=O,Ki,100000.0,nM,
BCHE,CHEMBL1914,CHEMBL223039,O=C1Nc2c(Cl)ccc(Cl)c2C1=O,Ki,100000.0,nM,
BCHE,CHEMBL1914,CHEMBL385800,O=C1Nc2cc(Cl)cc(Cl)c2C1=O,Ki,100000.0,nM,
BCHE,CHEMBL1914,CHEMBL385799,O=C1Nc2ccc(Cl)c(Cl)c2C1=O,Ki,100000.0,nM,
BCHE,CHEMBL1914,CHEMBL333636,Cc1cc(C)c2c(c1)C(=O)C(=O)N2,Ki,100000.0,nM,
BCHE,CHEMBL1914,CHEMBL223254,Cc1ccc(C)c2c1NC(=O)C2=O,Ki,100000.0,nM,
BCHE,CHEMBL1914,CHEMBL375078,O=C1Nc2c(C(=O)O)cccc2C1=O,Ki,100000.0,nM,
BCHE,CHEMBL1914,CHEMBL376435,O=C1Nc2c(cccc2C(F)(F)F)C1=O,Ki,100000.0,nM,
BCHE,CHEMBL1914,CHEMBL223785,COc1cccc2c1NC(=O)C2=O,Ki,100000.0,nM,
BCHE,CHEMBL1914,CHEMBL224988,O=C1Nc2c(F)cccc2C1=O,Ki,100000.0,nM,
BCHE,CHEMBL1914,CHEMBL224884,Cc1cccc2c1NC(=O)C2=O,Ki,100000.0,nM,
BCHE,CHEMBL1914,CHEMBL224822,O=C1Nc2cc(Cl)ccc2C1=O,Ki,100000.0,nM,
BCHE,CHEMBL1914,CHEMBL374629,CCc1ccc2c(c1)NC(=O)C2=O,Ki,100000.0,nM,
BCHE,CHEMBL1914,CHEMBL225169,C=C(C)CN1C(=O)C(=O)c2cc(Br)ccc21,Ki,100000.0,nM,
BCHE,CHEMBL1914,CHEMBL118305,O=C1Nc2ccc([N+](=O)[O-])cc2C1=O,Ki,100000.0,nM,
BCHE,CHEMBL1914,CHEMBL116649,O=C1Nc2ccc(OC(F)(F)F)cc2C1=O,Ki,100000.0,nM,
BCHE,CHEMBL1914,CHEMBL325480,O=C1Nc2ccc(I)cc2C1=O,Ki,100000.0,nM,
BCHE,CHEMBL1914,CHEMBL115897,O=C1Nc2ccc(Br)cc2C1=O,Ki,100000.0,nM,
BCHE,CHEMBL1914,CHEMBL327012,O=C1Nc2ccc(Cl)cc2C1=O,Ki,100000.0,nM,
BCHE,CHEMBL1914,CHEMBL116040,O=C1Nc2ccc(F)cc2C1=O,Ki,100000.0,nM,
BCHE,CHEMBL1914,CHEMBL222660,COc1ccc2c(c1)C(=O)C(=O)N2,Ki,100000.0,nM,
BCHE,CHEMBL1914,CHEMBL118883,Cc1ccc2c(c1)C(=O)C(=O)N2,Ki,100000.0,nM,
BCHE,CHEMBL1914,CHEMBL376228,O=C1Nc2cccc(Cl)c2C1=O,Ki,100000.0,nM,
BCHE,CHEMBL1914,CHEMBL442046,CCc1cccc2c1C(=O)C(=O)N2,Ki,100000.0,nM,
BCHE,CHEMBL1914,CHEMBL221873,O=C(CN1C(=O)C(=O)c2ccccc21)Nc1ccc(O)cc1,Ki,100000.0,nM,
BCHE,CHEMBL1914,CHEMBL385132,O=C1C(=O)N(CNc2ccc(Br)cc2)c2ccccc21,Ki,100000.0,nM,
BCHE,CHEMBL1914,CHEMBL222712,O=C1C(=O)N(CNc2ccc(Cl)cc2)c2ccccc21,Ki,100000.0,nM,
BCHE,CHEMBL1914,CHEMBL222711,O=C1C(=O)N(CNc2ccc3ccccc3c2)c2ccccc21,Ki,100000.0,nM,
BCHE,CHEMBL1914,CHEMBL221362,COc1cc(NCN2C(=O)C(=O)c3ccccc32)cc(OC)c1OC,Ki,100000.0,nM,
BCHE,CHEMBL1914,CHEMBL115581,O=C1C(=O)N(Cc2ccccc2)c2ccccc21,Ki,100000.0,nM,
BCHE,CHEMBL1914,CHEMBL79466,NC(=O)CN1C(=O)C(=O)c2ccccc21,Ki,100000.0,nM,
BCHE,CHEMBL1914,CHEMBL222989,O=C(O)CN1C(=O)C(=O)c2ccccc21,Ki,100000.0,nM,
BCHE,CHEMBL1914,CHEMBL374970,CCCC(=O)N1C(=O)C(=O)c2ccccc21,Ki,100000.0,nM,
BCHE,CHEMBL1914,CHEMBL386000,CCC(=O)N1C(=O)C(=O)c2ccccc21,Ki,100000.0,nM,
BCHE,CHEMBL1914,CHEMBL222891,O=C1C(=O)N(C(=O)CCl)c2ccccc21,Ki,100000.0,nM,
BCHE,CHEMBL1914,CHEMBL223001,CC(=O)N1C(=O)C(=O)c2ccccc21,Ki,100000.0,nM,
BCHE,CHEMBL1914,CHEMBL376518,O=C1C(=O)N(CCI)c2ccccc21,Ki,100000.0,nM,
BCHE,CHEMBL1914,CHEMBL222999,O=C1C(=O)N(Cl)c2ccccc21,Ki,100000.0,nM,
BCHE,CHEMBL1914,CHEMBL225175,O=C1C(=O)N(CO)c2ccccc21,Ki,100000.0,nM,
BCHE,CHEMBL1914,CHEMBL60569,CN1C(=O)C(=O)c2ccccc21,Ki,100000.0,nM,
BCHE,CHEMBL1914,CHEMBL223000,O=C1C(=O)N(CCBr)c2ccccc21,Ki,28100.0,nM,4.55
BCHE,CHEMBL1914,CHEMBL375304,Cc1cccc(NC(=O)CN2C(=O)C(=O)c3ccccc32)c1,Ki,21000.0,nM,4.68
BCHE,CHEMBL1914,CHEMBL374758,O=C1C(=O)N(CNc2ccccc2Br)c2ccccc21,Ki,7400.0,nM,5.13
BCHE,CHEMBL1914,CHEMBL222149,CC(C)(C)c1ccc(NCN2C(=O)C(=O)c3ccccc32)cc1,Ki,18900.0,nM,4.72
BCHE,CHEMBL1914,CHEMBL426562,CCc1ccc(NCN2C(=O)C(=O)c3ccccc32)cc1,Ki,12300.0,nM,4.91
BCHE,CHEMBL1914,CHEMBL374331,Cc1cc(C)c(NCN2C(=O)C(=O)c3ccccc32)cc1C,Ki,2390.0,nM,5.62
BCHE,CHEMBL1914,CHEMBL222851,Cc1ccc(NCN2C(=O)C(=O)c3ccccc32)cc1,Ki,18100.0,nM,4.74
BCHE,CHEMBL1914,CHEMBL375126,O=C1C(=O)N(Cc2ccc(Cl)c(Cl)c2)c2ccccc21,Ki,12600.0,nM,4.90
BCHE,CHEMBL1914,CHEMBL376291,O=C1C(=O)N(Cc2ccc(Cl)cc2)c2ccccc21,Ki,21900.0,nM,4.66
BCHE,CHEMBL1914,CHEMBL117447,O=C1C(=O)N(c2ccccc2)c2ccccc21,Ki,68800.0,nM,4.16
BCHE,CHEMBL1914,CHEMBL222190,O=C1Nc2c(Cl)cccc2C1=O,Ki,30600.0,nM,4.51
BCHE,CHEMBL1914,CHEMBL221830,Cc1cc2c(cc1Br)NC(=O)C2=O,Ki,56500.0,nM,4.25
BCHE,CHEMBL1914,CHEMBL373781,O=C1C(=O)N(CCN2C(=O)C(=O)c3ccccc32)c2ccccc21,Ki,6710.0,nM,5.17
BCHE,CHEMBL1914,CHEMBL222795,O=C1C(=O)N(CN2CCSCC2)c2ccccc21,Ki,98900.0,nM,4.00
BCHE,CHEMBL1914,CHEMBL1161929,Cc1cn([C@H]2C=C[C@@H](COP(=O)(O)OCc3cccc(-c4cccc5c4OP(=O)(OC[C@@H]4C=C[C@H](n6cc(C)c(=O)[nH]c6=O)O4)OC5)c3O)O2)c(=O)[nH]c1=O,IC50,2300.0,nM,5.64
BCHE,CHEMBL1914,CHEMBL376095,Cc1cn([C@H]2C=C[C@@H](COP3(=O)OCc4cccc(-c5cccc6c5OP(=O)(OC[C@@H]5C=C[C@H](n7cc(C)c(=O)[nH]c7=O)O5)OC6)c4O3)O2)c(=O)[nH]c1=O,IC50,50000.0,nM,
BCHE,CHEMBL1914,CHEMBL376095,Cc1cn([C@H]2C=C[C@@H](COP3(=O)OCc4cccc(-c5cccc6c5OP(=O)(OC[C@@H]5C=C[C@H](n7cc(C)c(=O)[nH]c7=O)O5)OC6)c4O3)O2)c(=O)[nH]c1=O,IC50,14000.0,nM,4.85
BCHE,CHEMBL1914,CHEMBL500996,COc1ccccc1CNCCCCCCNCCCCCCCCNCCCCCCNCc1ccccc1OC.Cl.Cl.Cl.Cl,IC50,977.24,nM,6.01
BCHE,CHEMBL1914,CHEMBL94,CNC(=O)Oc1ccc2c(c1)[C@]1(C)CCN(C)[C@@H]1N2C,IC50,26.3,nM,7.58
BCHE,CHEMBL1914,CHEMBL502,COc1cc2c(cc1OC)C(=O)C(CC1CCN(Cc3ccccc3)CC1)C2,IC50,7585.78,nM,5.12
BCHE,CHEMBL1914,CHEMBL95,Nc1c2c(nc3ccccc13)CCCC2,IC50,45.71,nM,7.34
BCHE,CHEMBL1914,CHEMBL611732,CCN(CCCCCCNc1ccc(CCc2ccc(NCCCCCCN(CC)Cc3ccccc3OC)cc2)cc1)Cc1ccccc1OC,IC50,95499.26,nM,4.02
BCHE,CHEMBL1914,CHEMBL222037,CCN(CCCCCCNc1ccc(Cc2ccc(NCCCCCCN(CC)Cc3ccccc3OC)cc2)cc1)Cc1ccccc1OC,IC50,1621.81,nM,5.79
BCHE,CHEMBL1914,CHEMBL222044,CCN(CCCCCCNc1ccc(-c2ccc(NCCCCCCN(CC)Cc3ccccc3OC)cc2)cc1)Cc1ccccc1OC,IC50,15488.17,nM,4.81
BCHE,CHEMBL1914,CHEMBL222043,CC[N+](C)(CCCCCC(=O)Nc1ccc(CCc2ccc(NC(=O)CCCCC[N+](C)(CC)Cc3ccccc3OC)cc2)cc1)Cc1ccccc1OC.[I-].[I-],IC50,1096.48,nM,5.96
BCHE,CHEMBL1914,CHEMBL221992,CC[N+](C)(CCCCCC(=O)N1CCC(CCCC2CCN(C(=O)CCCCC[N+](C)(CC)Cc3ccccc3OC)CC2)CC1)Cc1ccccc1OC.[I-].[I-],IC50,660.69,nM,6.18
BCHE,CHEMBL1914,CHEMBL19949,CC[N+](C)(CCCCCC(=O)N1CCC(CCC2CCN(C(=O)CCCCC[N+](C)(CC)Cc3ccccc3OC)CC2)CC1)Cc1ccccc1OC.[I-].[I-],IC50,1862.09,nM,5.73
BCHE,CHEMBL1914,CHEMBL222875,CCN(CCCCCC(=O)Nc1ccc(CCc2ccc(NC(=O)CCCCCN(CC)Cc3ccccc3OC)cc2)cc1)Cc1ccccc1OC.O=C(O)C(=O)O,IC50,1698.24,nM,5.77
BCHE,CHEMBL1914,CHEMBL222818,CCN(CCCCCC(=O)Nc1ccc(Cc2ccc(NC(=O)CCCCCN(CC)Cc3ccccc3OC)cc2)cc1)Cc1ccccc1OC.O=C(O)C(=O)O,IC50,1819.7,nM,5.74
BCHE,CHEMBL1914,CHEMBL222340,CCN(CCCCCC(=O)Nc1ccc(-c2ccc(NC(=O)CCCCCN(CC)Cc3ccccc3OC)cc2)cc1)Cc1ccccc1OC.O=C(O)C(=O)O,IC50,1862.09,nM,5.73
BCHE,CHEMBL1914,CHEMBL222378,CCN(CCCCCC(=O)N1CCC(CCCC2CCN(C(=O)CCCCCN(CC)Cc3ccccc3OC)CC2)CC1)Cc1ccccc1OC.O=C(O)C(=O)O,IC50,3388.44,nM,5.47
BCHE,CHEMBL1914,CHEMBL387394,CCN(CCCCCC(=O)N1CCC(CCC2CCN(C(=O)CCCCCN(CC)Cc3ccccc3OC)CC2)CC1)Cc1ccccc1OC.O=C(O)C(=O)O,IC50,3630.78,nM,5.44
BCHE,CHEMBL1914,CHEMBL222946,CCN(CCCCCC(=O)N1CCC(CC2CCN(C(=O)CCCCCN(CC)Cc3ccccc3OC)CC2)CC1)Cc1ccccc1OC.O=C(O)C(=O)O,IC50,6456.54,nM,5.19
BCHE,CHEMBL1914,CHEMBL222904,CCN(CCCCCC(=O)N1CCC(C2CCN(C(=O)CCCCCN(CC)Cc3ccccc3OC)CC2)CC1)Cc1ccccc1OC.O=C(O)C(=O)O,IC50,8511.38,nM,5.07
BCHE,CHEMBL1914,CHEMBL385130,CCN(CCCCCC(=O)N(C)CCCCCCCCN(C)C(=O)CCCCCN(CC)Cc1ccccc1OC)Cc1ccccc1OC.O=C(O)C(=O)O,IC50,2238.72,nM,5.65
BCHE,CHEMBL1914,CHEMBL222856,COc1ccccc1CN(C)CCCCCC(=O)N(C)CCCCCCCCN(C)C(=O)CCCCCN(C)Cc1ccccc1OC.O=C(O)C(=O)O,IC50,11748.98,nM,4.93
BCHE,CHEMBL1914,CHEMBL95,Nc1c2c(nc3ccccc13)CCCC2,IC50,24.0,nM,7.62
BCHE,CHEMBL1914,CHEMBL225077,O=C(CCOc1c[nH]c2ccccc12)NCCCCCCCNc1c2c(nc3cc(Cl)ccc13)CCCC2,IC50,59.0,nM,7.23
BCHE,CHEMBL1914,CHEMBL225327,O=C(CCOc1c[nH]c2ccccc12)NCCCCCCNc1c2c(nc3cc(Cl)ccc13)CCCC2,IC50,60.0,nM,7.22
BCHE,CHEMBL1914,CHEMBL223277,O=C(CCOc1c[nH]c2ccccc12)NCCCCCNc1c2c(nc3cc(Cl)ccc13)CCCC2,IC50,136.0,nM,6.87
BCHE,CHEMBL1914,CHEMBL388615,O=C(NCCCCCCCNc1c2c(nc3cc(Cl)ccc13)CCCC2)c1n[nH]c2ccccc12,IC50,79.0,nM,7.10
BCHE,CHEMBL1914,CHEMBL426015,Cn1cc(C(=O)NCCCCCCCNc2c3c(nc4cc(Cl)ccc24)CCCC3)c2ccccc21,IC50,206.0,nM,6.69
BCHE,CHEMBL1914,CHEMBL427082,O=C(CCCc1c[nH]c2ccccc12)NCCCCCCNc1c2c(nc3cc(Cl)ccc13)CCCC2,IC50,5.6,nM,8.25
BCHE,CHEMBL1914,CHEMBL225021,O=C(CCCc1c[nH]c2ccccc12)NCCCCCNc1c2c(nc3cc(Cl)ccc13)CCCC2,IC50,3.2,nM,8.49
BCHE,CHEMBL1914,CHEMBL225326,O=C(Cc1c[nH]c2ccc(Br)cc12)NCCCCCCCNc1c2c(nc3cc(Cl)ccc13)CCCC2,IC50,1.7,nM,8.77
BCHE,CHEMBL1914,CHEMBL223443,O=C(Cc1c[nH]c2ccccc12)NCCCCCCCNc1c2c(nc3cc(Cl)ccc13)CCCC2,IC50,11.7,nM,7.93
BCHE,CHEMBL1914,CHEMBL223714,O=C(NCCCCCCCCNc1c2c(nc3cc(Cl)ccc13)CCCC2)c1c[nH]c2ccccc12,IC50,22.4,nM,7.65
BCHE,CHEMBL1914,CHEMBL388627,O=C(NCCCCCCCNc1c2c(nc3cc(Cl)ccc13)CCCC2)c1c[nH]c2ccccc12,IC50,19.0,nM,7.72
BCHE,CHEMBL1914,CHEMBL224998,O=C(NCCCCCCNc1c2c(nc3cc(Cl)ccc13)CCCC2)c1c[nH]c2ccccc12,IC50,1.7,nM,8.77
BCHE,CHEMBL1914,CHEMBL388575,O=C(NCCCCCNc1c2c(nc3cc(Cl)ccc13)CCCC2)c1c[nH]c2ccccc12,IC50,9.5,nM,8.02
BCHE,CHEMBL1914,CHEMBL224202,O=C(/C=C/c1c[nH]c2ccccc12)NCCCCCCNc1c2c(nc3cc(Cl)ccc13)CCCC2,IC50,77.0,nM,7.11
BCHE,CHEMBL1914,CHEMBL223170,N#Cc1ccc2[nH]cc(CCC(=O)NCCCCCCNc3c4c(nc5cc(Cl)ccc35)CCCC4)c2c1,IC50,11.7,nM,7.93
BCHE,CHEMBL1914,CHEMBL388551,CN(CCCNC(=O)CCc1c[nH]c2ccccc12)CCCNc1c2c(nc3cc(Cl)ccc13)CCCC2,IC50,21.4,nM,7.67
BCHE,CHEMBL1914,CHEMBL224336,CN(CCCNC(=O)CCc1c[nH]c2ccccc12)CCCNc1c2c(nc3ccccc13)CCCC2,IC50,0.03,nM,10.52
BCHE,CHEMBL1914,CHEMBL224051,O=C(CCc1c[nH]c2ccccc12)NCCCCCCCCCCNc1c2c(nc3ccccc13)CCCC2,IC50,54.0,nM,7.27
BCHE,CHEMBL1914,CHEMBL223549,O=C(CCc1c[nH]c2ccccc12)NCCCCCCCCCc1c2c(nc3cc(Cl)ccc13)CCCC2,IC50,9.6,nM,8.02
BCHE,CHEMBL1914,CHEMBL389192,O=C(CCc1c[nH]c2ccccc12)NCCCCCCCCNc1c2c(nc3cc(Cl)ccc13)CCCC2,IC50,5.7,nM,8.24
BCHE,CHEMBL1914,CHEMBL225198,O=C(CCc1c[nH]c2ccccc12)NCCCCCCCNc1c2c(nc3cc(Cl)ccc13)CCCC2,IC50,0.1,nM,10.00
BCHE,CHEMBL1914,CHEMBL225567,O=C(CCc1c[nH]c2ccccc12)NCCCCCCNc1c2c(nc3cc(Cl)ccc13)CCCC2,IC50,2.9,nM,8.54
BCHE,CHEMBL1914,CHEMBL224335,O=C(CCc1c[nH]c2ccccc12)NCCCCCNc1c2c(nc3cc(Cl)ccc13)CCCC2,IC50,16.0,nM,7.80
BCHE,CHEMBL1914,CHEMBL224158,O=C(CCc1c[nH]c2ccccc12)NCCCCCNc1c2c(nc3ccccc13)CCCC2,IC50,1.0,nM,9.00
BCHE,CHEMBL1914,CHEMBL225610,CN(CCCOc1ccc2c(=O)c3ccccc3oc2c1)Cc1ccccc1,IC50,8330.0,nM,5.08
BCHE,CHEMBL1914,CHEMBL189957,CNC(=O)Oc1cccc(CN(C)CCCCCCCOc2ccc3c(=O)c4ccccc4oc3c2)c1,IC50,16.5,nM,7.78
BCHE,CHEMBL1914,CHEMBL340427,CNC(=O)Oc1cccc(CN(C)CCCOc2ccc3c(=O)c4ccccc4oc3c2)c1,IC50,48.0,nM,7.32
BCHE,CHEMBL1914,CHEMBL224553,CCN(CCCCCCCOc1ccc2c(=O)c3ccccc3oc2c1)Cc1ccccc1OC,IC50,320.0,nM,6.50
BCHE,CHEMBL1914,CHEMBL387849,COc1ccc(CN(C)CCCCCCCOc2ccc3c(=O)c4ccccc4oc3c2)c(OC)c1OC,IC50,1000.0,nM,6.00
BCHE,CHEMBL1914,CHEMBL225615,COc1ccc(OC)c(CN(C)CCCCCCCOc2ccc3c(=O)c4ccccc4oc3c2)c1,IC50,1270.0,nM,5.90
BCHE,CHEMBL1914,CHEMBL389668,COc1cccc(CN(C)CCCCCCCOc2ccc3c(=O)c4ccccc4oc3c2)c1OC,IC50,2010.0,nM,5.70
BCHE,CHEMBL1914,CHEMBL224811,CN(CCCCCCCOc1ccc2c(=O)c3ccccc3oc2c1)Cc1ccccc1[N+](=O)[O-],IC50,14000.0,nM,4.85
BCHE,CHEMBL1914,CHEMBL225638,Cc1ccccc1CN(C)CCCCCCCOc1ccc2c(=O)c3ccccc3oc2c1,IC50,29500.0,nM,4.53
BCHE,CHEMBL1914,CHEMBL223652,CN(CCCCCCCOc1ccc2c(=O)c3ccccc3oc2c1)Cc1ccc(Cl)cc1,IC50,127000.0,nM,
BCHE,CHEMBL1914,CHEMBL375976,CN(CCCCCCCOc1ccc2c(=O)c3ccccc3oc2c1)Cc1cccc(Cl)c1,IC50,63800.0,nM,4.20
BCHE,CHEMBL1914,CHEMBL225453,CN(CCCCCCCOc1ccc2c(=O)c3ccccc3oc2c1)Cc1ccccc1Cl,IC50,269000.0,nM,
BCHE,CHEMBL1914,CHEMBL225396,COc1ccc(CN(C)CCCCCCCOc2ccc3c(=O)c4ccccc4oc3c2)cc1,IC50,2110.0,nM,5.68
BCHE,CHEMBL1914,CHEMBL225451,COc1cccc(CN(C)CCCCCCCOc2ccc3c(=O)c4ccccc4oc3c2)c1,IC50,1850.0,nM,5.73
BCHE,CHEMBL1914,CHEMBL376186,COc1ccccc1CN(C)CCCCCCCOc1ccc2c(=O)c3ccccc3oc2c1,IC50,930.0,nM,6.03
BCHE,CHEMBL1914,CHEMBL390083,COc1ccccc1CN(C)CCCOc1ccc2c(=O)c3ccccc3oc2c1,IC50,1910.0,nM,5.72
BCHE,CHEMBL1914,CHEMBL224981,COc1cc2oc3cc(OCCCCCCCN(C)Cc4ccccc4)ccc3c(=O)c2cc1OC,IC50,3080.0,nM,5.51
BCHE,CHEMBL1914,CHEMBL225366,COc1ccc2c(=O)c3ccc(OCCCCCCCN(C)Cc4ccccc4)cc3oc2c1,IC50,46100.0,nM,4.34
BCHE,CHEMBL1914,CHEMBL224555,CN(CCCCCCCCCCCCOc1ccc2c(=O)c3ccccc3oc2c1)Cc1ccccc1,IC50,150.0,nM,6.82
BCHE,CHEMBL1914,CHEMBL224347,CN(CCCCCCCCCCCOc1ccc2c(=O)c3ccccc3oc2c1)Cc1ccccc1,IC50,120.0,nM,6.92
BCHE,CHEMBL1914,CHEMBL390598,CN(CCCCCCCCCCOc1ccc2c(=O)c3ccccc3oc2c1)Cc1ccccc1,IC50,100.0,nM,7.00
BCHE,CHEMBL1914,CHEMBL427090,CN(CCCCCCCCCOc1ccc2c(=O)c3ccccc3oc2c1)Cc1ccccc1,IC50,100.0,nM,7.00
BCHE,CHEMBL1914,CHEMBL224469,CN(CCCCCCCCOc1ccc2c(=O)c3ccccc3oc2c1)Cc1ccccc1,IC50,80.0,nM,7.10
BCHE,CHEMBL1914,CHEMBL224433,CN(CCCCCCCOc1ccc2c(=O)c3ccccc3oc2c1)Cc1ccccc1,IC50,800.0,nM,6.10
BCHE,CHEMBL1914,CHEMBL390737,CN(CCCCCCOc1ccc2c(=O)c3ccccc3oc2c1)Cc1ccccc1,IC50,1430.0,nM,5.84
BCHE,CHEMBL1914,CHEMBL427249,CN(CCCCCOc1ccc2c(=O)c3ccccc3oc2c1)Cc1ccccc1,IC50,2490.0,nM,5.60
BCHE,CHEMBL1914,CHEMBL225611,CN(CCCCOc1ccc2c(=O)c3ccccc3oc2c1)Cc1ccccc1,IC50,2650.0,nM,5.58
BCHE,CHEMBL1914,CHEMBL228999,O=C(OCCCCN1CCC(OC(c2ccccc2)c2ccccc2)CC1)c1ccccc1,IC50,31550.0,nM,4.50
BCHE,CHEMBL1914,CHEMBL502,COc1cc2c(cc1OC)C(=O)C(CC1CCN(Cc3ccccc3)CC1)C2,IC50,10050.0,nM,5.00
BCHE,CHEMBL1914,CHEMBL95,Nc1c2c(nc3ccccc13)CCCC2,IC50,30.0,nM,7.52
BCHE,CHEMBL1914,CHEMBL228361,O=C(Nc1ccc(F)cc1)OCCCCN1CCC(OCc2ccccc2)CC1,IC50,780.0,nM,6.11
BCHE,CHEMBL1914,CHEMBL228360,O=C(Nc1ccc(Cl)cc1)OCCCCN1CCC(OCc2ccccc2)CC1,IC50,250.0,nM,6.60
BCHE,CHEMBL1914,CHEMBL228359,O=C(OCCCCN1CCC(OCc2ccccc2)CC1)c1cccc(F)c1,IC50,1580.0,nM,5.80
BCHE,CHEMBL1914,CHEMBL389049,O=C(OCCCCN1CCC(OCc2ccccc2)CC1)c1cccc(Cl)c1,IC50,1350.0,nM,5.87
BCHE,CHEMBL1914,CHEMBL228303,CC(C)c1ccc(C(=O)OCCCCN2CCC(OCc3ccccc3)CC2)cc1,IC50,10790.0,nM,4.97
BCHE,CHEMBL1914,CHEMBL228302,CC(C)(C)c1ccc(C(=O)OCCCCN2CCC(OCc3ccccc3)CC2)cc1,IC50,15230.0,nM,4.82
BCHE,CHEMBL1914,CHEMBL228301,O=C(OCCCCN1CCC(OCc2ccccc2)CC1)c1ccc([N+](=O)[O-])cc1,IC50,5230.0,nM,5.28
BCHE,CHEMBL1914,CHEMBL229105,O=C(OCCCCN1CCC(OCc2ccccc2)CC1)c1ccc(F)cc1,IC50,560.0,nM,6.25
BCHE,CHEMBL1914,CHEMBL389048,O=C(OCCCCN1CCC(OCc2ccccc2)CC1)c1ccc(Cl)cc1,IC50,3520.0,nM,5.45
BCHE,CHEMBL1914,CHEMBL228950,O=C(OCCCCN1CCC(OCc2ccccc2)CC1)c1ccccc1,IC50,1890.0,nM,5.72
BCHE,CHEMBL1914,CHEMBL426915,O=C(Nc1ccc(F)cc1)OCCCCN1CCC(OC(c2ccccc2)c2ccccc2)CC1,IC50,15670.0,nM,4.80
BCHE,CHEMBL1914,CHEMBL389047,O=C(Nc1ccc(Cl)cc1)OCCCCN1CCC(OC(c2ccccc2)c2ccccc2)CC1,IC50,13650.0,nM,4.87
BCHE,CHEMBL1914,CHEMBL229104,O=C(OCCCCN1CCC(OC(c2ccccc2)c2ccccc2)CC1)c1cccc(F)c1,IC50,31550.0,nM,4.50
BCHE,CHEMBL1914,CHEMBL229052,O=C(OCCCCN1CCC(OC(c2ccccc2)c2ccccc2)CC1)c1cccc(Cl)c1,IC50,57870.0,nM,4.24
BCHE,CHEMBL1914,CHEMBL229051,CC(C)c1ccc(C(=O)OCCCCN2CCC(OC(c3ccccc3)c3ccccc3)CC2)cc1,IC50,23210.0,nM,4.63
BCHE,CHEMBL1914,CHEMBL229050,CC(C)(C)c1ccc(C(=O)OCCCCN2CCC(OC(c3ccccc3)c3ccccc3)CC2)cc1,IC50,78920.0,nM,4.10
BCHE,CHEMBL1914,CHEMBL390809,O=C(OCCCCN1CCC(OC(c2ccccc2)c2ccccc2)CC1)c1ccc([N+](=O)[O-])cc1,IC50,26830.0,nM,4.57
BCHE,CHEMBL1914,CHEMBL229001,O=C(OCCCCN1CCC(OC(c2ccccc2)c2ccccc2)CC1)c1ccc(F)cc1,IC50,22190.0,nM,4.65
BCHE,CHEMBL1914,CHEMBL229000,O=C(OCCCCN1CCC(OC(c2ccccc2)c2ccccc2)CC1)c1ccc(Cl)cc1,IC50,38400.0,nM,4.42
BCHE,CHEMBL1914,CHEMBL396199,COc1cc2cc(-c3ccc(C[N+](C)(C)Cc4ccccc4)cc3)c(=O)oc2cc1OC.[I-],IC50,43800.0,nM,4.36
BCHE,CHEMBL1914,CHEMBL241830,COc1ccc2c(=O)cc(-c3ccc(CN(C)Cc4ccccc4)cc3)oc2c1,IC50,0.00001,nM,
BCHE,CHEMBL1914,CHEMBL241828,COc1ccc2oc(-c3ccc(CN(C)Cc4ccccc4)cc3)cc(=O)c2c1,IC50,88900.0,nM,4.05
BCHE,CHEMBL1914,CHEMBL241827,COc1cc2oc(-c3ccc(CN(C)Cc4ccccc4)cc3)cc(=O)c2cc1OC,IC50,0.00001,nM,
BCHE,CHEMBL1914,CHEMBL245055,COc1cc2oc(-c3cccc(CN(C)Cc4ccccc4)c3)cc(=O)c2cc1OC,IC50,0.00001,nM,
BCHE,CHEMBL1914,CHEMBL388714,CCN(Cc1ccccc1)Cc1cccc(-c2coc3cc(OC)c(OC)cc3c2=O)c1,IC50,0.00001,nM,
BCHE,CHEMBL1914,CHEMBL245054,COc1cc2occ(-c3cccc(CN(C)Cc4ccccc4)c3)c(=O)c2cc1OC,IC50,0.00001,nM,
BCHE,CHEMBL1914,CHEMBL244838,COc1cc2occ(-c3ccc(CN(C)Cc4ccccc4)cc3)c(=O)c2cc1OC,IC50,0.00001,nM,
BCHE,CHEMBL1914,CHEMBL244837,COc1cc2oc3cc(CN(C)Cc4ccccc4)ccc3c(=O)c2cc1OC,IC50,0.00001,nM,
BCHE,CHEMBL1914,CHEMBL244624,CN(Cc1ccccc1)Cc1ccc(-c2cc3cc(N)ccc3oc2=O)cc1,IC50,0.00001,nM,
BCHE,CHEMBL1914,CHEMBL244619,CN(Cc1ccccc1)Cc1ccc(-c2cc3cc([N+](=O)[O-])ccc3oc2=O)cc1,IC50,0.00001,nM,
BCHE,CHEMBL1914,CHEMBL396247,COc1cc2cc(-c3ccc(CN(CCO)Cc4ccccc4)cc3)c(=O)oc2cc1OC,IC50,35100.0,nM,4.46
BCHE,CHEMBL1914,CHEMBL244416,CCN(Cc1ccccc1)Cc1ccc(-c2cc3cc(OC)c(OC)cc3oc2=O)cc1,IC50,118000.0,nM,
BCHE,CHEMBL1914,CHEMBL244415,COc1ccc(CN(C)Cc2ccc(-c3cc4cc(OC)c(OC)cc4oc3=O)cc2)cc1,IC50,0.00001,nM,
BCHE,CHEMBL1914,CHEMBL245047,COc1cccc(CN(C)Cc2ccc(-c3cc4cc(OC)c(OC)cc4oc3=O)cc2)c1,IC50,0.00001,nM,
BCHE,CHEMBL1914,CHEMBL389825,COc1ccccc1CN(C)Cc1ccc(-c2cc3cc(OC)c(OC)cc3oc2=O)cc1,IC50,52900.0,nM,4.28
BCHE,CHEMBL1914,CHEMBL245046,COc1cc2cc(-c3ccc(CN(C)Cc4ccc(C)cc4)cc3)c(=O)oc2cc1OC,IC50,0.00001,nM,
GRIN2A,CHEMBL1972,CHEMBL146764,Cc1n[nH]c(SCCN2CCC(Cc3ccccc3)CC2)n1,IC50,100000.0,nM,
GRIN2A,CHEMBL1972,CHEMBL151428,c1ccc(CC2CCN(CCCSc3nc[nH]n3)CC2)cc1,IC50,51000.0,nM,4.29
GRIN2A,CHEMBL1972,CHEMBL150640,c1ccc(CC2CCN(CCCSc3nc4ccc[nH]c-4n3)CC2)cc1,IC50,100000.0,nM,
GRIN2A,CHEMBL1972,CHEMBL147355,c1ccc(CC2CCN(CCSc3ncc[nH]3)CC2)cc1,IC50,100000.0,nM,
GRIN2A,CHEMBL1972,CHEMBL150641,c1ccc(CC2CCN(CCSc3nc4ccc[nH]c-4n3)CC2)cc1,IC50,100000.0,nM,
GRIN2A,CHEMBL1972,CHEMBL147295,c1ccc(CC2CCN(CCCSc3nc4ccccc4[nH]3)CC2)cc1,IC50,64000.0,nM,4.19
GRIN2A,CHEMBL1972,CHEMBL147200,O=[N+]([O-])c1ccc2[nH]c(SCCCN3CCC(Cc4ccccc4)CC3)nc2c1,IC50,61000.0,nM,4.21
GRIN2A,CHEMBL1972,CHEMBL347753,c1ccc(CC2CCN(CCSc3nc[nH]n3)CC2)cc1,IC50,100000.0,nM,
GRIN2A,CHEMBL1972,CHEMBL358256,Nc1nnc(SCCN2CCC(Cc3ccccc3)CC2)s1,IC50,100000.0,nM,
GRIN2A,CHEMBL1972,CHEMBL150403,Nc1nnc(SCCCN2CCC(Cc3ccccc3)CC2)s1,IC50,73000.0,nM,4.14
GRIN2A,CHEMBL1972,CHEMBL358601,Cc1n[nH]c(SCCCN2CCC(Cc3ccccc3)CC2)n1,IC50,100000.0,nM,
GRIN2A,CHEMBL1972,CHEMBL148767,c1ccc(CC2CCN(CCSc3nc4ccccc4[nH]3)CC2)cc1,IC50,75000.0,nM,4.12
GRIN2A,CHEMBL1972,CHEMBL149054,c1ccc(CC2CCN(CCCSc3ccccc3)CC2)cc1,IC50,85000.0,nM,4.07
GRIN2A,CHEMBL1972,CHEMBL422139,Cc1nnc(SCCN2CCC(Cc3ccccc3)CC2)s1,IC50,100000.0,nM,
GRIN2A,CHEMBL1972,CHEMBL151901,Nc1n[nH]c(SCCN2CCC(Cc3ccccc3)CC2)n1,IC50,100000.0,nM,
GRIN2A,CHEMBL1972,CHEMBL147201,Cc1nnc(SCCCN2CCC(Cc3ccccc3)CC2)s1,IC50,100000.0,nM,
GRIN2A,CHEMBL1972,CHEMBL150491,O=[N+]([O-])c1ccc2[nH]c(SCCN3CCC(Cc4ccccc4)CC3)nc2c1,IC50,100000.0,nM,
GRIN2A,CHEMBL1972,CHEMBL83781,Oc1ccc(C#CCCN2CCC(Cc3ccccc3)CC2)cc1,IC50,100000.0,nM,
GRIN2A,CHEMBL1972,CHEMBL151389,Nc1n[nH]c(SCCCN2CCC(Cc3ccccc3)CC2)n1,IC50,77000.0,nM,4.11
GRIN2A,CHEMBL1972,CHEMBL151339,c1ccc(CC2CCN(CCCSc3ncc[nH]3)CC2)cc1,IC50,77000.0,nM,4.11
GRIN2A,CHEMBL1972,CHEMBL151489,c1ccc(CC2CCN(CCSc3ccccc3)CC2)cc1,IC50,100000.0,nM,
GRIN2A,CHEMBL1972,CHEMBL151174,Oc1ccc(SCCN2CCC(Cc3ccccc3)CC2)cc1,IC50,35000.0,nM,4.46
GRIN2A,CHEMBL1972,CHEMBL159744,Cc1cc(C)cc(C/N=C(\N)c2ccc(OC(F)(F)F)cc2)c1,IC50,10000.0,nM,
GRIN2A,CHEMBL1972,CHEMBL159279,N=C(NCc1ccccc1C(F)(F)F)c1ccc(OC(F)(F)F)cc1,IC50,10000.0,nM,
GRIN2A,CHEMBL1972,CHEMBL161180,N=C(NCc1cc(Cl)cc(Cl)c1)c1ccc(OC(F)(F)F)cc1,IC50,10000.0,nM,
GRIN2A,CHEMBL1972,CHEMBL159818,N=C(NCc1cccc(Cl)c1)c1ccc(Cl)c(Cl)c1,IC50,10000.0,nM,
GRIN2A,CHEMBL1972,CHEMBL161876,N=C(NCc1ccccc1OC(F)(F)F)c1ccc(Cl)c(Cl)c1,IC50,10000.0,nM,
GRIN2A,CHEMBL1972,CHEMBL48029,c1ccc(COc2ccc(CCNc3ccncc3)cc2)cc1,IC50,20000.0,nM,
GRIN2A,CHEMBL1972,CHEMBL219060,O=C(OCc1ccccc1)N1CCC(CNc2ccncc2)CC1,EC50,10000.0,nM,
GRIN2A,CHEMBL1972,CHEMBL284237,C[C@]12N[C@H](Cc3ccccc31)c1ccccc12,IC50,29.0,nM,7.54
GRIN2A,CHEMBL1972,CHEMBL2333945,O=C(NNC(=O)c1ccc(CNS(=O)(=O)c2ccc(F)c(Cl)c2)cc1)c1ccccc1,IC50,109.0,nM,6.96
GRIN2A,CHEMBL1972,CHEMBL4435232,CCCc1nc2[nH]c(C)c(NS(=O)(=O)c3ccc(C4CCCCC4)cc3)c(=O)n2n1,EC50,3200.0,nM,5.50
GRIN2A,CHEMBL1972,CHEMBL4583809,CCN(Cc1cc(=O)n2c3c(sc2n1)CCC3)c1ccc(F)cc1,EC50,2430.0,nM,5.61
GRIN2A,CHEMBL1972,CHEMBL4515734,Cc1sc2nc(COc3ccc(F)cc3)cc(=O)n2c1[C@@H]1C[C@@H]1CO,EC50,8500.0,nM,5.07
GRIN2A,CHEMBL1972,CHEMBL2010868,O=C(O)c1cc2cccc(O)c2cc1O,IC50,9700.0,nM,5.01
GRIN2A,CHEMBL1972,CHEMBL4464605,O=C(O)c1cc2cc(-c3ccccc3)ccc2c(Br)c1O,IC50,1800.0,nM,5.75
GRIN2A,CHEMBL1972,CHEMBL2333943,O=C(O)c1cc2cc(Br)ccc2oc1=O,IC50,18600.0,nM,4.73
GRIN2A,CHEMBL1972,CHEMBL1179566,CC(=O)[C@H]1CC[C@H]2[C@@H]3CC[C@@H]4C[C@H](OS(=O)(=O)O)CC[C@]4(C)[C@H]3CC[C@]12C,IC50,62000.0,nM,4.21
GRIN2A,CHEMBL1972,CHEMBL1215292,COc1ccc2nc(/C=C/c3cccc([N+](=O)[O-])c3)n(-c3ccc(C(=O)O)cc3)c(=O)c2c1,IC50,182000.0,nM,
GRIN2A,CHEMBL1972,CHEMBL305195,C[C@@H](CN1CCC(Cc2ccccc2)CC1)[C@@H](O)c1ccc(O)cc1,IC50,52000.0,nM,4.28
GRIN2A,CHEMBL1972,CHEMBL305187,CC(C(O)c1ccc(O)cc1)N1CCC(Cc2ccccc2)CC1,IC50,39500.0,nM,4.40
GRIN2A,CHEMBL1972,CHEMBL4555447,Cc1ncc(CNNC(=O)c2cnc(CNS(=O)(=O)c3ccc(F)c(F)c3)c(C)n2)s1,IC50,27.0,nM,7.57
GRIN2A,CHEMBL1972,CHEMBL4555447,Cc1ncc(CNNC(=O)c2cnc(CNS(=O)(=O)c3ccc(F)c(F)c3)c(C)n2)s1,IC50,143.0,nM,6.84
GRIN2A,CHEMBL1972,CHEMBL4450420,Cc1ncc(CNNC(=O)c2cnc(CNS(=O)(=O)c3ccc(F)c(Cl)c3)cn2)s1,IC50,7.9,nM,8.10
GRIN2A,CHEMBL1972,CHEMBL4450420,Cc1ncc(CNNC(=O)c2cnc(CNS(=O)(=O)c3ccc(F)c(Cl)c3)cn2)s1,IC50,198.0,nM,6.70
GRIN2A,CHEMBL1972,CHEMBL2333945,O=C(NNC(=O)c1ccc(CNS(=O)(=O)c2ccc(F)c(Cl)c2)cc1)c1ccccc1,IC50,340.0,nM,6.47
GRIN2A,CHEMBL1972,CHEMBL2333945,O=C(NNC(=O)c1ccc(CNS(=O)(=O)c2ccc(F)c(Cl)c2)cc1)c1ccccc1,IC50,320.0,nM,6.50
GRIN2A,CHEMBL1972,CHEMBL2333945,O=C(NNC(=O)c1ccc(CNS(=O)(=O)c2ccc(F)c(Cl)c2)cc1)c1ccccc1,IC50,110.0,nM,6.96
GRIN2A,CHEMBL1972,CHEMBL1179605,CC(=O)[C@H]1CC[C@H]2[C@@H]3CC=C4C[C@@H](OS(=O)(=O)O)CC[C@]4(C)[C@H]3CC[C@]12C,EC50,21000.0,nM,4.68
GRIN2A,CHEMBL1972,CHEMBL1179605,CC(=O)[C@H]1CC[C@H]2[C@@H]3CC=C4C[C@@H](OS(=O)(=O)O)CC[C@]4(C)[C@H]3CC[C@]12C,EC50,34000.0,nM,4.47
GRIN2A,CHEMBL1972,CHEMBL2397100,COc1ccc(OCC2c3cc(OC)c(OC)cc3CCN2C(=O)c2cccc(Cl)c2)cc1,EC50,10000.0,nM,
GRIN2A,CHEMBL1972,CHEMBL4456824,O=C(O)c1ccc2cc(I)c3ccccc3c2c1,EC50,100000.0,nM,4.00
GRIN2A,CHEMBL1972,CHEMBL4452216,CC(C)CCCc1ccc2cc(C(=O)O)ccc2c1,EC50,28000.0,nM,4.55
GRIN2A,CHEMBL1972,CHEMBL4447266,O=C(O)CCC(=O)N1N=C(c2c(-c3ccccc3)c3cc(Br)ccc3[nH]c2=O)CC1c1ccc(Br)cc1,IC50,19000.0,nM,4.72
GRIN2A,CHEMBL1972,CHEMBL5092058,Cc1cn([C@H](C)CC#N)c(=O)c2cc(Cn3nc(C(F)F)cc3Cl)nn12,EC50,510.0,nM,6.29
GRIN2A,CHEMBL1972,CHEMBL5077022,Cc1cn([C@@H](C)CC#N)c(=O)c2cc(Cn3nc(C(F)F)cc3Cl)nn12,EC50,30000.0,nM,
GRIN2A,CHEMBL1972,CHEMBL5202949,CCN(Cc1ccc(C(=O)N2CCC[C@@H]2C#N)s1)c1ccc(F)cc1,EC50,30000.0,nM,
GRIN2A,CHEMBL1972,CHEMBL5171984,N#C[C@H]1C[C@H]1c1c(C(F)(F)F)sc2nc(Cn3nc(C(F)(F)F)cc3Cl)cc(=O)n12,EC50,11.0,nM,7.96
GRIN2A,CHEMBL1972,CHEMBL5180445,N#C[C@H]1C[C@H]1c1c(Cl)ccc2nc(Cn3nc(C(F)(F)F)cc3Cl)cc(=O)n12,EC50,39.0,nM,7.41
GRIN2A,CHEMBL1972,CHEMBL5270224,CCN(Cc1ccn(CC2CC2)c(=O)c1)c1ccc(F)cc1,EC50,9700.0,nM,5.01
GRIN2A,CHEMBL1972,CHEMBL5270476,CCN(Cc1cc(C)n(CC2CC2)c(=O)c1)c1ccc(F)cc1,EC50,1500.0,nM,5.82
GRIN2A,CHEMBL1972,CHEMBL5278624,CCc1cc(CN(CC)c2ccc(F)cc2)cc(=O)n1CC1CC1,EC50,13000.0,nM,4.89
GRIN2A,CHEMBL1972,CHEMBL5289176,CCCc1cc(CN(CC)c2ccc(F)cc2)cc(=O)n1CC1CC1,EC50,12000.0,nM,4.92
GRIN2A,CHEMBL1972,CHEMBL5268367,CCN(Cc1cc(=O)n(CC2CC2)c(C)n1)c1ccc(F)cc1,EC50,13000.0,nM,4.89
GRIN2A,CHEMBL1972,CHEMBL5272105,CCN(Cc1cc(C)n(CC2CCC2)c(=O)c1)c1ccc(F)cc1,EC50,23000.0,nM,4.64
GRIN2A,CHEMBL1972,CHEMBL5272421,CCN(Cc1cc(C)n(Cc2ccccc2)c(=O)c1)c1ccc(F)cc1,EC50,30000.0,nM,
GRIN2A,CHEMBL1972,CHEMBL5287234,CCN(Cc1cc(C)n(CC2(C#N)CC2)c(=O)c1)c1ccc(F)cc1,EC50,30000.0,nM,
GRIN2A,CHEMBL1972,CHEMBL5266998,CCN(Cc1cc(C)n(C[C@@H]2C[C@H]2C#N)c(=O)c1)c1ccc(F)cc1,EC50,150.0,nM,6.82
GRIN2A,CHEMBL1972,CHEMBL5272286,CCN(Cc1cc(C)n(C[C@H]2C[C@@H]2C#N)c(=O)c1)c1ccc(F)cc1,EC50,110.0,nM,6.96
GRIN2A,CHEMBL1972,CHEMBL5266998,CCN(Cc1cc(C)n(C[C@@H]2C[C@H]2C#N)c(=O)c1)c1ccc(F)cc1,EC50,26000.0,nM,4.58
GRIN2A,CHEMBL1972,CHEMBL5273228,CCN(Cc1cc(C)n(CCCC#N)c(=O)c1)c1ccc(F)cc1,EC50,30000.0,nM,
GRIN2A,CHEMBL1972,CHEMBL5273106,Cc1cc(Cc2cccc(Cl)c2)cc(=O)n1C[C@H]1C[C@@H]1C#N,EC50,3500.0,nM,5.46
GRIN2A,CHEMBL1972,CHEMBL5281996,Cc1cc(Cc2cccc(Br)c2)cc(=O)n1C[C@H]1C[C@@H]1C#N,EC50,3800.0,nM,5.42
GRIN2A,CHEMBL1972,CHEMBL5269221,Cc1cccc(Cc2cc(C)n(C[C@H]3C[C@@H]3C#N)c(=O)c2)c1,EC50,30000.0,nM,
GRIN2A,CHEMBL1972,CHEMBL5284167,Cc1cc(Cn2nc(Cl)cc2Cl)cc(=O)n1C[C@H]1C[C@@H]1C#N,EC50,1300.0,nM,5.89
GRIN2A,CHEMBL1972,CHEMBL5273123,Cc1cc(Cn2nc(Br)cc2Cl)cc(=O)n1C[C@H]1C[C@@H]1C#N,EC50,900.0,nM,6.05
GRIN2A,CHEMBL1972,CHEMBL5289396,Cc1cc(Cn2nc(C(F)F)cc2Cl)cc(=O)n1C[C@H]1C[C@@H]1C#N,EC50,1200.0,nM,5.92
GRIN2A,CHEMBL1972,CHEMBL5289868,Cc1cc(Cn2nc(C(F)(F)F)cc2Cl)cc(=O)n1C[C@H]1C[C@@H]1C#N,EC50,5300.0,nM,5.28
GRIN2A,CHEMBL1972,CHEMBL5416465,Nc1nccn1Cc1cn(-c2ccc(Cl)c(C(=O)C(F)F)c2)nn1,IC50,10000.0,nM,
GRIN2A,CHEMBL1972,CHEMBL5421096,FC(F)Oc1cc(-n2cc(COc3ncccn3)nn2)ccc1Cl,IC50,10000.0,nM,
GRIN2A,CHEMBL1972,CHEMBL5409770,COCc1ccnc(OCc2cn(-c3ccc(F)c(OC(F)F)c3)nn2)n1,IC50,10000.0,nM,
GRIN2A,CHEMBL1972,CHEMBL305187,CC(C(O)c1ccc(O)cc1)N1CCC(Cc2ccccc2)CC1,IC50,146000.0,nM,
GRIN2A,CHEMBL1972,CHEMBL5927039,FC(F)(F)c1ccc(CCN2CCC(Nc3ncnc4[nH]ncc34)C(F)(F)C2)cc1,IC50,10000.0,nM,
GRIN2A,CHEMBL1972,CHEMBL5942188,FC1(F)CN(CCc2ccccc2)CCC1Nc1ncnc2[nH]ncc12,IC50,10000.0,nM,
GRIN2A,CHEMBL1972,CHEMBL6003506,FC(F)(F)c1ccc(CCN2CCC(Nc3ncnc4[nH]ccc34)C(F)(F)C2)cc1,IC50,10000.0,nM,
GRIN2A,CHEMBL1972,CHEMBL5896952,CN(c1ncnc2[nH]ncc12)C1CCN(CCc2ccc(C(F)(F)F)cc2)CC1(F)F,IC50,10000.0,nM,
GRIN2A,CHEMBL1972,CHEMBL6058691,FC(F)(F)c1ccc(CCN2CCC(Nc3ncnc4[nH]ncc34)C(F)(F)C2)cn1,IC50,10000.0,nM,
GRIN2A,CHEMBL1972,CHEMBL5861240,Cc1ccc(CCN2CCC(Nc3ncnc4[nH]ncc34)C(F)(F)C2)cn1,IC50,10000.0,nM,
GRIN2A,CHEMBL1972,CHEMBL5944287,FC1(F)CN(CCc2ccc(Cl)cc2)CCC1Nc1ncnc2[nH]ncc12,IC50,10000.0,nM,
GRIN2A,CHEMBL1972,CHEMBL5812198,Fc1ccc(CCN2CCC(Nc3ncnc4[nH]ncc34)C(F)(F)C2)cc1,IC50,10000.0,nM,
GRIN2A,CHEMBL1972,CHEMBL5817627,Cc1ccc(CCN2CCC(Nc3ncnc4[nH]ncc34)C(F)(F)C2)cc1,IC50,10000.0,nM,
GRIN2A,CHEMBL1972,CHEMBL5882201,Fc1ccc(CCN2CCC(Nc3ncnc4[nH]ncc34)C(F)(F)C2)c(F)c1,IC50,10000.0,nM,
GRIN2A,CHEMBL1972,CHEMBL6029902,Cc1n[nH]c2ncnc(NC3CCN(CCc4ccc(C(F)(F)F)cc4)CC3(F)F)c12,IC50,10000.0,nM,
GRIN2A,CHEMBL1972,CHEMBL5825953,FC(F)(F)c1ccc(CCN2CCC(Nc3ncnc4[nH]ccc34)C(F)(F)C2)cn1,IC50,10000.0,nM,
GRIN2A,CHEMBL1972,CHEMBL5812270,Fc1ccc(F)c(CCN2CCC(Nc3ncnc4[nH]ncc34)C(F)(F)C2)c1,IC50,10000.0,nM,
GRIN2A,CHEMBL1972,CHEMBL5849247,FC(F)(F)c1cccc(CCN2CCC(Nc3ncnc4[nH]ncc34)C(F)(F)C2)c1,IC50,10000.0,nM,
GRIN2A,CHEMBL1972,CHEMBL5831678,FC(F)c1ccc(CCN2CCC(Nc3ncnc4[nH]ncc34)C(F)(F)C2)cc1,IC50,10000.0,nM,
GRIN2A,CHEMBL1972,CHEMBL5760205,FCc1ccc(CCN2CCC(Nc3ncnc4[nH]ncc34)C(F)(F)C2)cc1,IC50,10000.0,nM,
GRIN2A,CHEMBL1972,CHEMBL5892062,Fc1cc(Cl)ccc1CCN1CCC(Nc2ncnc3[nH]ncc23)C(F)(F)C1,IC50,10000.0,nM,
GRIN2A,CHEMBL1972,CHEMBL5778876,FC(F)(F)Oc1ccc(CCN2CCC(Nc3ncnc4[nH]ncc34)C(F)(F)C2)cc1,IC50,10000.0,nM,
GRIN2A,CHEMBL1972,CHEMBL5787584,Cc1ccc(COC(=O)N2CC[C@H](CNc3nccn4cnnc34)C(F)(F)C2)cc1,IC50,10000.0,nM,
GRIN2A,CHEMBL1972,CHEMBL6061637,Cc1ccc(COC(=O)N2CC[C@@H](CNc3nccn4cnnc34)C(F)(F)C2)cc1,IC50,10000.0,nM,
GRIN2A,CHEMBL1972,CHEMBL5998922,Cc1ccc(COC(=O)N2CC[C@H](CNc3cncc4nncn34)C(F)(F)C2)cc1,IC50,10000.0,nM,
GRIN2A,CHEMBL1972,CHEMBL6020947,Cc1ccc(COC(=O)N2CC[C@H](CNc3nc4ccccn4n3)C(F)(F)C2)cc1,IC50,10000.0,nM,
GRIN2A,CHEMBL1972,CHEMBL5969819,Cc1ccc(COC(=O)N2CC[C@H](CNc3ncc4cn[nH]c4n3)C(F)(F)C2)cc1,IC50,10000.0,nM,
GRIN2A,CHEMBL1972,CHEMBL5774611,O=C(OCc1ccc(Cl)cc1)N1CC[C@H](CNc2nccn3cnnc23)C(F)(F)C1,IC50,10000.0,nM,
GRIN2A,CHEMBL1972,CHEMBL5889223,O=C(OCc1ccc(F)cc1)N1CC[C@H](CNc2nccn3cnnc23)C(F)(F)C1,IC50,10000.0,nM,
GRIN2A,CHEMBL1972,CHEMBL6044367,Cc1ccc(COC(=O)N2CC[C@H](CNc3ncccn3)C(F)(F)C2)cc1,IC50,10000.0,nM,
GRIN2A,CHEMBL1972,CHEMBL5804307,Cc1ccc(COC(=O)N2CC[C@H](CNc3cnccn3)C(F)(F)C2)cc1,IC50,10000.0,nM,
GRIN2A,CHEMBL1972,CHEMBL5947617,Cc1ccc(COC(=O)N2CC[C@H](CNc3cnc(C)cn3)C(F)(F)C2)cc1,IC50,10000.0,nM,
GRIN2A,CHEMBL1972,CHEMBL6044763,CC[C@]1(O)CC[C@H]2C(=CC[C@@H]3[C@@H]2CC[C@]2(C)[C@@H]([C@H](C)[C@H](O)CCC(C)C)CC[C@@H]32)C1,EC50,1000.0,nM,
GRIN2A,CHEMBL1972,CHEMBL5859786,CC[C@]1(O)CC[C@@]2(C)[C@@H](CC[C@@H]3[C@@H]2CC[C@]2(C)[C@@H]([C@H](C)[C@@H](O)CC4CCC(C)(C)CC4)CC[C@@H]32)C1,EC50,100.0,nM,
GRIN2A,CHEMBL1972,CHEMBL5821494,CC[C@]1(O)CC[C@@]2(C)C(=CC[C@H]3[C@@H]4CC[C@H]([C@H](C)[C@H](O)CCC5CC5)[C@@]4(C)CC[C@@H]32)C1,EC50,1000.0,nM,
GRIN2A,CHEMBL1972,CHEMBL5983726,CC(C)CC[C@H](O)[C@@H](C)[C@H]1CC[C@H]2[C@@H]3CC[C@H]4C[C@@](C)(O)CC[C@]4(C)[C@H]3CC[C@]12C,EC50,1000.0,nM,
GRIN2A,CHEMBL1972,CHEMBL5739703,CC[C@]1(O)CC[C@@]2(C)C(=CC[C@H]3[C@@H]4CC[C@H]([C@H](C)[C@H](O)CC5CCC(C)(C)CC5)[C@@]4(C)CC[C@@H]32)C1,EC50,1000.0,nM,
GRIN2A,CHEMBL1972,CHEMBL5813903,C[C@H]([C@H](O)C[C@H](O)c1ccccc1)[C@H]1CC[C@H]2[C@@H]3CC[C@H]4C[C@](O)(C(F)(F)F)CC[C@]4(C)[C@H]3CC[C@]12C,EC50,100.0,nM,
GRIN2A,CHEMBL1972,CHEMBL5812789,CC[C@]1(O)CC[C@@]2(C)[C@@H](CC[C@@H]3[C@@H]2CC[C@]2(C)[C@@H]([C@H](C)[C@H](O)CC4CCC(C)(C)CC4)CC[C@@H]32)C1,EC50,1000.0,nM,
GRIN2A,CHEMBL1972,CHEMBL6033423,CCC[C@H](O)[C@@H](C)[C@H]1CC[C@H]2[C@@H]3CC[C@@H]4C[C@](O)(CC)CC[C@]4(C)[C@H]3CC[C@]12C,EC50,1000.0,nM,
GRIN2A,CHEMBL1972,CHEMBL5992790,CC[C@]1(O)CC[C@@]2(C)[C@@H](CC[C@@H]3[C@@H]2CC[C@]2(C)[C@@H]([C@H](C)[C@H](O)CCC(C)C)CC[C@@H]32)C1,EC50,1000.0,nM,
GRIN2A,CHEMBL1972,CHEMBL5813014,C[C@@H]([C@H]1CC[C@H]2[C@@H]3CC[C@H]4C[C@](O)(C(F)(F)F)CC[C@]4(C)[C@H]3CC[C@]12C)[C@@H](O)C[C@H](O)c1ccccc1,EC50,1000.0,nM,
GRIN2A,CHEMBL1972,CHEMBL6021148,CC[C@]1(O)CC[C@H]2[C@@H](CC[C@@H]3[C@@H]2CC[C@]2(C)[C@@H]([C@H](C)[C@@H](O)CCC(C)C)CC[C@@H]32)C1,EC50,1000.0,nM,
GRIN2A,CHEMBL1972,CHEMBL5953949,CC[C@]1(O)CC[C@@]2(C)[C@@H](CC[C@@H]3[C@@H]2CC[C@]2(C)[C@@H]([C@H](C)[C@@H](O)CCC(C)C)CC[C@@H]32)C1,EC50,1000.0,nM,
GRIN2A,CHEMBL1972,CHEMBL5954940,CC(C)CC[C@@H](O)[C@@H](C)[C@H]1CC[C@H]2[C@@H]3CC=C4C[C@@](C)(O)CC[C@]4(C)[C@H]3CC[C@]12C,EC50,1000.0,nM,
GRIN2A,CHEMBL1972,CHEMBL5805992,C[C@H]([C@H](O)C[C@@H](O)c1ccccc1)[C@H]1CC[C@H]2[C@@H]3CC[C@H]4C[C@](O)(C(F)(F)F)CC[C@]4(C)[C@H]3CC[C@]12C,EC50,100.0,nM,
GRIN2A,CHEMBL1972,CHEMBL5924041,CC[C@]1(O)CC[C@@]2(C)[C@@H](CC[C@@H]3[C@@H]2CC[C@]2(C)[C@@H]([C@H](C)[C@@H](O)Cc4ccccc4)CC[C@@H]32)C1,EC50,1000.0,nM,
GRIN2A,CHEMBL1972,CHEMBL6010691,CC(C)CC[C@@H](O)[C@@H](C)[C@H]1CC[C@H]2[C@@H]3CC[C@@H]4C[C@@](C)(O)CC[C@]4(C)[C@H]3CC[C@]12C,EC50,1000.0,nM,
GRIN2A,CHEMBL1972,CHEMBL5855407,CCC[C@H](O)[C@@H](C)[C@H]1CC[C@H]2[C@@H]3CC[C@H]4C[C@](O)(CC)CC[C@]4(C)[C@H]3CC[C@]12C,EC50,1000.0,nM,
GRIN2A,CHEMBL1972,CHEMBL5862939,CC[C@]1(O)CC[C@H]2C(=CC[C@@H]3[C@@H]2CC[C@]2(C)[C@@H]([C@H](C)[C@@H](O)CCC(C)C)CC[C@@H]32)C1,EC50,1000.0,nM,
GRIN2A,CHEMBL1972,CHEMBL5969084,CC[C@]1(O)CC[C@@]2(C)C(=CC[C@H]3[C@@H]4CC[C@H]([C@H](C)[C@H](O)CC5CCCC5)[C@@]4(C)CC[C@@H]32)C1,EC50,1000.0,nM,
GRIN2A,CHEMBL1972,CHEMBL5791989,CC(C)CC[C@@H](O)[C@@H](C)[C@H]1CC[C@H]2[C@@H]3CC[C@H]4C[C@@](C)(O)CC[C@]4(C)[C@H]3CC[C@]12C,EC50,1000.0,nM,
GRIN2A,CHEMBL1972,CHEMBL5974868,CC[C@]1(O)CC[C@@]2(C)C(=CC[C@H]3[C@@H]4CC[C@H]([C@H](C)[C@@H](O)CC5CCC(C)(C)CC5)[C@@]4(C)CC[C@@H]32)C1,EC50,1000.0,nM,
GRIN2A,CHEMBL1972,CHEMBL5841166,CC[C@]1(O)CC[C@@]2(C)C(=CC[C@H]3[C@@H]4CC[C@H]([C@H](C)[C@H](O)CCC(C)C)[C@@]4(C)CC[C@@H]32)C1,EC50,1000.0,nM,
GRIN2A,CHEMBL1972,CHEMBL5785925,CC[C@]1(O)CC[C@@]2(C)[C@H](CC[C@@H]3[C@@H]2CC[C@]2(C)[C@@H]([C@H](C)[C@@H](O)CC4CCC(C)(C)CC4)CC[C@@H]32)C1,EC50,1000.0,nM,
GRIN2A,CHEMBL1972,CHEMBL5882618,CC[C@]1(O)CC[C@@]2(C)[C@H](CC[C@@H]3[C@@H]2CC[C@]2(C)[C@@H]([C@H](C)[C@H](O)CC4CCCC4)CC[C@@H]32)C1,EC50,1000.0,nM,
GRIN2A,CHEMBL1972,CHEMBL5948304,CC[C@]1(O)CC[C@@]2(C)C(=CC[C@H]3[C@@H]4CC[C@H]([C@H](C)[C@@H](O)CCC5CC5)[C@@]4(C)CC[C@@H]32)C1,EC50,1000.0,nM,
GRIN2A,CHEMBL1972,CHEMBL5876858,CCC[C@H](O)[C@@H](C)[C@H]1CC[C@H]2[C@@H]3CC=C4C[C@](O)(CC)CC[C@]4(C)[C@H]3CC[C@]12C,EC50,1000.0,nM,
GRIN2A,CHEMBL1972,CHEMBL6061688,CC(C)CC[C@H](O)[C@@H](C)[C@H]1CC[C@H]2[C@@H]3CC=C4C[C@@](C)(O)CC[C@]4(C)[C@H]3CC[C@]12C,EC50,1000.0,nM,
GRIN2A,CHEMBL1972,CHEMBL5871389,CC[C@]1(O)CC[C@@]2(C)C(=CC[C@H]3[C@@H]4CC[C@H]([C@H](C)[C@@H](O)CCC(C)C)[C@@]4(C)CC[C@@H]32)C1,EC50,1000.0,nM,
GRIN2A,CHEMBL1972,CHEMBL5893149,C[C@@H]([C@H]1CC[C@H]2[C@@H]3CC[C@H]4C[C@](O)(C(F)(F)F)CC[C@]4(C)[C@H]3CC[C@]12C)[C@@H](O)C[C@@H](O)c1ccccc1,EC50,1000.0,nM,
GRIN2A,CHEMBL1972,CHEMBL5943166,CC[C@]1(O)CC[C@H]2[C@H](CC[C@@H]3[C@@H]2CC[C@]2(C)[C@@H]([C@H](C)[C@@H](O)CCC(C)C)CC[C@@H]32)C1,EC50,1000.0,nM,
GRIN2A,CHEMBL1972,CHEMBL5989468,CC[C@]1(O)CC[C@@]2(C)[C@@H](CC[C@@H]3[C@@H]2CC[C@]2(C)[C@@H]([C@H](C)[C@H](O)CC4CCCC4)CC[C@@H]32)C1,EC50,1000.0,nM,
GRIN2A,CHEMBL1972,CHEMBL5772010,CC[C@]1(O)CC[C@@]2(C)[C@H](CC[C@@H]3[C@@H]2CC[C@]2(C)[C@@H]([C@H](C)[C@H](O)CC4CCC(C)(C)CC4)CC[C@@H]32)C1,EC50,1000.0,nM,
GRIN2A,CHEMBL1972,CHEMBL5772354,CC[C@]1(O)CC[C@@]2(C)[C@H](CC[C@@H]3[C@@H]2CC[C@]2(C)[C@@H]([C@H](C)[C@@H](O)CC4CCCC4)CC[C@@H]32)C1,EC50,1000.0,nM,
GRIN2A,CHEMBL1972,CHEMBL5794512,CC[C@]1(O)CC[C@@]2(C)[C@H](CC[C@@H]3[C@@H]2CC[C@]2(C)[C@@H]([C@H](C)[C@H](O)CCC(C)C)CC[C@@H]32)C1,EC50,550.0,nM,6.26
GRIN2A,CHEMBL1972,CHEMBL5830216,CC[C@]1(O)CC[C@@]2(C)[C@@H](CC[C@@H]3[C@@H]2CC[C@]2(C)[C@@H]([C@H](C)[C@@H](O)CC4CCCC4)CC[C@@H]32)C1,EC50,1000.0,nM,
GRIN2A,CHEMBL1972,CHEMBL6054610,CC[C@]1(O)CC[C@@]2(C)C(=CC[C@H]3[C@@H]4CC[C@H]([C@H](C)[C@@H](O)CC5CCCC5)[C@@]4(C)CC[C@@H]32)C1,EC50,1000.0,nM,
GRIN2A,CHEMBL1972,CHEMBL6166025,CC1(F)CN(C(=O)Cn2cnc3c(c(-c4ccc(F)c(Cl)c4)cn3C3CC3)c2=O)C1,EC50,120.0,nM,6.92
GRIN2A,CHEMBL1972,CHEMBL5095095,C[C@H](CC[C@](C)(O)C(F)(F)F)[C@H]1CC[C@H]2[C@@H]3CC=C4C[C@@](C)(O)CC[C@]4(C)[C@H]3CC[C@]12C,EC50,79.0,nM,7.10
GRIN2A,CHEMBL1972,CHEMBL3799213,N#C[C@@H]1C[C@H]1c1c(C(F)(F)F)sc2nc(Cn3nc(C(F)(F)F)cc3Cl)cc(=O)n12,EC50,21.0,nM,7.68
GRIN2A,CHEMBL1972,CHEMBL4435232,CCCc1nc2[nH]c(C)c(NS(=O)(=O)c3ccc(C4CCCCC4)cc3)c(=O)n2n1,EC50,3000.0,nM,5.52
GRIN2A,CHEMBL1972,CHEMBL6176014,Cc1nc(C(=O)NCc2cccnc2)cnc1OCC(F)(F)c1cc(Cl)ccn1,IC50,40.0,nM,7.40
GRIN2A,CHEMBL1972,CHEMBL6174828,O=C(NCc1cccnc1)c1cnc(COCc2ccc(F)c(F)c2)cn1,IC50,48000.0,nM,4.32
SLC6A3,CHEMBL238,CHEMBL178011,,Ki,17.0,nM,7.77
SLC6A3,CHEMBL238,CHEMBL178011,,Ki,224.0,nM,6.65
SLC6A3,CHEMBL238,CHEMBL1790051,COC(=O)[C@@H]1C2CC[C@H](C[C@@H]1c1ccccc1)N2C.Cl,Ki,33.0,nM,7.48
SLC6A3,CHEMBL238,CHEMBL1790051,COC(=O)[C@@H]1C2CC[C@H](C[C@@H]1c1ccccc1)N2C.Cl,Ki,314.0,nM,6.50
SLC6A3,CHEMBL238,CHEMBL1790051,COC(=O)[C@@H]1C2CC[C@H](C[C@@H]1c1ccccc1)N2C.Cl,IC50,373.0,nM,6.43
SLC6A3,CHEMBL238,CHEMBL370805,COC(=O)[C@H]1[C@@H](OC(=O)c2ccccc2)C[C@@H]2CC[C@H]1N2C,Ki,32.0,nM,7.50
SLC6A3,CHEMBL238,CHEMBL370805,COC(=O)[C@H]1[C@@H](OC(=O)c2ccccc2)C[C@@H]2CC[C@H]1N2C,Ki,388.0,nM,6.41
SLC6A3,CHEMBL238,CHEMBL370805,COC(=O)[C@H]1[C@@H](OC(=O)c2ccccc2)C[C@@H]2CC[C@H]1N2C,IC50,405.0,nM,6.39
SLC6A3,CHEMBL238,CHEMBL611999,,Ki,2280.0,nM,5.64
SLC6A3,CHEMBL238,CHEMBL611999,,IC50,3890.0,nM,5.41
SLC6A3,CHEMBL238,CHEMBL120633,COC(=O)[C@@H]1C2CCC(C[C@@H]1C(=O)Oc1ccccc1)N2C.Cc1ccc(C(=O)C2CN(C)CCC2(O)c2ccc(C)cc2)cc1,IC50,470.0,nM,6.33
SLC6A3,CHEMBL238,CHEMBL120633,COC(=O)[C@@H]1C2CCC(C[C@@H]1C(=O)Oc1ccccc1)N2C.Cc1ccc(C(=O)C2CN(C)CCC2(O)c2ccc(C)cc2)cc1,IC50,717.0,nM,6.14
SLC6A3,CHEMBL238,CHEMBL120633,COC(=O)[C@@H]1C2CCC(C[C@@H]1C(=O)Oc1ccccc1)N2C.Cc1ccc(C(=O)C2CN(C)CCC2(O)c2ccc(C)cc2)cc1,IC50,1161.0,nM,5.93
SLC6A3,CHEMBL238,CHEMBL333280,CN1CCC(O)(c2ccc(Cl)c(Cl)c2)C([C@@H](O)c2ccc(Cl)c(Cl)c2)C1,Ki,4140.0,nM,5.38
SLC6A3,CHEMBL238,CHEMBL120490,CN1CCC(O)(c2ccc(Cl)c(Cl)c2)C(C(=O)c2ccc(Cl)c(Cl)c2)C1,Ki,10.9,nM,7.96
SLC6A3,CHEMBL238,CHEMBL120269,Cc1ccc(C2OC(=O)OC3(c4ccc(C)cc4)CCN(C)CC23)cc1,Ki,8190.0,nM,5.09
SLC6A3,CHEMBL238,CHEMBL370805,COC(=O)[C@H]1[C@@H](OC(=O)c2ccccc2)C[C@@H]2CC[C@H]1N2C,Ki,231.0,nM,6.64
SLC6A3,CHEMBL238,CHEMBL333476,Cc1ccc([C@H](O)C2CN(C)CCC2(O)c2ccc(C)cc2)cc1,Ki,10650.0,nM,4.97
SLC6A3,CHEMBL238,CHEMBL120951,CN1CCC(O)(c2ccc(F)cc2)C(C(=O)c2ccc(F)cc2)C1,Ki,5700.0,nM,5.24
SLC6A3,CHEMBL238,CHEMBL118794,CN1CCC(O)(c2ccc(Cl)cc2Cl)C([C@@H](O)c2ccc(Cl)cc2Cl)C1,Ki,4350.0,nM,5.36
SLC6A3,CHEMBL238,CHEMBL331334,CN1CCC(O)(c2ccc(Cl)cc2Cl)C(C(=O)c2ccc(Cl)cc2Cl)C1,Ki,3650.0,nM,5.44
SLC6A3,CHEMBL238,CHEMBL435341,C/C=C\c1ccc([C@H]2CC3CCC([C@H]2C(=O)OC)N3C)cc1,IC50,32.0,nM,7.50
SLC6A3,CHEMBL238,CHEMBL311347,COC(=O)[C@@H]1C2CC[C@H](C[C@@H]1c1ccc(I)cc1)N2C,Ki,0.48,nM,9.32
SLC6A3,CHEMBL238,CHEMBL174088,COC(=O)[C@@H]1C2CCC(C[C@@H]1c1ccc(/C=C\I)cc1)N2,Ki,3.47,nM,8.46
SLC6A3,CHEMBL238,CHEMBL72,CNCCCN1c2ccccc2CCc2ccccc21,Ki,0.49,nM,9.31
SLC6A3,CHEMBL238,CHEMBL106939,CN(C)Cc1ccccc1Sc1ccc(C#N)cc1N,Ki,1423.0,nM,5.85
SLC6A3,CHEMBL238,CHEMBL814,COCCCC/C(=N\OCCN)c1ccc(C(F)(F)F)cc1,Ki,1.46,nM,8.84
SLC6A3,CHEMBL238,CHEMBL295467,CNCCC(Oc1ccccc1OC)c1ccccc1,Ki,30.0,nM,7.52
SLC6A3,CHEMBL238,CHEMBL14370,CCOc1ccccc1OC(c1ccccc1)C1CNCCO1,Ki,60.0,nM,7.22
SLC6A3,CHEMBL238,CHEMBL104673,CN(C)Cc1ccccc1Sc1ccc(C(F)(F)F)cc1N,Ki,2038.0,nM,5.69
SLC6A3,CHEMBL238,CHEMBL107077,COc1ccc(Sc2ccccc2CN(C)C)c(N)c1,Ki,2651.0,nM,5.58
SLC6A3,CHEMBL238,CHEMBL432394,CN(C)Cc1ccccc1Sc1ccc(Cl)cc1N,Ki,115.0,nM,6.94
SLC6A3,CHEMBL238,CHEMBL173427,COC(=O)[C@@H]1C2CCC(C[C@@H]1c1ccc(/C=C/I)cc1)N2,Ki,1.88,nM,8.73
SLC6A3,CHEMBL238,CHEMBL353333,COC(=O)[C@@H]1C2CCC(C[C@@H]1c1ccc(I)cc1)N2,Ki,0.12,nM,9.92
SLC6A3,CHEMBL238,CHEMBL173594,C/C=C/c1ccc([C@H]2CC3CCC([C@H]2C(=O)OC)N3C)cc1,IC50,28.0,nM,7.55
SLC6A3,CHEMBL238,CHEMBL41,CNCCC(Oc1ccc(C(F)(F)F)cc1)c1ccccc1,Kd,3600.0,nM,5.44
SLC6A3,CHEMBL238,CHEMBL555280,CC(C)(C)[C@H](O)[C@@H](CN)c1ccccc1.Cl,Kd,7260.0,nM,5.14
SLC6A3,CHEMBL238,CHEMBL540333,COc1ccc([C@H](CN)[C@@H](O)C2CCCCC2)cc1.Cl,Kd,4310.0,nM,5.37
SLC6A3,CHEMBL238,CHEMBL623,CCc1nn(CCCN2CCN(c3cccc(Cl)c3)CC2)c(=O)n1CCOc1ccccc1,Kd,360.0,nM,6.44
SLC6A3,CHEMBL238,CHEMBL641,CNCC[C@@H](Oc1ccccc1C)c1ccccc1,Kd,1080.0,nM,5.97
SLC6A3,CHEMBL238,CHEMBL544633,Cc1cc(C)c([C@H](O)[C@@H](CN(C)C)c2ccccc2)c(C)c1.Cl,Kd,42000.0,nM,4.38
SLC6A3,CHEMBL238,CHEMBL637,COc1ccc(C(CN(C)C)C2(O)CCCCC2)cc1,Kd,9300.0,nM,5.03
SLC6A3,CHEMBL238,CHEMBL539050,CN(C)C[C@@H](c1ccc2ccccc2c1)[C@@H](O)c1ccccc1.Cl,Kd,70.0,nM,7.16
SLC6A3,CHEMBL238,CHEMBL490,Fc1ccc([C@@H]2CCNC[C@H]2COc2ccc3c(c2)OCO3)cc1,Kd,490.0,nM,6.31
SLC6A3,CHEMBL238,CHEMBL809,CN[C@H]1CC[C@@H](c2ccc(Cl)c(Cl)c2)c2ccccc21,Kd,25.0,nM,7.60
SLC6A3,CHEMBL238,CHEMBL543925,CN(C)C[C@@H](c1ccc2ccccc2c1)[C@@H](O)C(C)(C)C.Cl,Kd,340.0,nM,6.47
SLC6A3,CHEMBL238,CHEMBL542501,CN(C)C[C@@H](c1ccccc1)[C@@H](O)C(C)(C)C.Cl,Kd,21400.0,nM,4.67
SLC6A3,CHEMBL238,CHEMBL539054,Cc1cc(C)c([C@H](O)[C@@H](CN)c2ccccc2)c(C)c1.Cl,Kd,340.0,nM,6.47
SLC6A3,CHEMBL238,CHEMBL556025,CN(C)C[C@@H](c1ccccc1)[C@@H](O)c1ccccc1.Cl,Kd,12000.0,nM,4.92
SLC6A3,CHEMBL238,CHEMBL539564,Cl.NC[C@@H](c1ccc2ccccc2c1)[C@@H](O)c1ccccc1,Kd,140.0,nM,6.85
SLC6A3,CHEMBL238,CHEMBL306700,CCOc1ccccc1OCC1CNCCO1,Kd,155.0,nM,6.81
SLC6A3,CHEMBL238,CHEMBL538053,COc1ccc([C@H](CN(C)C)[C@@H](O)C2CCCCC2)cc1.Cl,Kd,3500.0,nM,5.46
SLC6A3,CHEMBL238,CHEMBL542746,Cl.NC[C@@H](c1ccccc1)[C@@H](O)c1ccccc1,Kd,24000.0,nM,4.62
SLC6A3,CHEMBL238,CHEMBL545557,CC(C)(C)[C@H](O)[C@@H](CN)c1ccc2ccccc2c1.Cl,Kd,27000.0,nM,4.57
SLC6A3,CHEMBL238,CHEMBL28376,CN1C2CCC1[C@H](C(=O)C(F)(F)F)[C@@H](c1ccc(Cl)cc1)C2,IC50,377.0,nM,6.42
SLC6A3,CHEMBL238,CHEMBL28376,CN1C2CCC1[C@H](C(=O)C(F)(F)F)[C@@H](c1ccc(Cl)cc1)C2,IC50,1190.0,nM,5.92
SLC6A3,CHEMBL238,CHEMBL28394,CN1C2CCC1[C@@H](/C=C/Cl)[C@@H](c1ccc(Cl)cc1)C2,IC50,0.99,nM,9.00
SLC6A3,CHEMBL238,CHEMBL28394,CN1C2CCC1[C@@H](/C=C/Cl)[C@@H](c1ccc(Cl)cc1)C2,IC50,0.36,nM,9.44
SLC6A3,CHEMBL238,CHEMBL28394,CN1C2CCC1[C@@H](/C=C/Cl)[C@@H](c1ccc(Cl)cc1)C2,Ki,0.88,nM,9.06
SLC6A3,CHEMBL238,CHEMBL28394,CN1C2CCC1[C@@H](/C=C/Cl)[C@@H](c1ccc(Cl)cc1)C2,Ki,0.22,nM,9.66
SLC6A3,CHEMBL238,CHEMBL27336,CC[C@@H]1C2CCC(C[C@@H]1c1ccc(Cl)cc1)N2C,IC50,2.6,nM,8.59
SLC6A3,CHEMBL238,CHEMBL27336,CC[C@@H]1C2CCC(C[C@@H]1c1ccc(Cl)cc1)N2C,IC50,3.5,nM,8.46
SLC6A3,CHEMBL238,CHEMBL610897,COC(=O)C1C2CC[C@H](C[C@@H]1c1ccc(Cl)cc1)N2C,IC50,3.2,nM,8.49
SLC6A3,CHEMBL238,CHEMBL610897,COC(=O)C1C2CC[C@H](C[C@@H]1c1ccc(Cl)cc1)N2C,IC50,1.7,nM,8.77
SLC6A3,CHEMBL238,CHEMBL281288,C=C[C@@H]1C2CCC(C[C@@H]1c1ccc(Cl)cc1)N2C,IC50,2.8,nM,8.55
SLC6A3,CHEMBL238,CHEMBL281288,C=C[C@@H]1C2CCC(C[C@@H]1c1ccc(Cl)cc1)N2C,IC50,1.2,nM,8.92
SLC6A3,CHEMBL238,CHEMBL282332,CN1C2CCC1[C@@H](C(=O)C(F)(F)F)[C@@H](c1ccc(Cl)cc1)C2,IC50,,nM,
SLC6A3,CHEMBL238,CHEMBL2115570,CN1C2CCC1[C@H](C=CCl)[C@@H](c1ccc(Cl)cc1)C2,IC50,19.0,nM,7.72
SLC6A3,CHEMBL238,CHEMBL2115570,CN1C2CCC1[C@H](C=CCl)[C@@H](c1ccc(Cl)cc1)C2,IC50,24.0,nM,7.62
SLC6A3,CHEMBL238,CHEMBL28394,CN1C2CCC1[C@@H](/C=C/Cl)[C@@H](c1ccc(Cl)cc1)C2,IC50,1.3,nM,8.89
SLC6A3,CHEMBL238,CHEMBL28394,CN1C2CCC1[C@@H](/C=C/Cl)[C@@H](c1ccc(Cl)cc1)C2,IC50,0.73,nM,9.14
SLC6A3,CHEMBL238,CHEMBL27586,CN1C2CCC1[C@@H]([C@@H](O)C(F)(F)F)[C@@H](c1ccc(Cl)cc1)C2,IC50,10.5,nM,7.98
SLC6A3,CHEMBL238,CHEMBL27586,CN1C2CCC1[C@@H]([C@@H](O)C(F)(F)F)[C@@H](c1ccc(Cl)cc1)C2,IC50,9.2,nM,8.04
SLC6A3,CHEMBL238,CHEMBL285342,CN1C2CCC1[C@H](C(O)C(F)(F)F)[C@@H](c1ccc(Cl)cc1)C2,IC50,525.0,nM,6.28
SLC6A3,CHEMBL238,CHEMBL285342,CN1C2CCC1[C@H](C(O)C(F)(F)F)[C@@H](c1ccc(Cl)cc1)C2,IC50,1105.0,nM,5.96
SLC6A3,CHEMBL238,CHEMBL285611,CN1C2CCC1[C@@H]([C@H](O)C(F)(F)F)[C@@H](c1ccc(Cl)cc1)C2,IC50,,nM,
SLC6A3,CHEMBL238,CHEMBL120901,COC(=O)[C@@H]1C2CCC(C[C@@H]1C(=O)Oc1ccccc1)N2C,IC50,350.0,nM,6.46
SLC6A3,CHEMBL238,CHEMBL120901,COC(=O)[C@@H]1C2CCC(C[C@@H]1C(=O)Oc1ccccc1)N2C,IC50,490.0,nM,6.31
SLC6A3,CHEMBL238,CHEMBL2115570,CN1C2CCC1[C@H](C=CCl)[C@@H](c1ccc(Cl)cc1)C2,IC50,16.0,nM,7.80
SLC6A3,CHEMBL238,CHEMBL2115570,CN1C2CCC1[C@H](C=CCl)[C@@H](c1ccc(Cl)cc1)C2,IC50,18.0,nM,7.75
SLC6A3,CHEMBL238,CHEMBL285342,CN1C2CCC1[C@H](C(O)C(F)(F)F)[C@@H](c1ccc(Cl)cc1)C2,IC50,125.0,nM,6.90
SLC6A3,CHEMBL238,CHEMBL285342,CN1C2CCC1[C@H](C(O)C(F)(F)F)[C@@H](c1ccc(Cl)cc1)C2,IC50,166.0,nM,6.78
SLC6A3,CHEMBL238,CHEMBL342055,c1ccc(CC(c2ccccc2)c2ccncc2)cc1,Ki,99.0,nM,7.00
SLC6A3,CHEMBL238,CHEMBL342055,c1ccc(CC(c2ccccc2)c2ccncc2)cc1,Ki,263.0,nM,6.58
SLC6A3,CHEMBL238,CHEMBL357322,c1ccc(Cc2ccncc2)cc1,Ki,10000.0,nM,
SLC6A3,CHEMBL238,CHEMBL347772,c1ccc(C(c2ccccc2)c2ccccn2)cc1,Ki,742.0,nM,6.13
SLC6A3,CHEMBL238,CHEMBL347772,c1ccc(C(c2ccccc2)c2ccccn2)cc1,Ki,1067.0,nM,5.97
SLC6A3,CHEMBL238,CHEMBL150045,c1ccc(C(c2ccccc2)c2ccncc2)cc1,Ki,79.0,nM,7.10
SLC6A3,CHEMBL238,CHEMBL150045,c1ccc(C(c2ccccc2)c2ccncc2)cc1,Ki,255.0,nM,6.59
SLC6A3,CHEMBL238,CHEMBL149246,c1ccc(C(c2ccccc2)c2cccnc2)cc1,Ki,780.0,nM,6.11
SLC6A3,CHEMBL238,CHEMBL149246,c1ccc(C(c2ccccc2)c2cccnc2)cc1,Ki,860.0,nM,6.07
SLC6A3,CHEMBL238,CHEMBL357312,c1ccc2c(-c3ccncc3)c3ccccc3cc2c1,Ki,10000.0,nM,
SLC6A3,CHEMBL238,CHEMBL149878,c1cncc(-c2c3ccccc3cc3ccccc23)c1,Ki,10000.0,nM,
SLC6A3,CHEMBL238,CHEMBL370805,COC(=O)[C@H]1[C@@H](OC(=O)c2ccccc2)C[C@@H]2CC[C@H]1N2C,Ki,270.0,nM,6.57
SLC6A3,CHEMBL238,CHEMBL2079586,COC(=O)[C@H]1[C@@H](c2ccc(F)cc2)C[C@H]2CC[C@H]1N2C,IC50,12.9,nM,7.89
SLC6A3,CHEMBL238,CHEMBL1201203,CN1[C@@H]2CC[C@H]1C[C@@H](OC(c1ccccc1)c1ccccc1)C2,IC50,312.0,nM,6.51
SLC6A3,CHEMBL238,CHEMBL607377,COC(=O)C1C2CC[C@H](C[C@H]1OC(c1ccc(F)cc1)c1ccc(F)cc1)N2C,IC50,8900.0,nM,5.05
SLC6A3,CHEMBL238,CHEMBL607430,COC(=O)C1C2CC[C@H](C[C@@H]1OC(c1ccc(F)cc1)c1ccc(F)cc1)N2C,IC50,21900.0,nM,4.66
SLC6A3,CHEMBL238,CHEMBL607377,COC(=O)C1C2CC[C@H](C[C@H]1OC(c1ccc(F)cc1)c1ccc(F)cc1)N2C,IC50,1750.0,nM,5.76
SLC6A3,CHEMBL238,CHEMBL310650,COC(=O)[C@@H]1C2CCC(C[C@@H]1OC(c1ccc(F)cc1)c1ccc(F)cc1)N2C,IC50,10.9,nM,7.96
SLC6A3,CHEMBL238,CHEMBL607377,COC(=O)C1C2CC[C@H](C[C@H]1OC(c1ccc(F)cc1)c1ccc(F)cc1)N2C,IC50,3840.0,nM,5.42
SLC6A3,CHEMBL238,CHEMBL607431,COC(=O)[C@@H]1[C@H]2CCC(C[C@H]1OC(c1ccc(F)cc1)c1ccc(F)cc1)N2C,IC50,3380.0,nM,5.47
SLC6A3,CHEMBL238,CHEMBL607377,COC(=O)C1C2CC[C@H](C[C@H]1OC(c1ccc(F)cc1)c1ccc(F)cc1)N2C,IC50,2040.0,nM,5.69
SLC6A3,CHEMBL238,CHEMBL607430,COC(=O)C1C2CC[C@H](C[C@@H]1OC(c1ccc(F)cc1)c1ccc(F)cc1)N2C,IC50,11700.0,nM,4.93
SLC6A3,CHEMBL238,CHEMBL300226,COC(=O)C1C2CC[C@H](C[C@@H]1c1ccc(I)cc1)N2C,IC50,1.08,nM,8.97
SLC6A3,CHEMBL238,CHEMBL132683,COC(=O)C1C(c2ccc(O)c(O)c2)CC2CCC1N2C,Ki,970.0,nM,6.01
SLC6A3,CHEMBL238,CHEMBL132683,COC(=O)C1C(c2ccc(O)c(O)c2)CC2CCC1N2C,IC50,406.0,nM,6.39
SLC6A3,CHEMBL238,CHEMBL544370,Cl.OC1(c2ccc3c(c2)OCO3)c2ccccc2C2=NCCCN21,IC50,1.09,nM,8.96
SLC6A3,CHEMBL238,CHEMBL544370,Cl.OC1(c2ccc3c(c2)OCO3)c2ccccc2C2=NCCCN21,Ki,2.55,nM,8.59
SLC6A3,CHEMBL238,CHEMBL544370,Cl.OC1(c2ccc3c(c2)OCO3)c2ccccc2C2=NCCCN21,IC50,2.21,nM,8.66
SLC6A3,CHEMBL238,CHEMBL417049,CN(CCOC(c1ccccc1)c1ccccc1)C1CCN(CCCc2ccccc2)CC1,Ki,30.0,nM,7.52
SLC6A3,CHEMBL238,CHEMBL417049,CN(CCOC(c1ccccc1)c1ccccc1)C1CCN(CCCc2ccccc2)CC1,IC50,330.0,nM,6.48
SLC6A3,CHEMBL238,CHEMBL26320,c1ccc(CCCN2CCN(CCOC(c3ccccc3)c3ccccc3)CC2)cc1,Ki,73.0,nM,7.14
SLC6A3,CHEMBL238,CHEMBL26320,c1ccc(CCCN2CCN(CCOC(c3ccccc3)c3ccccc3)CC2)cc1,IC50,18.0,nM,7.75
SLC6A3,CHEMBL238,CHEMBL370805,COC(=O)[C@H]1[C@@H](OC(=O)c2ccccc2)C[C@@H]2CC[C@H]1N2C,Ki,490.0,nM,6.31
SLC6A3,CHEMBL238,CHEMBL370805,COC(=O)[C@H]1[C@@H](OC(=O)c2ccccc2)C[C@@H]2CC[C@H]1N2C,IC50,296.0,nM,6.53
SLC6A3,CHEMBL238,CHEMBL336100,OC1(c2ccc(Cl)cc2)c2cccc(F)c2C2=NCCN21,IC50,12.3,nM,7.91
SLC6A3,CHEMBL238,CHEMBL336100,OC1(c2ccc(Cl)cc2)c2cccc(F)c2C2=NCCN21,Ki,23.1,nM,7.64
SLC6A3,CHEMBL238,CHEMBL336100,OC1(c2ccc(Cl)cc2)c2cccc(F)c2C2=NCCN21,IC50,91.0,nM,7.04
SLC6A3,CHEMBL238,CHEMBL781,OC1(c2ccc(Cl)cc2)c2ccccc2C2=NCCN21,IC50,42.6,nM,7.37
SLC6A3,CHEMBL238,CHEMBL781,OC1(c2ccc(Cl)cc2)c2ccccc2C2=NCCN21,Ki,45.0,nM,7.35
SLC6A3,CHEMBL238,CHEMBL781,OC1(c2ccc(Cl)cc2)c2ccccc2C2=NCCN21,IC50,43.0,nM,7.37
SLC6A3,CHEMBL238,CHEMBL133070,COC(=O)C1C(c2ccc(C(C)=O)c(C(C)=O)c2)CC2CCC1N2C,Ki,10000.0,nM,
SLC6A3,CHEMBL238,CHEMBL67024,Fc1ccc(CCNC2CCN(CCOC(c3ccccc3)c3ccccc3)CC2)cc1,Ki,110.0,nM,6.96
SLC6A3,CHEMBL238,CHEMBL67024,Fc1ccc(CCNC2CCN(CCOC(c3ccccc3)c3ccccc3)CC2)cc1,IC50,320.0,nM,6.50
SLC6A3,CHEMBL238,CHEMBL130668,Oc1ccc(C2(O)c3ccccc3C3=NCCCN32)cc1,Ki,87.1,nM,7.06
SLC6A3,CHEMBL238,CHEMBL130668,Oc1ccc(C2(O)c3ccccc3C3=NCCCN32)cc1,IC50,59.0,nM,7.23
SLC6A3,CHEMBL238,CHEMBL443797,CN(CCCc1ccccc1)C1CCN(CCOC(c2ccccc2)c2ccccc2)CC1,Ki,340.0,nM,6.47
SLC6A3,CHEMBL238,CHEMBL443797,CN(CCCc1ccccc1)C1CCN(CCOC(c2ccccc2)c2ccccc2)CC1,IC50,210.0,nM,6.68
SLC6A3,CHEMBL238,CHEMBL335165,COC(=O)C1=C(c2ccc(C(C)=O)c(C(C)=O)c2)CC2CCC1N2C,Ki,10000.0,nM,
SLC6A3,CHEMBL238,CHEMBL370805,COC(=O)[C@H]1[C@@H](OC(=O)c2ccccc2)C[C@@H]2CC[C@H]1N2C,Ki,760.0,nM,6.12
SLC6A3,CHEMBL238,CHEMBL370805,COC(=O)[C@H]1[C@@H](OC(=O)c2ccccc2)C[C@@H]2CC[C@H]1N2C,IC50,190.0,nM,6.72
SLC6A3,CHEMBL238,CHEMBL132614,COC(=O)C1=C(c2ccc(O)c(O)c2)CC2CCC1N2C,Ki,10000.0,nM,
SLC6A3,CHEMBL238,CHEMBL421867,c1ccc(CCCNC2CCN(CCOC(c3ccccc3)c3ccccc3)CC2)cc1,Ki,160.0,nM,6.80
SLC6A3,CHEMBL238,CHEMBL421867,c1ccc(CCCNC2CCN(CCOC(c3ccccc3)c3ccccc3)CC2)cc1,IC50,390.0,nM,6.41
SLC6A3,CHEMBL238,CHEMBL336940,COc1cccc2c1C1=NCCN1C2(O)c1ccc(Cl)cc1,IC50,4.75,nM,8.32
SLC6A3,CHEMBL238,CHEMBL336940,COc1cccc2c1C1=NCCN1C2(O)c1ccc(Cl)cc1,Ki,2.9,nM,8.54
SLC6A3,CHEMBL238,CHEMBL336940,COc1cccc2c1C1=NCCN1C2(O)c1ccc(Cl)cc1,IC50,42.0,nM,7.38
SLC6A3,CHEMBL238,CHEMBL66112,Fc1ccc(CCN2CCCC(CNCCOC(c3ccccc3)c3ccccc3)C2)cc1,Ki,100.0,nM,7.00
SLC6A3,CHEMBL238,CHEMBL66112,Fc1ccc(CCN2CCCC(CNCCOC(c3ccccc3)c3ccccc3)C2)cc1,IC50,500.0,nM,6.30
SLC6A3,CHEMBL238,CHEMBL133043,COc1ccc(C2(O)c3ccccc3C3=NCCCN32)cc1,Ki,36.2,nM,7.44
SLC6A3,CHEMBL238,CHEMBL133043,COc1ccc(C2(O)c3ccccc3C3=NCCCN32)cc1,IC50,30.4,nM,7.52
SLC6A3,CHEMBL238,CHEMBL415522,OC1(c2ccc3c(c2)OCCO3)c2ccccc2C2=NCCN21,IC50,1260.0,nM,5.90
SLC6A3,CHEMBL238,CHEMBL435787,OC1(c2ccc3c(c2)OCO3)c2ccccc2C2=NCCN21,IC50,113.0,nM,6.95
SLC6A3,CHEMBL238,CHEMBL133902,OC1(c2ccccc2)c2ccccc2C2=NCCN21,Ki,1070.0,nM,5.97
SLC6A3,CHEMBL238,CHEMBL133902,OC1(c2ccccc2)c2ccccc2C2=NCCN21,IC50,730.0,nM,6.14
SLC6A3,CHEMBL238,CHEMBL132962,CC1(c2ccc(Cl)cc2)c2ccccc2C2=NCCCN21,IC50,125.0,nM,6.90
SLC6A3,CHEMBL238,CHEMBL334596,OC1(c2ccc(Cl)cc2)c2cccc(-c3ccccc3)c2C2=NCCN21,IC50,390.0,nM,6.41
SLC6A3,CHEMBL238,CHEMBL63703,c1ccc(CN2CCC(NCCOC(c3ccccc3)c3ccccc3)CC2)cc1,Ki,83.0,nM,7.08
SLC6A3,CHEMBL238,CHEMBL63703,c1ccc(CN2CCC(NCCOC(c3ccccc3)c3ccccc3)CC2)cc1,IC50,270.0,nM,6.57
SLC6A3,CHEMBL238,CHEMBL415523,OC1(c2ccc(Cl)cc2)c2c(ccc3c2OCO3)C2=NCCN21,IC50,359.0,nM,6.45
SLC6A3,CHEMBL238,CHEMBL67203,c1ccc(CCCN2CCCC(CNCCOC(c3ccccc3)c3ccccc3)C2)cc1,Ki,18.0,nM,7.75
SLC6A3,CHEMBL238,CHEMBL67203,c1ccc(CCCN2CCCC(CNCCOC(c3ccccc3)c3ccccc3)C2)cc1,IC50,150.0,nM,6.82
SLC6A3,CHEMBL238,CHEMBL132683,COC(=O)C1C(c2ccc(O)c(O)c2)CC2CCC1N2C,Ki,1370.0,nM,5.86
SLC6A3,CHEMBL238,CHEMBL132683,COC(=O)C1C(c2ccc(O)c(O)c2)CC2CCC1N2C,IC50,507.0,nM,6.29
SLC6A3,CHEMBL238,CHEMBL129832,COc1ccc(C2(O)c3ccccc3C3=NCCN32)cc1,IC50,110.0,nM,6.96
SLC6A3,CHEMBL238,CHEMBL59,NCCc1ccc(O)c(O)c1,Ki,6400.0,nM,5.19
SLC6A3,CHEMBL238,CHEMBL59,NCCc1ccc(O)c(O)c1,IC50,460.0,nM,6.34
SLC6A3,CHEMBL238,CHEMBL130477,OC1(c2ccc(Cl)cc2)c2ccccc2C2=NCCCN21,Ki,1.7,nM,8.77
SLC6A3,CHEMBL238,CHEMBL130477,OC1(c2ccc(Cl)cc2)c2ccccc2C2=NCCCN21,IC50,3.7,nM,8.43
SLC6A3,CHEMBL238,CHEMBL130477,OC1(c2ccc(Cl)cc2)c2ccccc2C2=NCCCN21,IC50,4.2,nM,8.38
SLC6A3,CHEMBL238,CHEMBL132955,OC1(c2ccc(Cl)cc2)c2cc(Cl)c(Cl)cc2C2=NCCN21,Ki,1.05,nM,8.98
SLC6A3,CHEMBL238,CHEMBL132955,OC1(c2ccc(Cl)cc2)c2cc(Cl)c(Cl)cc2C2=NCCN21,IC50,6.0,nM,8.22
SLC6A3,CHEMBL238,CHEMBL370805,COC(=O)[C@H]1[C@@H](OC(=O)c2ccccc2)C[C@@H]2CC[C@H]1N2C,Ki,419.0,nM,6.38
SLC6A3,CHEMBL238,CHEMBL370805,COC(=O)[C@H]1[C@@H](OC(=O)c2ccccc2)C[C@@H]2CC[C@H]1N2C,IC50,330.0,nM,6.48
SLC6A3,CHEMBL238,CHEMBL334576,Cc1cc(C)c2c(c1)C1=NCCN1C2(O)c1ccc(Cl)cc1,IC50,67.1,nM,7.17
SLC6A3,CHEMBL238,CHEMBL335423,COC(=O)C1C(c2ccc(OC)c(OC)c2)CC2CCC1N2C,Ki,1536.0,nM,5.81
SLC6A3,CHEMBL238,CHEMBL335423,COC(=O)C1C(c2ccc(OC)c(OC)c2)CC2CCC1N2C,IC50,1568.0,nM,5.80
SLC6A3,CHEMBL238,CHEMBL67078,c1ccc(CCCNCC2CCCN(CCOC(c3ccccc3)c3ccccc3)C2)cc1,Ki,70.0,nM,7.16
SLC6A3,CHEMBL238,CHEMBL67078,c1ccc(CCCNCC2CCCN(CCOC(c3ccccc3)c3ccccc3)C2)cc1,IC50,105.0,nM,6.98
SLC6A3,CHEMBL238,CHEMBL132082,COc1ccc2c(c1)C(O)(c1ccc(Cl)cc1)N1CCN=C21,IC50,13.3,nM,7.88
SLC6A3,CHEMBL238,CHEMBL132082,COc1ccc2c(c1)C(O)(c1ccc(Cl)cc1)N1CCN=C21,Ki,6.0,nM,8.22
SLC6A3,CHEMBL238,CHEMBL132082,COc1ccc2c(c1)C(O)(c1ccc(Cl)cc1)N1CCN=C21,IC50,16.7,nM,7.78
SLC6A3,CHEMBL238,CHEMBL417035,Fc1ccc(CCNCC2CCCN(CCOC(c3ccccc3)c3ccccc3)C2)cc1,Ki,87.0,nM,7.06
SLC6A3,CHEMBL238,CHEMBL417035,Fc1ccc(CCNCC2CCCN(CCOC(c3ccccc3)c3ccccc3)C2)cc1,IC50,364.0,nM,6.44
SLC6A3,CHEMBL238,CHEMBL69380,CN(CCc1ccc(F)cc1)CC1CCCN(CCOC(c2ccccc2)c2ccccc2)C1,Ki,90.0,nM,7.05
SLC6A3,CHEMBL238,CHEMBL69380,CN(CCc1ccc(F)cc1)CC1CCCN(CCOC(c2ccccc2)c2ccccc2)C1,IC50,1260.0,nM,5.90
SLC6A3,CHEMBL238,CHEMBL132954,COc1cccc2c1C(O)(c1ccc(Cl)cc1)N1CCN=C21,IC50,67.1,nM,7.17
SLC6A3,CHEMBL238,CHEMBL132954,COc1cccc2c1C(O)(c1ccc(Cl)cc1)N1CCN=C21,Ki,10.3,nM,7.99
SLC6A3,CHEMBL238,CHEMBL132954,COc1cccc2c1C(O)(c1ccc(Cl)cc1)N1CCN=C21,IC50,60.0,nM,7.22
SLC6A3,CHEMBL238,CHEMBL336613,Clc1ccc(C2c3ccccc3C3=NCCN32)cc1,IC50,29.7,nM,7.53
SLC6A3,CHEMBL238,CHEMBL336613,Clc1ccc(C2c3ccccc3C3=NCCN32)cc1,Ki,23.0,nM,7.64
SLC6A3,CHEMBL238,CHEMBL336613,Clc1ccc(C2c3ccccc3C3=NCCN32)cc1,IC50,6.0,nM,8.22
SLC6A3,CHEMBL238,CHEMBL334577,OC1(c2ccc(Cl)cc2)c2ccc3ccccc3c2C2=NCCCN21,IC50,2.1,nM,8.68
SLC6A3,CHEMBL238,CHEMBL334577,OC1(c2ccc(Cl)cc2)c2ccc3ccccc3c2C2=NCCCN21,Ki,2.01,nM,8.70
SLC6A3,CHEMBL238,CHEMBL130593,OC1(c2ccc(Cl)cc2)c2c(ccc3ccccc23)C2=NCCN21,IC50,218.0,nM,6.66
SLC6A3,CHEMBL238,CHEMBL340281,OC1(c2ccc3ccccc3c2)c2ccc3ccccc3c2C2=NCCN21,IC50,3.3,nM,8.48
SLC6A3,CHEMBL238,CHEMBL340281,OC1(c2ccc3ccccc3c2)c2ccc3ccccc3c2C2=NCCN21,Ki,2.83,nM,8.55
SLC6A3,CHEMBL238,CHEMBL133646,OC1(c2ccc(Cl)cc2)c2ccc3ccccc3c2C2=NCCN21,IC50,10.6,nM,7.97
SLC6A3,CHEMBL238,CHEMBL133646,OC1(c2ccc(Cl)cc2)c2ccc3ccccc3c2C2=NCCN21,Ki,27.2,nM,7.57
SLC6A3,CHEMBL238,CHEMBL424627,OC1(c2ccc(Cl)cc2)c2ccccc2C2=N[C@@H]3CCCC[C@@H]3N21,IC50,8.4,nM,8.08
SLC6A3,CHEMBL238,CHEMBL337020,OC1(c2ccc(Cl)cc2)c2ccccc2C2=N[C@H]3CCCC[C@@H]3N21,IC50,2.7,nM,8.57
SLC6A3,CHEMBL238,CHEMBL337020,OC1(c2ccc(Cl)cc2)c2ccccc2C2=N[C@H]3CCCC[C@@H]3N21,Ki,152.0,nM,6.82
SLC6A3,CHEMBL238,CHEMBL132676,OC1(c2ccc3ccccc3c2)c2ccccc2C2=NCCN21,IC50,4.1,nM,8.39
SLC6A3,CHEMBL238,CHEMBL132676,OC1(c2ccc3ccccc3c2)c2ccccc2C2=NCCN21,Ki,45.0,nM,7.35
SLC6A3,CHEMBL238,CHEMBL130877,OC1(c2ccc(Cl)cc2)c2cc3ccccc3cc2C2=NCCN21,IC50,36.1,nM,7.44
SLC6A3,CHEMBL238,CHEMBL132713,OC1(c2cccc3ccccc23)c2ccccc2C2=NCCN21,IC50,1841.0,nM,5.74
SLC6A3,CHEMBL238,CHEMBL137020,Fc1ccc(C(OCCC2CCN(Cc3cc4ccccc4s3)CC2)c2ccc(F)cc2)cc1,Ki,1.61,nM,8.79
SLC6A3,CHEMBL238,CHEMBL137020,Fc1ccc(C(OCCC2CCN(Cc3cc4ccccc4s3)CC2)c2ccc(F)cc2)cc1,IC50,11.9,nM,7.92
SLC6A3,CHEMBL238,CHEMBL538405,Fc1ccc(C(OCCC2CCN(Cc3cc4ccccc4[nH]3)CC2)c2ccc(F)cc2)cc1,Ki,0.73,nM,9.14
SLC6A3,CHEMBL238,CHEMBL281594,Fc1ccc(C(OCCN2CCN(CCCc3ccccc3)CC2)c2ccc(F)cc2)cc1,Ki,3.7,nM,8.43
SLC6A3,CHEMBL238,CHEMBL281594,Fc1ccc(C(OCCN2CCN(CCCc3ccccc3)CC2)c2ccc(F)cc2)cc1,IC50,4.3,nM,8.37
SLC6A3,CHEMBL238,CHEMBL77867,Fc1ccc(C(OCCC2CCN(CCCc3ccccc3)CC2)c2ccc(F)cc2)cc1,Ki,1.1,nM,8.96
SLC6A3,CHEMBL238,CHEMBL136057,Fc1ccc(C(OCCC2CCN(C/C=C/c3ccco3)CC2)c2ccc(F)cc2)cc1,Ki,0.99,nM,9.00
SLC6A3,CHEMBL238,CHEMBL35411,Fc1ccc(C(OCCC2CCN(Cc3cccc4ccccc34)CC2)c2ccc(F)cc2)cc1,Ki,16.0,nM,7.80
SLC6A3,CHEMBL238,CHEMBL416409,Fc1ccc(C(OCCC2CCN(Cc3ccc4ccccc4c3)CC2)c2ccc(F)cc2)cc1,Ki,0.71,nM,9.15
SLC6A3,CHEMBL238,CHEMBL416409,Fc1ccc(C(OCCC2CCN(Cc3ccc4ccccc4c3)CC2)c2ccc(F)cc2)cc1,IC50,7.2,nM,8.14
SLC6A3,CHEMBL238,CHEMBL343534,Fc1ccc(C(OCCC2CCN(C/C=C/c3cccs3)CC2)c2ccc(F)cc2)cc1,Ki,1.3,nM,8.89
SLC6A3,CHEMBL238,CHEMBL136249,Fc1ccc(C(OCCC2CCN(CC#Cc3ccccc3)CC2)c2ccc(F)cc2)cc1,Ki,5.3,nM,8.28
SLC6A3,CHEMBL238,CHEMBL137718,Fc1ccc(C(OCCC2CCN(C/C=C/c3ccccc3)CC2)c2ccc(F)cc2)cc1,Ki,0.45,nM,9.35
SLC6A3,CHEMBL238,CHEMBL136154,Fc1ccc(C(OCCC2CCN(Cc3cc4ccccc4o3)CC2)c2ccc(F)cc2)cc1,Ki,1.01,nM,9.00
SLC6A3,CHEMBL238,CHEMBL322923,COC(=O)C1=C(c2ccc(Cl)c(Cl)c2)CC2CCC1C2,IC50,7.1,nM,8.15
SLC6A3,CHEMBL238,CHEMBL14144,CN1C2CCC1C(C(=O)Oc1ccccc1)C(c1ccc(Cl)cc1)C2,Ki,5.25,nM,8.28
SLC6A3,CHEMBL238,CHEMBL549,CN(C)CCCC1(c2ccc(F)cc2)OCc2cc(C#N)ccc21,Ki,16540.0,nM,4.78
SLC6A3,CHEMBL238,CHEMBL88915,COC(=O)C1=C(c2ccc(Cl)c(Cl)c2)CC2CCC1N2C,IC50,1.2,nM,8.92
SLC6A3,CHEMBL238,CHEMBL84680,COC(=O)C1=C(c2ccc3ccccc3c2)CC2CCC1N2C,IC50,2.9,nM,8.54
SLC6A3,CHEMBL238,CHEMBL87031,COC(=O)C1C(c2ccc(Cl)c(Cl)c2)CC2CCC1N2C,IC50,1.1,nM,8.96
SLC6A3,CHEMBL238,CHEMBL121611,Fc1ccc(C(OCCNCCCNCCc2ccccc2)c2ccc(F)cc2)cc1,Ki,28.0,nM,7.55
SLC6A3,CHEMBL238,CHEMBL121611,Fc1ccc(C(OCCNCCCNCCc2ccccc2)c2ccc(F)cc2)cc1,IC50,68.0,nM,7.17
SLC6A3,CHEMBL238,CHEMBL103138,COC(=O)c1ccccc1-c1ccc(F)cc1,IC50,16000.0,nM,4.80
SLC6A3,CHEMBL238,CHEMBL122859,O=C1CN(CCc2ccccc2)CCN1CCOC(c1ccc(F)cc1)c1ccc(F)cc1,Ki,1430.0,nM,5.84
SLC6A3,CHEMBL238,CHEMBL122859,O=C1CN(CCc2ccccc2)CCN1CCOC(c1ccc(F)cc1)c1ccc(F)cc1,IC50,10.0,nM,
SLC6A3,CHEMBL238,CHEMBL14370,CCOc1ccccc1OC(c1ccccc1)C1CNCCO1,Ki,10000.0,nM,
SLC6A3,CHEMBL238,CHEMBL87031,COC(=O)C1C(c2ccc(Cl)c(Cl)c2)CC2CCC1N2C,IC50,2.0,nM,8.70
SLC6A3,CHEMBL238,CHEMBL123252,CN(CCCc1ccccc1)CCCN(C)CCOC(c1ccccc1)c1ccccc1,Ki,122.0,nM,6.91
SLC6A3,CHEMBL238,CHEMBL123252,CN(CCCc1ccccc1)CCCN(C)CCOC(c1ccccc1)c1ccccc1,IC50,237.0,nM,6.62
SLC6A3,CHEMBL238,CHEMBL14305,COC(=O)C1C(c2ccc(/C=C\Br)cc2)CC2CCC1N2C,Ki,3.1,nM,8.51
SLC6A3,CHEMBL238,CHEMBL319523,COC(=O)C1C2CCC(C2)CC1c1ccc(F)cc1,IC50,335.0,nM,6.47
SLC6A3,CHEMBL238,CHEMBL428706,COC(=O)C1C2CCC(CC1c1ccc(/C=C\I)cc1)N2,Ki,3.5,nM,8.46
SLC6A3,CHEMBL238,CHEMBL428706,COC(=O)C1C2CCC(CC1c1ccc(/C=C\I)cc1)N2,Ki,15.0,nM,7.82
SLC6A3,CHEMBL238,CHEMBL103152,COC(=O)C1=C(c2ccc3ccccc3c2)CC2CCC1C2,IC50,11.0,nM,7.96
SLC6A3,CHEMBL238,CHEMBL2111614,COC(=O)[C@H]1C2CCC(C2)C[C@@H]1c1ccc(Cl)c(Cl)c1,IC50,13.0,nM,7.89
SLC6A3,CHEMBL238,CHEMBL2111614,COC(=O)[C@H]1C2CCC(C2)C[C@@H]1c1ccc(Cl)c(Cl)c1,IC50,9.6,nM,8.02
SLC6A3,CHEMBL238,CHEMBL2111613,COC(=O)[C@H]1C2CCC(C2)C[C@@H]1c1ccc2ccccc2c1,IC50,17.0,nM,7.77
SLC6A3,CHEMBL238,CHEMBL420900,O=C(Cc1ccccc1)NCCCNCCOC(c1ccc(F)cc1)c1ccc(F)cc1,Ki,61.0,nM,7.21
SLC6A3,CHEMBL238,CHEMBL420900,O=C(Cc1ccccc1)NCCCNCCOC(c1ccc(F)cc1)c1ccc(F)cc1,IC50,73.0,nM,7.14
SLC6A3,CHEMBL238,CHEMBL322605,COC(=O)[C@@H]1C2CCC(C2)CC1c1ccc2ccccc2c1,IC50,25.0,nM,7.60
SLC6A3,CHEMBL238,CHEMBL2079586,COC(=O)[C@H]1[C@@H](c2ccc(F)cc2)C[C@H]2CC[C@H]1N2C,IC50,633.0,nM,6.20
SLC6A3,CHEMBL238,CHEMBL89469,COC(=O)C1=C(c2ccc(F)cc2)CC2CCC1N2C,IC50,408.0,nM,6.39
SLC6A3,CHEMBL238,CHEMBL327963,COC(=O)C1=C(c2ccc(F)cc2)CC2CCC1C2,IC50,390.0,nM,6.41
SLC6A3,CHEMBL238,CHEMBL333667,O=C(Cc1ccccc1)NCCNCCOC(c1ccc(F)cc1)c1ccc(F)cc1,Ki,54.0,nM,7.27
SLC6A3,CHEMBL238,CHEMBL333667,O=C(Cc1ccccc1)NCCNCCOC(c1ccc(F)cc1)c1ccc(F)cc1,IC50,80.0,nM,7.10
SLC6A3,CHEMBL238,CHEMBL87567,COC(=O)C1C(c2ccc3ccccc3c2)CC2CCC1N2C,IC50,0.49,nM,9.31
SLC6A3,CHEMBL238,CHEMBL102144,COC(=O)c1ccccc1-c1ccc(-c2ccc(Br)cc2)cc1,IC50,1000.0,nM,6.00
SLC6A3,CHEMBL238,CHEMBL122452,CN(CCCN(C)CCc1ccccc1)CCOC(c1ccccc1)c1ccccc1,Ki,322.0,nM,6.49
SLC6A3,CHEMBL238,CHEMBL122452,CN(CCCN(C)CCc1ccccc1)CCOC(c1ccccc1)c1ccccc1,IC50,349.0,nM,6.46
SLC6A3,CHEMBL238,CHEMBL2112594,O=C(CCc1ccccc1)NCCNCCOC(c1ccc(F)cc1)c1ccc(F)cc1,Ki,51.0,nM,7.29
SLC6A3,CHEMBL238,CHEMBL2112594,O=C(CCc1ccccc1)NCCNCCOC(c1ccc(F)cc1)c1ccc(F)cc1,IC50,90.0,nM,7.05
SLC6A3,CHEMBL238,CHEMBL275212,COC(=O)C1C(c2ccc(/C=C\I)cc2)CC2CCC1N2C,Ki,22.0,nM,7.66
SLC6A3,CHEMBL238,CHEMBL370805,COC(=O)[C@H]1[C@@H](OC(=O)c2ccccc2)C[C@@H]2CC[C@H]1N2C,Ki,759.0,nM,6.12
SLC6A3,CHEMBL238,CHEMBL318592,COC(=O)C1C2CCC(C2)CC1c1ccccc1,IC50,787.0,nM,6.10
SLC6A3,CHEMBL238,CHEMBL318138,COC(=O)[C@H]1C(c2ccc3ccccc3c2)CC2CCC1N2C,IC50,0.57,nM,9.24
SLC6A3,CHEMBL238,CHEMBL121027,CN(CCOC(c1ccccc1)c1ccccc1)CCN(C)CCc1ccc(F)cc1,Ki,30.0,nM,7.52
SLC6A3,CHEMBL238,CHEMBL121027,CN(CCOC(c1ccccc1)c1ccccc1)CCN(C)CCc1ccc(F)cc1,IC50,119.0,nM,6.92
SLC6A3,CHEMBL238,CHEMBL87031,COC(=O)C1C(c2ccc(Cl)c(Cl)c2)CC2CCC1N2C,IC50,0.4,nM,9.40
SLC6A3,CHEMBL238,CHEMBL311347,COC(=O)[C@@H]1C2CC[C@H](C[C@@H]1c1ccc(I)cc1)N2C,Ki,1.3,nM,8.89
SLC6A3,CHEMBL238,CHEMBL121460,CN(CCOC(c1ccc(F)cc1)c1ccc(F)cc1)CCN(C)CCOC(c1ccc(F)cc1)c1ccc(F)cc1,Ki,26.0,nM,7.58
SLC6A3,CHEMBL238,CHEMBL121460,CN(CCOC(c1ccc(F)cc1)c1ccc(F)cc1)CCN(C)CCOC(c1ccc(F)cc1)c1ccc(F)cc1,IC50,830.0,nM,6.08
SLC6A3,CHEMBL238,CHEMBL123830,O=C(Cc1ccc(F)cc1)NCCNCCOC(c1ccc(F)cc1)c1ccc(F)cc1,Ki,54.0,nM,7.27
SLC6A3,CHEMBL238,CHEMBL123830,O=C(Cc1ccc(F)cc1)NCCNCCOC(c1ccc(F)cc1)c1ccc(F)cc1,IC50,47.0,nM,7.33
SLC6A3,CHEMBL238,CHEMBL14613,COC(=O)C1C2CCC(CC1c1ccc(I)cc1)N2,Ki,0.69,nM,9.16
SLC6A3,CHEMBL238,CHEMBL388545,COC(=O)[C@@H]1C2CCC(C2)C[C@@H]1c1ccc(Cl)c(Cl)c1,IC50,14.0,nM,7.85
SLC6A3,CHEMBL238,CHEMBL100010,COC(=O)C1=C(c2ccccc2)CC2CCC1C2,IC50,3816.0,nM,5.42
SLC6A3,CHEMBL238,CHEMBL124222,O=C1CN(CCOC(c2ccccc2)c2ccccc2)CCN1CCCc1ccccc1,Ki,8200.0,nM,5.09
SLC6A3,CHEMBL238,CHEMBL124222,O=C1CN(CCOC(c2ccccc2)c2ccccc2)CCN1CCCc1ccccc1,IC50,10.0,nM,
SLC6A3,CHEMBL238,CHEMBL14257,COC(=O)C1C2CCC(CC1c1ccc(C=C(Br)Br)cc1)N2,Ki,5.6,nM,8.25
SLC6A3,CHEMBL238,CHEMBL27979,C[C@H]1CC[C@H](C)N1CCCOc1ccc(-c2ccc(C(=O)N3CCOCC3)cc2)cc1,Ki,4897.79,nM,5.31
SLC6A3,CHEMBL238,CHEMBL103936,COC(=O)c1ccccc1-c1ccc2ccccc2c1,IC50,145.0,nM,6.84
SLC6A3,CHEMBL238,CHEMBL2112412,COC(=O)[C@@H]1C2CCC(C2)C[C@@H]1c1ccc2ccccc2c1,IC50,27.0,nM,7.57
SLC6A3,CHEMBL238,CHEMBL103831,COC(=O)c1ccccc1-c1ccccc1,IC50,100000.0,nM,
SLC6A3,CHEMBL238,CHEMBL14924,COC(=O)C1C(c2ccc(C=C(Br)Br)cc2)CC2CCC1N2C,Ki,6.73,nM,8.17
SLC6A3,CHEMBL238,CHEMBL2079586,COC(=O)[C@H]1[C@@H](c2ccc(F)cc2)C[C@H]2CC[C@H]1N2C,IC50,11.0,nM,7.96
SLC6A3,CHEMBL238,CHEMBL323348,COC(=O)c1ccccc1C(=O)OC,IC50,100000.0,nM,
SLC6A3,CHEMBL238,CHEMBL103919,COC(=O)[C@@H]1C2CCC(C2)CC1c1ccc(Cl)c(Cl)c1,IC50,42.0,nM,7.38
SLC6A3,CHEMBL238,CHEMBL101986,COC(=O)c1ccccc1-c1ccc(Cl)cc1,IC50,675.0,nM,6.17
SLC6A3,CHEMBL238,CHEMBL2111613,COC(=O)[C@H]1C2CCC(C2)C[C@@H]1c1ccc2ccccc2c1,IC50,12.0,nM,7.92
SLC6A3,CHEMBL238,CHEMBL317714,COC(=O)c1ccccc1OC(=O)c1ccccc1,IC50,548.0,nM,6.26
SLC6A3,CHEMBL238,CHEMBL2112595,O=C(CCc1ccc(Br)cc1)N/C=C/NCCOC(c1ccc(F)cc1)c1ccc(F)cc1,Ki,510.0,nM,6.29
SLC6A3,CHEMBL238,CHEMBL2112595,O=C(CCc1ccc(Br)cc1)N/C=C/NCCOC(c1ccc(F)cc1)c1ccc(F)cc1,IC50,1380.0,nM,5.86
SLC6A3,CHEMBL238,CHEMBL14531,COC(=O)C1C2CCC(CC1c1ccc(/C=C\Br)cc1)N2,Ki,3.9,nM,8.41
SLC6A3,CHEMBL238,CHEMBL281594,Fc1ccc(C(OCCN2CCN(CCCc3ccccc3)CC2)c2ccc(F)cc2)cc1,IC50,43.0,nM,7.37
SLC6A3,CHEMBL238,CHEMBL281594,Fc1ccc(C(OCCN2CCN(CCCc3ccccc3)CC2)c2ccc(F)cc2)cc1,IC50,26.0,nM,7.58
SLC6A3,CHEMBL238,CHEMBL327868,COC(=O)[C@H]1C2CCC(C[C@@H]1OC(c1ccc(F)cc1)c1ccc(F)cc1)O2,IC50,20300.0,nM,4.69
SLC6A3,CHEMBL238,CHEMBL314402,COC(=O)C1C2CCC(CC1c1ccccc1)O2,IC50,1000.0,nM,
SLC6A3,CHEMBL238,CHEMBL316342,COC(=O)C1C2CCC(CC1c1ccc(Cl)c(Cl)c1)O2,IC50,2.34,nM,8.63
SLC6A3,CHEMBL238,CHEMBL89284,COC(=O)[C@H]1C2CCC(C[C@H]1OC(c1ccc(F)cc1)c1ccc(F)cc1)N2C,IC50,8900.0,nM,5.05
SLC6A3,CHEMBL238,CHEMBL14391,COC(=O)C1C(c2ccc(I)cc2)CC2CCC1N2C,IC50,1.26,nM,8.90
SLC6A3,CHEMBL238,CHEMBL329454,COC(=O)C1C2CCC(CC1c1ccc(F)cc1)O2,IC50,546.0,nM,6.26
SLC6A3,CHEMBL238,CHEMBL316342,COC(=O)C1C2CCC(CC1c1ccc(Cl)c(Cl)c1)O2,IC50,3.08,nM,8.51
SLC6A3,CHEMBL238,CHEMBL88792,COC(=O)C1C2CCC(CC1c1ccc(Br)cc1)O2,IC50,9.0,nM,8.05
SLC6A3,CHEMBL238,CHEMBL327314,COC(=O)[C@H]1C2CCC(C[C@@H]1OC(c1ccc(F)cc1)c1ccc(F)cc1)N2C,IC50,1750.0,nM,5.76
SLC6A3,CHEMBL238,CHEMBL14391,COC(=O)C1C(c2ccc(I)cc2)CC2CCC1N2C,IC50,2.85,nM,8.54
SLC6A3,CHEMBL238,CHEMBL310650,COC(=O)[C@@H]1C2CCC(C[C@@H]1OC(c1ccc(F)cc1)c1ccc(F)cc1)N2C,IC50,13500.0,nM,4.87
SLC6A3,CHEMBL238,CHEMBL313664,COC(=O)C1C2CCC(CC1c1ccc(I)cc1)O2,IC50,7.0,nM,8.15
SLC6A3,CHEMBL238,CHEMBL90903,COC(=O)C1C2CCC(CC1c1ccc(Cl)cc1)O2,IC50,28.5,nM,7.54
SLC6A3,CHEMBL238,CHEMBL109776,O=C(CC1CCN(Cc2ccc(F)cc2)CC1)NC(c1ccccc1)c1ccccc1,IC50,3213.0,nM,5.49
SLC6A3,CHEMBL238,CHEMBL109776,O=C(CC1CCN(Cc2ccc(F)cc2)CC1)NC(c1ccccc1)c1ccccc1,IC50,,nM,
SLC6A3,CHEMBL238,CHEMBL327314,COC(=O)[C@H]1C2CCC(C[C@@H]1OC(c1ccc(F)cc1)c1ccc(F)cc1)N2C,IC50,21900.0,nM,4.66
SLC6A3,CHEMBL238,CHEMBL2079586,COC(=O)[C@H]1[C@@H](c2ccc(F)cc2)C[C@H]2CC[C@H]1N2C,IC50,21.0,nM,7.68
SLC6A3,CHEMBL238,CHEMBL1790051,COC(=O)[C@@H]1C2CC[C@H](C[C@@H]1c1ccccc1)N2C.Cl,IC50,101.0,nM,7.00
SLC6A3,CHEMBL238,CHEMBL329454,COC(=O)C1C2CCC(CC1c1ccc(F)cc1)O2,IC50,1000.0,nM,
SLC6A3,CHEMBL238,CHEMBL89324,COC(=O)[C@H]1C2CCC(C[C@H]1OC(c1ccc(F)cc1)c1ccc(F)cc1)O2,IC50,22300.0,nM,4.65
SLC6A3,CHEMBL238,CHEMBL110530,Fc1ccc(CN2CCC(CCNC(c3ccccc3)c3ccccc3)CC2)cc1,IC50,30.0,nM,7.52
SLC6A3,CHEMBL238,CHEMBL110530,Fc1ccc(CN2CCC(CCNC(c3ccccc3)c3ccccc3)CC2)cc1,IC50,32.0,nM,7.50
SLC6A3,CHEMBL238,CHEMBL316342,COC(=O)C1C2CCC(CC1c1ccc(Cl)c(Cl)c1)O2,IC50,47.0,nM,7.33
SLC6A3,CHEMBL238,CHEMBL313664,COC(=O)C1C2CCC(CC1c1ccc(I)cc1)O2,IC50,42.0,nM,7.38
SLC6A3,CHEMBL238,CHEMBL87031,COC(=O)C1C(c2ccc(Cl)c(Cl)c2)CC2CCC1N2C,IC50,1.09,nM,8.96
SLC6A3,CHEMBL238,CHEMBL88792,COC(=O)C1C2CCC(CC1c1ccc(Br)cc1)O2,IC50,22.0,nM,7.66
SLC6A3,CHEMBL238,CHEMBL316342,COC(=O)C1C2CCC(CC1c1ccc(Cl)c(Cl)c1)O2,IC50,56.0,nM,7.25
SLC6A3,CHEMBL238,CHEMBL88986,COC(=O)[C@@H]1C2CCC(C[C@@H]1OC(c1ccc(F)cc1)c1ccc(F)cc1)O2,IC50,10000.0,nM,
SLC6A3,CHEMBL238,CHEMBL607377,COC(=O)C1C2CC[C@H](C[C@H]1OC(c1ccc(F)cc1)c1ccc(F)cc1)N2C,IC50,3380.0,nM,5.47
SLC6A3,CHEMBL238,CHEMBL306208,COC(=O)C1C(c2ccc(Cl)cc2)CC2CCC1N2C,IC50,1.4,nM,8.85
SLC6A3,CHEMBL238,CHEMBL34032,Fc1ccc(C(OCCC2CCN(Cc3ccccc3)CC2)c2ccc(F)cc2)cc1,IC50,35.0,nM,7.46
SLC6A3,CHEMBL238,CHEMBL34032,Fc1ccc(C(OCCC2CCN(Cc3ccccc3)CC2)c2ccc(F)cc2)cc1,IC50,,nM,
SLC6A3,CHEMBL238,CHEMBL316342,COC(=O)C1C2CCC(CC1c1ccc(Cl)c(Cl)c1)O2,IC50,3.27,nM,8.48
SLC6A3,CHEMBL238,CHEMBL314402,COC(=O)C1C2CCC(CC1c1ccccc1)O2,IC50,1900.0,nM,5.72
SLC6A3,CHEMBL238,CHEMBL89284,COC(=O)[C@H]1C2CCC(C[C@H]1OC(c1ccc(F)cc1)c1ccc(F)cc1)N2C,IC50,3840.0,nM,5.42
SLC6A3,CHEMBL238,CHEMBL1790051,COC(=O)[C@@H]1C2CC[C@H](C[C@@H]1c1ccccc1)N2C.Cl,IC50,23.0,nM,7.64
SLC6A3,CHEMBL238,CHEMBL306208,COC(=O)C1C(c2ccc(Cl)cc2)CC2CCC1N2C,IC50,2.4,nM,8.62
SLC6A3,CHEMBL238,CHEMBL90903,COC(=O)C1C2CCC(CC1c1ccc(Cl)cc1)O2,IC50,10.0,nM,8.00
SLC6A3,CHEMBL238,CHEMBL20648,Fc1ccc(CN2CCC(CCOC(c3ccccc3)c3ccccc3)CC2)cc1,IC50,37.6,nM,7.42
SLC6A3,CHEMBL238,CHEMBL20648,Fc1ccc(CN2CCC(CCOC(c3ccccc3)c3ccccc3)CC2)cc1,IC50,,nM,
SLC6A3,CHEMBL238,CHEMBL316342,COC(=O)C1C2CCC(CC1c1ccc(Cl)c(Cl)c1)O2,IC50,3.35,nM,8.47
SLC6A3,CHEMBL238,CHEMBL88163,COC(=O)[C@@H]1C2CCC(C[C@H]1OC(c1ccc(F)cc1)c1ccc(F)cc1)O2,IC50,520.0,nM,6.28
SLC6A3,CHEMBL238,CHEMBL444592,Fc1ccc(C(NCCC2CCN(Cc3ccccc3)CC2)c2ccc(F)cc2)cc1,IC50,33.0,nM,7.48
SLC6A3,CHEMBL238,CHEMBL444592,Fc1ccc(C(NCCC2CCN(Cc3ccccc3)CC2)c2ccc(F)cc2)cc1,IC50,58.0,nM,7.24
SLC6A3,CHEMBL238,CHEMBL432727,CN1C2CCC1C(C(=O)NCCCCCCNC(=O)C1C(c3ccc(Cl)cc3)CC3CCC1N3C)C(c1ccc(Cl)cc1)C2,Ki,18.4,nM,7.74
SLC6A3,CHEMBL238,CHEMBL432727,CN1C2CCC1C(C(=O)NCCCCCCNC(=O)C1C(c3ccc(Cl)cc3)CC3CCC1N3C)C(c1ccc(Cl)cc1)C2,IC50,1401.0,nM,5.85
SLC6A3,CHEMBL238,CHEMBL125140,COC(=O)C1C2CCC(C[C@@H]1OC(c1ccccc1)c1ccc(C)cc1)N2C,IC50,49.5,nM,7.30
SLC6A3,CHEMBL238,CHEMBL407803,CN1C2CCC1C(C(=O)NCCCCNC(=O)C1C(c3ccc(Cl)cc3)CC3CCC1N3C)C(c1ccc(Cl)cc1)C2,Ki,21.7,nM,7.66
SLC6A3,CHEMBL238,CHEMBL407803,CN1C2CCC1C(C(=O)NCCCCNC(=O)C1C(c3ccc(Cl)cc3)CC3CCC1N3C)C(c1ccc(Cl)cc1)C2,IC50,1667.0,nM,5.78
SLC6A3,CHEMBL238,CHEMBL317757,CN1C2CCC1CC(OC(c1ccc(F)cc1)c1ccc(F)cc1)C2,IC50,44.6,nM,7.35
SLC6A3,CHEMBL238,CHEMBL307314,CN1C2CCC1C(C(=O)NCCCCCCCCNC(=O)C1C(c3ccc(Cl)cc3)CC3CCC1N3C)C(c1ccc(Cl)cc1)C2,Ki,6.7,nM,8.17
SLC6A3,CHEMBL238,CHEMBL307314,CN1C2CCC1C(C(=O)NCCCCCCCCNC(=O)C1C(c3ccc(Cl)cc3)CC3CCC1N3C)C(c1ccc(Cl)cc1)C2,IC50,871.0,nM,6.06
SLC6A3,CHEMBL238,CHEMBL339481,CCC(O[C@H]1CC2CCC(C1C(=O)OC)N2C)c1ccccc1,IC50,1480.0,nM,5.83
SLC6A3,CHEMBL238,CHEMBL126100,COC(=O)C1C2CCC(C[C@@H]1OC(c1ccc(F)cc1)c1ccc(F)cc1)N2,IC50,20.3,nM,7.69
SLC6A3,CHEMBL238,CHEMBL340521,COC(=O)C1C2CCC(C[C@@H]1OC(c1ccccc1)c1ccc(Br)cc1)N2C,IC50,24.0,nM,7.62
SLC6A3,CHEMBL238,CHEMBL125871,COC(=O)C1C2CCC(C[C@@H]1OC(c1ccc(F)cc1)c1ccc(F)cc1)N2CCCc1ccc(I)cc1,IC50,119.0,nM,6.92
SLC6A3,CHEMBL238,CHEMBL332506,COC(=O)C1C2CCC(C[C@@H]1OC1c3ccccc3-c3ccccc31)N2C,IC50,6030.0,nM,5.22
SLC6A3,CHEMBL238,CHEMBL303266,CN1C2CCC1C(C(=O)NCCCNC(=O)C1C(c3ccc(Cl)cc3)CC3CCC1N3C)C(c1ccc(Cl)cc1)C2,Ki,65.1,nM,7.19
SLC6A3,CHEMBL238,CHEMBL303266,CN1C2CCC1C(C(=O)NCCCNC(=O)C1C(c3ccc(Cl)cc3)CC3CCC1N3C)C(c1ccc(Cl)cc1)C2,IC50,52.2,nM,7.28
SLC6A3,CHEMBL238,CHEMBL125954,COC(=O)C1C2CCC(C[C@@H]1OC(c1ccc(F)cc1)c1ccc(F)cc1)N2CCCc1ccccc1,IC50,22.0,nM,7.66
SLC6A3,CHEMBL238,CHEMBL124278,COC(=O)C1C2CCC(C[C@@H]1OC(c1ccc(Br)cc1)c1ccc(Br)cc1)N2C,IC50,72.0,nM,7.14
SLC6A3,CHEMBL238,CHEMBL338313,COC(=O)C1C2CCC(C[C@@H]1OC(c1ccccc1)c1ccc(Cl)cc1)N2C,IC50,15.8,nM,7.80
SLC6A3,CHEMBL238,CHEMBL339401,COC(=O)C1C2CCC(C[C@@H]1OC(c1ccc(Br)cc1)c1ccc(I)cc1)N2C,IC50,389.0,nM,6.41
SLC6A3,CHEMBL238,CHEMBL2373379,COC(=O)C1C2CC[C@@H](C[C@@H]1OC(c1ccc(F)cc1)c1ccc(F)cc1)N2C,IC50,10.9,nM,7.96
SLC6A3,CHEMBL238,CHEMBL125017,COC(=O)C1C2CCC(C[C@@H]1OC(c1ccccc1)c1ccccc1)N2C,IC50,33.5,nM,7.47
SLC6A3,CHEMBL238,CHEMBL124670,COC(=O)C1C2CCC(C[C@@H]1OC(c1ccc(F)cc1)c1ccc(F)cc1)N2CCCc1ccc(Br)cc1,IC50,80.2,nM,7.10
SLC6A3,CHEMBL238,CHEMBL370805,COC(=O)[C@H]1[C@@H](OC(=O)c2ccccc2)C[C@@H]2CC[C@H]1N2C,Ki,272.0,nM,6.57
SLC6A3,CHEMBL238,CHEMBL370805,COC(=O)[C@H]1[C@@H](OC(=O)c2ccccc2)C[C@@H]2CC[C@H]1N2C,IC50,267.0,nM,6.57
SLC6A3,CHEMBL238,CHEMBL306208,COC(=O)C1C(c2ccc(Cl)cc2)CC2CCC1N2C,Ki,1.1,nM,8.96
SLC6A3,CHEMBL238,CHEMBL306208,COC(=O)C1C(c2ccc(Cl)cc2)CC2CCC1N2C,IC50,1.7,nM,8.77
SLC6A3,CHEMBL238,CHEMBL339352,COC(=O)C1C2CCC(C[C@@H]1OC(c1ccc(F)cc1)c1ccc(F)cc1)N2CCCCCc1ccccc1,IC50,99.0,nM,7.00
SLC6A3,CHEMBL238,CHEMBL121857,COC(=O)C1C2CCC(C[C@@H]1OC(c1ccccc1)c1ccc(I)cc1)N2C,IC50,55.9,nM,7.25
SLC6A3,CHEMBL238,CHEMBL435990,COC(=O)C1C2CCC(C[C@@H]1OC(c1ccc(C)cc1)c1ccc(C)cc1)N2C,IC50,240.0,nM,6.62
SLC6A3,CHEMBL238,CHEMBL420333,COC(=O)C1C2CCC(C[C@@H]1OC(c1ccc(I)cc1)c1ccc(I)cc1)N2C,IC50,909.0,nM,6.04
SLC6A3,CHEMBL238,CHEMBL338566,COC(=O)C1C2CCC(C[C@@H]1OC(c1ccccc1)c1ccc(F)cc1)N2C,IC50,13.2,nM,7.88
SLC6A3,CHEMBL238,CHEMBL124854,COC(=O)C1C2CCC(C[C@@H]1OC(c1ccc(F)cc1)c1ccc(F)cc1)N2Cc1ccccc1,IC50,223.0,nM,6.65
SLC6A3,CHEMBL238,CHEMBL333331,COC(=O)C1C2CCC(C[C@@H]1OC(c1ccc(Cl)cc1)c1ccc(Cl)cc1)N2C,IC50,91.4,nM,7.04
SLC6A3,CHEMBL238,CHEMBL80515,COC(=O)C1C2CCC(CC1c1ccc(F)cc1)N2,IC50,33.7,nM,7.47
SLC6A3,CHEMBL238,CHEMBL2029054,CNCC[C@H](Oc1cccc2c(O[C@@H]3O[C@H](C(=O)O)[C@@H](O)[C@H](O)[C@H]3O)c(O[C@@H]3O[C@H](C(=O)O)[C@@H](O)[C@H](O)[C@H]3O)ccc12)c1cccs1,Ki,10000.0,nM,
SLC6A3,CHEMBL238,CHEMBL14391,COC(=O)C1C(c2ccc(I)cc2)CC2CCC1N2C,IC50,1.08,nM,8.97
SLC6A3,CHEMBL238,CHEMBL119605,CNCC[C@H](Oc1cccc2c(O)c(OC)ccc12)c1cccs1,Ki,2814.0,nM,5.55
SLC6A3,CHEMBL238,CHEMBL325669,CNCC[C@H](Oc1cccc2c(OC)c(O)ccc12)c1cccs1,Ki,353.0,nM,6.45
SLC6A3,CHEMBL238,CHEMBL81525,COC(=O)C1C2CCC(CC1c1ccc(Cl)cc1)N2,IC50,1.43,nM,8.85
SLC6A3,CHEMBL238,CHEMBL370805,COC(=O)[C@H]1[C@@H](OC(=O)c2ccccc2)C[C@@H]2CC[C@H]1N2C,IC50,95.6,nM,7.02
SLC6A3,CHEMBL238,CHEMBL420142,CNCC[C@H](Oc1cccc2c(OS(=O)(=O)[O-])c(OC)ccc12)c1cccs1.[Na+],Ki,10000.0,nM,
SLC6A3,CHEMBL238,CHEMBL2029052,CNCC[C@H](Oc1cccc2cc(O[C@@H]3O[C@H](C(=O)O)[C@@H](O)[C@H](O)[C@H]3O)ccc12)c1cccs1,Ki,10000.0,nM,
SLC6A3,CHEMBL238,CHEMBL171106,COC(=O)C1C(c2cccc(Br)c2)CC2CCC1N2C,IC50,7.93,nM,8.10
SLC6A3,CHEMBL238,CHEMBL67387,COC(=O)C1C(c2cccc(I)c2)CC2CCC1N2C,IC50,27.8,nM,7.56
SLC6A3,CHEMBL238,CHEMBL2029055,CNCC[C@H](Oc1cccc2c(O[C@@H]3O[C@H](C(=O)O)[C@@H](O)[C@H](O)[C@H]3O)c(OC)ccc12)c1cccs1,Ki,10000.0,nM,
SLC6A3,CHEMBL238,CHEMBL1175,CNCC[C@H](Oc1cccc2ccccc12)c1cccs1,Ki,240.0,nM,6.62
SLC6A3,CHEMBL238,CHEMBL326713,CNCC[C@H](Oc1cccc2c(O)c(O)ccc12)c1cccs1,Ki,10000.0,nM,
SLC6A3,CHEMBL238,CHEMBL326713,CNCC[C@H](Oc1cccc2c(O)c(O)ccc12)c1cccs1,Ki,7275.0,nM,5.14
SLC6A3,CHEMBL238,CHEMBL2029053,CNCC[C@H](Oc1ccc(O[C@@H]2O[C@H](C(=O)O)[C@@H](O)[C@H](O)[C@H]2O)c2ccccc12)c1cccs1,Ki,3509.0,nM,5.46
SLC6A3,CHEMBL238,CHEMBL332098,CNCC[C@H](Oc1cccc2cc(O)ccc12)c1cccs1,Ki,163.5,nM,6.79
SLC6A3,CHEMBL238,CHEMBL170790,,IC50,1100.0,nM,5.96
SLC6A3,CHEMBL238,CHEMBL324967,CNCC[C@H](Oc1cccc2c(O)cccc12)c1cccs1,Ki,240.5,nM,6.62
SLC6A3,CHEMBL238,CHEMBL332097,CNCC[C@H](Oc1ccc(O)c2ccccc12)c1cccs1,Ki,130.0,nM,6.89
SLC6A3,CHEMBL238,CHEMBL1790051,COC(=O)[C@@H]1C2CC[C@H](C[C@@H]1c1ccccc1)N2C.Cl,IC50,65.0,nM,7.19
SLC6A3,CHEMBL238,CHEMBL169471,COC(=O)C1C2CCC(CC1c1ccc(Cl)c(Cl)c1)N2,IC50,0.66,nM,9.18
SLC6A3,CHEMBL238,CHEMBL50858,COC(=O)C1C2CC[C@H](C[C@@H]1c1ccc(Cl)c(C)c1)N2C,IC50,0.6,nM,9.22
SLC6A3,CHEMBL238,CHEMBL120512,CN1CCN(C2Cn3cccc3Sc3ccc(Cl)cc32)CC1,IC50,6500.0,nM,5.19
SLC6A3,CHEMBL238,CHEMBL894,CC(NC(C)(C)C)C(=O)c1cccc(Cl)c1,IC50,2900.0,nM,5.54
SLC6A3,CHEMBL238,CHEMBL344513,CC(C)(C)N[C@@H]1C[C@@H](c2ccc(Cl)c(Cl)c2)c2ccccc21,Ki,130.0,nM,6.89
SLC6A3,CHEMBL238,CHEMBL344513,CC(C)(C)N[C@@H]1C[C@@H](c2ccc(Cl)c(Cl)c2)c2ccccc21,Ki,370.0,nM,6.43
SLC6A3,CHEMBL238,CHEMBL370805,COC(=O)[C@H]1[C@@H](OC(=O)c2ccccc2)C[C@@H]2CC[C@H]1N2C,Ki,300.0,nM,6.52
SLC6A3,CHEMBL238,CHEMBL370805,COC(=O)[C@H]1[C@@H](OC(=O)c2ccccc2)C[C@@H]2CC[C@H]1N2C,Ki,330.0,nM,6.48
SLC6A3,CHEMBL238,CHEMBL356531,CN([C@H]1C[C@@H](c2ccc(Cl)c(Cl)c2)c2ccccc21)C(C)(C)C,Ki,2800.0,nM,5.55
SLC6A3,CHEMBL238,CHEMBL356531,CN([C@H]1C[C@@H](c2ccc(Cl)c(Cl)c2)c2ccccc21)C(C)(C)C,Ki,10000.0,nM,
SLC6A3,CHEMBL238,CHEMBL344110,CC(C)N(C)[C@H]1C[C@@H](c2ccc(Cl)c(Cl)c2)c2ccccc21,Ki,680.0,nM,6.17
SLC6A3,CHEMBL238,CHEMBL344110,CC(C)N(C)[C@H]1C[C@@H](c2ccc(Cl)c(Cl)c2)c2ccccc21,Ki,960.0,nM,6.02
SLC6A3,CHEMBL238,CHEMBL147983,CCN[C@@H]1C[C@@H](c2ccc(Cl)c(Cl)c2)c2ccccc21,Ki,8.1,nM,8.09
SLC6A3,CHEMBL238,CHEMBL147983,CCN[C@@H]1C[C@@H](c2ccc(Cl)c(Cl)c2)c2ccccc21,Ki,61.0,nM,7.21
SLC6A3,CHEMBL238,CHEMBL145940,CC(C)(C)N[C@H]1C[C@@H](c2ccc(Cl)c(Cl)c2)c2ccccc21,Ki,650.0,nM,6.19
SLC6A3,CHEMBL238,CHEMBL145940,CC(C)(C)N[C@H]1C[C@@H](c2ccc(Cl)c(Cl)c2)c2ccccc21,Ki,1500.0,nM,5.82
SLC6A3,CHEMBL238,CHEMBL343211,CN(Cc1ccccc1)[C@@H]1C[C@@H](c2ccc(Cl)c(Cl)c2)c2ccccc21,Ki,120.0,nM,6.92
SLC6A3,CHEMBL238,CHEMBL343211,CN(Cc1ccccc1)[C@@H]1C[C@@H](c2ccc(Cl)c(Cl)c2)c2ccccc21,Ki,550.0,nM,6.26
SLC6A3,CHEMBL238,CHEMBL147040,CCN(C)[C@@H]1C[C@@H](c2ccc(Cl)c(Cl)c2)c2ccccc21,Ki,39.0,nM,7.41
SLC6A3,CHEMBL238,CHEMBL147040,CCN(C)[C@@H]1C[C@@H](c2ccc(Cl)c(Cl)c2)c2ccccc21,Ki,270.0,nM,6.57
SLC6A3,CHEMBL238,CHEMBL146332,CN[C@H]1C[C@@H](c2ccc(Cl)c(Cl)c2)c2ccccc21,Ki,290.0,nM,6.54
SLC6A3,CHEMBL238,CHEMBL146332,CN[C@H]1C[C@@H](c2ccc(Cl)c(Cl)c2)c2ccccc21,Ki,500.0,nM,6.30
SLC6A3,CHEMBL238,CHEMBL356750,CN(C)[C@@H]1C[C@@H](c2ccc(Cl)c(Cl)c2)c2ccccc21,Ki,8.7,nM,8.06
SLC6A3,CHEMBL238,CHEMBL356750,CN(C)[C@@H]1C[C@@H](c2ccc(Cl)c(Cl)c2)c2ccccc21,Ki,120.0,nM,6.92
SLC6A3,CHEMBL238,CHEMBL103504,CCC[C@@]1(O)CN2C3CC[C@@H]2C[C@H](c2ccc(C)cc2)C31,IC50,373.0,nM,6.43
SLC6A3,CHEMBL238,CHEMBL145994,Clc1ccc([C@@H]2C[C@@H](NCc3ccccc3)c3ccccc32)cc1Cl,Ki,80.0,nM,7.10
SLC6A3,CHEMBL238,CHEMBL145994,Clc1ccc([C@@H]2C[C@@H](NCc3ccccc3)c3ccccc32)cc1Cl,Ki,130.0,nM,6.89
SLC6A3,CHEMBL238,CHEMBL101250,Cc1ccc([C@H]2C[C@H]3CCC4C2[C@](C)(O)CN43)cc1,IC50,390.0,nM,6.41
SLC6A3,CHEMBL238,CHEMBL356981,CC(C)N(C)[C@@H]1C[C@@H](c2ccc(Cl)c(Cl)c2)c2ccccc21,Ki,180.0,nM,6.75
SLC6A3,CHEMBL238,CHEMBL356981,CC(C)N(C)[C@@H]1C[C@@H](c2ccc(Cl)c(Cl)c2)c2ccccc21,Ki,190.0,nM,6.72
SLC6A3,CHEMBL238,CHEMBL430840,O=C1CN2C3CC[C@@H]2C[C@H](c2ccc(F)cc2)C13,IC50,3320.0,nM,5.48
SLC6A3,CHEMBL238,CHEMBL101905,C=C1CN2C3CC[C@@H]2C[C@H](c2ccc(C)cc2)C13,IC50,67.0,nM,7.17
SLC6A3,CHEMBL238,CHEMBL321067,Cc1ccc([C@H]2C[C@H]3CCC4C2[C@@](O)(c2ccccc2)CN43)cc1,IC50,89.0,nM,7.05
SLC6A3,CHEMBL238,CHEMBL1202031,CN(C)[C@@H]1C[C@@H](c2ccc(Cl)c(Cl)c2)c2ccc(I)cc21.O=C(O)C(=O)O,Ki,310.0,nM,6.51
SLC6A3,CHEMBL238,CHEMBL1202031,CN(C)[C@@H]1C[C@@H](c2ccc(Cl)c(Cl)c2)c2ccc(I)cc21.O=C(O)C(=O)O,Ki,290.0,nM,6.54
SLC6A3,CHEMBL238,CHEMBL147544,Clc1ccc([C@@H]2C[C@H](NCc3ccccc3)c3ccccc32)cc1Cl,Ki,1100.0,nM,5.96
SLC6A3,CHEMBL238,CHEMBL147544,Clc1ccc([C@@H]2C[C@H](NCc3ccccc3)c3ccccc32)cc1Cl,Ki,5300.0,nM,5.28
SLC6A3,CHEMBL238,CHEMBL103701,CCCC1C2C3CCN2[C@H](C3)C[C@@H]1c1ccc(C)cc1,IC50,570.0,nM,6.24
SLC6A3,CHEMBL238,CHEMBL370805,COC(=O)[C@H]1[C@@H](OC(=O)c2ccccc2)C[C@@H]2CC[C@H]1N2C,IC50,301.0,nM,6.52
SLC6A3,CHEMBL238,CHEMBL146615,CCCN[C@H]1C[C@@H](c2ccc(Cl)c(Cl)c2)c2ccccc21,Ki,280.0,nM,6.55
SLC6A3,CHEMBL238,CHEMBL146615,CCCN[C@H]1C[C@@H](c2ccc(Cl)c(Cl)c2)c2ccccc21,Ki,620.0,nM,6.21
SLC6A3,CHEMBL238,CHEMBL148104,CN([C@@H]1C[C@@H](c2ccc(Cl)c(Cl)c2)c2ccccc21)C(C)(C)C,Ki,890.0,nM,6.05
SLC6A3,CHEMBL238,CHEMBL148104,CN([C@@H]1C[C@@H](c2ccc(Cl)c(Cl)c2)c2ccccc21)C(C)(C)C,Ki,2700.0,nM,5.57
SLC6A3,CHEMBL238,CHEMBL424496,CC(C)N[C@H]1C[C@@H](c2ccc(Cl)c(Cl)c2)c2ccccc21,Ki,450.0,nM,6.35
SLC6A3,CHEMBL238,CHEMBL424496,CC(C)N[C@H]1C[C@@H](c2ccc(Cl)c(Cl)c2)c2ccccc21,Ki,1400.0,nM,5.85
SLC6A3,CHEMBL238,CHEMBL356750,CN(C)[C@@H]1C[C@@H](c2ccc(Cl)c(Cl)c2)c2ccccc21,Ki,38.0,nM,7.42
SLC6A3,CHEMBL238,CHEMBL356750,CN(C)[C@@H]1C[C@@H](c2ccc(Cl)c(Cl)c2)c2ccccc21,Ki,650.0,nM,6.19
SLC6A3,CHEMBL238,CHEMBL1788140,CN(C)[C@@H]1C[C@@H](c2ccc(Cl)c(Cl)c2)c2ccccc21.O=C(O)/C=C\C(=O)O,Ki,19.0,nM,7.72
SLC6A3,CHEMBL238,CHEMBL1788140,CN(C)[C@@H]1C[C@@H](c2ccc(Cl)c(Cl)c2)c2ccccc21.O=C(O)/C=C\C(=O)O,Ki,200.0,nM,6.70
SLC6A3,CHEMBL238,CHEMBL147950,CN(C)[C@H]1C[C@@H](c2ccc(Cl)c(Cl)c2)c2ccccc21,Ki,63.0,nM,7.20
SLC6A3,CHEMBL238,CHEMBL147950,CN(C)[C@H]1C[C@@H](c2ccc(Cl)c(Cl)c2)c2ccccc21,Ki,550.0,nM,6.26
SLC6A3,CHEMBL238,CHEMBL145810,CCCN(C)[C@H]1C[C@@H](c2ccc(Cl)c(Cl)c2)c2ccccc21,Ki,1200.0,nM,5.92
SLC6A3,CHEMBL238,CHEMBL145810,CCCN(C)[C@H]1C[C@@H](c2ccc(Cl)c(Cl)c2)c2ccccc21,Ki,1000.0,nM,6.00
SLC6A3,CHEMBL238,CHEMBL419728,Cc1ccc([C@H]2C[C@H]3CCC4C2[C@@](O)(c2ccc(Cl)cc2)CN43)cc1,IC50,44.0,nM,7.36
SLC6A3,CHEMBL238,CHEMBL146042,CCCN[C@@H]1C[C@@H](c2ccc(Cl)c(Cl)c2)c2ccccc21,Ki,220.0,nM,6.66
SLC6A3,CHEMBL238,CHEMBL146042,CCCN[C@@H]1C[C@@H](c2ccc(Cl)c(Cl)c2)c2ccccc21,Ki,53.0,nM,7.28
SLC6A3,CHEMBL238,CHEMBL1744173,CCN(C)[C@H]1C[C@@H](c2ccc(Cl)c(Cl)c2)c2ccccc21.O=C(O)/C=C\C(=O)O,Ki,660.0,nM,6.18
SLC6A3,CHEMBL238,CHEMBL1744173,CCN(C)[C@H]1C[C@@H](c2ccc(Cl)c(Cl)c2)c2ccccc21.O=C(O)/C=C\C(=O)O,Ki,530.0,nM,6.28
SLC6A3,CHEMBL238,CHEMBL344116,CCCN(C)[C@@H]1C[C@@H](c2ccc(Cl)c(Cl)c2)c2ccccc21,Ki,250.0,nM,6.60
SLC6A3,CHEMBL238,CHEMBL344116,CCCN(C)[C@@H]1C[C@@H](c2ccc(Cl)c(Cl)c2)c2ccccc21,Ki,340.0,nM,6.47
SLC6A3,CHEMBL238,CHEMBL341898,CN[C@@H]1C[C@@H](c2ccc(Cl)c(Cl)c2)c2ccccc21,Ki,27.0,nM,7.57
SLC6A3,CHEMBL238,CHEMBL341898,CN[C@@H]1C[C@@H](c2ccc(Cl)c(Cl)c2)c2ccccc21,Ki,23.0,nM,7.64
SLC6A3,CHEMBL238,CHEMBL356552,CCN[C@H]1C[C@@H](c2ccc(Cl)c(Cl)c2)c2ccccc21,Ki,140.0,nM,6.85
SLC6A3,CHEMBL238,CHEMBL356552,CCN[C@H]1C[C@@H](c2ccc(Cl)c(Cl)c2)c2ccccc21,Ki,1000.0,nM,6.00
SLC6A3,CHEMBL238,CHEMBL102018,Cc1ccc([C@H]2C[C@H]3CCC4C2C(=O)CN43)cc1,IC50,538.0,nM,6.27
SLC6A3,CHEMBL238,CHEMBL359025,CC(C)N[C@@H]1C[C@@H](c2ccc(Cl)c(Cl)c2)c2ccccc21,Ki,32.0,nM,7.50
SLC6A3,CHEMBL238,CHEMBL359025,CC(C)N[C@@H]1C[C@@H](c2ccc(Cl)c(Cl)c2)c2ccccc21,Ki,51.0,nM,7.29
SLC6A3,CHEMBL238,CHEMBL1744190,CN(Cc1ccccc1)[C@H]1C[C@@H](c2ccc(Cl)c(Cl)c2)c2ccccc21.O=C(O)/C=C\C(=O)O,Ki,10000.0,nM,
SLC6A3,CHEMBL238,CHEMBL89208,COC(=O)C1C(c2ccccc2)CC2[C@@H](O)CC1N2C,IC50,32600.0,nM,4.49
SLC6A3,CHEMBL238,CHEMBL84680,COC(=O)C1=C(c2ccc3ccccc3c2)CC2CCC1N2C,IC50,2.94,nM,8.53
SLC6A3,CHEMBL238,CHEMBL330228,COC(=O)C1C(c2ccc(Cl)c(Cl)c2)CC2C[C@@H](O)C1N2C,IC50,1.19,nM,8.92
SLC6A3,CHEMBL238,CHEMBL89476,COC(=O)C1C(c2ccc(Cl)c(Cl)c2)CC2C[C@H](O)C1N2C,IC50,3.04,nM,8.52
SLC6A3,CHEMBL238,CHEMBL87567,COC(=O)C1C(c2ccc3ccccc3c2)CC2CCC1N2C,IC50,0.57,nM,9.24
SLC6A3,CHEMBL238,CHEMBL89754,COC(=O)C1=C(c2ccccc2)CC2C[C@@H](O)C1N2C,IC50,10000.0,nM,
SLC6A3,CHEMBL238,CHEMBL89662,COC(=O)C1=C(c2ccccc2)CC2CCC1N2C,IC50,2590.0,nM,5.59
SLC6A3,CHEMBL238,CHEMBL89756,COC(=O)C1=C(c2ccccc2)CC2[C@@H](O)CC1N2C,IC50,150000.0,nM,
SLC6A3,CHEMBL238,CHEMBL86710,COC(=O)C1=C(c2ccc(Cl)c(Cl)c2)CC2C[C@@H](O)C1N2C,IC50,19.4,nM,7.71
SLC6A3,CHEMBL238,CHEMBL606929,COC(=O)[C@@H]1C(c2ccc(Cl)c(Cl)c2)C[C@H]2C[C@@H](O)C1N2C,IC50,0.76,nM,9.12
SLC6A3,CHEMBL238,CHEMBL89208,COC(=O)C1C(c2ccccc2)CC2[C@@H](O)CC1N2C,IC50,6150.0,nM,5.21
SLC6A3,CHEMBL238,CHEMBL612232,COC(=O)[C@H]1C2CC[C@@H]3C[C@@H]1/C(=C/c1ccc(OC)cc1)CN23,Ki,3600.0,nM,5.44
SLC6A3,CHEMBL238,CHEMBL612232,COC(=O)[C@H]1C2CC[C@@H]3C[C@@H]1/C(=C/c1ccc(OC)cc1)CN23,Ki,3700.0,nM,5.43
SLC6A3,CHEMBL238,CHEMBL606930,COC(=O)C1=C(c2ccc(Cl)c(Cl)c2)C[C@H]2C[C@@H](O)C1N2C,IC50,7.37,nM,8.13
SLC6A3,CHEMBL238,CHEMBL88246,COC(=O)C1C(c2ccc(Cl)c(Cl)c2)CC2[C@H](O)CC1N2C,IC50,33.2,nM,7.48
SLC6A3,CHEMBL238,CHEMBL421167,COC(=O)C1C(c2ccc(Cl)c(Cl)c2)CC2[C@@H](O)CC1N2C,IC50,6.09,nM,8.21
SLC6A3,CHEMBL238,CHEMBL88563,COC(=O)C1C(c2ccccc2)CC2C[C@@H](O)C1N2C,IC50,235.0,nM,6.63
SLC6A3,CHEMBL238,CHEMBL2079586,COC(=O)[C@H]1[C@@H](c2ccc(F)cc2)C[C@H]2CC[C@H]1N2C,IC50,17.9,nM,7.75
SLC6A3,CHEMBL238,CHEMBL316428,COC(=O)C1=C(c2ccc3ccccc3c2)CC2[C@@H](O)CC1N2C,IC50,246.0,nM,6.61
SLC6A3,CHEMBL238,CHEMBL86590,CCOC(=O)C1C(c2ccc(Cl)c(Cl)c2)CC2C[C@@H](O)C1N2C,IC50,1.1,nM,8.96
SLC6A3,CHEMBL238,CHEMBL304656,COC(=O)[C@H]1C2CC[C@@H]3C[C@@H]1/C(=C/c1ccc(Cl)c(Cl)c1)CN23,Ki,3320.0,nM,5.48
SLC6A3,CHEMBL238,CHEMBL304656,COC(=O)[C@H]1C2CC[C@@H]3C[C@@H]1/C(=C/c1ccc(Cl)c(Cl)c1)CN23,Ki,10000.0,nM,
SLC6A3,CHEMBL238,CHEMBL432571,COC(=O)C1=C(c2ccc(Cl)c(Cl)c2)CC2[C@@H](O)CC1N2C,IC50,55.1,nM,7.26
SLC6A3,CHEMBL238,CHEMBL2310846,COC(=O)[C@H]1C(c2ccc(Cl)c(Cl)c2)CC2C[C@@H](O)[C@H]1N2C,IC50,2690.0,nM,5.57
SLC6A3,CHEMBL238,CHEMBL314887,COC(=O)C1C(c2ccc(F)cc2)CC2[C@@H](O)CC1N2C,IC50,739.0,nM,6.13
SLC6A3,CHEMBL238,CHEMBL606928,COC(=O)C1=C(c2ccc(Cl)c(Cl)c2)CC2C[C@H](O)[C@H]1N2C,IC50,265.0,nM,6.58
SLC6A3,CHEMBL238,CHEMBL421167,COC(=O)C1C(c2ccc(Cl)c(Cl)c2)CC2[C@@H](O)CC1N2C,IC50,3.02,nM,8.52
SLC6A3,CHEMBL238,CHEMBL2310846,COC(=O)[C@H]1C(c2ccc(Cl)c(Cl)c2)CC2C[C@@H](O)[C@H]1N2C,IC50,482.0,nM,6.32
SLC6A3,CHEMBL238,CHEMBL87031,COC(=O)C1C(c2ccc(Cl)c(Cl)c2)CC2CCC1N2C,IC50,0.38,nM,9.42
SLC6A3,CHEMBL238,CHEMBL315172,COC(=O)C1C(c2ccc3ccccc3c2)CC2[C@@H](O)CC1N2C,IC50,7.7,nM,8.11
SLC6A3,CHEMBL238,CHEMBL88563,COC(=O)C1C(c2ccccc2)CC2C[C@@H](O)C1N2C,IC50,518.0,nM,6.29
SLC6A3,CHEMBL238,CHEMBL89709,COC(=O)C1C(c2ccc(F)cc2)CC2C[C@@H](O)C1N2C,IC50,110.0,nM,6.96
SLC6A3,CHEMBL238,CHEMBL315172,COC(=O)C1C(c2ccc3ccccc3c2)CC2[C@@H](O)CC1N2C,IC50,32.0,nM,7.50
SLC6A3,CHEMBL238,CHEMBL330228,COC(=O)C1C(c2ccc(Cl)c(Cl)c2)CC2C[C@@H](O)C1N2C,IC50,48.0,nM,7.32
SLC6A3,CHEMBL238,CHEMBL2115225,COC(=O)[C@H]1C2C(=O)CC(C[C@H]1c1ccc(Cl)c(Cl)c1)N2C,IC50,14.2,nM,7.85
SLC6A3,CHEMBL238,CHEMBL542436,Br.Cc1ccc2c(c1O)C[C@@H](C1CCCCC1)O[C@H]2CN,Ki,1870.0,nM,5.73
SLC6A3,CHEMBL238,CHEMBL330250,COC(=O)C1=C(c2ccc(F)cc2)CC2[C@@H](O)CC1N2C,IC50,20000.0,nM,
SLC6A3,CHEMBL238,CHEMBL89208,COC(=O)C1C(c2ccccc2)CC2[C@@H](O)CC1N2C,IC50,3530.0,nM,5.45
SLC6A3,CHEMBL238,CHEMBL91184,COC(=O)C1C(c2ccc(Cl)c(Cl)c2)C[C@H]2C[C@@H](O)C1N2C,IC50,0.3,nM,9.52
SLC6A3,CHEMBL238,CHEMBL421546,COC(=O)C1=C(c2ccc3ccccc3c2)CC2C[C@@H](O)C1N2C,IC50,45.0,nM,7.35
SLC6A3,CHEMBL238,CHEMBL330228,COC(=O)C1C(c2ccc(Cl)c(Cl)c2)CC2C[C@@H](O)C1N2C,IC50,1.42,nM,8.85
SLC6A3,CHEMBL238,CHEMBL543390,Cl.NC[C@@H]1O[C@H](c2ccccc2)Cc2c1ccc(Br)c2O,Ki,30000.0,nM,
SLC6A3,CHEMBL238,CHEMBL86654,COC(=O)C1C(c2ccc3ccccc3c2)CC2C[C@@H](O)C1N2C,IC50,2.8,nM,8.55
SLC6A3,CHEMBL238,CHEMBL294105,COC(=O)[C@H]1C2CC[C@@H]3C[C@@H]1/C(=C/c1ccccc1)CN23,Ki,1570.0,nM,5.80
SLC6A3,CHEMBL238,CHEMBL294105,COC(=O)[C@H]1C2CC[C@@H]3C[C@@H]1/C(=C/c1ccccc1)CN23,Ki,910.0,nM,6.04
SLC6A3,CHEMBL238,CHEMBL88915,COC(=O)C1=C(c2ccc(Cl)c(Cl)c2)CC2CCC1N2C,IC50,1.16,nM,8.94
SLC6A3,CHEMBL238,CHEMBL89906,COC(=O)C1C(OC(c2ccc(F)cc2)c2ccc(F)cc2)CC2[C@@H](O)CC1N2C,IC50,448.0,nM,6.35
SLC6A3,CHEMBL238,CHEMBL1790051,COC(=O)[C@@H]1C2CC[C@H](C[C@@H]1c1ccccc1)N2C.Cl,IC50,,nM,
SLC6A3,CHEMBL238,CHEMBL314138,COC(=O)C1=C(c2ccc(F)cc2)CC2C[C@@H](O)C1N2C,IC50,7730.0,nM,5.11
SLC6A3,CHEMBL238,CHEMBL86654,COC(=O)C1C(c2ccc3ccccc3c2)CC2C[C@@H](O)C1N2C,IC50,1.26,nM,8.90
SLC6A3,CHEMBL238,CHEMBL2114227,COC(=O)[C@@H]1C[C@@H](c2ccc(Cl)c(Cl)c2)C2CC(=O)C1N2C,IC50,14.1,nM,7.85
SLC6A3,CHEMBL238,CHEMBL314887,COC(=O)C1C(c2ccc(F)cc2)CC2[C@@H](O)CC1N2C,IC50,477.0,nM,6.32
SLC6A3,CHEMBL238,CHEMBL89709,COC(=O)C1C(c2ccc(F)cc2)CC2C[C@@H](O)C1N2C,IC50,123.0,nM,6.91
SLC6A3,CHEMBL238,CHEMBL86590,CCOC(=O)C1C(c2ccc(Cl)c(Cl)c2)CC2C[C@@H](O)C1N2C,IC50,0.81,nM,9.09
SLC6A3,CHEMBL238,CHEMBL370805,COC(=O)[C@H]1[C@@H](OC(=O)c2ccccc2)C[C@@H]2CC[C@H]1N2C,Ki,258.0,nM,6.59
SLC6A3,CHEMBL238,CHEMBL370805,COC(=O)[C@H]1[C@@H](OC(=O)c2ccccc2)C[C@@H]2CC[C@H]1N2C,Ki,276.0,nM,6.56
SLC6A3,CHEMBL238,CHEMBL314912,COC(=O)C1C(OC(c2ccc(F)cc2)c2ccc(F)cc2)CC2C[C@@H](O)C1N2C,IC50,6300.0,nM,5.20
SLC6A3,CHEMBL238,CHEMBL47210,COC(=O)[C@@H]1C2CCC(C[C@@H]1c1ccc(Cl)c(Cl)c1)N2,IC50,1.4,nM,8.85
SLC6A3,CHEMBL238,CHEMBL42553,COC(=O)[C@@H]1C2CCC(C[C@@H]1c1ccc(Cl)c(Cl)c1)N2C,IC50,1.1,nM,8.96
SLC6A3,CHEMBL238,CHEMBL109097,CCC[C@@H]1CN(C)CC[C@@H]1c1ccc(Cl)cc1,IC50,3.0,nM,8.52
SLC6A3,CHEMBL238,CHEMBL324631,,Ki,43.0,nM,7.37
SLC6A3,CHEMBL238,CHEMBL324631,,Ki,112.0,nM,6.95
SLC6A3,CHEMBL238,CHEMBL303494,COC(=O)C1C(c2cccc(-c3ccco3)c2)CC2CCC1N2C,Ki,54.0,nM,7.27
SLC6A3,CHEMBL238,CHEMBL324631,,Ki,49.0,nM,7.31
SLC6A3,CHEMBL238,CHEMBL324631,,Ki,110.0,nM,6.96
SLC6A3,CHEMBL238,CHEMBL66068,COC(=O)C1C2CCC(CC1c1cccc(I)c1)N2,Ki,438.0,nM,6.36
SLC6A3,CHEMBL238,CHEMBL294733,COC(=O)C1C(c2cccc(-c3ccccc3)c2)CC2CCC1N2C,Ki,8.83,nM,8.05
SLC6A3,CHEMBL238,CHEMBL441075,,Ki,96.0,nM,7.02
SLC6A3,CHEMBL238,CHEMBL441075,,Ki,193.0,nM,6.71
SLC6A3,CHEMBL238,CHEMBL303232,COC(=O)C1C(c2cccc(-c3ccsc3)c2)CC2CCC1N2C,Ki,29.8,nM,7.53
SLC6A3,CHEMBL238,CHEMBL67387,COC(=O)C1C(c2cccc(I)c2)CC2CCC1N2C,Ki,182.0,nM,6.74
SLC6A3,CHEMBL238,CHEMBL300226,COC(=O)C1C2CC[C@H](C[C@@H]1c1ccc(I)cc1)N2C,IC50,1.6,nM,8.80
SLC6A3,CHEMBL238,CHEMBL116735,O=C(CCc1ccc(F)cc1)N1CCN(CCCC(c2ccc(F)cc2)c2ccc(F)cc2)CC1,IC50,1280.0,nM,5.89
SLC6A3,CHEMBL238,CHEMBL116463,N#Cc1ccc(CCOC(=O)NC2CCN(CCCC(c3ccc(F)cc3)c3ccc(F)cc3)CC2)cc1,IC50,781.0,nM,6.11
SLC6A3,CHEMBL238,CHEMBL326538,O=C(OCc1cccc(Oc2ccccc2)c1)N1CCC2(CC1)C(=O)NCN2c1ccccc1,IC50,2940.0,nM,5.53
SLC6A3,CHEMBL238,CHEMBL326263,N#Cc1ccc(CCOC(=O)N2CCN(CCCC(c3ccc(F)cc3)c3ccc(F)cc3)CC2)cc1,IC50,996.0,nM,6.00
SLC6A3,CHEMBL238,CHEMBL325945,O=c1[nH]c2ccccc2n(C2CCN(Cc3cc4c(cc3Cl)OCO4)CC2)c1=O,IC50,1520.0,nM,5.82
SLC6A3,CHEMBL238,CHEMBL113956,CCOc1ccc(CCNC(=O)N2CCN(CCCC(c3ccc(F)cc3)c3ccc(F)cc3)CC2)cc1,IC50,994.0,nM,6.00
SLC6A3,CHEMBL238,CHEMBL115280,O=C1NCN(c2ccccc2)C12CCN(Cc1cccc(Oc3ccccc3)c1)CC2,IC50,2250.0,nM,5.65
SLC6A3,CHEMBL238,CHEMBL117537,O=C(CCCc1ccccc1)N1CCN(CCCC(c2ccc(F)cc2)c2ccc(F)cc2)CC1,IC50,954.0,nM,6.02
SLC6A3,CHEMBL238,CHEMBL325516,O=C(OCCc1ccc(F)cc1)N1CCN(CCCC(c2ccc(F)cc2)c2ccc(F)cc2)CC1,IC50,1650.0,nM,5.78
SLC6A3,CHEMBL238,CHEMBL345689,CC(C)OC(=O)C1C2CCC(C[C@@H]1c1ccc(Cl)cc1)CN2C,Ki,0.9,nM,9.05
SLC6A3,CHEMBL238,CHEMBL326165,,IC50,3.0,nM,8.52
SLC6A3,CHEMBL238,CHEMBL117698,,IC50,5.3,nM,8.28
SLC6A3,CHEMBL238,CHEMBL119561,,IC50,2.9,nM,8.54
SLC6A3,CHEMBL238,CHEMBL119728,,IC50,40.5,nM,7.39
SLC6A3,CHEMBL238,CHEMBL440554,CC[C@H](C)[C@H](C(=O)O)N1C[C@H](CN2CCC(c3cc(Cc4ccc(OC(F)(F)F)cc4)nn3CC)CC2)[C@@H](c2cccc(F)c2)C1,IC50,3600.0,nM,5.44
SLC6A3,CHEMBL238,CHEMBL119561,,IC50,4.0,nM,8.40
SLC6A3,CHEMBL238,CHEMBL117698,,IC50,5.0,nM,8.30
SLC6A3,CHEMBL238,CHEMBL119561,,IC50,3.8,nM,8.42
SLC6A3,CHEMBL238,CHEMBL326165,,IC50,1.5,nM,8.82
SLC6A3,CHEMBL238,CHEMBL281594,Fc1ccc(C(OCCN2CCN(CCCc3ccccc3)CC2)c2ccc(F)cc2)cc1,Ki,0.36,nM,9.44
SLC6A3,CHEMBL238,CHEMBL326945,,IC50,660.0,nM,6.18
SLC6A3,CHEMBL238,CHEMBL332834,,IC50,63.4,nM,7.20
SLC6A3,CHEMBL238,CHEMBL118075,,IC50,10.6,nM,7.97
SLC6A3,CHEMBL238,CHEMBL326165,,IC50,5.9,nM,8.23
SLC6A3,CHEMBL238,CHEMBL2112915,C[C@H](CF)OC(=O)C1C(c2ccc(Cl)cc2)CC2CCC1N2C,Ki,3.2,nM,8.49
SLC6A3,CHEMBL238,CHEMBL118075,,IC50,37.0,nM,7.43
SLC6A3,CHEMBL238,CHEMBL326165,,IC50,2.05,nM,8.69
SLC6A3,CHEMBL238,CHEMBL2112916,C[C@@H](CF)OC(=O)C1C(c2ccc(Cl)cc2)CC2CCC1N2C,Ki,0.67,nM,9.17
SLC6A3,CHEMBL238,CHEMBL348552,COC(=O)C1C2CCC(C[C@@H]1c1ccc(I)cc1)CN2C,Ki,0.48,nM,9.32
SLC6A3,CHEMBL238,CHEMBL117362,,IC50,3500.0,nM,5.46
SLC6A3,CHEMBL238,CHEMBL117703,,IC50,1200.0,nM,5.92
SLC6A3,CHEMBL238,CHEMBL332491,,IC50,4.0,nM,8.40
SLC6A3,CHEMBL238,CHEMBL119561,,IC50,7.4,nM,8.13
SLC6A3,CHEMBL238,CHEMBL332491,,IC50,3.64,nM,8.44
SLC6A3,CHEMBL238,CHEMBL117179,,IC50,60.0,nM,7.22
SLC6A3,CHEMBL238,CHEMBL422290,CSCCSCCC(=O)OC[C@@H]1C2CCC(C[C@@H]1c1ccc(F)cc1)N2C,IC50,0.227,nM,9.64
SLC6A3,CHEMBL238,CHEMBL422290,CSCCSCCC(=O)OC[C@@H]1C2CCC(C[C@@H]1c1ccc(F)cc1)N2C,IC50,5.69,nM,8.24
SLC6A3,CHEMBL238,CHEMBL2079586,COC(=O)[C@H]1[C@@H](c2ccc(F)cc2)C[C@H]2CC[C@H]1N2C,IC50,2.62,nM,8.58
SLC6A3,CHEMBL238,CHEMBL2079586,COC(=O)[C@H]1[C@@H](c2ccc(F)cc2)C[C@H]2CC[C@H]1N2C,IC50,139.0,nM,6.86
SLC6A3,CHEMBL238,CHEMBL343369,,IC50,0.146,nM,9.84
SLC6A3,CHEMBL238,CHEMBL343369,,IC50,20.3,nM,7.69
SLC6A3,CHEMBL238,CHEMBL72,CNCCCN1c2ccccc2CCc2ccccc21,Ki,3000.0,nM,5.52
SLC6A3,CHEMBL238,CHEMBL417877,COC(=O)[C@@H](c1ccc(Cl)c(Cl)c1)[C@@H]1CCCCO1,IC50,29.1,nM,7.54
SLC6A3,CHEMBL238,CHEMBL796,COC(=O)C(c1ccccc1)C1CCCCN1,IC50,17.0,nM,7.77
SLC6A3,CHEMBL238,CHEMBL324269,CN(C)C[C@H]1C2CCC(C2)[C@@H]1c1ccc2cc(F)ccc2c1,Ki,50.0,nM,7.30
SLC6A3,CHEMBL238,CHEMBL324269,CN(C)C[C@H]1C2CCC(C2)[C@@H]1c1ccc2cc(F)ccc2c1,IC50,,nM,
SLC6A3,CHEMBL238,CHEMBL37262,COC(=O)[C@H](c1ccc(Cl)c(Cl)c1)[C@@H]1CCCCO1,IC50,193.0,nM,6.71
SLC6A3,CHEMBL238,CHEMBL827,COC(=O)[C@H](c1ccccc1)[C@H]1CCCCN1,IC50,88.0,nM,7.06
SLC6A3,CHEMBL238,CHEMBL39241,N#CC(c1ccc(Cl)c(Cl)c1)C1CCCC1,IC50,128.0,nM,6.89
SLC6A3,CHEMBL238,CHEMBL41011,COC(=O)[C@H](c1ccc(Cl)c(Cl)c1)[C@H]1CCCCO1,IC50,17.0,nM,7.77
SLC6A3,CHEMBL238,CHEMBL290634,COC(=O)[C@@H](c1ccccc1)[C@@H]1CCCCN1,IC50,1200.0,nM,5.92
SLC6A3,CHEMBL238,CHEMBL331799,CNCC1C2CCC(C2)C1c1ccc2ccccc2c1,Ki,25.0,nM,7.60
SLC6A3,CHEMBL238,CHEMBL331799,CNCC1C2CCC(C2)C1c1ccc2ccccc2c1,IC50,87.0,nM,7.06
SLC6A3,CHEMBL238,CHEMBL417877,COC(=O)[C@@H](c1ccc(Cl)c(Cl)c1)[C@@H]1CCCCO1,IC50,34.0,nM,7.47
SLC6A3,CHEMBL238,CHEMBL419385,CN(C)C[C@H]1C2CCC(C2)[C@@H]1c1ccc2cc(O)ccc2c1,Ki,6.0,nM,8.22
SLC6A3,CHEMBL238,CHEMBL419385,CN(C)C[C@H]1C2CCC(C2)[C@@H]1c1ccc2cc(O)ccc2c1,IC50,,nM,
SLC6A3,CHEMBL238,CHEMBL290510,COC(=O)[C@H](c1ccccc1)[C@@H]1CCCCO1,IC50,13000.0,nM,4.89
SLC6A3,CHEMBL238,CHEMBL40169,COC(=O)C(c1ccc(Cl)c(Cl)c1)C1CCCCC1,IC50,146.0,nM,6.84
SLC6A3,CHEMBL238,CHEMBL432022,CNC[C@H]1C2CCC(C2)[C@@H]1c1ccc2cc(F)ccc2c1,Ki,72.0,nM,7.14
SLC6A3,CHEMBL238,CHEMBL432022,CNC[C@H]1C2CCC(C2)[C@@H]1c1ccc2cc(F)ccc2c1,IC50,,nM,
SLC6A3,CHEMBL238,CHEMBL287904,COC(=O)C(c1ccc(Cl)c(Cl)c1)C1CCCC1,IC50,47.0,nM,7.33
SLC6A3,CHEMBL238,CHEMBL323678,COc1ccc2cc([C@H]3C4CCC(C4)[C@@H]3CN(C)C)ccc2c1,Ki,64.0,nM,7.19
SLC6A3,CHEMBL238,CHEMBL323678,COc1ccc2cc([C@H]3C4CCC(C4)[C@@H]3CN(C)C)ccc2c1,IC50,,nM,
SLC6A3,CHEMBL238,CHEMBL113136,CN(C)C[C@H]1C2CCC(CC2)[C@@H]1c1cccc(Cl)c1,Ki,64.0,nM,7.19
SLC6A3,CHEMBL238,CHEMBL113136,CN(C)C[C@H]1C2CCC(CC2)[C@@H]1c1cccc(Cl)c1,IC50,165.0,nM,6.78
SLC6A3,CHEMBL238,CHEMBL286937,COC(=O)[C@@H](c1ccccc1)[C@@H]1CCCCO1,IC50,3000.0,nM,5.52
SLC6A3,CHEMBL238,CHEMBL37918,COC(=O)[C@@H](c1ccc(Cl)c(Cl)c1)[C@H]1CCCCO1,IC50,736.0,nM,6.13
SLC6A3,CHEMBL238,CHEMBL37262,COC(=O)[C@H](c1ccc(Cl)c(Cl)c1)[C@@H]1CCCCO1,IC50,286.0,nM,6.54
SLC6A3,CHEMBL238,CHEMBL322067,CN(C)C[C@@H]1C2CCC(CC2)[C@@H]1c1ccc(Cl)c(Cl)c1,Ki,7.2,nM,8.14
SLC6A3,CHEMBL238,CHEMBL322067,CN(C)C[C@@H]1C2CCC(CC2)[C@@H]1c1ccc(Cl)c(Cl)c1,IC50,28.0,nM,7.55
SLC6A3,CHEMBL238,CHEMBL109517,CN(C)C[C@@H]1C2CCC(C2)[C@H]1c1ccc2ccccc2c1,Ki,38.0,nM,7.42
SLC6A3,CHEMBL238,CHEMBL109517,CN(C)C[C@@H]1C2CCC(C2)[C@H]1c1ccc2ccccc2c1,IC50,93.0,nM,7.03
SLC6A3,CHEMBL238,CHEMBL323447,CN(C)CC1C2CCC(C2)C1c1cccc2ccccc12,Ki,430.0,nM,6.37
SLC6A3,CHEMBL238,CHEMBL323447,CN(C)CC1C2CCC(C2)C1c1cccc2ccccc12,IC50,1514.0,nM,5.82
SLC6A3,CHEMBL238,CHEMBL322348,CNC[C@H]1C2CCC(C2)[C@@H]1c1ccc2cc(OC)ccc2c1,Ki,60.0,nM,7.22
SLC6A3,CHEMBL238,CHEMBL322348,CNC[C@H]1C2CCC(C2)[C@@H]1c1ccc2cc(OC)ccc2c1,IC50,,nM,
SLC6A3,CHEMBL238,CHEMBL432482,N#CC(c1ccc(Cl)c(Cl)c1)C1CCCCC1,IC50,127.0,nM,6.90
SLC6A3,CHEMBL238,CHEMBL109571,CN(C)CC1C2CCC(C2)C1c1ccc2ccccc2c1,Ki,18.0,nM,7.75
SLC6A3,CHEMBL238,CHEMBL109571,CN(C)CC1C2CCC(C2)C1c1ccc2ccccc2c1,IC50,95.0,nM,7.02
SLC6A3,CHEMBL238,CHEMBL111128,CNC[C@H]1C2CCC(C2)[C@@H]1c1ccc2ccccc2c1,Ki,41.0,nM,7.39
SLC6A3,CHEMBL238,CHEMBL111128,CNC[C@H]1C2CCC(C2)[C@@H]1c1ccc2ccccc2c1,IC50,86.0,nM,7.07
SLC6A3,CHEMBL238,CHEMBL38190,COC(=O)[C@H](c1ccc2ccccc2c1)[C@@H]1CCCCO1,IC50,4000.0,nM,5.40
SLC6A3,CHEMBL238,CHEMBL326466,CN(C)C[C@H]1C2CCC(C2)[C@@H]1c1ccc2ccccc2c1,Ki,25.0,nM,7.60
SLC6A3,CHEMBL238,CHEMBL326466,CN(C)C[C@H]1C2CCC(C2)[C@@H]1c1ccc2ccccc2c1,IC50,76.0,nM,7.12
SLC6A3,CHEMBL238,CHEMBL288186,COC(=O)[C@@H](c1ccc2ccccc2c1)[C@@H]1CCCCO1,IC50,430.0,nM,6.37
SLC6A3,CHEMBL238,CHEMBL278165,CN(C)Cc1ccccc1Sc1ccc(Br)cc1CO,Ki,10000.0,nM,
SLC6A3,CHEMBL238,CHEMBL361259,CSc1ccc([C@H]2CN3CCC[C@H]3c3ccccc32)cc1,Ki,23.5,nM,7.63
SLC6A3,CHEMBL238,CHEMBL361259,CSc1ccc([C@H]2CN3CCC[C@H]3c3ccccc32)cc1,Ki,112.0,nM,6.95
SLC6A3,CHEMBL238,CHEMBL114275,CN(C)Cc1ccccc1Sc1ccc(I)cc1CO,Ki,10000.0,nM,
SLC6A3,CHEMBL238,CHEMBL365649,CN1C2CCC1C(C(=O)OCCCF)C(c1ccc(Br)cc1)C2,Ki,5.0,nM,8.30
SLC6A3,CHEMBL238,CHEMBL184807,O=C(OCCCF)C1C2CCC(CC1c1ccc(Br)cc1)N2,Ki,5.0,nM,8.30
SLC6A3,CHEMBL238,CHEMBL185608,CN1C2CCC1C(C(=O)OCCF)C(c1ccc(Br)cc1)C2,Ki,5.0,nM,8.30
SLC6A3,CHEMBL238,CHEMBL186119,O=C(OCCF)C1C2CCC(CC1c1ccc(Br)cc1)N2,Ki,5.0,nM,8.30
SLC6A3,CHEMBL238,CHEMBL186306,O=C(OCCF)C1C2CCC(CC1c1ccc(I)cc1)N2,Ki,5.0,nM,8.30
SLC6A3,CHEMBL238,CHEMBL186501,COC(=O)C1=C(c2ccccc2)CC2CCC1S2,IC50,910.0,nM,6.04
SLC6A3,CHEMBL238,CHEMBL363510,COC(=O)C1=C(c2ccc(F)cc2)CC2CCC1S2,IC50,220.0,nM,6.66
SLC6A3,CHEMBL238,CHEMBL186447,COC(=O)C1=C(c2ccc(Cl)cc2)CC2CCC1S2,IC50,13.0,nM,7.89
SLC6A3,CHEMBL238,CHEMBL187695,COC(=O)C1=C(c2ccc(Br)cc2)CC2CCC1S2,IC50,9.1,nM,8.04
SLC6A3,CHEMBL238,CHEMBL364146,COC(=O)C1=C(c2ccc(I)cc2)CC2CCC1S2,IC50,6.7,nM,8.17
SLC6A3,CHEMBL238,CHEMBL186242,COC(=O)C1=C(c2ccc(Cl)c(Cl)c2)CC2CCC1S2,IC50,4.5,nM,8.35
SLC6A3,CHEMBL238,CHEMBL365092,COC(=O)C1=C(c2ccc3ccccc3c2)CC2CCC1S2,IC50,8.0,nM,8.10
SLC6A3,CHEMBL238,CHEMBL184867,COC(=O)C1=C(c2ccccc2)CC2CCC1O2,IC50,10000.0,nM,
SLC6A3,CHEMBL238,CHEMBL361493,COC(=O)C1=C(c2ccc(F)cc2)CC2CCC1O2,IC50,2730.0,nM,5.56
SLC6A3,CHEMBL238,CHEMBL185792,COC(=O)C1=C(c2ccc(Cl)cc2)CC2CCC1O2,IC50,238.0,nM,6.62
SLC6A3,CHEMBL238,CHEMBL186488,COC(=O)C1=C(c2ccc(Br)cc2)CC2CCC1O2,IC50,62.0,nM,7.21
SLC6A3,CHEMBL238,CHEMBL187211,COC(=O)C1=C(c2ccc(I)cc2)CC2CCC1O2,IC50,68.0,nM,7.17
SLC6A3,CHEMBL238,CHEMBL169429,COC(=O)C1=C(c2ccc(Cl)c(Cl)c2)CC2CCC1O2,IC50,12.0,nM,7.92
SLC6A3,CHEMBL238,CHEMBL185169,COC(=O)C1=C(c2ccc3ccccc3c2)CC2CCC1O2,IC50,20.0,nM,7.70
SLC6A3,CHEMBL238,CHEMBL295467,CNCCC(Oc1ccccc1OC)c1ccccc1,Ki,1000.0,nM,
SLC6A3,CHEMBL238,CHEMBL114275,CN(C)Cc1ccccc1Sc1ccc(I)cc1CO,Ki,1000.0,nM,
SLC6A3,CHEMBL238,CHEMBL183470,CN(C)Cc1ccccc1Oc1ccc(I)cc1CO,Ki,1000.0,nM,
SLC6A3,CHEMBL238,CHEMBL23034,CN(C)Cc1ccccc1Sc1ccc(I)cc1N,Ki,840.0,nM,6.08
SLC6A3,CHEMBL238,CHEMBL186962,CN(C)Cc1ccccc1Oc1ccc(I)cc1N,Ki,309.0,nM,6.51
SLC6A3,CHEMBL238,CHEMBL186056,CN(C)Cc1ccccc1Cc1ccc(I)cc1N,Ki,1000.0,nM,
SLC6A3,CHEMBL238,CHEMBL106939,CN(C)Cc1ccccc1Sc1ccc(C#N)cc1N,Ki,1000.0,nM,
SLC6A3,CHEMBL238,CHEMBL22183,Cc1ccc(Sc2ccccc2CN(C)C)c(N)c1,Ki,532.0,nM,6.27
SLC6A3,CHEMBL238,CHEMBL190700,CN(C)Cc1ccccc1Sc1ccccc1N,Ki,279.0,nM,6.55
SLC6A3,CHEMBL238,CHEMBL190703,C=Cc1ccc(Sc2ccccc2CN(C)C)c(N)c1,Ki,962.0,nM,6.02
SLC6A3,CHEMBL238,CHEMBL189367,CCc1ccc(Sc2ccccc2CN(C)C)c(N)c1,Ki,2000.0,nM,
SLC6A3,CHEMBL238,CHEMBL190937,CN(C)Cc1ccccc1Sc1ccc(CO)cc1N,Ki,1000.0,nM,
SLC6A3,CHEMBL238,CHEMBL187935,CN(C)Cc1ccccc1Sc1ccc(CCO)cc1N,Ki,1000.0,nM,
SLC6A3,CHEMBL238,CHEMBL188964,CN(C)Cc1ccccc1Sc1ccc(CCF)cc1N,Ki,5000.0,nM,
SLC6A3,CHEMBL238,CHEMBL413562,CN(C)Cc1ccccc1Sc1ccc(CCCO)cc1N,Ki,5000.0,nM,
SLC6A3,CHEMBL238,CHEMBL363396,CN(C)Cc1ccccc1Sc1ccc(CCCF)cc1N,Ki,5000.0,nM,
SLC6A3,CHEMBL238,CHEMBL2113055,CNC(=O)c1ccccc1Sc1ccccc1[N+](=O)[O-],Ki,969.0,nM,6.01
SLC6A3,CHEMBL238,CHEMBL2113054,CNC(=O)c1ccccc1Sc1ccc(C)cc1[N+](=O)[O-],Ki,698.0,nM,6.16
SLC6A3,CHEMBL238,CHEMBL189375,CCc1ccc(Sc2ccccc2CNC)c(N)c1,Ki,1000.0,nM,
SLC6A3,CHEMBL238,CHEMBL362783,CNCc1ccccc1Sc1ccc(CO)cc1N,Ki,1000.0,nM,
SLC6A3,CHEMBL238,CHEMBL23034,CN(C)Cc1ccccc1Sc1ccc(I)cc1N,Ki,10000.0,nM,
SLC6A3,CHEMBL238,CHEMBL106939,CN(C)Cc1ccccc1Sc1ccc(C#N)cc1N,Ki,10000.0,nM,
SLC6A3,CHEMBL238,CHEMBL22183,Cc1ccc(Sc2ccccc2CN(C)C)c(N)c1,Ki,10000.0,nM,
SLC6A3,CHEMBL238,CHEMBL192824,Cc1cc(N)c(Sc2ccccc2CN(C)C)cc1F,Ki,10000.0,nM,
SLC6A3,CHEMBL238,CHEMBL190860,CN(C)Cc1ccccc1Sc1ccc(F)cc1N,Ki,10000.0,nM,
SLC6A3,CHEMBL238,CHEMBL190937,CN(C)Cc1ccccc1Sc1ccc(CO)cc1N,Ki,3608.0,nM,5.44
SLC6A3,CHEMBL238,CHEMBL143707,CN(C)Cc1ccccc1Sc1ccc(CF)cc1N,Ki,10000.0,nM,
SLC6A3,CHEMBL238,CHEMBL188964,CN(C)Cc1ccccc1Sc1ccc(CCF)cc1N,Ki,10000.0,nM,
SLC6A3,CHEMBL238,CHEMBL363396,CN(C)Cc1ccccc1Sc1ccc(CCCF)cc1N,Ki,10000.0,nM,
SLC6A3,CHEMBL238,CHEMBL366170,Cc1ccc(Sc2ccccc2CN)c(N)c1,Ki,5296.0,nM,5.28
SLC6A3,CHEMBL238,CHEMBL192619,CCNCc1ccccc1Sc1ccc(C)cc1N,Ki,2121.0,nM,5.67
SLC6A3,CHEMBL238,CHEMBL192528,Cc1ccc(Sc2ccccc2CNCCF)c(N)c1,Ki,4426.0,nM,5.35
SLC6A3,CHEMBL238,CHEMBL425010,CCCNCc1ccccc1Sc1ccc(C)cc1N,Ki,3549.0,nM,5.45
SLC6A3,CHEMBL238,CHEMBL195585,Cc1ccc(Sc2ccccc2CNCCCF)c(N)c1,Ki,10000.0,nM,
SLC6A3,CHEMBL238,CHEMBL365812,C=CCNCc1ccccc1Sc1ccc(C)cc1N,Ki,2908.0,nM,5.54
SLC6A3,CHEMBL238,CHEMBL1722,COC(=O)C(c1ccccc1)C1CCCCN1.Cl,IC50,19.9,nM,7.70
SLC6A3,CHEMBL238,CHEMBL1722,COC(=O)C(c1ccccc1)C1CCCCN1.Cl,IC50,121.7,nM,6.92
SLC6A3,CHEMBL238,CHEMBL2093958,CCOC(=O)[C@@H](c1ccccc1)[C@@H]1CCCCN1.Cl,IC50,27.0,nM,7.57
SLC6A3,CHEMBL238,CHEMBL2093958,CCOC(=O)[C@@H](c1ccccc1)[C@@H]1CCCCN1.Cl,IC50,230.0,nM,6.64
SLC6A3,CHEMBL238,CHEMBL2093958,CCOC(=O)[C@@H](c1ccccc1)[C@@H]1CCCCN1.Cl,IC50,1730.0,nM,5.76
SLC6A3,CHEMBL238,CHEMBL2093958,CCOC(=O)[C@@H](c1ccccc1)[C@@H]1CCCCN1.Cl,IC50,2700.0,nM,5.57
SLC6A3,CHEMBL238,CHEMBL534479,CCOC(=O)C(c1ccccc1)C1CCCCN1.Cl,IC50,95.0,nM,7.02
SLC6A3,CHEMBL238,CHEMBL534479,CCOC(=O)C(c1ccccc1)C1CCCCN1.Cl,IC50,319.0,nM,6.50
SLC6A3,CHEMBL238,CHEMBL370805,COC(=O)[C@H]1[C@@H](OC(=O)c2ccccc2)C[C@@H]2CC[C@H]1N2C,IC50,289.0,nM,6.54
SLC6A3,CHEMBL238,CHEMBL370805,COC(=O)[C@H]1[C@@H](OC(=O)c2ccccc2)C[C@@H]2CC[C@H]1N2C,IC50,367.0,nM,6.43
SLC6A3,CHEMBL238,CHEMBL317757,CN1C2CCC1CC(OC(c1ccc(F)cc1)c1ccc(F)cc1)C2,Ki,13.8,nM,7.86
SLC6A3,CHEMBL238,CHEMBL2308105,Fc1ccc(C(O[C@H]2C[C@H]3CC[C@@H](C2)N3CCCCc2ccccc2)c2ccc(F)cc2)cc1,Ki,38.9,nM,7.41
SLC6A3,CHEMBL238,CHEMBL3084884,CN1[C@@H]2CC[C@H]1C[C@@H](OC(c1ccc(Cl)cc1)c1ccc(Cl)cc1)C2,Ki,23.44,nM,7.63
SLC6A3,CHEMBL238,CHEMBL327055,Fc1ccc(C(OC2CC3CCC(C2)N3CCOCc2cccs2)c2ccc(F)cc2)cc1,Ki,18.62,nM,7.73
SLC6A3,CHEMBL238,CHEMBL325826,Fc1ccc(C(OC2CC3CCC(C2)N3CCOCc2ccccc2)c2ccc(F)cc2)cc1,Ki,22.39,nM,7.65
SLC6A3,CHEMBL238,CHEMBL111928,Fc1ccc(C(OC2CC3CCC(C2)N3CCCOc2ccccc2)c2ccc(F)cc2)cc1,Ki,229.09,nM,6.64
SLC6A3,CHEMBL238,CHEMBL326706,OCCOCCN1C2CCC1CC(OC(c1ccc(F)cc1)c1ccc(F)cc1)C2,Ki,48.98,nM,7.31
SLC6A3,CHEMBL238,CHEMBL115710,Fc1ccc(C(OC2CC3CCC(C2)N3CCOCCN2CCOCC2)c2ccc(F)cc2)cc1,Ki,660.69,nM,6.18
SLC6A3,CHEMBL238,CHEMBL3085021,NCCN1[C@@H]2CC[C@H]1C[C@@H](OC(c1ccc(F)cc1)c1ccc(F)cc1)C2,Ki,25.7,nM,7.59
SLC6A3,CHEMBL238,CHEMBL115253,O=C(NCCN1C2CCC1CC(OC(c1ccc(F)cc1)c1ccc(F)cc1)C2)c1ccccc1,Ki,6.457,nM,8.19
SLC6A3,CHEMBL238,CHEMBL324518,Fc1ccc(C(OC2CC3CCC(C2)N3CCNCc2ccccc2)c2ccc(F)cc2)cc1,Ki,8.128,nM,8.09
SLC6A3,CHEMBL238,CHEMBL112528,O=C(NCCN1C2CCC1CC(OC(c1ccc(F)cc1)c1ccc(F)cc1)C2)c1cccnc1,Ki,14.13,nM,7.85
SLC6A3,CHEMBL238,CHEMBL3085020,O=C(CCN1[C@@H]2CC[C@H]1C[C@@H](OC(c1ccc(F)cc1)c1ccc(F)cc1)C2)Nc1ccccc1,Ki,5.012,nM,8.30
SLC6A3,CHEMBL238,CHEMBL370805,COC(=O)[C@H]1[C@@H](OC(=O)c2ccccc2)C[C@@H]2CC[C@H]1N2C,Ki,234.42,nM,6.63
SLC6A3,CHEMBL238,CHEMBL41,CNCCC(Oc1ccc(C(F)(F)F)cc1)c1ccccc1,Ki,6000.0,nM,5.22
SLC6A3,CHEMBL238,CHEMBL194837,Cc1cc(OCCN(C)C)nc2ccc(NC(=O)COc3ccc(Cl)cc3Cl)cc12,IC50,10.0,nM,
SLC6A3,CHEMBL238,CHEMBL189118,Cc1cc(N(C)CCN(C)C)nc2ccc(NC(=O)/C=C/c3ccc(OC(F)(F)F)cc3)cc12,IC50,10000.0,nM,5.00
SLC6A3,CHEMBL238,CHEMBL41,CNCCC(Oc1ccc(C(F)(F)F)cc1)c1ccccc1,Ki,1900.0,nM,5.72
SLC6A3,CHEMBL238,CHEMBL490,Fc1ccc([C@@H]2CCNC[C@H]2COc2ccc3c(c2)OCO3)cc1,Ki,400.0,nM,6.40
SLC6A3,CHEMBL238,CHEMBL198018,CN(C)C[C@H]1C[C@@H]1c1c[nH]c2cccc(C#N)c12,Ki,,nM,
SLC6A3,CHEMBL238,CHEMBL196468,CN(C)C[C@H]1C[C@@H]1c1c[nH]c2ccc(C#N)cc12,Ki,2100.0,nM,5.68
SLC6A3,CHEMBL238,CHEMBL383347,CN(C)C[C@H]1C[C@H]1c1c[nH]c2ccc(F)cc12,Ki,,nM,
SLC6A3,CHEMBL238,CHEMBL542933,Cl.Fc1ccc(C(OCCN2CCN(CCCc3ccccc3)CC2)c2ccc(F)cc2)cc1,IC50,5.0,nM,8.30
SLC6A3,CHEMBL238,CHEMBL194310,CNCCC1Cc2ccccc2N(c2ccccc2)C1=O,Ki,200.0,nM,
SLC6A3,CHEMBL238,CHEMBL196365,CNCCCC1Cc2ccccc2N(c2ccccc2)C1=O,Ki,200.0,nM,
SLC6A3,CHEMBL238,CHEMBL198655,CNCCCCC1Cc2ccccc2N(c2ccccc2)C1=O,Ki,200.0,nM,
SLC6A3,CHEMBL238,CHEMBL196368,CNCCCC1Cc2ccccc2N(c2cccc(F)c2)C1=O,Ki,200.0,nM,
SLC6A3,CHEMBL238,CHEMBL194574,CNCCCC1Cc2ccccc2N(c2cccc(Cl)c2)C1=O,Ki,200.0,nM,
SLC6A3,CHEMBL238,CHEMBL194205,CNCCCC1(C)Cc2ccccc2N(c2ccccc2)C1=O,Ki,200.0,nM,
SLC6A3,CHEMBL238,CHEMBL370063,CNCCCC1(C)Cc2ccccc2N(c2cccc(C)c2)C1=O,Ki,200.0,nM,
SLC6A3,CHEMBL238,CHEMBL194907,CNCCCC1Cc2ccccc2N(c2ccc(F)cc2)C1=O,Ki,200.0,nM,
SLC6A3,CHEMBL238,CHEMBL197643,CNCCCC1Cc2ccccc2N(c2ccc(Cl)cc2)C1=O,Ki,200.0,nM,
SLC6A3,CHEMBL238,CHEMBL198033,CNCCCC1Cc2ccccc2N(c2ccc(C)cc2)C1=O,Ki,200.0,nM,
SLC6A3,CHEMBL238,CHEMBL198038,CCc1ccc(N2C(=O)C(CCCNC)Cc3ccccc32)cc1,Ki,200.0,nM,
SLC6A3,CHEMBL238,CHEMBL372318,CNCCCC1Cc2ccccc2N(c2ccc(C(F)(F)F)cc2)C1=O,Ki,200.0,nM,
SLC6A3,CHEMBL238,CHEMBL198176,CNCCCC1(C)Cc2ccccc2N(c2ccc(C)cc2)C1=O,Ki,200.0,nM,
SLC6A3,CHEMBL238,CHEMBL198177,CNCCCC1(C)Cc2ccccc2N(c2ccc(C(C)C)cc2)C1=O,Ki,200.0,nM,
SLC6A3,CHEMBL238,CHEMBL198275,CNCCCC1Cc2ccccc2N(c2ccc(Cl)c(Cl)c2)C1=O,Ki,13.0,nM,7.89
SLC6A3,CHEMBL238,CHEMBL198011,CNCCCC1(C)Cc2ccccc2N(c2ccc(F)c(F)c2)C1=O,Ki,200.0,nM,
SLC6A3,CHEMBL238,CHEMBL198706,CNCCCC1(C)Cc2ccccc2N(c2cc(F)cc(F)c2)C1=O,Ki,200.0,nM,
SLC6A3,CHEMBL238,CHEMBL380559,CNCCCC1(C)Cc2ccccc2N(c2cc(Cl)cc(Cl)c2)C1=O,Ki,200.0,nM,
SLC6A3,CHEMBL238,CHEMBL197960,CCC1(CCCNC)Cc2ccccc2N(c2ccccc2)C1=O,Ki,200.0,nM,
SLC6A3,CHEMBL238,CHEMBL198960,CCCC1(CCCNC)Cc2ccccc2N(c2ccccc2)C1=O,Ki,200.0,nM,
SLC6A3,CHEMBL238,CHEMBL196751,CCC1(CCCNC)Cc2ccccc2N(c2ccc(C)cc2)C1=O,Ki,200.0,nM,
GRIN2C,CHEMBL4109,CHEMBL146764,Cc1n[nH]c(SCCN2CCC(Cc3ccccc3)CC2)n1,IC50,100000.0,nM,
GRIN2C,CHEMBL4109,CHEMBL151428,c1ccc(CC2CCN(CCCSc3nc[nH]n3)CC2)cc1,IC50,100000.0,nM,
GRIN2C,CHEMBL4109,CHEMBL150640,c1ccc(CC2CCN(CCCSc3nc4ccc[nH]c-4n3)CC2)cc1,IC50,100000.0,nM,
GRIN2C,CHEMBL4109,CHEMBL147355,c1ccc(CC2CCN(CCSc3ncc[nH]3)CC2)cc1,IC50,100000.0,nM,
GRIN2C,CHEMBL4109,CHEMBL150641,c1ccc(CC2CCN(CCSc3nc4ccc[nH]c-4n3)CC2)cc1,IC50,100000.0,nM,
GRIN2C,CHEMBL4109,CHEMBL147295,c1ccc(CC2CCN(CCCSc3nc4ccccc4[nH]3)CC2)cc1,IC50,51000.0,nM,4.29
GRIN2C,CHEMBL4109,CHEMBL147200,O=[N+]([O-])c1ccc2[nH]c(SCCCN3CCC(Cc4ccccc4)CC3)nc2c1,IC50,100000.0,nM,
GRIN2C,CHEMBL4109,CHEMBL347753,c1ccc(CC2CCN(CCSc3nc[nH]n3)CC2)cc1,IC50,100000.0,nM,
GRIN2C,CHEMBL4109,CHEMBL358256,Nc1nnc(SCCN2CCC(Cc3ccccc3)CC2)s1,IC50,100000.0,nM,
GRIN2C,CHEMBL4109,CHEMBL150403,Nc1nnc(SCCCN2CCC(Cc3ccccc3)CC2)s1,IC50,100000.0,nM,
GRIN2C,CHEMBL4109,CHEMBL358601,Cc1n[nH]c(SCCCN2CCC(Cc3ccccc3)CC2)n1,IC50,100000.0,nM,
GRIN2C,CHEMBL4109,CHEMBL148767,c1ccc(CC2CCN(CCSc3nc4ccccc4[nH]3)CC2)cc1,IC50,100000.0,nM,
GRIN2C,CHEMBL4109,CHEMBL149054,c1ccc(CC2CCN(CCCSc3ccccc3)CC2)cc1,IC50,100000.0,nM,
GRIN2C,CHEMBL4109,CHEMBL422139,Cc1nnc(SCCN2CCC(Cc3ccccc3)CC2)s1,IC50,100000.0,nM,
GRIN2C,CHEMBL4109,CHEMBL151901,Nc1n[nH]c(SCCN2CCC(Cc3ccccc3)CC2)n1,IC50,100000.0,nM,
GRIN2C,CHEMBL4109,CHEMBL147201,Cc1nnc(SCCCN2CCC(Cc3ccccc3)CC2)s1,IC50,100000.0,nM,
GRIN2C,CHEMBL4109,CHEMBL150491,O=[N+]([O-])c1ccc2[nH]c(SCCN3CCC(Cc4ccccc4)CC3)nc2c1,IC50,100000.0,nM,
GRIN2C,CHEMBL4109,CHEMBL83781,Oc1ccc(C#CCCN2CCC(Cc3ccccc3)CC2)cc1,IC50,100000.0,nM,
GRIN2C,CHEMBL4109,CHEMBL151389,Nc1n[nH]c(SCCCN2CCC(Cc3ccccc3)CC2)n1,IC50,100000.0,nM,
GRIN2C,CHEMBL4109,CHEMBL151339,c1ccc(CC2CCN(CCCSc3ncc[nH]3)CC2)cc1,IC50,100000.0,nM,
GRIN2C,CHEMBL4109,CHEMBL151489,c1ccc(CC2CCN(CCSc3ccccc3)CC2)cc1,IC50,100000.0,nM,
GRIN2C,CHEMBL4109,CHEMBL151174,Oc1ccc(SCCN2CCC(Cc3ccccc3)CC2)cc1,IC50,100000.0,nM,
GRIN2C,CHEMBL4109,CHEMBL4435232,CCCc1nc2[nH]c(C)c(NS(=O)(=O)c3ccc(C4CCCCC4)cc3)c(=O)n2n1,EC50,6600.0,nM,5.18
GRIN2C,CHEMBL4109,CHEMBL2010868,O=C(O)c1cc2cccc(O)c2cc1O,IC50,15000.0,nM,4.82
GRIN2C,CHEMBL4109,CHEMBL4464605,O=C(O)c1cc2cc(-c3ccccc3)ccc2c(Br)c1O,IC50,2000.0,nM,5.70
GRIN2C,CHEMBL4109,CHEMBL2333943,O=C(O)c1cc2cc(Br)ccc2oc1=O,IC50,68000.0,nM,4.17
GRIN2C,CHEMBL4109,CHEMBL1179566,CC(=O)[C@H]1CC[C@H]2[C@@H]3CC[C@@H]4C[C@H](OS(=O)(=O)O)CC[C@]4(C)[C@H]3CC[C@]12C,IC50,12000.0,nM,4.92
GRIN2C,CHEMBL4109,CHEMBL2333944,Cc1ccc2[nH]c(=O)c(C3=NN(C(=O)CCC(=O)O)C(c4ccc(Br)cc4)C3)c(-c3ccccc3)c2c1,IC50,7000.0,nM,5.16
GRIN2C,CHEMBL4109,CHEMBL1215292,COc1ccc2nc(/C=C/c3cccc([N+](=O)[O-])c3)n(-c3ccc(C(=O)O)cc3)c(=O)c2c1,IC50,7100.0,nM,5.15
GRIN2C,CHEMBL4109,CHEMBL305187,CC(C(O)c1ccc(O)cc1)N1CCC(Cc2ccccc2)CC1,IC50,29100.0,nM,4.54
GRIN2C,CHEMBL4109,CHEMBL2333945,O=C(NNC(=O)c1ccc(CNS(=O)(=O)c2ccc(F)c(Cl)c2)cc1)c1ccccc1,IC50,10000.0,nM,
GRIN2C,CHEMBL4109,CHEMBL1179605,CC(=O)[C@H]1CC[C@H]2[C@@H]3CC=C4C[C@@H](OS(=O)(=O)O)CC[C@]4(C)[C@H]3CC[C@]12C,IC50,112000.0,nM,
GRIN2C,CHEMBL4109,CHEMBL1179605,CC(=O)[C@H]1CC[C@H]2[C@@H]3CC=C4C[C@@H](OS(=O)(=O)O)CC[C@]4(C)[C@H]3CC[C@]12C,EC50,83000.0,nM,4.08
GRIN2C,CHEMBL4109,CHEMBL2397100,COc1ccc(OCC2c3cc(OC)c(OC)cc3CCN2C(=O)c2cccc(Cl)c2)cc1,EC50,2700.0,nM,5.57
GRIN2C,CHEMBL4109,CHEMBL3237281,COC(=O)c1ccc(C2C(C(C)=O)=C(O)C(=O)N2CCc2c(C)[nH]c3ccccc23)cc1,EC50,13000.0,nM,4.89
GRIN2C,CHEMBL4109,CHEMBL4456824,O=C(O)c1ccc2cc(I)c3ccccc3c2c1,IC50,50000.0,nM,4.30
GRIN2C,CHEMBL4109,CHEMBL4452216,CC(C)CCCc1ccc2cc(C(=O)O)ccc2c1,EC50,37000.0,nM,4.43
GRIN2C,CHEMBL4109,CHEMBL4447266,O=C(O)CCC(=O)N1N=C(c2c(-c3ccccc3)c3cc(Br)ccc3[nH]c2=O)CC1c1ccc(Br)cc1,IC50,5400.0,nM,5.27
GRIN2C,CHEMBL4109,CHEMBL4544421,CCN(CC)C(=S)Oc1ccc(C(=O)Nc2cccc3ccccc23)cc1,IC50,2600.0,nM,5.58
GRIN2C,CHEMBL4109,CHEMBL5092058,Cc1cn([C@H](C)CC#N)c(=O)c2cc(Cn3nc(C(F)F)cc3Cl)nn12,EC50,30000.0,nM,
GRIN2C,CHEMBL4109,CHEMBL5273123,Cc1cc(Cn2nc(Br)cc2Cl)cc(=O)n1C[C@H]1C[C@@H]1C#N,EC50,1900.0,nM,5.72
GRIN2C,CHEMBL4109,CHEMBL5416465,Nc1nccn1Cc1cn(-c2ccc(Cl)c(C(=O)C(F)F)c2)nn1,IC50,10000.0,nM,
GRIN2C,CHEMBL4109,CHEMBL5421096,FC(F)Oc1cc(-n2cc(COc3ncccn3)nn2)ccc1Cl,IC50,10000.0,nM,
GRIN2C,CHEMBL4109,CHEMBL5409770,COCc1ccnc(OCc2cn(-c3ccc(F)c(OC(F)F)c3)nn2)n1,IC50,10000.0,nM,
GRIN2C,CHEMBL4109,CHEMBL2397095,COc1ccc(OCC2c3cc(OC)c(OC)cc3CCN2C(=O)c2ccccc2)cc1,IC50,12000.0,nM,4.92
GRIN2C,CHEMBL4109,CHEMBL2397208,COc1ccc(OCC2c3cc(OC)c(OC)cc3CCN2C(=O)c2cccc(F)c2)cc1,IC50,7000.0,nM,5.16
GRIN2C,CHEMBL4109,CHEMBL2397100,COc1ccc(OCC2c3cc(OC)c(OC)cc3CCN2C(=O)c2cccc(Cl)c2)cc1,IC50,3000.0,nM,5.52
GRIN2C,CHEMBL4109,CHEMBL2397103,COc1ccc(OCC2c3cc(OC)c(OC)cc3CCN2C(=O)c2cccc(Br)c2)cc1,IC50,1000.0,nM,6.00
GRIN2C,CHEMBL4109,CHEMBL2397211,COc1ccc(OCC2c3cc(OC)c(OC)cc3CCN2C(=O)c2cccc(C(F)(F)F)c2)cc1,IC50,2000.0,nM,5.70
GRIN2C,CHEMBL4109,CHEMBL2397097,COc1ccc(OCC2c3cc(OC)c(OC)cc3CCN2C(=O)c2cccc(C)c2)cc1,IC50,5000.0,nM,5.30
GRIN2C,CHEMBL4109,CHEMBL2397105,COc1ccc(OCC2c3cc(OC)c(OC)cc3CCN2C(=O)c2cccc(OC)c2)cc1,IC50,6000.0,nM,5.22
GRIN2C,CHEMBL4109,CHEMBL2397099,COc1ccc(OCC2c3cc(OC)c(OC)cc3CCN2C(=O)c2ccc(Cl)cc2)cc1,IC50,4000.0,nM,5.40
GRIN2C,CHEMBL4109,CHEMBL2397221,COc1ccc(OCC2c3cc(OC)c(OC)cc3CCN2C(=O)c2cccs2)cc1,IC50,9000.0,nM,5.05
GRIN2C,CHEMBL4109,CHEMBL2397233,CCc1ccc(OCC2c3cc(OC)c(OC)cc3CCN2C(=O)c2ccccc2)cc1,IC50,3000.0,nM,5.52
GRIN2C,CHEMBL4109,CHEMBL2397108,COc1ccc(OCC2c3cc(OC)c(OC)cc3CCN2C(=O)c2ccc(Cl)c(Cl)c2)cc1,IC50,3000.0,nM,5.52
GRIN2C,CHEMBL4109,CHEMBL2397209,COc1ccc(OCC2c3cc(OC)c(OC)cc3CCN2C(=O)c2cccc(I)c2)cc1,IC50,31000.0,nM,4.51
GRIN2C,CHEMBL4109,CHEMBL2397109,COc1ccc(OCC2c3cc(OC)c(OC)cc3CCN2C(=O)c2cccc(Cl)c2Cl)cc1,IC50,2000.0,nM,5.70
GRIN2C,CHEMBL4109,CHEMBL2397093,COc1ccc(OC[C@@H]2c3cc(OC)c(OC)cc3CCN2C(=O)c2cccc(Cl)c2)cc1,IC50,2400.0,nM,5.62
GRIN2C,CHEMBL4109,CHEMBL2397107,COc1ccc(OCC2c3cc(OC)c(OC)cc3CCN2C(=O)c2cccc([N+](=O)[O-])c2)cc1,IC50,13000.0,nM,4.89
GRIN2C,CHEMBL4109,CHEMBL2397124,COc1ccc(OCC2c3cc(OC)c(OC)cc3CCN2C(=O)c2ccc(F)c(Cl)c2)cc1,IC50,6000.0,nM,5.22
GRIN2C,CHEMBL4109,CHEMBL2397252,COc1ccc(OCC2c3c(cc(OC)cc3OC)CCN2C(=O)c2ccccc2)cc1,IC50,10000.0,nM,5.00
GRIN2C,CHEMBL4109,CHEMBL2397253,COc1ccc(OCC2c3c(cc(OC)cc3OC)CCN2C(=O)c2cccc(Cl)c2)cc1,IC50,11000.0,nM,4.96
GRIN2C,CHEMBL4109,CHEMBL2397254,COc1ccc(OCC2c3c(cc(OC)cc3OC)CCN2C(=O)c2cccc(Br)c2)cc1,IC50,7000.0,nM,5.16
GRIN2C,CHEMBL4109,CHEMBL2397250,COc1ccc(OCC2c3cc4c(cc3CCN2C(=O)c2cccc(Cl)c2)OCO4)cc1,IC50,12000.0,nM,4.92
GRIN2C,CHEMBL4109,CHEMBL2397256,COc1ccc(OCC2c3ccc(OC)cc3CCN2C(=O)c2cccc(Cl)c2)cc1,IC50,800.0,nM,6.10
GRIN2C,CHEMBL4109,CHEMBL2397257,COc1ccc(OCC2c3ccc(OC)cc3CCN2C(=O)c2cccc(Br)c2)cc1,IC50,1000.0,nM,6.00
GRIN2C,CHEMBL4109,CHEMBL2397119,COc1ccc(/C=C/C2c3cc(OC)c(OC)cc3CCN2C(=O)c2cccc(Cl)c2)cc1,IC50,1200.0,nM,5.92
GRIN2C,CHEMBL4109,CHEMBL5943211,Cc1cc(C(=O)O)c(NC(=O)c2ccc(C(C)(C)C)cc2)s1,IC50,175000.0,nM,
GRIN2C,CHEMBL4109,CHEMBL5760180,Cc1sc(NC(=O)c2ccc(C(C)(C)C)cc2)c(C(=O)O)c1C,IC50,33000.0,nM,4.48
GRIN2C,CHEMBL4109,CHEMBL5936492,CCc1cc(C(=O)O)c(NC(=O)c2ccc(C(C)(C)C)cc2)s1,IC50,41000.0,nM,4.39
GRIN2C,CHEMBL4109,CHEMBL1390450,CC(C)(C)c1ccc(C(=O)Nc2sc3c(c2C(=O)O)CCC3)cc1,IC50,77000.0,nM,4.11
GRIN2C,CHEMBL4109,CHEMBL5835800,CC(C)(C)c1ccc(C(=O)Nc2sc3c(c2C(=O)O)CCCC3)cc1,IC50,20000.0,nM,4.70
GRIN2C,CHEMBL4109,CHEMBL5813297,CC(C)(C)c1ccc(C(=O)NC2=C(C(=O)O)C3CCCCCC3S2)cc1,IC50,19000.0,nM,4.72
GRIN2C,CHEMBL4109,CHEMBL5945105,CC(C)(C)c1ccc(C(=O)Nc2scc(-c3ccccc3)c2C(=O)O)cc1,IC50,45000.0,nM,4.35
GRIN2C,CHEMBL4109,CHEMBL6039053,CCOc1ccc(-c2csc(NC(=O)c3ccc(C(C)(C)C)cc3)c2C(=O)O)cc1,IC50,26000.0,nM,4.58
GRIN2C,CHEMBL4109,CHEMBL1315224,COc1ccc(-c2csc(NC(=O)c3ccc(C(C)(C)C)cc3)c2C(=O)O)cc1,IC50,42000.0,nM,4.38
GRIN2C,CHEMBL4109,CHEMBL5944420,Cc1ccc(-c2csc(NC(=O)c3ccc(C(C)(C)C)cc3)c2C(=O)O)cc1,IC50,16000.0,nM,4.80
GRIN2C,CHEMBL4109,CHEMBL5784343,Cc1sc(NC(=O)c2ccc(C(C)(C)C)cc2)c(C(N)=O)c1C,IC50,51000.0,nM,4.29
GRIN2C,CHEMBL4109,CHEMBL5882007,CSC1=NCCN1C(=O)c1ccc(C(C)(C)C)cc1,IC50,139000.0,nM,
GRIN2C,CHEMBL4109,CHEMBL1313991,CC(C)(C)c1ccc(CSc2nc(N)cc(O)n2)cc1,IC50,39000.0,nM,4.41
GRIN2C,CHEMBL4109,CHEMBL6166025,CC1(F)CN(C(=O)Cn2cnc3c(c(-c4ccc(F)c(Cl)c4)cn3C3CC3)c2=O)C1,EC50,120.0,nM,6.92
GRIN2C,CHEMBL4109,CHEMBL5314944,C[C@@H](O)[C@@H](C(N)=O)N1C[C@@]2(CCCN2C(=O)OC(C)(C)C)C1=O,EC50,9700.0,nM,5.01
GRIN2C,CHEMBL4109,CHEMBL5095095,C[C@H](CC[C@](C)(O)C(F)(F)F)[C@H]1CC[C@H]2[C@@H]3CC=C4C[C@@](C)(O)CC[C@]4(C)[C@H]3CC[C@]12C,EC50,79.0,nM,7.10
GRIN2C,CHEMBL4109,CHEMBL4435232,CCCc1nc2[nH]c(C)c(NS(=O)(=O)c3ccc(C4CCCCC4)cc3)c(=O)n2n1,EC50,3000.0,nM,5.52
GRIN2C,CHEMBL4109,CHEMBL6176014,Cc1nc(C(=O)NCc2cccnc2)cnc1OCC(F)(F)c1cc(Cl)ccn1,IC50,50000.0,nM,
GRIN2C,CHEMBL4109,CHEMBL6174828,O=C(NCc1cccnc1)c1cnc(COCc2ccc(F)c(F)c2)cn1,IC50,50000.0,nM,
GRIN2D,CHEMBL2591,CHEMBL2333944,Cc1ccc2[nH]c(=O)c(C3=NN(C(=O)CCC(=O)O)C(c4ccc(Br)cc4)C3)c(-c3ccccc3)c2c1,IC50,2700.0,nM,5.57
GRIN2D,CHEMBL2591,CHEMBL4435232,CCCc1nc2[nH]c(C)c(NS(=O)(=O)c3ccc(C4CCCCC4)cc3)c(=O)n2n1,EC50,6700.0,nM,5.17
GRIN2D,CHEMBL2591,CHEMBL2010868,O=C(O)c1cc2cccc(O)c2cc1O,EC50,10000.0,nM,5.00
GRIN2D,CHEMBL2591,CHEMBL4464605,O=C(O)c1cc2cc(-c3ccccc3)ccc2c(Br)c1O,IC50,2400.0,nM,5.62
GRIN2D,CHEMBL2591,CHEMBL2333943,O=C(O)c1cc2cc(Br)ccc2oc1=O,IC50,426000.0,nM,
GRIN2D,CHEMBL2591,CHEMBL1179566,CC(=O)[C@H]1CC[C@H]2[C@@H]3CC[C@@H]4C[C@H](OS(=O)(=O)O)CC[C@]4(C)[C@H]3CC[C@]12C,IC50,14000.0,nM,4.85
GRIN2D,CHEMBL2591,CHEMBL1215292,COc1ccc2nc(/C=C/c3cccc([N+](=O)[O-])c3)n(-c3ccc(C(=O)O)cc3)c(=O)c2c1,IC50,3900.0,nM,5.41
GRIN2D,CHEMBL2591,CHEMBL305187,CC(C(O)c1ccc(O)cc1)N1CCC(Cc2ccccc2)CC1,IC50,75900.0,nM,4.12
GRIN2D,CHEMBL2591,CHEMBL2333945,O=C(NNC(=O)c1ccc(CNS(=O)(=O)c2ccc(F)c(Cl)c2)cc1)c1ccccc1,IC50,10000.0,nM,
GRIN2D,CHEMBL2591,CHEMBL2333945,O=C(NNC(=O)c1ccc(CNS(=O)(=O)c2ccc(F)c(Cl)c2)cc1)c1ccccc1,IC50,30000.0,nM,
GRIN2D,CHEMBL2591,CHEMBL1179605,CC(=O)[C@H]1CC[C@H]2[C@@H]3CC=C4C[C@@H](OS(=O)(=O)O)CC[C@]4(C)[C@H]3CC[C@]12C,IC50,118000.0,nM,
GRIN2D,CHEMBL2591,CHEMBL1179605,CC(=O)[C@H]1CC[C@H]2[C@@H]3CC=C4C[C@@H](OS(=O)(=O)O)CC[C@]4(C)[C@H]3CC[C@]12C,EC50,78000.0,nM,4.11
GRIN2D,CHEMBL2591,CHEMBL2397100,COc1ccc(OCC2c3cc(OC)c(OC)cc3CCN2C(=O)c2cccc(Cl)c2)cc1,EC50,2800.0,nM,5.55
GRIN2D,CHEMBL2591,CHEMBL4456824,O=C(O)c1ccc2cc(I)c3ccccc3c2c1,IC50,50000.0,nM,4.30
GRIN2D,CHEMBL2591,CHEMBL4452216,CC(C)CCCc1ccc2cc(C(=O)O)ccc2c1,EC50,29000.0,nM,4.54
GRIN2D,CHEMBL2591,CHEMBL4447266,O=C(O)CCC(=O)N1N=C(c2c(-c3ccccc3)c3cc(Br)ccc3[nH]c2=O)CC1c1ccc(Br)cc1,IC50,2700.0,nM,5.57
GRIN2D,CHEMBL2591,CHEMBL4544421,CCN(CC)C(=S)Oc1ccc(C(=O)Nc2cccc3ccccc23)cc1,IC50,1400.0,nM,5.85
GRIN2D,CHEMBL2591,CHEMBL5092058,Cc1cn([C@H](C)CC#N)c(=O)c2cc(Cn3nc(C(F)F)cc3Cl)nn12,EC50,9600.0,nM,
GRIN2D,CHEMBL2591,CHEMBL5273123,Cc1cc(Cn2nc(Br)cc2Cl)cc(=O)n1C[C@H]1C[C@@H]1C#N,EC50,5100.0,nM,5.29
GRIN2D,CHEMBL2591,CHEMBL5416465,Nc1nccn1Cc1cn(-c2ccc(Cl)c(C(=O)C(F)F)c2)nn1,IC50,10000.0,nM,
GRIN2D,CHEMBL2591,CHEMBL5421096,FC(F)Oc1cc(-n2cc(COc3ncccn3)nn2)ccc1Cl,IC50,10000.0,nM,
GRIN2D,CHEMBL2591,CHEMBL5409770,COCc1ccnc(OCc2cn(-c3ccc(F)c(OC(F)F)c3)nn2)n1,IC50,10000.0,nM,
GRIN2D,CHEMBL2591,CHEMBL6166025,CC1(F)CN(C(=O)Cn2cnc3c(c(-c4ccc(F)c(Cl)c4)cn3C3CC3)c2=O)C1,EC50,120.0,nM,6.92
GRIN2D,CHEMBL2591,CHEMBL5095095,C[C@H](CC[C@](C)(O)C(F)(F)F)[C@H]1CC[C@H]2[C@@H]3CC=C4C[C@@](C)(O)CC[C@]4(C)[C@H]3CC[C@]12C,EC50,79.0,nM,7.10
GRIN2D,CHEMBL2591,CHEMBL4435232,CCCc1nc2[nH]c(C)c(NS(=O)(=O)c3ccc(C4CCCCC4)cc3)c(=O)n2n1,EC50,3000.0,nM,5.52
GRIN2D,CHEMBL2591,CHEMBL6176014,Cc1nc(C(=O)NCc2cccnc2)cnc1OCC(F)(F)c1cc(Cl)ccn1,IC50,50000.0,nM,
GRIN2D,CHEMBL2591,CHEMBL6174828,O=C(NCc1cccnc1)c1cnc(COCc2ccc(F)c(F)c2)cn1,IC50,50000.0,nM,
CDK5R1,CHEMBL2783,CHEMBL440411,O=C1Nc2ccc(S(=O)(=O)O)cc2/C1=C1/Nc2ccccc2/C1=N\O,IC50,7.0,nM,8.15
CDK5R1,CHEMBL2783,CHEMBL337300,O=Nc1c(-c2c(O)[nH]c3ccc(I)cc23)[nH]c2ccccc12,IC50,20.0,nM,7.70
CDK5R1,CHEMBL2783,CHEMBL261425,O=C1Nc2ccccc2/C1=C\c1c(Cl)[nH]c2ccccc12,IC50,25000.0,nM,4.60
CDK5R1,CHEMBL2783,CHEMBL259850,COc1ccc(CNC(=O)Nc2ncc([N+](=O)[O-])s2)cc1,IC50,100000.0,nM,
CDK5R1,CHEMBL2783,CHEMBL126077,O=Nc1c(-c2c(O)[nH]c3ccccc23)[nH]c2ccccc12,IC50,100.0,nM,7.00
CDK5R1,CHEMBL2783,CHEMBL1933576,CN1CCN(c2ccc(OC(F)(F)F)c(Nc3nccc(-c4cc(C(N)=O)cn4C)n3)c2)CC1,IC50,10000.0,nM,
CDK5R1,CHEMBL2783,CHEMBL1933582,CN1CCN(c2ccc(OC(F)(F)F)c(Nc3nccc(-c4cc5c(n4C)CCNC5=O)n3)c2)CC1,IC50,10000.0,nM,
CDK5R1,CHEMBL2783,CHEMBL4483629,Clc1nc(NCc2ccccn2)c2c(-c3ccccc3)cccc2n1,IC50,50000.0,nM,4.30
CDK5R1,CHEMBL2783,CHEMBL5808524,NS(=O)(=O)c1ccc(Nc2ncc3cc4n(c3n2)C2(CCCCC2)C(=O)NC4O)cc1,IC50,0.68,nM,9.17
CDK5R1,CHEMBL2783,CHEMBL5837976,NS(=O)(=O)c1ccc(Nc2ncc3cc4n(c3n2)C2(CCCCC2)CC(=O)N4)cc1,IC50,1.4,nM,8.85
CDK5R1,CHEMBL2783,CHEMBL5834528,NS(=O)(=O)c1ccc(Nc2ncc3cc4n(c3n2)C2(CCCCC2)C(=O)NN4)cc1,IC50,17.0,nM,7.77
CDK5R1,CHEMBL2783,CHEMBL5747791,NS(=O)(=O)c1ccc(Nc2ncc3cc4n(c3n2)C2(C=NN4)CCCCC2)cc1,IC50,6.0,nM,8.22
CDK5R1,CHEMBL2783,CHEMBL5932479,CN1NC(=O)C2(CCCCC2)n2c1cc1cnc(Nc3ccc(S(N)(=O)=O)cc3)nc12,IC50,120.0,nM,6.92
CDK5R1,CHEMBL2783,CHEMBL5797283,NS(=O)(=O)c1ccc(Nc2ncc3cc4n(c3n2)C2(CCCCC2)C(=O)N[C@H]4CF)cc1,IC50,16.0,nM,7.80
CDK5R1,CHEMBL2783,CHEMBL5845618,C[C@@H]1NC(=O)C2(CCCCC2)n2c1cc1cnc(Nc3ccc(S(N)(=O)=O)cc3)nc12,IC50,50.0,nM,7.30
CDK5R1,CHEMBL2783,CHEMBL6021151,CN1N=CC2(CCCCC2)n2c1cc1cnc(Nc3ccc(S(N)(=O)=O)cc3)nc12,IC50,30.0,nM,7.52
CDK5R1,CHEMBL2783,CHEMBL5776705,NS(=O)(=O)c1ccc(Nc2ncc3cc4n(c3n2)C2(CCCCC2)C(=O)N[C@@H]4CF)cc1,IC50,12.0,nM,7.92
CDK5R1,CHEMBL2783,CHEMBL5938366,CC1C(=O)Nc2cc3cnc(Nc4ccc(S(N)(=O)=O)cc4)nc3n2C12CCCCC2,IC50,2.0,nM,8.70
CDK5R1,CHEMBL2783,CHEMBL5932925,CC1C(=O)N(C)c2cc3cnc(Nc4ccc(S(N)(=O)=O)cc4)nc3n2C12CCCCC2,IC50,15.0,nM,7.82
CDK5R1,CHEMBL2783,CHEMBL5781070,CC1=NNc2cc3cnc(Nc4ccc(S(N)(=O)=O)cc4)nc3n2C12CCCCC2,IC50,48.0,nM,7.32
CDK5R1,CHEMBL2783,CHEMBL5943225,CC1=NN(C)c2cc3cnc(Nc4ccc(S(N)(=O)=O)cc4)nc3n2C12CCCCC2,IC50,11.0,nM,7.96
CDK5R1,CHEMBL2783,CHEMBL6065800,CN1CCN(S(=O)(=O)c2ccc(Nc3ncc4cc5n(c4n3)C3(CCCCC3)C(=O)NN5)cc2)CC1,IC50,105.0,nM,6.98
CDK5R1,CHEMBL2783,CHEMBL5778396,CN1CCN(S(=O)(=O)c2ccc(Nc3ncc4cc5n(c4n3)C3(CCCCC3)C(=O)NC5O)cc2)CC1,IC50,71.0,nM,7.15
CDK5R1,CHEMBL2783,CHEMBL5980280,CN1CCN(S(=O)(=O)c2ccc(Nc3ncc4cc5n(c4n3)C3(CCCCC3)CC(=O)N5)cc2)CC1,IC50,7.0,nM,8.15
CDK5R1,CHEMBL2783,CHEMBL5812991,CN1CCN(C(=O)c2ccc(Nc3ncc4cc5n(c4n3)C3(CCCCC3)C(=O)NN5)cc2)CC1,IC50,84.0,nM,7.08
CDK5R1,CHEMBL2783,CHEMBL5945627,CN1CCN(C(=O)c2ccc(Nc3ncc4cc5n(c4n3)C3(CCCCC3)C(=O)NC5O)cc2)CC1,IC50,4.0,nM,8.40
CDK5R1,CHEMBL2783,CHEMBL5992870,CN1CCN(C(=O)c2ccc(Nc3ncc4cc5n(c4n3)C3(CCCCC3)CC(=O)N5)cc2)CC1,IC50,3.0,nM,8.52
CDK5R1,CHEMBL2783,CHEMBL5739950,O=C1NCC2(CCCCC2)n2c1cc1cnc(Nc3ccc(C(=O)N4CCNCC4)cc3)nc12,IC50,1.0,nM,9.00
CDK5R1,CHEMBL2783,CHEMBL5805868,CC1C(=O)Nc2cc3cnc(Nc4ccc(S(=O)(=O)N5CCN(C)CC5)cc4)nc3n2C12CCCCC2,IC50,6.0,nM,8.22
CDK5R1,CHEMBL2783,CHEMBL5838972,O=C(c1ccc(Nc2ncc3cc4n(c3n2)C2(CCCCC2)C(=O)NN4)cc1)N1CCNCC1,IC50,72.0,nM,7.14
CDK5R1,CHEMBL2783,CHEMBL6036030,CN(C)C(=O)c1ccc(Nc2ncc3cc4n(c3n2)C2(CCCCC2)C(=O)NN4)cc1,IC50,131.0,nM,6.88
CDK5R1,CHEMBL2783,CHEMBL5816556,NC(=O)c1ccc(Nc2ncc3cc4n(c3n2)C2(CCCCC2)C(=O)NN4)cc1,IC50,78.0,nM,7.11
CDK5R1,CHEMBL2783,CHEMBL5875150,CNC(=O)c1ccc(Nc2ncc3cc4n(c3n2)C2(CCCCC2)C(=O)NN4)cc1,IC50,65.0,nM,7.19
CDK5R1,CHEMBL2783,CHEMBL5981230,O=C(c1ccc(Nc2ncc3cc4n(c3n2)C2(CCCCC2)C(=O)NN4)cc1)N1CCOCC1,IC50,92.0,nM,7.04
ACE,CHEMBL1808,CHEMBL152758,CC(N[C@H](C)C(=O)N1CCC[C@H]1C(=O)O)C(=O)O,IC50,90.0,nM,7.05
ACE,CHEMBL1808,CHEMBL291381,O=C(CCC(=O)N1CCCC1C(=O)O)NO,IC50,50000.0,nM,4.30
ACE,CHEMBL1808,CHEMBL358439,C[C@@H](NCC(=O)O)C(=O)N1CCC[C@H]1C(=O)O,IC50,2400.0,nM,5.62
ACE,CHEMBL1808,CHEMBL1237,NCCCC[C@H](N[C@@H](CCc1ccccc1)C(=O)O)C(=O)N1CCC[C@H]1C(=O)O,IC50,1.2,nM,8.92
ACE,CHEMBL1808,CHEMBL293213,CC(CCC(=O)N1CCCC1C(=O)O)C(=O)O,IC50,260000.0,nM,
ACE,CHEMBL1808,CHEMBL62678,C[C@@H](CCC(=O)O)C(=O)N1CCCC1C(=O)O,IC50,4900.0,nM,5.31
ACE,CHEMBL1808,CHEMBL577,C[C@H](N[C@@H](CCc1ccccc1)C(=O)O)C(=O)N1CCC[C@H]1C(=O)O,IC50,1.2,nM,8.92
ACE,CHEMBL1808,CHEMBL10973,O=C(NC(Cc1ccccc1)C(=O)CCC(=O)N1CCCC1c1nn[nH]n1)c1ccccc1,IC50,22000.0,nM,4.66
ACE,CHEMBL1808,CHEMBL11795,CC(=O)SCC1CCCN(CC(=O)O)C1=O,IC50,100000.0,nM,4.00
ACE,CHEMBL1808,CHEMBL11507,O=C(O)CN1CCC(CS)C1=O,IC50,3700.0,nM,5.43
ACE,CHEMBL1808,CHEMBL12006,CC(=O)SCC1CCCN(C(C(=O)O)c2ccccc2)C1=O,IC50,19000.0,nM,4.72
ACE,CHEMBL1808,CHEMBL10690,O=C(NC(Cc1ccccc1)C(=O)CCC(=O)N1CCCC1P(=O)(O)O)c1ccccc1,IC50,100000.0,nM,4.00
ACE,CHEMBL1808,CHEMBL416339,CC(=O)SCC1CCCN(C(C)C(=O)O)C1=O,IC50,35000.0,nM,4.46
ACE,CHEMBL1808,CHEMBL1560,C[C@H](CS)C(=O)N1CCC[C@H]1C(=O)O,IC50,12.0,nM,7.92
ACE,CHEMBL1808,CHEMBL75433,CCCCC(CC(=O)NO)[S+]([O-])c1ccccc1,IC50,100000.0,nM,
ACE,CHEMBL1808,CHEMBL12050,CC(=O)SCC1CCCN(CC(N)=O)C1=O,IC50,,nM,
ACE,CHEMBL1808,CHEMBL1788203,CCCC[C@H](CC(=O)NO)S(=O)(=O)c1ccccc1,IC50,34000.0,nM,4.47
ACE,CHEMBL1808,CHEMBL263501,CCCCC(CC(=O)NO)S(=O)(=O)c1ccccc1,IC50,81000.0,nM,4.09
ACE,CHEMBL1808,CHEMBL2092878,CCCC[C@@H](CC(=O)NO)S(=O)(=O)c1ccccc1,IC50,100000.0,nM,
ACE,CHEMBL1808,CHEMBL416147,O=C(NC(Cc1ccccc1)C(=O)CCC(=O)N1CCC[C@H]1C(=O)O)c1ccccc1,IC50,70.0,nM,7.16
ACE,CHEMBL1808,CHEMBL77258,CCCCC(CC(=O)NO)S(=O)(=O)C1CCCCC1,IC50,100000.0,nM,
ACE,CHEMBL1808,CHEMBL11707,O=C(O)CN1CCCC(CS)C1=O,IC50,1000.0,nM,6.00
ACE,CHEMBL1808,CHEMBL11783,CC(=O)SCC1CCN(CC(=O)O)C1=O,IC50,33000.0,nM,4.48
ACE,CHEMBL1808,CHEMBL416706,CCCC(C(=O)O)N1CCCC(CSC(C)=O)C1=O,IC50,30000.0,nM,4.52
ACE,CHEMBL1808,CHEMBL274553,O=C(NC(Cc1ccccc1)C(=O)CCC(=O)N1CCCC1C(=O)NO)c1ccccc1,IC50,1600.0,nM,5.80
ACE,CHEMBL1808,CHEMBL275702,NCCCCC(NC(=O)C1CCC1)C(=O)NC(Cc1ccccc1)C(=O)CCC(=O)N1CCCC1C(=O)NO.O=C(O)C(F)(F)F,IC50,11.0,nM,7.96
ACE,CHEMBL1808,CHEMBL274550,NCCCCC(NC(=O)C1CCC1)C(=O)NC(Cc1ccccc1)C(=O)CCC(=O)N1CCCC1C(=O)O.O=C(O)C(F)(F)F,IC50,7.6,nM,8.12
ACE,CHEMBL1808,CHEMBL78001,CCCCC(CC(=O)NO)S(=O)(=O)c1ccc2ccccc2c1,IC50,12400.0,nM,4.91
ACE,CHEMBL1808,CHEMBL301364,O=C(O)CCN1C(=O)[C@@H](NC(=O)[C@@H](S)Cc2ccccc2)CCc2ccccc21,IC50,36.0,nM,7.44
ACE,CHEMBL1808,CHEMBL287896,C[C@H](NC(=O)[C@@H](S)Cc1ccccc1)C(=O)N1CCC[C@H]1C(=O)O,IC50,30.0,nM,7.52
ACE,CHEMBL1808,CHEMBL50559,C[C@@H]1Oc2ccccc2N(CC(=O)O)C(=O)[C@H]1NC(=O)[C@@H](S)Cc1ccccc1,IC50,36.0,nM,7.44
ACE,CHEMBL1808,CHEMBL299441,O=C(O)CCN1C(=O)[C@@H](NC(=O)[C@@H](S)Cc2ccccc2)CSc2ccccc21,IC50,14.0,nM,7.85
ACE,CHEMBL1808,CHEMBL299181,C[C@H](NC(=O)[C@@H](CS)Cc1ccccc1)C(=O)N1CCC[C@H]1C(=O)O,IC50,4.0,nM,8.40
ACE,CHEMBL1808,CHEMBL52733,C[C@H]1Oc2ccccc2N(CCC(=O)O)C(=O)[C@H]1NC(=O)[C@@H](S)Cc1ccccc1,IC50,18.0,nM,7.75
ACE,CHEMBL1808,CHEMBL301751,O=C(O)CCN1C(=O)[C@@H](NC(=O)[C@@H](S)Cc2ccccc2)COc2ccccc21,IC50,31.0,nM,7.51
ACE,CHEMBL1808,CHEMBL298388,O=C(O)CN1C(=O)[C@@H](NC(=O)[C@@H](S)Cc2ccccc2)CSc2ccccc21,IC50,13.0,nM,7.89
ACE,CHEMBL1808,CHEMBL51389,O=C(O)CN1C(=O)[C@@H](NC(=O)[C@@H](CS)Cc2ccccc2)COc2ccccc21,IC50,4.4,nM,8.36
ACE,CHEMBL1808,CHEMBL299639,O=C(O)CN1C(=O)[C@@H](NC(=O)[C@@H](S)Cc2ccccc2)CCc2ccccc21,IC50,12.0,nM,7.92
ACE,CHEMBL1808,CHEMBL53879,C[C@H]1Oc2ccccc2N(CC(=O)O)C(=O)[C@H]1NC(=O)[C@@H](S)Cc1ccccc1,IC50,13.0,nM,7.89
ACE,CHEMBL1808,CHEMBL54036,O=C(O)CN1C(=O)[C@@H](NC(=O)[C@@H](S)Cc2ccccc2)COc2ccccc21,IC50,28.0,nM,7.55
ACE,CHEMBL1808,CHEMBL310200,COc1ccc(CSC[C@@H](NC(=O)[C@H](CS)Cc2ccccc2)C(=O)O)cc1,IC50,290.0,nM,6.54
ACE,CHEMBL1808,CHEMBL51438,O=C(O)CCN1C(=O)[C@@H](NC(=O)[C@@H](CS)Cc2ccccc2)CCc2ccccc21,IC50,36.0,nM,7.44
ACE,CHEMBL1808,CHEMBL80055,Cc1ccc(CSC[C@@H](NC(=O)[C@@H](CS)Cc2ccccc2)C(=O)O)cc1C,IC50,460.0,nM,6.34
ACE,CHEMBL1808,CHEMBL430431,Cc1ccc(CSC[C@@H](NC(=O)[C@H](CS)Cc2ccc3ccccc3c2)C(=O)O)cc1,IC50,3100.0,nM,5.51
ACE,CHEMBL1808,CHEMBL51780,O=C(O)CN1C(=O)[C@@H](NC(=O)[C@@H](CS)Cc2ccccc2)CSc2ccccc21,IC50,17.0,nM,7.77
ACE,CHEMBL1808,CHEMBL51498,O=C(O)CN1C(=O)[C@@H](NC(=O)[C@@H](CS)Cc2ccccc2)CCc2ccccc21,IC50,4.8,nM,8.32
ACE,CHEMBL1808,CHEMBL297792,Cc1ccc(C#Cc2ccc(S(=O)(=O)N[C@H](Cc3c[nH]c4ccccc34)C(=O)O)s2)cc1,IC50,1000.0,nM,
ACE,CHEMBL1808,CHEMBL155874,O=C(Nc1ccc(S(=O)(=O)N[C@H](Cc2c[nH]c3ccccc23)C(=O)O)cc1)c1ccc(Br)cc1,IC50,1000.0,nM,
ACE,CHEMBL1808,CHEMBL160153,CSc1ccc(-n2nnc(-c3ccc(S(=O)(=O)N[C@@H](C(=O)O)C(C)C)cc3)n2)cc1,IC50,1000.0,nM,
ACE,CHEMBL1808,CHEMBL440921,CSc1ccc(-c2ccc(S(=O)(=O)N[C@@H](C(=O)O)C(C)C)cc2)cc1,IC50,1000.0,nM,
ACE,CHEMBL1808,CHEMBL345597,O=C(O)[C@@H](Cc1c[nH]c2ccccc12)NS(=O)(=O)c1ccc(-c2nnn(-c3ccccc3)n2)cc1,IC50,1000.0,nM,
ACE,CHEMBL1808,CHEMBL345200,Cc1ccc(-c2ccc(S(=O)(=O)N[C@H](Cc3c[nH]c4ccccc34)C(=O)O)s2)cc1,IC50,1000.0,nM,
ACE,CHEMBL1808,CHEMBL66254,O=C(N[C@H]1CCCN2CC[C@@H](C(=O)O)N2C1=O)[C@@H](S)Cc1ccccc1,IC50,12.0,nM,7.92
ACE,CHEMBL1808,CHEMBL66481,O=C(N[C@H]1CCC(=O)N2CCC[C@@H](C(=O)O)N2C1=O)[C@@H](S)Cc1ccccc1,IC50,7.0,nM,8.15
ACE,CHEMBL1808,CHEMBL62417,CCCN1C(=O)CC[C@H](NC(=O)[C@@H](S)Cc2ccccc2)C(=O)N1CC(=O)O,IC50,10.0,nM,8.00
ACE,CHEMBL1808,CHEMBL63001,CN1CCC[C@H](NC(=O)[C@@H](S)Cc2ccccc2)C(=O)N1CC(=O)O,IC50,16.0,nM,7.80
ACE,CHEMBL1808,CHEMBL304881,CN1C(=O)CC[C@H](NC(=O)[C@@H](S)Cc2ccccc2)C(=O)N1CC(=O)O,IC50,16.0,nM,7.80
ACE,CHEMBL1808,CHEMBL305108,O=C(N[C@H]1CCC(=O)N2CC[C@@H](C(=O)O)N2C1=O)[C@@H](S)Cc1ccccc1,IC50,20.0,nM,7.70
ACE,CHEMBL1808,CHEMBL61566,CCCN1CCC[C@H](NC(=O)[C@@H](S)Cc2ccccc2)C(=O)N1CC(=O)O,IC50,6.0,nM,8.22
ACE,CHEMBL1808,CHEMBL65545,O=C(N[C@H]1CCCN2CCC[C@@H](C(=O)O)N2C1=O)[C@@H](S)Cc1ccccc1,IC50,8.0,nM,8.10
ACE,CHEMBL1808,CHEMBL417034,O=C(O)CN1NCCC[C@H](NC(=O)[C@@H](S)Cc2ccccc2)C1=O,IC50,60.0,nM,7.22
ACE,CHEMBL1808,CHEMBL28361,C[C@H](NC(=O)[C@@H](N)Cc1ccccc1)C(=O)N1CCC[C@H]1C(=O)O,IC50,1400.0,nM,5.85
ACE,CHEMBL1808,CHEMBL342373,CC(NC(C(=O)O)C1CCCN1C(=O)NCC(=O)O)C(=O)N1CCCC1C(=O)O,IC50,6.0,nM,8.22
ACE,CHEMBL1808,CHEMBL2111942,C[C@H](N[C@@H](C(=O)O)[C@H](Cc1ccccc1)NC(=O)c1ccccc1)C(=O)N1CCC[C@H]1C(=O)O,IC50,1400.0,nM,5.85
ACE,CHEMBL1808,CHEMBL578,CCOC(=O)[C@H](CCc1ccccc1)N[C@@H](C)C(=O)N1CCC[C@H]1C(=O)O,IC50,1273.0,nM,5.89
ACE,CHEMBL1808,CHEMBL434617,CC(NC(C(=O)O)C1CCCN1C(=O)NC(CCCCN)C(=O)N1C(=O)CCC1C(=O)O)C(=O)N1CCCC1C(=O)O,IC50,8.5,nM,8.07
ACE,CHEMBL1808,CHEMBL578,CCOC(=O)[C@H](CCc1ccccc1)N[C@@H](C)C(=O)N1CCC[C@H]1C(=O)O,IC50,140.0,nM,6.85
ACE,CHEMBL1808,CHEMBL577,C[C@H](N[C@@H](CCc1ccccc1)C(=O)O)C(=O)N1CCC[C@H]1C(=O)O,IC50,3.1,nM,
ACE,CHEMBL1808,CHEMBL136312,CC(NC(C(=O)O)C1CCCN1C(=O)NC(Cc1ccccc1)C(=O)O)C(=O)N1CCCC1C(=O)O,IC50,5.4,nM,8.27
ACE,CHEMBL1808,CHEMBL579,C[C@H](N[C@@H](CCc1ccccc1)C(=O)O)C(=O)N1CC2(C[C@H]1C(=O)O)SCCS2,IC50,0.8,nM,9.10
ACE,CHEMBL1808,CHEMBL2112769,C[C@H](N[C@H](C(=O)O)[C@H](Cc1ccccc1)NC(=O)c1ccccc1)C(=O)N1CCC[C@H]1C(=O)O,IC50,7.7,nM,8.11
ACE,CHEMBL1808,CHEMBL2111940,C[C@H](N[C@H](C[C@H](Cc1ccccc1)NC(=O)c1ccccc1)C(=O)O)C(=O)N1CCC[C@H]1C(=O)O,IC50,4.8,nM,8.32
ACE,CHEMBL1808,CHEMBL1592,CCOC(=O)[C@H](CCc1ccccc1)N[C@@H](C)C(=O)N1Cc2ccccc2C[C@H]1C(=O)O,IC50,8.3,nM,8.08
ACE,CHEMBL1808,CHEMBL1560,C[C@H](CS)C(=O)N1CCC[C@H]1C(=O)O,IC50,20.0,nM,7.70
ACE,CHEMBL1808,CHEMBL139523,O=C(CCC(=O)N1CCCC1C(=O)O)CCc1ccccc1,IC50,2600000.0,nM,
ACE,CHEMBL1808,CHEMBL2112767,C[C@H](N[C@@H](CNC(=O)c1ccccc1)C(=O)O)C(=O)N1CCC[C@H]1C(=O)O,IC50,17.0,nM,7.77
ACE,CHEMBL1808,CHEMBL2370854,C[C@H](NC(=O)[C@H](Cc1ccccc1)NC(=O)c1ccccc1)C(=O)N1CCC[C@H]1C(=O)O,IC50,2700.0,nM,5.57
ACE,CHEMBL1808,CHEMBL2370850,C[C@H](NC(=O)[C@H](Cc1ccccc1)NC(=O)[C@H](CCCCN)NC(=O)[C@@H]1CCC(=O)N1)C(=O)N1CCC[C@H]1C(=O)O,IC50,50.0,nM,7.30
ACE,CHEMBL1808,CHEMBL2370859,C[C@H](NC(=O)CCc1ccccc1)C(=O)N1CCC[C@H]1C(=O)O,IC50,330000.0,nM,
ACE,CHEMBL1808,CHEMBL335997,CC(NC(C(=O)O)C1CCCN1C(=O)c1ccccc1)C(=O)N1CCCC1C(=O)O,IC50,2.9,nM,8.54
ACE,CHEMBL1808,CHEMBL1560,C[C@H](CS)C(=O)N1CCC[C@H]1C(=O)O,IC50,12.9,nM,7.89
ACE,CHEMBL1808,CHEMBL2112768,C[C@H](N[C@@H](C[C@H](Cc1ccccc1)NC(=O)c1ccccc1)C(=O)O)C(=O)N1CCC[C@H]1C(=O)O,IC50,3.0,nM,8.52
ACE,CHEMBL1808,CHEMBL295690,NCCCC[C@H](N[C@@H](CCc1ccccc1)C(=O)O)C(=O)N1CC2(C[C@H]1C(=O)O)SCCS2,IC50,0.5,nM,9.30
ACE,CHEMBL1808,CHEMBL358203,O=C(O)C(CCc1ccccc1)NC1Cc2ccccc2[C@H]2CCC[C@@H](C(=O)O)N2C1=O,Ki,1.2,nM,8.92
ACE,CHEMBL1808,CHEMBL263460,CC(NC(C(=O)O)C1CCCN1C(=O)NC(Cc1ccccc1)C(=O)NC(Cc1ccccc1)C(=O)O)C(=O)N1CCCC1C(=O)O,IC50,2.9,nM,8.54
ACE,CHEMBL1808,CHEMBL342652,CC(=O)N1CCCC1C(NC(C)C(=O)N1CCCC1C(=O)O)C(=O)O,IC50,9.4,nM,8.03
ACE,CHEMBL1808,CHEMBL2111941,C[C@H](NC(CNC(=O)c1ccccc1)C(=O)O)C(=O)N1CCC[C@H]1C(=O)O,IC50,40.0,nM,7.40
ACE,CHEMBL1808,CHEMBL3037879,C[C@H](N[C@H](C(=O)O)[C@@H]1CCCN1)C(=O)N1CCC[C@H]1C(=O)O,IC50,700.0,nM,6.16
ACE,CHEMBL1808,CHEMBL415881,CCOC(=O)[C@H](CCc1ccccc1)N[C@@H](CCCCN)C(=O)N1CC2(C[C@H]1C(=O)O)SCCS2,IC50,200.0,nM,6.70
ACE,CHEMBL1808,CHEMBL577,C[C@H](N[C@@H](CCc1ccccc1)C(=O)O)C(=O)N1CCC[C@H]1C(=O)O,IC50,2.6,nM,8.59
ACE,CHEMBL1808,CHEMBL1733,C[C@H](N[C@@H](CCc1ccccc1)C(=O)O)C(=O)N1Cc2ccccc2C[C@H]1C(=O)O,IC50,2.9,nM,8.54
ACE,CHEMBL1808,CHEMBL435360,O=C(N[C@@H](Cc1ccccc1)C(=O)CCC(=O)N1CCC[C@H]1C(=O)O)c1ccccc1,IC50,12.0,nM,7.92
ACE,CHEMBL1808,CHEMBL412893,CCOC(=O)C(CCc1ccccc1)NC(C)C(=O)N1Cc2ccccc2CC1C(=O)OCC,IC50,440.0,nM,6.36
ACE,CHEMBL1808,CHEMBL58480,CC(NC(CCc1ccccc1)C(=O)O)C(=O)N1Cc2ccccc2C1C(=O)O,IC50,3.1,nM,8.51
ACE,CHEMBL1808,CHEMBL58042,COc1cc2c(cc1OC)CN(C(=O)C(C)NC(CCc1ccccc1)C(=O)O)C(C(=O)O)C2,IC50,3.0,nM,8.52
ACE,CHEMBL1808,CHEMBL62203,CC(CS)C(=O)N1Cc2ccccc2C1C(=O)O,IC50,14000.0,nM,4.85
ACE,CHEMBL1808,CHEMBL1165,CCOC(=O)[C@H](CCc1ccccc1)N[C@@H](C)C(=O)N1Cc2cc(OC)c(OC)cc2C[C@H]1C(=O)O,IC50,56.0,nM,7.25
ACE,CHEMBL1808,CHEMBL58340,CCOC(=O)C(CCc1ccccc1)NC(C)C(=O)N1Cc2cc(OC)c(OC)cc2CC1C(=O)OCc1ccccc1,IC50,300.0,nM,6.52
ACE,CHEMBL1808,CHEMBL59401,CC(=O)SCCC(=O)N1Cc2ccccc2C1C(=O)OC(C)(C)C,IC50,,nM,
ACE,CHEMBL1808,CHEMBL2115075,CCOC(=O)[C@@H](CCc1ccccc1)N[C@@H](C)C(=O)N1Cc2cc(OC)c(OC)cc2C[C@H]1C(=O)O,IC50,1100.0,nM,5.96
ACE,CHEMBL1808,CHEMBL1733,C[C@H](N[C@@H](CCc1ccccc1)C(=O)O)C(=O)N1Cc2ccccc2C[C@H]1C(=O)O,IC50,2.8,nM,8.55
ACE,CHEMBL1808,CHEMBL57200,CC(=O)SCC(C)C(=O)N1Cc2ccccc2C1C(=O)O,IC50,24000.0,nM,4.62
ACE,CHEMBL1808,CHEMBL577,C[C@H](N[C@@H](CCc1ccccc1)C(=O)O)C(=O)N1CCC[C@H]1C(=O)O,IC50,2.4,nM,8.62
ACE,CHEMBL1808,CHEMBL60702,CCOC(=O)C(CCc1ccccc1)NC(C)C(=O)N1Cc2cc(OC)c(OC)cc2CC1C(=O)OCC,IC50,520.0,nM,6.28
ACE,CHEMBL1808,CHEMBL61811,CC(NC(CCc1ccccc1)C(=O)O)C(=O)N1CCc2ccccc2C1C(=O)O,IC50,5.8,nM,8.24
ACE,CHEMBL1808,CHEMBL291552,CCOC(=O)C(CCc1ccccc1)N(C)C(C)C(=O)N1Cc2ccccc2CC1C(=O)O,IC50,10000.0,nM,
ACE,CHEMBL1808,CHEMBL59354,CC(CS)C(=O)N1CCc2ccccc2C1,IC50,48000.0,nM,4.32
ACE,CHEMBL1808,CHEMBL2114322,CCOC(=O)[C@@H](CCc1ccccc1)N[C@@H](C)C(=O)N1Cc2ccccc2C[C@H]1C(=O)O,IC50,200.0,nM,6.70
ACE,CHEMBL1808,CHEMBL1560,C[C@H](CS)C(=O)N1CCC[C@H]1C(=O)O,IC50,13.0,nM,7.89
ACE,CHEMBL1808,CHEMBL57201,CC(=O)SCC(C)C(=O)N1CCc2ccccc2C1C(=O)O,IC50,100000.0,nM,
ACE,CHEMBL1808,CHEMBL58720,CC(=O)SCC(C)C(=O)N1Cc2ccccc2CC1C(=O)O,IC50,130.0,nM,6.89
ACE,CHEMBL1808,CHEMBL2115288,CCOC(=O)[C@H](CCc1ccccc1)N[C@@H](C)C(=O)N1Cc2ccccc2C[C@@H]1C(=O)O,IC50,6100.0,nM,5.21
ACE,CHEMBL1808,CHEMBL61916,CC(CS)C(=O)N1CCc2ccccc2C1C(=O)O,IC50,58000.0,nM,4.24
ACE,CHEMBL1808,CHEMBL57202,CC(=O)SCC(C)C(=O)N1CCc2ccccc2C1,IC50,49000.0,nM,4.31
ACE,CHEMBL1808,CHEMBL2115478,CCOC(=O)[C@H](CCc1ccccc1)N[C@@H](C)C(=O)N1Cc2ccccc2[C@H]1C(=O)O,IC50,44.0,nM,7.36
ACE,CHEMBL1808,CHEMBL2115076,CCOC(=O)[C@H](CCc1ccccc1)N[C@@H](C)C(=O)N1Cc2ccccc2[C@@H]1C(=O)O,IC50,1000.0,nM,
ACE,CHEMBL1808,CHEMBL417226,O=C(O)C1c2ccccc2CN1C(=O)CCS,IC50,58000.0,nM,4.24
ACE,CHEMBL1808,CHEMBL61137,CC(=O)SCCC(=O)N1Cc2ccccc2C1C(=O)O,IC50,22000.0,nM,4.66
ACE,CHEMBL1808,CHEMBL279737,CC(CS)C(=O)N1Cc2ccccc2CC1C(=O)O,IC50,18.0,nM,7.75
ACE,CHEMBL1808,CHEMBL3350318,CCOC(=O)[C@H](CCc1ccccc1)N[C@@H](C)C(=O)N1Cc2cc(OC)c(OC)cc2C[C@@H]1C(=O)O,IC50,90000.0,nM,4.05
ACE,CHEMBL1808,CHEMBL57338,C[C@H](N)C(=O)N[C@@H](Cc1ccccc1)C(=O)O,IC50,190546.07,nM,
ACE,CHEMBL1808,CHEMBL91561,NCCCC[C@H](N)C(=O)NCC(=O)O,IC50,3235936.57,nM,
ACE,CHEMBL1808,CHEMBL292467,NCC(=O)NCC(=O)O,IC50,7244359.6,nM,
ACE,CHEMBL1808,CHEMBL86518,O=C(O)CN1CCCCCC(NC(CCc2ccccc2)C(=O)O)C1=O,IC50,1700.0,nM,5.77
ACE,CHEMBL1808,CHEMBL86518,O=C(O)CN1CCCCCC(NC(CCc2ccccc2)C(=O)O)C1=O,IC50,4.8,nM,8.32
ACE,CHEMBL1808,CHEMBL91090,CC[C@H](C)[C@H](N)C(=O)N[C@@H](Cc1ccc(O)cc1)C(=O)O,IC50,3715.35,nM,5.43
ACE,CHEMBL1808,CHEMBL94119,CC[C@H](C)[C@H](N)C(=O)N1CCC[C@@H]1C(=O)O,IC50,128824.96,nM,
ACE,CHEMBL1808,CHEMBL420061,NCCCC[C@H](NC(=O)CN)C(=O)O,IC50,5370317.96,nM,
ACE,CHEMBL1808,CHEMBL90069,CC(C)[C@H](N)C(=O)N[C@@H](Cc1ccc(O)cc1)C(=O)O,IC50,21877.62,nM,4.66
ACE,CHEMBL1808,CHEMBL327608,C[C@H](N)C(=O)N1CCC[C@@H]1C(=O)O,IC50,229086.77,nM,
ACE,CHEMBL1808,CHEMBL439762,CC(C)[C@H](N)C(=O)N1CCC[C@H]1C(=O)O,IC50,416869.38,nM,
ACE,CHEMBL1808,CHEMBL80548,NCC(=O)N1CCC[C@H]1C(=O)O,IC50,446683.59,nM,
ACE,CHEMBL1808,CHEMBL91330,CC[C@H](C)[C@H](N)C(=O)N[C@@H](Cc1ccccc1)C(=O)O,IC50,933254.3,nM,
ACE,CHEMBL1808,CHEMBL93127,NCC(=O)N[C@@H](Cc1cnc[nH]1)C(=O)O,IC50,3090295.43,nM,
ACE,CHEMBL1808,CHEMBL90074,C[C@H](NC(=O)[C@@H](N)CCC(=O)O)C(=O)O,IC50,10000000.0,nM,
ACE,CHEMBL1808,CHEMBL315579,NC1CCN(CC(=O)O)C1=O,IC50,,nM,
ACE,CHEMBL1808,CHEMBL91623,C[C@H](CS)C(=O)N1C[C@H](NC(=O)C(CS)Cc2ccccc2)C[C@H]1C(=O)O,IC50,18.0,nM,7.75
ACE,CHEMBL1808,CHEMBL541207,CC(C)C[C@H](N)C(=O)N[C@@H](C)C(=O)O,IC50,309029.54,nM,
ACE,CHEMBL1808,CHEMBL420983,C[C@@H](O)[C@H](NC(=O)CN)C(=O)O,IC50,5754399.37,nM,
ACE,CHEMBL1808,CHEMBL56035,CC(C)[C@H](NC(=O)CN)C(=O)O,IC50,4570881.9,nM,
ACE,CHEMBL1808,CHEMBL329801,C[C@H](N[C@@H](CCc1ccccc1)C(=O)O)C(=O)N1C[C@@H](NC(=O)NC(CS)Cc2ccccc2)C[C@H]1C(=O)O,IC50,43.0,nM,7.37
ACE,CHEMBL1808,CHEMBL89956,N[C@@H](Cc1ccc(O)cc1)C(=O)NCC(=O)O,IC50,1995262.31,nM,
ACE,CHEMBL1808,CHEMBL85175,O=C(O)CN1CCCCC(NC(CCc2ccccc2)C(=O)O)C1=O,IC50,700.0,nM,6.16
ACE,CHEMBL1808,CHEMBL85175,O=C(O)CN1CCCCC(NC(CCc2ccccc2)C(=O)O)C1=O,IC50,19.0,nM,7.72
ACE,CHEMBL1808,CHEMBL2114219,O=C(O)CN1CCCCC[C@H](N[C@@H](CCc2ccccc2)C(=O)O)C1=O,IC50,2.0,nM,8.70
ACE,CHEMBL1808,CHEMBL88328,C[C@H](N[C@@H](CCc1ccccc1)C(=O)O)C(=O)N1C[C@H](NC(=O)C(CS)Cc2ccccc2)C[C@H]1C(=O)O,IC50,253.0,nM,6.60
ACE,CHEMBL1808,CHEMBL56119,CC(C)C[C@H](NC(=O)CN)C(=O)O,IC50,2511886.43,nM,
ACE,CHEMBL1808,CHEMBL330552,CSCC[C@H](NC(=O)CN)C(=O)O,IC50,1412537.54,nM,
ACE,CHEMBL1808,CHEMBL94250,C[C@H](N)C(=O)NCC(=O)O,IC50,2511886.43,nM,
ACE,CHEMBL1808,CHEMBL90610,N[C@@H](CO)C(=O)NCC(=O)O,IC50,8511380.38,nM,
ACE,CHEMBL1808,CHEMBL91392,NCC(=O)N[C@@H](CC(=O)O)C(=O)O,IC50,9120108.39,nM,
ACE,CHEMBL1808,CHEMBL414828,C[C@H](N)C(=O)N1CCC[C@H]1C(=O)O,IC50,42000.0,nM,4.38
ACE,CHEMBL1808,CHEMBL328594,C[C@H](O)[C@H](N)C(=O)NCC(=O)O,IC50,10000000.0,nM,
ACE,CHEMBL1808,CHEMBL314707,NC1CCCN(CC(=O)O)C1=O,IC50,1700000.0,nM,
ACE,CHEMBL1808,CHEMBL422419,C[C@H](N[C@@H](CCc1ccccc1)C(=O)O)C(=O)N1C[C@H](OC(=O)NC(CS)Cc2ccccc2)C[C@H]1C(=O)O,IC50,506.0,nM,6.30
ACE,CHEMBL1808,CHEMBL17697,C[C@H](N)C(=O)N[C@@H](C)C(=O)O,IC50,616595.0,nM,
ACE,CHEMBL1808,CHEMBL314706,O=C(O)CN1CCCC(NC(CCc2ccccc2)C(=O)O)C1=O,IC50,430.0,nM,6.37
ACE,CHEMBL1808,CHEMBL314706,O=C(O)CN1CCCC(NC(CCc2ccccc2)C(=O)O)C1=O,IC50,1700.0,nM,5.77
ACE,CHEMBL1808,CHEMBL84966,NC1CCCCCN(CC(=O)O)C1=O,IC50,440000.0,nM,
ACE,CHEMBL1808,CHEMBL93178,C[C@H](NC(=O)[C@@H](N)CCCCN)C(=O)O,IC50,380189.4,nM,
ACE,CHEMBL1808,CHEMBL330038,NCC(=O)N[C@@H](CCC(N)=O)C(=O)O,IC50,7079457.84,nM,
ACE,CHEMBL1808,CHEMBL17503,C[C@H](NC(=O)[C@@H](N)CC(=O)O)C(=O)O,IC50,3801893.96,nM,
ACE,CHEMBL1808,CHEMBL299889,NCC(=O)N[C@@H](Cc1ccccc1)C(=O)O,IC50,630957.34,nM,
ACE,CHEMBL1808,CHEMBL56923,CC[C@H](C)[C@H](N)C(=O)N[C@@H](Cc1c[nH]c2ccccc12)C(=O)O,IC50,1995.26,nM,5.70
ACE,CHEMBL1808,CHEMBL92255,NC(N)=NCCC[C@H](N)C(=O)N[C@@H](Cc1ccccc1)C(=O)O,IC50,229086.77,nM,
ACE,CHEMBL1808,CHEMBL53400,NCC(=O)N[C@@H](Cc1ccc(O)cc1)C(=O)O,IC50,208929.61,nM,
ACE,CHEMBL1808,CHEMBL327588,N[C@@H](Cc1c[nH]c2ccccc12)C(=O)NCC(=O)O,IC50,5888436.55,nM,
ACE,CHEMBL1808,CHEMBL91792,C[C@H](N)C(=O)N[C@@H](Cc1c[nH]c2ccccc12)C(=O)O,IC50,10000.0,nM,5.00
ACE,CHEMBL1808,CHEMBL96806,NCC(=O)N[C@@H](CCCN=C(N)N)C(=O)O,IC50,3235936.57,nM,
ACE,CHEMBL1808,CHEMBL316103,C[C@H](NC(=O)[C@@H](N)Cc1ccc(O)cc1)C(=O)O,IC50,457088.19,nM,
ACE,CHEMBL1808,CHEMBL90972,CSCC[C@H](N)C(=O)NCC(=O)O,IC50,4786300.92,nM,
ACE,CHEMBL1808,CHEMBL86891,O=C(O)CN1CCC(NC(CCc2ccccc2)C(=O)O)C1=O,IC50,12000.0,nM,4.92
ACE,CHEMBL1808,CHEMBL86891,O=C(O)CN1CCC(NC(CCc2ccccc2)C(=O)O)C1=O,IC50,19000.0,nM,4.72
ACE,CHEMBL1808,CHEMBL312918,C[C@H](N[C@@H](CCc1ccccc1)C(=O)O)C(=O)N1C[C@@H](NC(=O)C(CS)Cc2ccccc2)C[C@H]1C(=O)O,IC50,42.0,nM,7.38
ACE,CHEMBL1808,CHEMBL3350294,O=C(O)CN1CCCCC[C@@H](N[C@H](CCc2ccccc2)C(=O)O)C1=O,IC50,92.0,nM,7.04
ACE,CHEMBL1808,CHEMBL578,CCOC(=O)[C@H](CCc1ccccc1)N[C@@H](C)C(=O)N1CCC[C@H]1C(=O)O,IC50,1.2,nM,
ACE,CHEMBL1808,CHEMBL94016,C[C@H](N)C(=O)N[C@@H](Cc1ccc(O)cc1)C(=O)O,IC50,87096.36,nM,4.06
ACE,CHEMBL1808,CHEMBL55433,CC[C@H](C)[C@H](NC(=O)CN)C(=O)O,IC50,1202264.43,nM,
ACE,CHEMBL1808,CHEMBL89547,C[C@H](CS)C(=O)N1C[C@@H](NC(=O)C(CS)Cc2ccc(-c3ccccc3)cc2)C[C@H]1C(=O)O,IC50,696.0,nM,6.16
ACE,CHEMBL1808,CHEMBL91777,CC(C)[C@H](N)C(=O)N[C@@H](Cc1c[nH]c2ccccc12)C(=O)O,IC50,1584.89,nM,5.80
ACE,CHEMBL1808,CHEMBL91160,NC(N)=NCCC[C@H](N)C(=O)N[C@@H](Cc1c[nH]c2ccccc12)C(=O)O,IC50,15848.93,nM,4.80
ACE,CHEMBL1808,CHEMBL86915,O=C(O)CN1CCCCCCC(NC(CCc2ccccc2)C(=O)O)C1=O,IC50,1300.0,nM,5.89
ACE,CHEMBL1808,CHEMBL86915,O=C(O)CN1CCCCCCC(NC(CCc2ccccc2)C(=O)O)C1=O,IC50,8.1,nM,8.09
ACE,CHEMBL1808,CHEMBL8486,CC(C)[C@H](N)C(=O)N[C@@H](Cc1ccccc1)C(=O)O,IC50,52480.75,nM,4.28
ACE,CHEMBL1808,CHEMBL314532,NCC(=O)N[C@@H](CCC(=O)O)C(=O)O,IC50,5370317.96,nM,
ACE,CHEMBL1808,CHEMBL328327,C[C@H](CS)C(=O)N1C[C@@H](NC(=O)C(CS)Cc2ccccc2)C[C@H]1C(=O)O,IC50,87.0,nM,7.06
ACE,CHEMBL1808,CHEMBL291636,N=C(N)NCCC[C@H](NC(=O)[C@@H](N)Cc1ccccc1)C(=O)O,IC50,912010.84,nM,
ACE,CHEMBL1808,CHEMBL421171,N[C@@H](CC(=O)O)C(=O)NCC(=O)O,IC50,14125375.45,nM,
ACE,CHEMBL1808,CHEMBL1560,C[C@H](CS)C(=O)N1CCC[C@H]1C(=O)O,IC50,23.0,nM,7.64
ACE,CHEMBL1808,CHEMBL330316,C[C@H](CS)C(=O)N1C[C@@H](NC(=O)NC(CS)Cc2ccccc2)C[C@H]1C(=O)O,IC50,147.0,nM,6.83
ACE,CHEMBL1808,CHEMBL299759,NCC(=O)N[C@@H](Cc1c[nH]c2ccccc12)C(=O)O,IC50,30199.52,nM,4.52
ACE,CHEMBL1808,CHEMBL91241,C[C@H](NC(=O)CN)C(=O)O,IC50,1995262.31,nM,
ACE,CHEMBL1808,CHEMBL90452,N[C@@H](Cc1c[nH]cn1)C(=O)NCC(=O)O,IC50,6309573.44,nM,
ACE,CHEMBL1808,CHEMBL90260,CC(C)C[C@H](NC(=O)[C@@H](N)Cc1c[nH]cn1)C(=O)O,IC50,3235936.57,nM,
ACE,CHEMBL1808,CHEMBL316374,NC1CCCCN(CC(=O)O)C1=O,IC50,480000.0,nM,
ACE,CHEMBL1808,CHEMBL90670,NC(=O)CC[C@H](N)C(=O)NCC(=O)O,IC50,7413102.41,nM,
ACE,CHEMBL1808,CHEMBL328471,C[C@H](NC(=O)[C@@H](N)CCCN=C(N)N)C(=O)O,IC50,457088.19,nM,
ACE,CHEMBL1808,CHEMBL55711,CC(C)C[C@H](N)C(=O)NCC(=O)O,IC50,8709635.9,nM,
ACE,CHEMBL1808,CHEMBL421361,N[C@@H](CCC(=O)O)C(=O)NCC(=O)O,IC50,10000000.0,nM,
ACE,CHEMBL1808,CHEMBL90575,NC(N)=NCCC[C@H](N)C(=O)N1CCC[C@@H]1C(=O)O,IC50,181970.09,nM,
ACE,CHEMBL1808,CHEMBL301546,CC(C)[C@H](N)C(=O)NCC(=O)O,IC50,1096478.2,nM,
ACE,CHEMBL1808,CHEMBL301979,CC[C@H](C)[C@H](N)C(=O)NCC(=O)O,IC50,1202264.43,nM,
ACE,CHEMBL1808,CHEMBL90973,NCC(=O)N[C@@H](CO)C(=O)O,IC50,3801893.96,nM,
ACE,CHEMBL1808,CHEMBL59426,O=C(O)CNC(=O)[C@@H]1CCCN1,IC50,16982436.52,nM,
ACE,CHEMBL1808,CHEMBL578,CCOC(=O)[C@H](CCc1ccccc1)N[C@@H](C)C(=O)N1CCC[C@H]1C(=O)O,IC50,1200.0,nM,5.92
ACE,CHEMBL1808,CHEMBL1560,C[C@H](CS)C(=O)N1CCC[C@H]1C(=O)O,IC50,300.0,nM,6.52
ACE,CHEMBL1808,CHEMBL274550,NCCCCC(NC(=O)C1CCC1)C(=O)NC(Cc1ccccc1)C(=O)CCC(=O)N1CCCC1C(=O)O.O=C(O)C(F)(F)F,IC50,7.0,nM,8.15
ACE,CHEMBL1808,CHEMBL10521,CC(CC(=O)C(Cc1ccccc1)NC(=O)C(CCCCN)NC(=O)C1CCC1)C(=O)N1CCCC1C(=O)O.O=C(O)C(F)(F)F,IC50,3.0,nM,8.52
ACE,CHEMBL1808,CHEMBL435360,O=C(N[C@@H](Cc1ccccc1)C(=O)CCC(=O)N1CCC[C@H]1C(=O)O)c1ccccc1,IC50,70.0,nM,7.16
ACE,CHEMBL1808,CHEMBL1560,C[C@H](CS)C(=O)N1CCC[C@H]1C(=O)O,IC50,25.0,nM,7.60
ACE,CHEMBL1808,CHEMBL108606,CC(C)CCC(NC(C)C(=O)N1CCCC1C(=O)O)C(=O)O,IC50,7.943,nM,8.10
ACE,CHEMBL1808,CHEMBL110925,CC(NC(CCC(=O)Nc1ccc(I)cc1)C(=O)O)C(=O)N1CCCC1C(=O)O,IC50,0.7943,nM,9.10
ACE,CHEMBL1808,CHEMBL107700,CC(NC(=O)C1CCCCC1S)C(=O)N1CCCC1C(=O)O,IC50,10.0,nM,8.00
ACE,CHEMBL1808,CHEMBL105790,CC1(CS)C(=O)N2CCCC(C(=O)O)N2C1=O,IC50,3162.28,nM,5.50
ACE,CHEMBL1808,CHEMBL321012,O=C(O)C1CCCN1C(=O)C1CCCC1S,IC50,125.89,nM,6.90
ACE,CHEMBL1808,CHEMBL80906,O=C(O)CN1C(=O)C(NC(CCc2ccccc2)C(=O)O)CCc2ccccc21,IC50,10.0,nM,8.00
ACE,CHEMBL1808,CHEMBL105890,NCCCCC(NC(CCc1ccccc1)C(=O)O)C(=O)N1CCCC1C(=O)O,IC50,3.981,nM,8.40
ACE,CHEMBL1808,CHEMBL10247,O=C(O)CNC(=O)C(CS)Cc1ccccc1,IC50,316.23,nM,6.50
ACE,CHEMBL1808,CHEMBL109178,CC(OP(=O)(O)C(CCc1ccccc1)NC(=O)c1ccccc1)C(=O)N1CCCC1C(=O)O,IC50,39.81,nM,7.40
ACE,CHEMBL1808,CHEMBL577,C[C@H](N[C@@H](CCc1ccccc1)C(=O)O)C(=O)N1CCC[C@H]1C(=O)O,IC50,3.981,nM,8.40
ACE,CHEMBL1808,CHEMBL107635,O=C(O)CCc1cc(O)c2n(c1=O)C(C(=O)O)CC2,IC50,31.62,nM,7.50
ACE,CHEMBL1808,CHEMBL10465,O=C(NC(Cc1ccccc1)C(=O)CCC(=O)N1CCCC1C(=O)O)c1ccccc1,IC50,10.0,nM,8.00
ACE,CHEMBL1808,CHEMBL62955,CC(NP(=O)(O)CCc1ccccc1)C(=O)N1CCCC1C(=O)O,IC50,25.12,nM,7.60
ACE,CHEMBL1808,CHEMBL105971,CC(NC(CCc1cccc2ccccc12)C(=O)O)C(=O)N1CCCC1C(=O)O,IC50,3.162,nM,8.50
ACE,CHEMBL1808,CHEMBL41289,CC(C)CC(NP(=O)(O)OC1OC(C)C(O)C(O)C1O)C(=O)NC(Cc1c[nH]c2ccccc12)C(=O)O,IC50,5.012,nM,8.30
ACE,CHEMBL1808,CHEMBL325544,O=C(O)C1CCCN2C(=O)CC(CS)C(=O)N12,IC50,125.89,nM,6.90
ACE,CHEMBL1808,CHEMBL110870,CC(NP(=O)(O)O)C(=O)C1CCCC1C(=O)O,IC50,5.012,nM,8.30
ACE,CHEMBL1808,CHEMBL108988,O=C(O)C1CC2(CN1C(=O)CP(=O)(O)CCCCc1ccccc1)SCCS2,IC50,12.59,nM,7.90
ACE,CHEMBL1808,CHEMBL110375,CC(CS)C(=O)N1C(=O)CCC1C(=O)O,IC50,31.62,nM,7.50
ACE,CHEMBL1808,CHEMBL110439,CC1CCCC(NC(CCc2ccccc2)C(=O)O)C(=O)N1CC(=O)O,IC50,10.0,nM,8.00
ACE,CHEMBL1808,CHEMBL38405,O=C(O)CC(=O)NC(CS)Cc1ccccc1,IC50,1000000000.0,nM,
ACE,CHEMBL1808,CHEMBL323051,O=C(O)C1CCC(=O)N1CCCS,IC50,1000000000.0,nM,
ACE,CHEMBL1808,CHEMBL1560,C[C@H](CS)C(=O)N1CCC[C@H]1C(=O)O,IC50,79.43,nM,7.10
ACE,CHEMBL1808,CHEMBL322266,O=C(O)C(CCc1ccccc1)NC1CCCC2SCC(C(=O)O)N2C1=O,IC50,1.995,nM,8.70
ACE,CHEMBL1808,CHEMBL106193,O=C(O)C1CCCN1C(=O)C1CCC1S,IC50,158.49,nM,6.80
ACE,CHEMBL1808,CHEMBL111578,O=C(SC1CCCC1C(=O)N1CCCC1C(=O)O)c1ccccc1,IC50,63.1,nM,7.20
ACE,CHEMBL1808,CHEMBL326902,O=C(O)Cn1c(=O)n2n(c1=O)C(C(=O)O)C=CC2,IC50,3.162,nM,8.50
ACE,CHEMBL1808,CHEMBL322291,O=C(O)C1C=CCn2c(=O)n(CS)c(=O)n21,IC50,2511.89,nM,5.60
ACE,CHEMBL1808,CHEMBL23849,CC(CS)C(=O)N1c2ccccc2CC1C(=O)O,IC50,12.59,nM,7.90
ACE,CHEMBL1808,CHEMBL110444,O=C(O)C1CSC(c2ccccc2O)N1C(=O)CCS,IC50,19.95,nM,7.70
ACE,CHEMBL1808,CHEMBL172787,CC(C)C(C(=O)NC(Cc1ccc(O)cc1)C(=O)O)C(S)CCc1ccccc1,IC50,4500.0,nM,5.35
ACE,CHEMBL1808,CHEMBL40963,CCOC(=O)[C@H](CSCc1ccccc1)N[C@H]1CCc2ccccc2N(CC(=O)O)C1=O,IC50,,nM,
ACE,CHEMBL1808,CHEMBL174237,CC(C)C[C@@H](S)[C@H](Cc1ccccc1)C(=O)N[C@@H](C)C(=O)O,IC50,5000.0,nM,5.30
ACE,CHEMBL1808,CHEMBL174066,CCCCC(NC(=O)C(Cc1ccccc1)C(C)S)C(=O)NC(Cc1ccc(O)cc1)C(=O)O,IC50,6100.0,nM,5.21
ACE,CHEMBL1808,CHEMBL44139,CCC[C@H](N[C@H]1CCc2ccccc2N(CC(=O)O)C1=O)C(=O)O,IC50,6.0,nM,8.22
ACE,CHEMBL1808,CHEMBL367174,CC(C)CC(S)CC(=O)NC(Cc1ccccc1)C(=O)NC(Cc1ccc(O)cc1)C(=O)O,IC50,2800.0,nM,5.55
ACE,CHEMBL1808,CHEMBL288370,CCOC(=O)[C@H](CCCCNC(=O)c1ccccc1)N[C@H]1CCc2ccccc2N(CC(=O)O)C1=O,IC50,,nM,
ACE,CHEMBL1808,CHEMBL287921,CCOC(=O)[C@H](COCc1ccccc1)N[C@H]1CCc2ccccc2N(CC(=O)O)C1=O,IC50,,nM,
ACE,CHEMBL1808,CHEMBL289267,O=C(O)CN1C(=O)[C@@H](N[C@@H](CSCc2ccccc2)C(=O)O)CCc2ccccc21,IC50,2.9,nM,8.54
ACE,CHEMBL1808,CHEMBL176960,CC(C)C(NC(=O)C(Cc1ccccc1)C(C)S)C(=O)NC(Cc1ccc(O)cc1)C(=O)O,IC50,1300.0,nM,5.89
ACE,CHEMBL1808,CHEMBL38613,O=C(O)CN1C(=O)[C@@H](N[C@@H](CSc2ccccc2)C(=O)O)CCc2ccccc21,IC50,4.0,nM,8.40
ACE,CHEMBL1808,CHEMBL175110,O=C(O)C(Cc1ccc(O)cc1)NC(=O)C(Cc1ccccc1)C(S)CCc1ccccc1,IC50,1600.0,nM,5.80
ACE,CHEMBL1808,CHEMBL417169,CCOC(=O)[C@H](CCCCN)N[C@H]1CCc2ccccc2N(CC(=O)O)C1=O,IC50,40.0,nM,7.40
ACE,CHEMBL1808,CHEMBL41081,CCOC(=O)[C@H](CCSC)N[C@H]1CCc2ccccc2N(CC(=O)O)C1=O,IC50,,nM,
ACE,CHEMBL1808,CHEMBL10247,O=C(O)CNC(=O)C(CS)Cc1ccccc1,IC50,140.0,nM,6.85
ACE,CHEMBL1808,CHEMBL171850,CC(C)CC(S)C(Cc1ccccc1)C(=O)NC(Cc1ccc(O)cc1)C(=O)O,IC50,710.0,nM,6.15
ACE,CHEMBL1808,CHEMBL40535,CCOC(=O)[C@H](CSc1ccccc1)N[C@H]1CCc2ccccc2N(CC(=O)O)C1=O,IC50,,nM,
ACE,CHEMBL1808,CHEMBL290802,O=C(O)CN1C(=O)[C@@H](N[C@@H](Cc2ccccc2)C(=O)O)CCc2ccccc21,IC50,8.5,nM,8.07
ACE,CHEMBL1808,CHEMBL290328,COC(=O)[C@H](CC(C)C)N[C@H]1CCc2ccccc2N(CC(=O)O)C1=O,IC50,1000.0,nM,6.00
ACE,CHEMBL1808,CHEMBL296331,CCOC(=O)[C@H](Cc1c[nH]c2ccccc12)N[C@H]1CCc2ccccc2N(CC(=O)O)C1=O,IC50,540.0,nM,6.27
ACE,CHEMBL1808,CHEMBL172978,CCC(C)C(NC(=O)C(Cc1ccccc1)C(C)S)C(=O)NC(Cc1ccc(O)cc1)C(=O)O,IC50,300.0,nM,6.52
ACE,CHEMBL1808,CHEMBL40806,CC(C)C[C@H](N[C@H]1CCc2ccccc2N(CC(=O)O)C1=O)C(=O)O,IC50,45.0,nM,7.35
ACE,CHEMBL1808,CHEMBL55286,CC(C)CC(S)C(Cc1ccccc1)C(=O)NC(C)C(=O)O,IC50,12000.0,nM,4.92
ACE,CHEMBL1808,CHEMBL44077,O=C(O)CN1C(=O)[C@@H](N[C@@H](Cc2c[nH]c3ccccc23)C(=O)O)CCc2ccccc21,IC50,13.0,nM,7.89
ACE,CHEMBL1808,CHEMBL173919,CC(C)CC(S)[C@H](Cc1ccccc1)C(=O)N[C@@H](C)C(=O)O,IC50,4000.0,nM,5.40
ACE,CHEMBL1808,CHEMBL289618,CCOC(=O)[C@H](CCCCNC(=O)OCc1ccccc1)N[C@H]1CCc2ccccc2N(CC(=O)O)C1=O,IC50,15.0,nM,7.82
ACE,CHEMBL1808,CHEMBL416979,CSCC[C@H](N[C@H]1CCc2ccccc2N(CC(=O)O)C1=O)C(=O)O,IC50,6.5,nM,8.19
ACE,CHEMBL1808,CHEMBL432689,O=C(O)CN1C(=O)[C@@H](N[C@@H](CCCCNC(=O)OCc2ccccc2)C(=O)O)CCc2ccccc21,IC50,13.0,nM,7.89
ACE,CHEMBL1808,CHEMBL416147,O=C(NC(Cc1ccccc1)C(=O)CCC(=O)N1CCC[C@H]1C(=O)O)c1ccccc1,Ki,100.0,nM,7.00
ACE,CHEMBL1808,CHEMBL42683,O=C(O)CN1C(=O)[C@@H](N[C@@H](COCc2ccccc2)C(=O)O)CCc2ccccc21,IC50,10.0,nM,8.00
ACE,CHEMBL1808,CHEMBL40420,CC(C)(C)OC(=O)NCCCC[C@H](N[C@H]1CCc2ccccc2N(CC(=O)O)C1=O)C(=O)O,IC50,4.0,nM,8.40
ACE,CHEMBL1808,CHEMBL290521,CCOC(=O)[C@H](Cc1ccccc1)N[C@H]1CCc2ccccc2N(CC(=O)O)C1=O,IC50,,nM,
ACE,CHEMBL1808,CHEMBL42976,O=C(O)CN1C(=O)[C@@H](N[C@@H](CSCCc2ccccc2)C(=O)O)CCc2ccccc21,IC50,7.0,nM,8.15
ACE,CHEMBL1808,CHEMBL41045,CCC[C@H](N[C@H]1CCc2ccccc2N(CC(=O)O)C1=O)C(=O)OCC,IC50,,nM,
ACE,CHEMBL1808,CHEMBL366937,CC(S)C(Cc1ccccc1)C(=O)NCC(=O)O,IC50,11000.0,nM,4.96
ACE,CHEMBL1808,CHEMBL430554,NCCCC[C@H](N[C@H]1CCc2ccccc2N(CC(=O)O)C1=O)C(=O)O,IC50,7.0,nM,8.15
ACE,CHEMBL1808,CHEMBL41985,CCCC[C@H](N[C@H]1CCc2ccccc2N(CC(=O)O)C1=O)C(=O)O,IC50,5.0,nM,8.30
ACE,CHEMBL1808,CHEMBL40709,CCCC[C@H](N[C@H]1CCc2ccccc2N(CC(=O)O)C1=O)C(=O)OCC,IC50,2600.0,nM,5.58
ACE,CHEMBL1808,CHEMBL54601,CC(NC(=O)C(Cc1ccccc1)C(S)CCc1ccccc1)C(=O)O,IC50,4000.0,nM,5.40
ACE,CHEMBL1808,CHEMBL173287,CC(C)CC(S)CC(=O)NC(Cc1ccccc1)C(=O)O,IC50,10000.0,nM,5.00
ACE,CHEMBL1808,CHEMBL578,CCOC(=O)[C@H](CCc1ccccc1)N[C@@H](C)C(=O)N1CCC[C@H]1C(=O)O,IC50,4.5,nM,8.35
ACE,CHEMBL1808,CHEMBL2110258,CC(C)C[C@H](S)[C@H](Cc1ccccc1)C(=O)N[C@@H](C)C(=O)O,IC50,10000.0,nM,5.00
ACE,CHEMBL1808,CHEMBL1560,C[C@H](CS)C(=O)N1CCC[C@H]1C(=O)O,IC50,15.0,nM,7.82
ACE,CHEMBL1808,CHEMBL2110347,CC(C)C[C@H](S)[C@@H](Cc1ccccc1)C(=O)N[C@@H](C)C(=O)O,IC50,16100.0,nM,4.79
ACE,CHEMBL1808,CHEMBL114658,CC1(C)CCCC(NC(=O)[C@@H](S)Cc2ccccc2)C(=O)N1CC(=O)O,IC50,12.0,nM,7.92
ACE,CHEMBL1808,CHEMBL1519,CCOC(=O)[C@H](CCc1ccccc1)N[C@@H](C)C(=O)N1[C@H](C(=O)O)C[C@H]2CCCC[C@@H]21,IC50,0.93,nM,9.03
ACE,CHEMBL1808,CHEMBL1165,CCOC(=O)[C@H](CCc1ccccc1)N[C@@H](C)C(=O)N1Cc2cc(OC)c(OC)cc2C[C@H]1C(=O)O,IC50,2.6,nM,8.59
ACE,CHEMBL1808,CHEMBL1168,CCOC(=O)[C@H](CCc1ccccc1)N[C@@H](C)C(=O)N1[C@H](C(=O)O)C[C@@H]2CCC[C@@H]21,IC50,4.0,nM,8.40
ACE,CHEMBL1808,CHEMBL431210,CCCC[C@H](CN(O)C=O)C(=O)N[C@H](C(=O)N(C)C)C(C)(C)C,IC50,100000.0,nM,
ACE,CHEMBL1808,CHEMBL113759,O=C(O)C(CCc1ccccc1)N[C@@H](Cc1ccccc1)C(=O)NC[C@H](O)C(=O)O,IC50,10000.0,nM,
ACE,CHEMBL1808,CHEMBL838,CCOC(=O)[C@H](CCc1ccccc1)N[C@H]1CCc2ccccc2N(CC(=O)O)C1=O,IC50,1.7,nM,8.77
ACE,CHEMBL1808,CHEMBL325055,C[C@H](NC(=O)[C@@H](CSC(=O)O)Cc1ccc2c(c1)OCO2)C(=O)OCc1ccccc1,Ki,9.8,nM,8.01
ACE,CHEMBL1808,CHEMBL10247,O=C(O)CNC(=O)C(CS)Cc1ccccc1,IC50,860.0,nM,6.07
ACE,CHEMBL1808,CHEMBL84969,CCCCC(CN(O)C=O)C(=O)N[C@H](C(=O)N(C)C)C(C)(C)C,IC50,,nM,
ACE,CHEMBL1808,CHEMBL1237,NCCCC[C@H](N[C@@H](CCc1ccccc1)C(=O)O)C(=O)N1CCC[C@H]1C(=O)O,IC50,4.7,nM,8.33
ACE,CHEMBL1808,CHEMBL3039598,CCC(=O)O[C@@H](O[P@](=O)(CCCCc1ccccc1)CC(=O)N1C[C@H](C2CCCCC2)C[C@H]1C(=O)O)C(C)C,IC50,1.0,nM,9.00
ACE,CHEMBL1808,CHEMBL331378,C[C@H](CSC(=O)c1ccccc1)C(=O)N1C[C@@H](Sc2ccccc2)C[C@H]1C(=O)O,IC50,0.4,nM,9.40
ACE,CHEMBL1808,CHEMBL191,CCCCc1nc(Cl)c(CO)n1Cc1ccc(-c2ccccc2-c2nnn[nH]2)cc1,IC50,19.0,nM,7.72
ACE,CHEMBL1808,CHEMBL308333,CCCCC[C@H](CC(=O)NO)C(=O)N[C@H](C(=O)N1CCC[C@H]1CO)C(C)C,IC50,100000.0,nM,
ACE,CHEMBL1808,CHEMBL325056,O=C(NC1CCC[C@H]2CCC[C@@H](C(=O)O)N2C1=O)[C@@H](S)Cc1ccccc1,IC50,5.0,nM,8.30
ACE,CHEMBL1808,CHEMBL310750,O=C(O)CCn1c(=O)n2n(c1=O)[C@H](C(=O)O)C=CC2,IC50,1.0,nM,9.00
ACE,CHEMBL1808,CHEMBL445561,CSC1(SC)C[C@@H](C(=O)O)N(C(=O)[C@H](CCCCN)OP(=O)(O)CCCCc2ccccc2)C1,IC50,2.57,nM,8.59
ACE,CHEMBL1808,CHEMBL80147,C[C@H](NCCCc1ccccc1)C(=O)N1CCC[C@H]1C(=O)O,IC50,5754.4,nM,5.24
ACE,CHEMBL1808,CHEMBL310869,NC(Cc1ccccc1)C(=O)N[C@H](CCC(=O)N1[C@H](C(=O)O)C[C@@H]2CCCC[C@@H]21)C(=O)O,IC50,100.0,nM,7.00
ACE,CHEMBL1808,CHEMBL309914,CC(S)C(=O)N[C@@H](CS)C(=O)O,IC50,537031.8,nM,
ACE,CHEMBL1808,CHEMBL420391,NCCCCC(NC(=O)OCc1ccccc1)C(=O)N[C@H](CCC(=O)N1CCC[C@H]1C(=O)O)C(=O)O,IC50,12.02,nM,7.92
ACE,CHEMBL1808,CHEMBL1907753,CCOC(=O)C(CCc1ccccc1)S(=O)(=O)C(C)C(=O)N1CCC[C@H]1C(=O)O,IC50,,nM,
ACE,CHEMBL1808,CHEMBL277270,O=C(O)[C@@H]1CC2(CN1C(=O)CP(=O)(O)CCCCc1ccccc1)SCCS2,IC50,3.981,nM,8.40
ACE,CHEMBL1808,CHEMBL309601,C[C@H](NP(=O)(O)CCc1ccccc1)C(=O)N1CCC[C@H]1C(=O)O,IC50,7.079,nM,8.15
ACE,CHEMBL1808,CHEMBL80729,O=C(O)CCC(=O)CCS,IC50,2398.83,nM,5.62
ACE,CHEMBL1808,CHEMBL65423,C[C@H](NCC(=O)O)C(=O)N1CCC[C@H]1C(=O)O,IC50,2398.83,nM,5.62
ACE,CHEMBL1808,CHEMBL312431,C[C@H](NC(C(=O)O)C1CCCN1C(=O)c1ccccc1)C(=O)N1CCC[C@H]1C(=O)O,IC50,2.884,nM,8.54
ACE,CHEMBL1808,CHEMBL77056,C[C@H](NC(=O)CCC(=O)O)C(=O)O,IC50,1348962.88,nM,
ACE,CHEMBL1808,CHEMBL78341,C[C@H](NC(CCc1ccccc1)C(=O)O)C(=O)N(CC(=O)O)C1Cc2ccccc2C1,IC50,39.81,nM,7.40
ACE,CHEMBL1808,CHEMBL35561,NCCCC[C@H](OP(=O)(O)CCCCc1ccccc1)C(=O)N(CC(=O)O)c1ccc2c(c1)OCO2,IC50,0.1148,nM,9.94
ACE,CHEMBL1808,CHEMBL1907754,CCOC(=O)C(CCc1ccccc1)SC(C)C(=O)N1Cc2ccccc2C[C@H]1C(=O)O,IC50,460.0,nM,6.34
ACE,CHEMBL1808,CHEMBL80101,O=C(O)CCC(=O)N[C@@H](Cc1ccccc1)C(=O)O,IC50,549540.87,nM,
ACE,CHEMBL1808,CHEMBL36503,NCCCC[C@H](OP(=O)(O)CCCCc1ccccc1)C(=O)N1CCC[C@H]1C(=O)O,IC50,36.31,nM,7.44
ACE,CHEMBL1808,CHEMBL80240,Cc1ccc(N(CC(=O)O)C(=O)C(C)N)cc1,IC50,2570.4,nM,5.59
ACE,CHEMBL1808,CHEMBL311471,CCN(C[C@H](CCc1ccccc1)C(=O)O)C(=O)N1Cc2ccccc2C[C@H]1C(=O)O,IC50,6.457,nM,8.19
ACE,CHEMBL1808,CHEMBL611148,C[C@@H](CS)C(=O)N1c2ccccc2C[C@H]1C(=O)O,IC50,6.026,nM,8.22
ACE,CHEMBL1808,CHEMBL431983,O=C(O)[C@@H]1CCCN1C(=O)C1CCCC1S,IC50,64.57,nM,7.19
ACE,CHEMBL1808,CHEMBL305938,O=C(O)[C@H]1CCCN1C(=O)CCS,IC50,1819700.86,nM,
ACE,CHEMBL1808,CHEMBL77446,O=C(O)C(CCc1ccccc1)N[C@H]1CCN2CCC[C@@H](C(=O)O)N2C1=O,IC50,56.23,nM,7.25
ACE,CHEMBL1808,CHEMBL2079671,CCOC(=O)[C@H](CCc1ccccc1)N[C@@H](C)C(=O)N1C2CCCCC2C[C@H]1C(=O)O,IC50,100.0,nM,7.00
ACE,CHEMBL1808,CHEMBL79190,O=C(O)[C@@H]1CCCN2C(=O)C[C@@H](CS)C(=O)N12,IC50,70.79,nM,7.15
ACE,CHEMBL1808,CHEMBL287518,NCCCC[C@H](OP(=O)(O)CCCCc1ccccc1)C(=O)N1C[C@H](C2CCCCC2)C[C@H]1C(=O)O,IC50,3.236,nM,8.49
ACE,CHEMBL1808,CHEMBL309799,CC(S)C(=O)N[C@@H](Cc1c[nH]c2ccccc12)C(=O)O,IC50,64.57,nM,7.19
ACE,CHEMBL1808,CHEMBL284843,NCCCC[C@H](OP(=O)(O)CCCCc1ccccc1)C(=O)N1C[C@@H](Cc2ccccc2)C[C@H]1C(=O)O,IC50,0.8913,nM,9.05
ACE,CHEMBL1808,CHEMBL310841,O=C(NC(Cc1ccccc1)CP(=O)(O)CC(=O)N1CCC[C@H]1C(=O)O)c1ccccc1,IC50,10.0,nM,8.00
ACE,CHEMBL1808,CHEMBL80667,O=C(CCS)OC(Cc1ccccc1)C(=O)O,IC50,707.95,nM,6.15
ACE,CHEMBL1808,CHEMBL284494,CCOC(=O)C(CCc1ccccc1)OC(C)C(=O)N1CCCC1C(=O)O,IC50,220.0,nM,6.66
ACE,CHEMBL1808,CHEMBL77556,C[C@@H](NC(=O)C(S)Cc1ccccc1)C(=O)N1CCC[C@H]1C(=O)O,IC50,50.12,nM,7.30
ACE,CHEMBL1808,CHEMBL80304,O=C(O)CCNC(=O)CCS,IC50,489778.82,nM,
ACE,CHEMBL1808,CHEMBL78340,CC(C)CCC(N[C@@H](C)C(=O)N1CCC[C@H]1C(=O)O)C(=O)O,IC50,2.57,nM,8.59
ACE,CHEMBL1808,CHEMBL80981,CC(C)(S)C(=O)N[C@@H](Cc1c[nH]c2ccccc12)C(=O)O,IC50,38018.94,nM,4.42
ACE,CHEMBL1808,CHEMBL34832,NCCCC[C@H](OP(=O)(O)CCCCc1ccccc1)C(=O)N1C[C@@H](Sc2ccccc2)C[C@H]1C(=O)O,IC50,0.5248,nM,9.28
ACE,CHEMBL1808,CHEMBL78629,O=C(NC(Cc1ccccc1)C(=O)N[C@H](CCC(=O)N1c2ccccc2C[C@H]1C(=O)O)C(=O)O)OCc1ccccc1,IC50,0.2512,nM,9.60
ACE,CHEMBL1808,CHEMBL284345,NCCCC[C@H](OP(=O)(O)CCCCc1ccccc1)C(=O)N(CC(=O)O)c1ccccc1,IC50,1.072,nM,8.97
ACE,CHEMBL1808,CHEMBL10962,O=C(O)[C@@H]1CCCN1C(=O)CCS,IC50,199.53,nM,6.70
ACE,CHEMBL1808,CHEMBL78953,C[C@@H](N)C(=O)N[C@@H](Cc1ccccc1)C(=O)O,IC50,190546.07,nM,
ACE,CHEMBL1808,CHEMBL80242,O=C(O)C[C@H](NC(=O)CS)C(=O)O,IC50,77624.71,nM,4.11
ACE,CHEMBL1808,CHEMBL263556,O=C(O)[C@@H]1CCCN1C(=O)CP(=O)(O)O,IC50,8317.64,nM,5.08
ACE,CHEMBL1808,CHEMBL312550,O=C(O)[C@@H]1CCCN1C(=O)CCP(=O)(O)O,IC50,47863.01,nM,4.32
ACE,CHEMBL1808,CHEMBL284734,NCCCC[C@H](OP(=O)(O)CCCCc1ccccc1)C(=O)N1c2ccccc2C[C@H]1C(=O)O,IC50,0.2951,nM,9.53
ACE,CHEMBL1808,CHEMBL1907760,CCOC(=O)C(CCc1ccccc1)SC(C)C(=O)N1C2CCCCC2C[C@H]1C(=O)O,IC50,2000.0,nM,5.70
ACE,CHEMBL1808,CHEMBL80665,C[C@H](NC(CCC(=O)Nc1ccc(I)cc1)C(=O)O)C(=O)N1CCC[C@H]1C(=O)O,IC50,0.2291,nM,9.64
ACE,CHEMBL1808,CHEMBL79016,C[C@H](NC(=O)CCS)C(=O)N1CCC[C@H]1C(=O)O,IC50,2570.4,nM,5.59
ACE,CHEMBL1808,CHEMBL78953,C[C@@H](N)C(=O)N[C@@H](Cc1ccccc1)C(=O)O,IC50,52480.75,nM,4.28
ACE,CHEMBL1808,CHEMBL80779,C[C@H](NC(CCc1cccc2ccccc12)C(=O)O)C(=O)N1CCC[C@H]1C(=O)O,IC50,1.096,nM,8.96
ACE,CHEMBL1808,CHEMBL412666,NC(CS)C(=O)N1CCC[C@H]1C(=O)O,IC50,63.1,nM,7.20
ACE,CHEMBL1808,CHEMBL34650,NCCCC[C@H](OP(=O)(O)CCCCc1ccccc1)C(=O)N1CC2(C[C@H]1C(=O)O)SCCS2,IC50,0.631,nM,9.20
ACE,CHEMBL1808,CHEMBL309333,O=C(CCS)N[C@@H](CS)C(=O)O,IC50,67608.3,nM,4.17
ACE,CHEMBL1808,CHEMBL79189,C[C@H](CS)C(=O)N1Cc2ccccc2C[C@H]1C(=O)O,IC50,19.95,nM,7.70
ACE,CHEMBL1808,CHEMBL435360,O=C(N[C@@H](Cc1ccccc1)C(=O)CCC(=O)N1CCC[C@H]1C(=O)O)c1ccccc1,IC50,12.02,nM,7.92
ACE,CHEMBL1808,CHEMBL78805,C[C@H](CC(=O)O)C(=O)N1CCC[C@H]1C(=O)O,IC50,10232.93,nM,4.99
ACE,CHEMBL1808,CHEMBL78780,C[C@H](CCC(=O)O)C(=O)N1CCC[C@H]1C(=O)O,IC50,4897.79,nM,5.31
ACE,CHEMBL1808,CHEMBL311064,O=C(CCS)N[C@@H](Cc1c[nH]c2ccccc12)C(=O)O,IC50,1000000.0,nM,
ACE,CHEMBL1808,CHEMBL80657,CN(C(=O)CCS)[C@@H](Cc1ccccc1)C(=O)O,IC50,30902.95,nM,4.51
ACE,CHEMBL1808,CHEMBL80646,C[C@H](NC(CCc1ccccc1)P(=O)(O)O)C(=O)N1CCC[C@H]1C(=O)O,IC50,51.29,nM,7.29
ACE,CHEMBL1808,CHEMBL285008,CC(SC(CCc1ccccc1)C(=O)O)C(=O)NC1(C(=O)O)CCCC1,IC50,,nM,
ACE,CHEMBL1808,CHEMBL78489,CC(CS)C(=O)N[C@@H](Cc1c[nH]c2ccccc12)C(=O)O,IC50,34.67,nM,7.46
ACE,CHEMBL1808,CHEMBL310764,CC(C)[C@H](NC(=O)CCC(=O)O)C(=O)O,IC50,1096478.2,nM,
ACE,CHEMBL1808,CHEMBL78435,O=C(O)[C@@H]1CCCN1C(=O)C1CCC1S,IC50,48.98,nM,7.31
ACE,CHEMBL1808,CHEMBL312120,O=C(CS)N[C@@H](Cc1c[nH]c2ccccc12)C(=O)O,IC50,758.58,nM,6.12
ACE,CHEMBL1808,CHEMBL289022,CS[C@@H]1C[C@@H](C(=O)O)N(C(=O)[C@H](CCCCN)OP(=O)(O)CCCCc2ccccc2)C1,IC50,0.5248,nM,9.28
ACE,CHEMBL1808,CHEMBL419649,C[C@H](CC(CCc1ccccc1)C(=O)O)C(=O)N1c2ccccc2C[C@H]1C(=O)O,IC50,4.786,nM,8.32
ACE,CHEMBL1808,CHEMBL78385,COP(=O)(O)C(CCc1ccccc1)N[C@@H](C)C(=O)N1CCC[C@H]1C(=O)O,IC50,436.52,nM,6.36
ACE,CHEMBL1808,CHEMBL25996,CCOC(=O)C(CCc1ccccc1)SC(C)C(=O)N1CCCC1C(=O)O,IC50,2900.0,nM,5.54
ACE,CHEMBL1808,CHEMBL1907759,CCOC(=O)C(CCc1ccccc1)SC(C)C(=O)N1CSC[C@@H]1C(=O)O,IC50,4800.0,nM,5.32
ACE,CHEMBL1808,CHEMBL25782,CCOC(=O)C(CCc1ccccc1)OC(C)C(=O)N1Cc2ccccc2CC1C(=O)O,IC50,14.0,nM,7.85
ACE,CHEMBL1808,CHEMBL308267,O=C(O)CCc1cc(O)c2n(c1=O)[C@H](C(=O)O)CC2,IC50,457.09,nM,6.34
ACE,CHEMBL1808,CHEMBL286339,NCCCC[C@H](OP(=O)(O)CCCCc1ccccc1)C(=O)N1C[C@@H](C2CCCCC2)C[C@H]1C(=O)O,IC50,0.4898,nM,9.31
ACE,CHEMBL1808,CHEMBL78726,C[C@H](NC(CCc1ccc(O)cc1)C(=O)O)C(=O)N1CCC[C@H]1C(=O)O,IC50,2.818,nM,8.55
ACE,CHEMBL1808,CHEMBL78440,C[C@H](NC(=O)CCS)C(=O)O,IC50,851.14,nM,6.07
ACE,CHEMBL1808,CHEMBL78998,O=C(O)CCCCCS,IC50,1096478.2,nM,
ACE,CHEMBL1808,CHEMBL311316,CC(C)(C)OC(=O)[C@@H]1CCCN1C(=O)CCS,IC50,38904.51,nM,4.41
ACE,CHEMBL1808,CHEMBL310139,N[C@@H](Cc1ccccc1)C(=O)N[C@H](CCC(=O)N1[C@H](C(=O)O)C[C@@H]2CCCC[C@@H]21)C(=O)O,IC50,218.78,nM,6.66
ACE,CHEMBL1808,CHEMBL1560,C[C@H](CS)C(=O)N1CCC[C@H]1C(=O)O,IC50,22.91,nM,7.64
ACE,CHEMBL1808,CHEMBL306117,O=C(O)CCC(=O)NCC(=O)O,IC50,1995262.31,nM,
ACE,CHEMBL1808,CHEMBL309782,CC(C)C[C@H](NC(=O)CCC(=O)O)C(=O)O,IC50,616595.0,nM,
ACE,CHEMBL1808,CHEMBL285935,NCCCC[C@H](OP(=O)(O)CCCCc1ccccc1)C(=O)N(CC(=O)O)C1CCCCC1,IC50,0.2951,nM,9.53
ACE,CHEMBL1808,CHEMBL79212,C[C@H](NC(CCN)C(=O)O)C(=O)N1CCC[C@H]1C(=O)O,IC50,323.59,nM,6.49
ACE,CHEMBL1808,CHEMBL1807684,CC[C@H](C)[C@H](N)C(=O)N1CCC[C@H]1C(=O)O,IC50,128824.96,nM,
ACE,CHEMBL1808,CHEMBL311988,CC(C(=O)O)C1CCCCC(CS)C1=O,IC50,52.48,nM,7.28
ACE,CHEMBL1808,CHEMBL311239,O=C(CCS)N[C@@H](Cc1c[nH]cn1)C(=O)O,IC50,229086.77,nM,
ACE,CHEMBL1808,CHEMBL2079670,C[C@H](N[C@@H](CCc1ccccc1)C(=O)O)C(=O)N1C2CCCCC2C[C@H]1C(=O)O,IC50,260.0,nM,6.58
ACE,CHEMBL1808,CHEMBL309962,O=C(O)[C@@H]1CS[C@H](c2ccccc2O)N1C(=O)CCS,IC50,3.715,nM,8.43
ACE,CHEMBL1808,CHEMBL78489,CC(CS)C(=O)N[C@@H](Cc1c[nH]c2ccccc12)C(=O)O,IC50,33113.11,nM,4.48
ACE,CHEMBL1808,CHEMBL78443,C[C@H](NP(=O)(O)O)C(=O)N1CCC[C@H]1C(=O)O,IC50,776.25,nM,6.11
ACE,CHEMBL1808,CHEMBL312094,O=C(CCS)N[C@@H](Cc1ccccc1)C(=O)O,IC50,426.58,nM,6.37
ACE,CHEMBL1808,CHEMBL78346,C[C@H](NC(CCc1ccccc1)C(=O)O)C(=O)N1CC2CCCCC2[C@H]1C(=O)O,IC50,2.188,nM,8.66
ACE,CHEMBL1808,CHEMBL78731,C[C@H](NC(CCC(=O)Nc1ccccc1)C(=O)O)C(=O)N1CCC[C@H]1C(=O)O,IC50,5.248,nM,8.28
ACE,CHEMBL1808,CHEMBL1237,NCCCC[C@H](N[C@@H](CCc1ccccc1)C(=O)O)C(=O)N1CCC[C@H]1C(=O)O,IC50,1.202,nM,8.92
ACE,CHEMBL1808,CHEMBL299889,NCC(=O)N[C@@H](Cc1ccccc1)C(=O)O,IC50,602559.59,nM,
ACE,CHEMBL1808,CHEMBL306556,O=C(O)[C@@H]1C=CCN1C(=O)CCS,IC50,645.65,nM,6.19
ACE,CHEMBL1808,CHEMBL430630,NCCCCC(N)C(=O)N[C@H](CCC(=O)N1[C@H](C(=O)O)C[C@@H]2CCCC[C@@H]21)C(=O)O,IC50,12.02,nM,7.92
ACE,CHEMBL1808,CHEMBL1733,C[C@H](N[C@@H](CCc1ccccc1)C(=O)O)C(=O)N1Cc2ccccc2C[C@H]1C(=O)O,IC50,280.0,nM,6.55
ACE,CHEMBL1808,CHEMBL310578,O=C(O)CCC(=O)N1CCC[C@H]1C(=O)O,IC50,33113.11,nM,4.48
ACE,CHEMBL1808,CHEMBL309308,NCCC[C@H](NC(CCc1ccccc1)C(=O)O)C(=O)N1CCC[C@H]1C(=O)O,IC50,2.188,nM,8.66
ACE,CHEMBL1808,CHEMBL431707,NCCCC[C@H](OP(=O)(O)CCCCc1ccccc1)C(=O)N1C[C@H](Sc2ccccc2)C[C@H]1C(=O)O,IC50,0.7762,nM,9.11
ACE,CHEMBL1808,CHEMBL33025,NCCCC[C@H](OP(=O)(O)CCCCc1ccccc1)C(=O)N1C[C@H](O)C[C@H]1C(=O)O,IC50,0.871,nM,9.06
ACE,CHEMBL1808,CHEMBL284898,CCOC(=O)C(CCc1ccccc1)OC(C)C(=O)N1C(C(=O)O)CC2CCCCC21,IC50,24.0,nM,7.62
ACE,CHEMBL1808,CHEMBL26226,CC(OC(CCc1ccccc1)C(=O)O)C(=O)N1Cc2ccccc2CC1C(=O)O,IC50,86.0,nM,7.07
ACE,CHEMBL1808,CHEMBL577,C[C@H](N[C@@H](CCc1ccccc1)C(=O)O)C(=O)N1CCC[C@H]1C(=O)O,IC50,3100.0,nM,5.51
ACE,CHEMBL1808,CHEMBL80193,C[C@H](NC(CCc1ccccc1)C(N)=O)C(=O)N1CCC[C@H]1C(=O)O,IC50,25703.96,nM,4.59
ACE,CHEMBL1808,CHEMBL78996,CC(NC(=O)OCc1ccccc1)C(=O)N[C@H](CCC(=O)N1CCC[C@H]1C(=O)O)C(=O)O,IC50,389.05,nM,6.41
ACE,CHEMBL1808,CHEMBL80384,O=C(CS)N[C@@H](CS)C(=O)O,IC50,19054.61,nM,4.72
ACE,CHEMBL1808,CHEMBL80503,O=C(N[C@H](CCC(=O)N1CCC[C@H]1C(=O)O)C(=O)O)C1CCCN1C(=O)OCc1ccccc1,IC50,2511.89,nM,5.60
ACE,CHEMBL1808,CHEMBL10962,O=C(O)[C@@H]1CCCN1C(=O)CCS,IC50,16982.44,nM,4.77
ACE,CHEMBL1808,CHEMBL309799,CC(S)C(=O)N[C@@H](Cc1c[nH]c2ccccc12)C(=O)O,IC50,363.08,nM,6.44
ACE,CHEMBL1808,CHEMBL311064,O=C(CCS)N[C@@H](Cc1c[nH]c2ccccc12)C(=O)O,IC50,4570.88,nM,5.34
ACE,CHEMBL1808,CHEMBL79008,CCC(C)[C@H](NC(=O)CCC(=O)O)C(=O)O,IC50,1047128.55,nM,
ACE,CHEMBL1808,CHEMBL26008,CC(SC(CCc1ccccc1)C(=O)O)C(=O)NC1(C(=O)O)CCC(c2ccccc2)CC1,IC50,,nM,
ACE,CHEMBL1808,CHEMBL1907755,CC(SC(CCc1ccccc1)C(=O)O)C(=O)N1C2CCCCC2C[C@H]1C(=O)O,IC50,140.0,nM,6.85
ACE,CHEMBL1808,CHEMBL78971,CC[C@@H](C)[C@H](C)C(=O)N[C@@H](Cc1ccccc1)C(=O)O,IC50,933254.3,nM,
ACE,CHEMBL1808,CHEMBL414828,C[C@H](N)C(=O)N1CCC[C@H]1C(=O)O,IC50,229086.77,nM,
ACE,CHEMBL1808,CHEMBL309914,CC(S)C(=O)N[C@@H](CS)C(=O)O,IC50,7943.28,nM,5.10
ACE,CHEMBL1808,CHEMBL284272,NCCCC[C@H](OP(=O)(O)CCCCc1ccccc1)C(=O)N1C[C@H](c2ccccc2)C[C@H]1C(=O)O,IC50,338.84,nM,6.47
ACE,CHEMBL1808,CHEMBL309537,O=C(O)[C@@H]1CCCN1CCCS,IC50,239883.29,nM,
ACE,CHEMBL1808,CHEMBL1907762,CC(SC(CCc1ccccc1)C(=O)O)C(=O)N1CCC[C@H]1C(=O)O,IC50,580.0,nM,6.24
ACE,CHEMBL1808,CHEMBL311363,C[C@@H]1CCCC(NC(CCc2ccccc2)C(=O)O)C(=O)N1CC(=O)O,IC50,3.02,nM,8.52
ACE,CHEMBL1808,CHEMBL35309,NCCCC[C@H](OP(=O)(O)CCCCc1ccccc1)C(=O)N1C[C@@H](c2ccccc2)C[C@H]1C(=O)O,IC50,0.1318,nM,9.88
ACE,CHEMBL1808,CHEMBL35682,COc1ccc(N(CC(=O)O)C(=O)[C@H](CCCCN)OP(=O)(O)CCCCc2ccccc2)cc1OC,IC50,0.2884,nM,9.54
ACE,CHEMBL1808,CHEMBL1907752,CCOC(=O)C(CCc1ccccc1)[S+]([O-])C(C)C(=O)N1C2CCCCC2C[C@H]1C(=O)O,IC50,220.0,nM,6.66
ACE,CHEMBL1808,CHEMBL433442,CS[C@H]1C[C@@H](C(=O)O)N(C(=O)[C@H](CCCCN)OP(=O)(O)CCCCc2ccccc2)C1,IC50,1.905,nM,8.72
ACE,CHEMBL1808,CHEMBL311102,O=C(CS)N[C@@H](Cc1c[nH]cn1)C(=O)O,IC50,257039.58,nM,
ACE,CHEMBL1808,CHEMBL442750,O=C(O)[C@@H]1CCC(=O)N1CCCS,IC50,645654.23,nM,
ACE,CHEMBL1808,CHEMBL79131,C[C@H](NP(=O)(O)OCc1ccccc1)C(=O)N1CCC[C@H]1C(=O)O,IC50,40.74,nM,7.39
ACE,CHEMBL1808,CHEMBL80830,CC(C)(S)C(=O)N[C@@H](CS)C(=O)O,IC50,7244359.6,nM,
ACE,CHEMBL1808,CHEMBL78903,C[C@@]1(CCS)C(=O)N2CC=C[C@@H](C(=O)O)N2C1=O,IC50,100.0,nM,7.00
ACE,CHEMBL1808,CHEMBL311757,NCCCCC(NC(=O)OCc1ccccc1)C(=O)N[C@H](CCC(=O)N1[C@H](C(=O)O)C[C@@H]2CCCC[C@@H]21)C(=O)O,IC50,3.467,nM,8.46
ACE,CHEMBL1808,CHEMBL78353,O=C(N[C@H](CCC(=O)N1[C@H](C(=O)O)C[C@@H]2CCCC[C@@H]21)C(=O)O)C1CCCN1C(=O)OCc1ccccc1,IC50,15.14,nM,7.82
ACE,CHEMBL1808,CHEMBL80939,O=C(O)[C@@H]1C=CCn2c(=O)n(CS)c(=O)n21,IC50,707.95,nM,6.15
ACE,CHEMBL1808,CHEMBL311525,C[C@H](CS)C(=O)N1C(=O)CC[C@H]1C(=O)O,IC50,8.913,nM,8.05
ACE,CHEMBL1808,CHEMBL77677,O=C(O)CNC(=O)CCS,IC50,2818.38,nM,5.55
ACE,CHEMBL1808,CHEMBL78812,CC(C)[C@H](NC(=O)CCS)C(=O)O,IC50,1584.89,nM,5.80
ACE,CHEMBL1808,CHEMBL309798,O=C(NC(CCc1ccccc1)P(=O)(O)CC(=O)N1CCC[C@H]1C(=O)O)c1ccccc1,IC50,72.44,nM,7.14
ACE,CHEMBL1808,CHEMBL446407,CC(C)(S)C(=O)N[C@@H](CC(=O)O)C(=O)O,IC50,3467368.5,nM,
ACE,CHEMBL1808,CHEMBL1560,C[C@H](CS)C(=O)N1CCC[C@H]1C(=O)O,IC50,1300.0,nM,5.89
ACE,CHEMBL1808,CHEMBL312224,O=C(O)C(CCc1ccccc1)NC1CCC[C@H]2SC[C@@H](C(=O)O)N2C1=O,IC50,0.6026,nM,9.22
ACE,CHEMBL1808,CHEMBL1560,C[C@H](CS)C(=O)N1CCC[C@H]1C(=O)O,IC50,239883.29,nM,
ACE,CHEMBL1808,CHEMBL76577,C[C@@H](CS)C(=O)N1CCC[C@@H]1C(=O)O,IC50,10964.78,nM,4.96
ACE,CHEMBL1808,CHEMBL311268,C[C@H](NC(CCCNC(=O)OCc1ccccc1)C(=O)O)C(=O)N1CCC[C@H]1C(=O)O,IC50,2.884,nM,8.54
ACE,CHEMBL1808,CHEMBL285897,CC(OC(CCc1ccccc1)C(=O)O)C(=O)N1CCCC1C(=O)O,IC50,110.0,nM,6.96
ACE,CHEMBL1808,CHEMBL1907751,CC(C(=O)N1CCC[C@H]1C(=O)O)S(=O)(=O)C(CCc1ccccc1)C(=O)O,IC50,,nM,
ACE,CHEMBL1808,CHEMBL80906,O=C(O)CN1C(=O)C(NC(CCc2ccccc2)C(=O)O)CCc2ccccc21,IC50,1.698,nM,8.77
ACE,CHEMBL1808,CHEMBL39538,C[C@H](NC(CCc1ccccc1)C(=O)O)C(=O)N1CCC[C@H]1C(=O)O,IC50,1.202,nM,8.92
ACE,CHEMBL1808,CHEMBL309941,C[C@H](CC(=O)[C@@H](Cc1ccccc1)NC(=O)c1ccccc1)C(=O)N1CCC[C@H]1C(=O)O,IC50,3.02,nM,8.52
ACE,CHEMBL1808,CHEMBL78074,CN(CC(=O)O)C(=O)CCS,IC50,3019.95,nM,5.52
ACE,CHEMBL1808,CHEMBL310624,NCCCCC(NC(=O)OCc1ccccc1)C(=O)N[C@H](CCC(=O)N1c2ccccc2C[C@H]1C(=O)O)C(=O)O,IC50,2511.89,nM,5.60
ACE,CHEMBL1808,CHEMBL35419,NCCCC[C@H](OP(=O)(O)CCCCc1ccccc1)C(=O)N1C[C@@H](O)C[C@H]1C(=O)O,IC50,15.85,nM,7.80
ACE,CHEMBL1808,CHEMBL147755,O=C1N[C@H](C(=O)O)Cc2ccccc2CCCCCC[C@@H]1CS,IC50,725.0,nM,6.14
ACE,CHEMBL1808,CHEMBL150222,O=C1N[C@H](C(=O)O)CCCCc2ccccc2C[C@@H]1CS,IC50,10000.0,nM,
ACE,CHEMBL1808,CHEMBL146573,O=C1N[C@H](C(=O)O)CCCCCCc2ccccc2C[C@H]1CS,IC50,10000.0,nM,
ACE,CHEMBL1808,CHEMBL423574,O=C1N[C@@H](C(=O)O)Cc2ccccc2CCCCCCC[C@@H]1CS,IC50,10000.0,nM,
ACE,CHEMBL1808,CHEMBL346424,O=C1N[C@H](C(=O)O)CCCCc2ccccc2C[C@H]1CS,IC50,10000.0,nM,
ACE,CHEMBL1808,CHEMBL149841,O=C1N[C@H](C(=O)O)CCCCCCc2ccccc2C[C@@H]1CS,IC50,10000.0,nM,
ACE,CHEMBL1808,CHEMBL148840,O=C1N[C@H](C(=O)O)CCCCCc2cccc(c2)C[C@H]1CS,IC50,1400.0,nM,5.85
ACE,CHEMBL1808,CHEMBL357311,O=C1N[C@H](C(=O)O)CCCCCc2ccccc2C[C@H]1CS,IC50,2000.0,nM,5.70
ACE,CHEMBL1808,CHEMBL433702,O=C1N[C@H](C(=O)O)Cc2ccccc2CCCCCCC[C@@H]1CS,IC50,,nM,
ACE,CHEMBL1808,CHEMBL147526,O=C1N[C@H](C(=O)O)CCCCCCc2cccc(c2)C[C@H]1CS,IC50,118.0,nM,6.93
ACE,CHEMBL1808,CHEMBL147185,O=C1N[C@H](C(=O)O)CCCCCc2cccc(c2)C[C@@H]1CS,IC50,4.0,nM,8.40
ACE,CHEMBL1808,CHEMBL149367,O=C1N[C@@H](C(=O)O)Cc2ccccc2CCCCCC[C@@H]1CS,IC50,470.0,nM,6.33
ACE,CHEMBL1808,CHEMBL357584,O=C1N[C@H](C(=O)O)CCCCCCc2cccc(c2)C[C@@H]1CS,IC50,175.0,nM,6.76
ACE,CHEMBL1808,CHEMBL342091,O=C1N[C@H](C(=O)O)CCCCCc2ccccc2C[C@@H]1CS,IC50,8000.0,nM,5.10
ACE,CHEMBL1808,CHEMBL148616,C[C@H](CS)C(=O)N1Cc2[nH]c3ccccc3c2CC1C(=O)O,IC50,500.0,nM,6.30
ACE,CHEMBL1808,CHEMBL148140,O=C1N[C@@H](C(=O)O)Cc2ccccc2CCCCC[C@@H]1CS,IC50,6000.0,nM,5.22
ACE,CHEMBL1808,CHEMBL299169,O=C(O)CN1CCCC[C@H](NC(=O)[C@@H](S)Cc2ccccc2)C1=O,IC50,22.0,nM,7.66
ACE,CHEMBL1808,CHEMBL422944,O=C(O)CN1C(=O)[C@@H](NC(=O)[C@H](S)Cc2ccccc2)CCc2ccccc21,IC50,284.0,nM,6.55
ACE,CHEMBL1808,CHEMBL50480,C[C@H](S)C(=O)N[C@H]1CCc2ccccc2N(CC(=O)O)C1=O,IC50,24.0,nM,7.62
ACE,CHEMBL1808,CHEMBL300016,C[C@H](NC(=O)[C@@H](S)Cc1ccccc1)C(=O)N(CC(=O)O)c1ccccc1,IC50,14.0,nM,7.85
ACE,CHEMBL1808,CHEMBL50315,O=C(O)CN1C(=O)[C@H](NC(=O)[C@@H](S)Cc2ccccc2)CCc2ccccc21,IC50,306.0,nM,6.51
ACE,CHEMBL1808,CHEMBL48534,CC(S)(Cc1ccccc1)C(=O)N[C@H]1CCc2ccccc2N(CC(=O)O)C1=O,IC50,63.0,nM,7.20
ACE,CHEMBL1808,CHEMBL299875,CCCC[C@H](S)C(=O)N[C@H]1CCc2ccccc2N(CC(=O)O)C1=O,IC50,5.4,nM,8.27
ACE,CHEMBL1808,CHEMBL51576,O=C(O)CN1Cc2ccccc2C[C@H](NC(=O)[C@@H](S)Cc2ccccc2)C1=O,IC50,33.0,nM,7.48
ACE,CHEMBL1808,CHEMBL50814,O=C(O)CN1C(=O)C(NC(=O)[C@@H](S)Cc2ccccc2)CCCc2ccccc21,IC50,25.0,nM,7.60
ACE,CHEMBL1808,CHEMBL299438,O=C(O)CN1C(=O)[C@@H](NC(=O)[C@@H](S)CC2CCCCC2)CCc2ccccc21,IC50,22.0,nM,7.66
ACE,CHEMBL1808,CHEMBL415932,CC(C)C[C@H](S)C(=O)N[C@H]1CCc2ccccc2N(CC(=O)O)C1=O,IC50,6.3,nM,8.20
ACE,CHEMBL1808,CHEMBL48534,CC(S)(Cc1ccccc1)C(=O)N[C@H]1CCc2ccccc2N(CC(=O)O)C1=O,IC50,183.0,nM,6.74
ACE,CHEMBL1808,CHEMBL317304,CCCCN1C[C@@H](C(=O)O)N(C(=O)[C@H](C)N[C@@H](CCc2ccccc2)C(=O)O)C1=O,IC50,6.7,nM,8.17
ACE,CHEMBL1808,CHEMBL340119,CC(C)C[C@H](N)C(=O)N[C@@H](C)C(=O)N1CCC[C@@H]1C(=O)O,IC50,2300.0,nM,5.64
ACE,CHEMBL1808,CHEMBL100063,CCCCCCCC[C@H](N[C@@H](CC)C(=O)N1C(=O)N(C)C[C@H]1C(=O)O)C(=O)O,IC50,2.4,nM,8.62
ACE,CHEMBL1808,CHEMBL29031,Cc1ccc(S(=O)(=O)N[C@@H](Cc2ccccc2)C(=O)NCC(=O)N2CCC[C@H]2C(=O)O)cc1,IC50,67000.0,nM,4.17
ACE,CHEMBL1808,CHEMBL54942,CC(NC(=O)C(Cc1ccccc1)CC(S)c1ccccc1)C(=O)O,IC50,3500.0,nM,5.46
ACE,CHEMBL1808,CHEMBL414828,C[C@H](N)C(=O)N1CCC[C@H]1C(=O)O,IC50,110000.0,nM,
ACE,CHEMBL1808,CHEMBL54823,CCC(C)C(CC(S)CCc1ccccc1)C(=O)NC(Cc1ccc(O)cc1)C(=O)O,IC50,2900.0,nM,5.54
ACE,CHEMBL1808,CHEMBL101469,CCCCCCCC[C@H](N[C@@H](C)C(=O)N1C(=O)N(Cc2ccccc2)C[C@H]1C(=O)O)C(=O)O,IC50,1.5,nM,8.82
ACE,CHEMBL1808,CHEMBL301703,O=C(NC(Cc1ccc(O)cc1)C(=O)O)C(Cc1ccccc1)CC(S)Cc1ccccc1,IC50,2400.0,nM,5.62
ACE,CHEMBL1808,CHEMBL100586,C[C@@H](N[C@@H](CCc1ccccc1)C(=O)O)C(=O)N1C(=O)N(Cc2ccccc2)C[C@H]1C(=O)O,IC50,2400.0,nM,5.62
ACE,CHEMBL1808,CHEMBL129432,C[C@H](NC(=O)[C@@H](N)CCCN=C(N)N)C(=O)N1CCC[C@@H]1C(=O)O,IC50,16000.0,nM,4.80
ACE,CHEMBL1808,CHEMBL101409,C[C@H](N[C@@H](Cc1ccccc1)C(=O)O)C(=O)N1C(=O)N(Cc2ccccc2)C[C@H]1C(=O)O,IC50,11.0,nM,7.96
ACE,CHEMBL1808,CHEMBL430689,CC(C)CC[C@H](N[C@@H](C)C(=O)N1C(=O)N(Cc2ccccc2)C[C@H]1C(=O)O)C(=O)O,IC50,3.3,nM,8.48
ACE,CHEMBL1808,CHEMBL54477,O=C(O)CCNC(=O)C(Cc1ccccc1)CC(S)Cc1ccccc1,IC50,3500.0,nM,5.46
ACE,CHEMBL1808,CHEMBL27560,N[C@@H](Cc1ccccc1)C(=O)NCC(=O)N1CCC[C@H]1C(=O)O,IC50,20000.0,nM,4.70
ACE,CHEMBL1808,CHEMBL338446,N[C@@H](Cc1ccccc1)C(=O)N1CCC[C@H]1C(=O)N1CCC[C@@H]1C(=O)O,IC50,78000.0,nM,4.11
ACE,CHEMBL1808,CHEMBL128399,C[C@H](NC(=O)[C@@H](N)Cc1ccccc1)C(=O)N1CCC[C@@H]1C(=O)O,IC50,4200.0,nM,5.38
ACE,CHEMBL1808,CHEMBL101360,CCCCCCCC[C@H](N[C@@H](C)C(=O)N1C(=O)N(C)C[C@H]1C(=O)O)C(=O)O,IC50,1.6,nM,8.80
ACE,CHEMBL1808,CHEMBL53621,CCC(C)C(S)CC(C(=O)NC(Cc1ccc(O)cc1)C(N)=O)C(C)CC,IC50,4000.0,nM,5.40
ACE,CHEMBL1808,CHEMBL55520,CCC(C)C(S)CC(Cc1ccccc1)C(=O)N[C@H](Cc1ccc(O)cc1)C(=O)O,IC50,8000.0,nM,5.10
ACE,CHEMBL1808,CHEMBL293794,CC(NC(=O)C(Cc1ccccc1)CC(S)Cc1ccccc1)C(=O)O,IC50,3800.0,nM,5.42
ACE,CHEMBL1808,CHEMBL54796,CCC(C)C(S)CC(Cc1ccccc1)C(=O)NC(Cc1ccc(O)cc1)C(N)=O,IC50,3500.0,nM,5.46
ACE,CHEMBL1808,CHEMBL55583,CCC(C)C(CC(S)Cc1ccccc1)C(=O)NC(Cc1ccc(O)cc1)C(=O)O,IC50,800.0,nM,6.10
ACE,CHEMBL1808,CHEMBL53678,CCC(C)C(S)CC(C(=O)NC(Cc1ccc(O)cc1)C(=O)O)C(C)CC,IC50,3400.0,nM,5.47
ACE,CHEMBL1808,CHEMBL91090,CC[C@H](C)[C@H](N)C(=O)N[C@@H](Cc1ccc(O)cc1)C(=O)O,IC50,3700.0,nM,5.43
ACE,CHEMBL1808,CHEMBL328847,CCOC(=O)[C@H](CCc1ccccc1)N[C@@H](C)C(=O)N1C(=O)N(Cc2ccccc2)C[C@H]1C(=O)O,IC50,7900.0,nM,5.10
ACE,CHEMBL1808,CHEMBL328378,CCCCCCCC[C@H](N[C@@H](CC)C(=O)N1C(=O)N(Cc2ccccc2)C[C@H]1C(=O)O)C(=O)O,IC50,2.1,nM,8.68
ACE,CHEMBL1808,CHEMBL102044,C[C@H](N)C(=O)N1C(=O)N(C)C[C@H]1C(=O)O,IC50,10000.0,nM,5.00
ACE,CHEMBL1808,CHEMBL100966,CCCCCCCC[C@H](N[C@H](C)C(=O)N1C(=O)N(C)C[C@H]1C(=O)O)C(=O)O,IC50,2400.0,nM,5.62
ACE,CHEMBL1808,CHEMBL317094,CCOC(=O)[C@H](CCc1ccccc1)N[C@@H](C)C(=O)N1C(=O)N(C)C[C@H]1C(=O)O,IC50,9900.0,nM,5.00
ACE,CHEMBL1808,CHEMBL340152,CCCC[C@H](N)C(=O)N[C@@H](C)C(=O)N1CCC[C@@H]1C(=O)O,IC50,700.0,nM,6.16
ACE,CHEMBL1808,CHEMBL32032,O=C(N[C@@H](Cc1ccccc1)C(=O)NCC(=O)N1CCC[C@H]1C(=O)O)c1ccccc1,IC50,9400.0,nM,5.03
ACE,CHEMBL1808,CHEMBL55103,CCC(C)C1CC(Cc2ccccc2)SC1=O,IC50,2300.0,nM,5.64
ACE,CHEMBL1808,CHEMBL316865,CCCCCCCC[C@H](N[C@@H](C)C(=O)N1C(=O)N(C)C[C@H]1C(=O)O)C(=O)OCC,IC50,5100.0,nM,5.29
ACE,CHEMBL1808,CHEMBL264538,C[C@H](NC(=O)[C@H](Cc1c[nH]c2ccccc12)NC(=O)[C@H](CCCCN)NC(=O)[C@@H]1CCC(=O)N1)C(=O)N1CCC[C@H]1C(=O)O,IC50,730.0,nM,6.14
ACE,CHEMBL1808,CHEMBL328811,CCCCCCCC[C@H](N[C@@H](C)C(=O)N1C(=O)N(Cc2ccccc2)C[C@H]1C(=O)O)C(=O)OCC,IC50,2200.0,nM,5.66
ACE,CHEMBL1808,CHEMBL55613,CCC(C)C(CC(S)Cc1ccccc1)C(=O)N1CCCC1C(=O)O,IC50,2800.0,nM,5.55
ACE,CHEMBL1808,CHEMBL53141,CCC(C)C(CC(S)Cc1ccccc1)C(=O)O,IC50,4000.0,nM,5.40
ACE,CHEMBL1808,CHEMBL99798,CC(C)C[C@H](N[C@@H](C)C(=O)N1C(=O)N(Cc2ccccc2)C[C@H]1C(=O)O)C(=O)O,IC50,2.1,nM,8.68
ACE,CHEMBL1808,CHEMBL421581,C[C@H](N)C(=O)N1C(=O)N(Cc2ccccc2)C[C@H]1C(=O)O,IC50,1500.0,nM,5.82
ACE,CHEMBL1808,CHEMBL91777,CC(C)[C@H](N)C(=O)N[C@@H](Cc1c[nH]c2ccccc12)C(=O)O,IC50,1700.0,nM,5.77
ACE,CHEMBL1808,CHEMBL54457,O=C(O)C1CCCN1C(=O)C(Cc1ccccc1)CC(S)Cc1ccccc1,IC50,3600.0,nM,5.44
ACE,CHEMBL1808,CHEMBL91777,CC(C)[C@H](N)C(=O)N[C@@H](Cc1c[nH]c2ccccc12)C(=O)O,IC50,1600.0,nM,5.80
ACE,CHEMBL1808,CHEMBL408983,CC[C@H](C)[C@H](NC(=O)[C@H](CCC(N)=O)NC(=O)[C@@H]1CCCN1C(=O)[C@H](CCCNC(=N)N)NC(=O)[C@@H]1CCCN1C(=O)[C@H](Cc1c[nH]c2ccccc12)NC(=O)[C@@H]1CCC(=O)N1)C(=O)N1CCC[C@H]1C(=O)N1CCC[C@H]1C(=O)O,IC50,220.0,nM,6.66
ACE,CHEMBL1808,CHEMBL100413,C[C@H](N[C@@H](CCc1ccccc1)C(=O)O)C(=O)N1C(=O)N(Cc2ccccc2)C[C@H]1C(=O)O,IC50,1.7,nM,8.77
ACE,CHEMBL1808,CHEMBL577,C[C@H](N[C@@H](CCc1ccccc1)C(=O)O)C(=O)N1CCC[C@H]1C(=O)O,IC50,2.9,nM,8.54
ACE,CHEMBL1808,CHEMBL99701,C[C@H](N[C@@H](CCc1ccccc1)C(=O)O)C(=O)N1C(=O)N(C)C[C@H]1C(=O)O,IC50,1.7,nM,8.77
ACE,CHEMBL1808,CHEMBL100826,CC[C@H](N[C@@H](CCc1ccccc1)C(=O)O)C(=O)N1C(=O)N(Cc2ccccc2)C[C@H]1C(=O)O,IC50,2.3,nM,8.64
ACE,CHEMBL1808,CHEMBL55721,CCC(C)C(S)CC(Cc1ccccc1)C(=O)N[C@@H](Cc1ccc(O)cc1)C(=O)O,IC50,4400.0,nM,5.36
ACE,CHEMBL1808,CHEMBL431052,C[C@H](N[C@@H](CCc1ccccc1)C(=O)O)C(=O)N1C(=O)NC[C@H]1C(=O)O,IC50,3.5,nM,8.46
ACE,CHEMBL1808,CHEMBL92676,CC(C)C[C@H](NCP(=O)(O)O)C(=O)N[C@@H](Cc1ccc(-c2ccccc2)cc1)C(=O)O,IC50,1000.0,nM,
ACE,CHEMBL1808,CHEMBL92126,C[C@H](N[C@@H](Cc1ccccc1)C(=O)N[C@@H](Cc1ccc(-c2ccccc2)cc1)C(=O)O)P(=O)(O)O,IC50,44.0,nM,7.36
ACE,CHEMBL1808,CHEMBL329464,O=C(O)[C@H](Cc1ccc(-c2ccccc2)cc1)NC(=O)[C@H](Cc1ccc(Cl)cc1)NCP(=O)(O)O,IC50,473.0,nM,6.33
ACE,CHEMBL1808,CHEMBL90545,CC[C@@H](C)[C@H](NCP(=O)(O)O)C(=O)N[C@@H](Cc1ccc(-c2ccccc2)cc1)C(=O)O,IC50,50.0,nM,7.30
ACE,CHEMBL1808,CHEMBL92326,O=C(O)[C@H](Cc1ccc(-c2ccccc2)cc1)NC(=O)[C@H](Cc1ccc2ccccc2c1)NCP(=O)(O)O,IC50,53.0,nM,7.28
ACE,CHEMBL1808,CHEMBL414828,C[C@H](N)C(=O)N1CCC[C@H]1C(=O)O,Ki,50000.0,nM,4.30
ACE,CHEMBL1808,CHEMBL91399,Cc1ccccc1C[C@H](NCP(=O)(O)O)C(=O)N[C@@H](Cc1ccc(-c2ccccc2)cc1)C(=O)O,IC50,498.0,nM,6.30
ACE,CHEMBL1808,CHEMBL328030,CC(C)Oc1ccc(C[C@H](NC(=O)[C@@H](NCP(=O)(O)O)C(C)C)C(=O)O)cc1,IC50,92.0,nM,7.04
ACE,CHEMBL1808,CHEMBL93785,COc1ccccc1C[C@H](NCP(=O)(O)O)C(=O)N[C@@H](Cc1ccc(-c2ccccc2)cc1)C(=O)O,IC50,160.0,nM,6.80
ACE,CHEMBL1808,CHEMBL166164,C[C@H](NCS)C(=O)N1CCC[C@H]1C(=O)O,Ki,1.7,nM,8.77
ACE,CHEMBL1808,CHEMBL93562,CC(C)[C@H](NCP(=O)(O)O)C(=O)N[C@@H](CCc1ccccc1)C(=O)O,IC50,100.0,nM,7.00
ACE,CHEMBL1808,CHEMBL92949,CC(C)[C@H](NCP(=O)(O)O)C(=O)N[C@@H](Cc1c[nH]c2ccccc12)C(=O)O,IC50,240.0,nM,6.62
ACE,CHEMBL1808,CHEMBL94173,CC[C@H](C)C(N[C@@H](C)C(=O)O)C(=O)N[C@@H](Cc1ccc(-c2ccccc2)cc1)C(=O)O,IC50,22.0,nM,7.66
ACE,CHEMBL1808,CHEMBL1560,C[C@H](CS)C(=O)N1CCC[C@H]1C(=O)O,IC50,10.0,nM,8.00
ACE,CHEMBL1808,CHEMBL418959,O=C(O)[C@H](Cc1ccc(-c2ccccc2)cc1)NC(=O)[C@H](Cc1ccc(-c2ccccc2)cc1)NCP(=O)(O)O,IC50,414.0,nM,6.38
ACE,CHEMBL1808,CHEMBL366503,C[C@H](OCc1ccccc1)[C@H](NCP(=O)(O)O)C(=O)N[C@@H](Cc1ccc(-c2ccccc2)cc1)C(=O)O,IC50,656.0,nM,6.18
ACE,CHEMBL1808,CHEMBL329666,O=C(O)[C@H](Cc1ccc(-c2ccccc2)cc1)NC(=O)C1(NCP(=O)(O)O)CCCC1,IC50,1000.0,nM,
ACE,CHEMBL1808,CHEMBL420253,O=C(O)[C@H](Cc1ccc(-c2ccccc2)cc1)NC(=O)[C@H](Cc1ccc(O)cc1)NCP(=O)(O)O,IC50,1000.0,nM,
ACE,CHEMBL1808,CHEMBL328463,O=C(O)[C@H](Cc1ccc(-c2ccccc2)cc1)NC(=O)[C@H](Cc1ccc2c(c1)OCO2)NCP(=O)(O)O,IC50,147.0,nM,6.83
ACE,CHEMBL1808,CHEMBL92638,O=C(O)[C@H](Cc1ccc(-c2ccccc2)cc1)NC(=O)[C@@H](NCP(=O)(O)O)C1CCCCC1,IC50,1000.0,nM,
ACE,CHEMBL1808,CHEMBL93167,CC(C)[C@H](NCP(=O)(O)O)C(=O)N[C@@H](Cc1ccc(C2CCCCC2)cc1)C(=O)O,IC50,122.0,nM,6.91
ACE,CHEMBL1808,CHEMBL329894,CC(C)[C@H](NCP(=O)(O)O)C(=O)N[C@@H](Cc1ccc(-c2ccccc2)cc1)C(=O)N[C@@H](Cc1ccc(O)cc1)C(=O)O,IC50,1000.0,nM,
ACE,CHEMBL1808,CHEMBL93206,CC(C)(C)[C@H](NCP(=O)(O)O)C(=O)N[C@@H](Cc1ccc(-c2ccccc2)cc1)C(=O)O,IC50,1000.0,nM,
ACE,CHEMBL1808,CHEMBL329372,CC(C)[C@H](NCP(=O)(O)O)C(=O)N[C@@H](Cc1ccc(-c2ccccc2)cc1)C(=O)N1C[C@H](O)C[C@H]1C(=O)O,IC50,1000.0,nM,
ACE,CHEMBL1808,CHEMBL327799,C[C@H](O)[C@H](NCP(=O)(O)O)C(=O)N[C@@H](Cc1ccc(-c2ccccc2)cc1)C(=O)O,IC50,665.0,nM,6.18
ACE,CHEMBL1808,CHEMBL93180,O=C(O)[C@H](Cc1ccc(-c2ccccc2)cc1)NC(=O)[C@H](Cc1ccccc1)NCP(=O)(O)O,IC50,117.0,nM,6.93
ACE,CHEMBL1808,CHEMBL315669,O=C(O)[C@H](Cc1ccc(-c2ccccc2)cc1)NC(=O)[C@H](Cc1c[nH]cn1)NCP(=O)(O)O,IC50,1000.0,nM,
ACE,CHEMBL1808,CHEMBL91218,C[C@H](NCP(=O)(O)O)C(=O)N[C@@H](Cc1ccc(-c2ccccc2)cc1)C(=O)O,IC50,660.0,nM,6.18
ACE,CHEMBL1808,CHEMBL216386,CC[C@H](C)[C@H](NC(=O)[C@H](CCC(N)=O)NC(=O)[C@@H]1CCCN1C(=O)[C@H](CCCN=C(N)N)NC(=O)[C@@H]1CCCN1C(=O)[C@H](Cc1c[nH]c2ccccc12)NC(=O)[C@@H](N)CCC(=O)O)C(=O)N1CCC[C@H]1C(=O)N1CCC[C@H]1C(=O)O,Ki,100.0,nM,7.00
ACE,CHEMBL1808,CHEMBL92632,CC(C)[C@H](N[C@@H](C)C(=O)O)C(=O)N[C@@H](Cc1ccc(-c2ccccc2)cc1)C(=O)O,IC50,23.0,nM,7.64
ACE,CHEMBL1808,CHEMBL329136,O=C(O)[C@H](Cc1ccc(-c2ccccc2)cc1)NC(=O)[C@H](Cc1ccccc1O)NCP(=O)(O)O,IC50,1000.0,nM,
ACE,CHEMBL1808,CHEMBL329530,C[C@H](c1ccccc1)[C@H](NCP(=O)(O)O)C(=O)N[C@@H](Cc1ccc(-c2ccccc2)cc1)C(=O)O,IC50,138.0,nM,6.86
ACE,CHEMBL1808,CHEMBL330507,O=C(O)[C@H](Cc1ccc(-c2ccccc2)cc1)NC(=O)[C@H](Cc1cccs1)NCP(=O)(O)O,IC50,385.0,nM,6.42
ACE,CHEMBL1808,CHEMBL313419,CCCC[C@H](NCP(=O)(O)O)C(=O)N[C@@H](Cc1ccc(-c2ccccc2)cc1)C(=O)O,IC50,731.0,nM,6.14
ACE,CHEMBL1808,CHEMBL89563,CC(C)[C@H](NCP(=O)(O)O)C(=O)N[C@@H](Cc1ccc(-c2ccccc2)cc1)C(=O)O,IC50,25.0,nM,7.60
ACE,CHEMBL1808,CHEMBL328737,CC[C@H](C)C(NCC(=O)O)C(=O)N[C@@H](Cc1ccc(-c2ccccc2)cc1)C(=O)O,IC50,65.0,nM,7.19
ACE,CHEMBL1808,CHEMBL277919,O=C(O)CCCC(=O)N1CCC[C@H]1C(=O)O,IC50,70000.0,nM,4.16
ACE,CHEMBL1808,CHEMBL78780,C[C@H](CCC(=O)O)C(=O)N1CCC[C@H]1C(=O)O,IC50,4900.0,nM,5.31
ACE,CHEMBL1808,CHEMBL152307,O=CC(Cc1ccccc1)NC(CCc1ccccc1)C(=O)O,Ki,50000.0,nM,4.30
ACE,CHEMBL1808,CHEMBL162360,C[C@H](CS)C(=O)N1CCCC1C(=O)O,IC50,23.0,nM,7.64
ACE,CHEMBL1808,CHEMBL327401,C[C@H](NC(=O)[C@H](Cc1c[nH]c2ccccc12)NC(=O)[C@H](CCCCN)NC(=O)[C@@H](N)CCC(=O)O)C(=O)N1CCC[C@H]1C(=O)O,IC50,60.0,nM,7.22
ACE,CHEMBL1808,CHEMBL152188,CC(CCC(=O)N1CCC[C@H]1C(=O)O)C(=O)O,IC50,260000.0,nM,
ACE,CHEMBL1808,CHEMBL347755,O=C(O)C(CCc1ccccc1)N[C@H]1CCC[C@H]2SC[C@@H](C(=O)O)N2C1=O,IC50,0.6,nM,9.22
ACE,CHEMBL1808,CHEMBL331575,CC1CCCC(C(=O)O)N1C(=O)CCS,IC50,1.0,nM,9.00
ACE,CHEMBL1808,CHEMBL331575,CC1CCCC(C(=O)O)N1C(=O)CCS,IC50,20.0,nM,7.70
ACE,CHEMBL1808,CHEMBL322069,CC(=O)SCC(C)C(=O)Nc1ccccc1,IC50,300.0,nM,6.52
ACE,CHEMBL1808,CHEMBL322069,CC(=O)SCC(C)C(=O)Nc1ccccc1,IC50,2000.0,nM,5.70
ACE,CHEMBL1808,CHEMBL107695,O=C(O)CN1Cc2ccccc2CC(N[C@H](CCc2ccccc2)C(=O)O)C1=O,Ki,10.0,nM,8.00
ACE,CHEMBL1808,CHEMBL114552,O=C(O)CCCNCP(=O)(O)CCc1ccccc1,IC50,100000.0,nM,4.00
ACE,CHEMBL1808,CHEMBL1237,NCCCC[C@H](N[C@@H](CCc1ccccc1)C(=O)O)C(=O)N1CCC[C@H]1C(=O)O,IC50,0.1,nM,10.00
ACE,CHEMBL1808,CHEMBL326801,CC(=O)SCC(C)C(=O)NCc1ccccc1,IC50,500000.0,nM,
ACE,CHEMBL1808,CHEMBL326801,CC(=O)SCC(C)C(=O)NCc1ccccc1,IC50,200000.0,nM,
ACE,CHEMBL1808,CHEMBL1560,C[C@H](CS)C(=O)N1CCC[C@H]1C(=O)O,IC50,30.0,nM,7.52
ACE,CHEMBL1808,CHEMBL311838,CC(C)C[C@H](C(=O)O)N1CCO[C@@H](c2ccccc2)[C@H](NC(=O)[C@H](S)Cc2ccccc2)C1=O,Ki,50000.0,nM,4.30
ACE,CHEMBL1808,CHEMBL1788109,CC(=O)S[C@H](C)C(=O)N1[C@H](C(=O)O)C[C@H](C(=O)O)[C@@H]1c1ccccc1,Ki,0.16,nM,9.80
ACE,CHEMBL1808,CHEMBL173376,Cc1ccccc1C(=O)NC(Cc1ccccc1)C(=O)CCC(=O)N1CCC[C@H]1C(=O)O,IC50,46.0,nM,7.34
ACE,CHEMBL1808,CHEMBL172917,CC(=O)NC(Cc1ccccc1)C(=O)CCC(=O)N1CCC[C@H]1C(=O)O,IC50,330.0,nM,6.48
ACE,CHEMBL1808,CHEMBL176729,Cc1ccccc1C(=O)NC(Cc1ccccc1)C(=O)CCC(=O)N1CCC[C@H]1C(=O)OCc1ccccc1,IC50,1600.0,nM,5.80
ACE,CHEMBL1808,CHEMBL172015,O=C(NC(Cc1cccnc1)C(=O)CCC(=O)N1CCC[C@H]1C(=O)OCc1ccccc1)c1ccccc1,IC50,15.0,nM,7.82
ACE,CHEMBL1808,CHEMBL173822,O=C(NC(Cc1ccc(O)cc1)C(=O)CCC(=O)N1CCC[C@H]1C(=O)O)c1ccccc1,IC50,4.7,nM,8.33
ACE,CHEMBL1808,CHEMBL176688,O=C(NC(Cc1cccnc1)C(=O)CCC(=O)N1CCC[C@H]1C(=O)O)c1ccccc1,IC50,5.7,nM,8.24
ACE,CHEMBL1808,CHEMBL556775,Cl.NC(Cc1ccccc1)C(=O)CCC(=O)N1CCC[C@H]1C(=O)O,IC50,25000.0,nM,4.60
ACE,CHEMBL1808,CHEMBL173849,COc1ccc(CC(NC(=O)c2ccccc2)C(=O)CCC(=O)N2CCC[C@H]2C(=O)O)cc1OC,IC50,1.4,nM,8.85
ACE,CHEMBL1808,CHEMBL176970,O=C(NC(Cc1ccccc1)C(=O)CCC(=O)N1CCC[C@H]1C(=O)O)OCc1ccccc1,IC50,240.0,nM,6.62
ACE,CHEMBL1808,CHEMBL366455,O=C(CCC(=O)C(Cc1ccccc1)NC(=O)c1ccccc1)N[C@H](Cc1ccccc1)C(=O)O,IC50,28.0,nM,7.55
ACE,CHEMBL1808,CHEMBL172600,O=C(NC(Cc1ccccc1)C(=O)CCC(=O)N1CC(O)C[C@H]1C(=O)O)c1ccccc1,IC50,540.0,nM,6.27
ACE,CHEMBL1808,CHEMBL172783,O=C(NC(Cc1ccccc1)C(=O)CCCC(=O)N1CCC[C@H]1C(=O)O)c1ccccc1,IC50,42.0,nM,7.38
ACE,CHEMBL1808,CHEMBL172801,O=C(NC(Cc1ccc(OCc2ccccc2)cc1)C(=O)CCC(=O)N1CCC[C@H]1C(=O)O)c1ccccc1,IC50,10.0,nM,8.00
ACE,CHEMBL1808,CHEMBL369590,O=C(CCC(=O)C(Cc1ccccc1)NC(=O)c1ccccc1)NC(Cc1ccccc1)C(=O)OCc1ccccc1,IC50,180.0,nM,6.75
ACE,CHEMBL1808,CHEMBL435360,O=C(N[C@@H](Cc1ccccc1)C(=O)CCC(=O)N1CCC[C@H]1C(=O)O)c1ccccc1,IC50,3.2,nM,8.49
ACE,CHEMBL1808,CHEMBL1560,C[C@H](CS)C(=O)N1CCC[C@H]1C(=O)O,IC50,9.0,nM,8.05
ACE,CHEMBL1808,CHEMBL298647,O=C(CN1Cc2c(Cl)cccc2NC1=O)NO,IC50,90000.0,nM,4.05
ACE,CHEMBL1808,CHEMBL366727,O=C(NC(Cc1ccccc1)/C(CCC(=O)N1CCC[C@H]1C(=O)O)=N/O)c1ccccc1,IC50,1200.0,nM,5.92
ACE,CHEMBL1808,CHEMBL299946,O=C(CN1Cc2c(Cl)cccc2NS1(=O)=O)NO,IC50,100000.0,nM,
ACE,CHEMBL1808,CHEMBL172913,CC(NC(=O)c1ccccc1)C(=O)CCC(=O)N1CCC[C@H]1C(=O)O,IC50,300.0,nM,6.52
ACE,CHEMBL1808,CHEMBL172262,O=C(NC(Cc1ccccc1)C(=O)CCC(=O)N1CCC[C@H]1C(=O)O)c1ccco1,IC50,1.4,nM,8.85
ACE,CHEMBL1808,CHEMBL368784,O=C(CCC(=O)N1CCC[C@H]1C(=O)O)C(Cc1ccccc1)NC(=O)C1CCCO1,IC50,20.0,nM,7.70
ACE,CHEMBL1808,CHEMBL177394,COC(=O)[C@@H]1CCCN1C(=O)CCC(=O)C(Cc1ccccc1)NC(=O)c1ccccc1,IC50,82.0,nM,7.09
ACE,CHEMBL1808,CHEMBL177870,O=C(NC(Cc1ccccc1)C(=O)CCC(=O)N1CCCC1)c1ccccc1,IC50,,nM,
ACE,CHEMBL1808,CHEMBL369809,CC(C)(C)OC(=O)[C@@H]1CCCN1C(=O)CCC(=O)C(Cc1ccc(OCc2ccccc2)cc1)NC(=O)c1ccccc1,IC50,8600.0,nM,5.07
ACE,CHEMBL1808,CHEMBL368640,NC(=O)[C@@H]1CCCN1C(=O)CCC(=O)C(Cc1ccccc1)NC(=O)c1ccccc1,IC50,150.0,nM,6.82
ACE,CHEMBL1808,CHEMBL172356,O=C(NC(Cc1ccc(OCc2ccccc2)cc1)C(=O)CCC(=O)N1CCC[C@H]1C(=O)OCc1ccccc1)c1ccccc1,IC50,86.0,nM,7.07
ACE,CHEMBL1808,CHEMBL110444,O=C(O)C1CSC(c2ccccc2O)N1C(=O)CCS,IC50,65.0,nM,7.19
ACE,CHEMBL1808,CHEMBL311525,C[C@H](CS)C(=O)N1C(=O)CC[C@H]1C(=O)O,IC50,9.0,nM,8.05
ACE,CHEMBL1808,CHEMBL305938,O=C(O)[C@H]1CCCN1C(=O)CCS,IC50,200.0,nM,6.70
ACE,CHEMBL1808,CHEMBL54677,CC(C)[C@@H](O)C[C@H](O)[C@H](CC1CCCCC1)NC(=O)[C@H](Cc1c[nH]cn1)NC(=O)c1cc2ccccc2[nH]1,IC50,100000.0,nM,
ACE,CHEMBL1808,CHEMBL1161022,C[C@@H](NP(=O)(O)O)C(=O)N1CCC[C@H]1C(=O)O,Ki,1.4,nM,8.85
ACE,CHEMBL1808,CHEMBL10962,O=C(O)[C@@H]1CCCN1C(=O)CCS,IC50,1800000.0,nM,
ACE,CHEMBL1808,CHEMBL128223,O=C(/C=C\S)C1CC[C@@H](C(=O)O)C1,IC50,650.0,nM,6.19
ACE,CHEMBL1808,CHEMBL2304318,C[C@H](N[C@](C)(CCc1ccccc1)C(=O)O)C(=O)N1CCC[C@H]1C(=O)O,IC50,1.2,nM,8.92
ACE,CHEMBL1808,CHEMBL131552,C[C@@H](NC(=O)[C@H](Cc1ccccc1)NC(=O)c1ccccc1)C(=O)N1CCC[C@H]1C(=O)O,IC50,3.2,nM,8.49
ACE,CHEMBL1808,CHEMBL340528,O=C(O)C(CCc1ccccc1)N[C@H]1CCCC2SC[C@@H](C(=O)O)N2C1=O,IC50,0.6,nM,9.22
ACE,CHEMBL1808,CHEMBL611148,C[C@@H](CS)C(=O)N1c2ccccc2C[C@H]1C(=O)O,IC50,3.7,nM,8.43
ACE,CHEMBL1808,CHEMBL309601,C[C@H](NP(=O)(O)CCc1ccccc1)C(=O)N1CCC[C@H]1C(=O)O,Ki,0.5,nM,9.30
ACE,CHEMBL1808,CHEMBL290284,O=C(O)CN1C(=O)[C@@H](NC(CCc2ccccc2)C(=O)O)CSc2ccccc21,IC50,3.0,nM,8.52
ACE,CHEMBL1808,CHEMBL177000,COC(=O)c1ccccc1NC(=O)CN(C)C(=O)C1C[C@@H](S)CN1S(=O)(=O)c1ccc2ccccc2c1,IC50,36600.0,nM,4.44
ACE,CHEMBL1808,CHEMBL367315,O=c1cc(N2CCOCC2)oc2ccccc12,IC50,13400.0,nM,4.87
ACE,CHEMBL1808,CHEMBL191879,CC(=O)S[C@@H]1C[C@@H](COCc2cc(F)c(F)cc2F)N(C(=O)Oc2cccc3c2OCCO3)C1,IC50,100000.0,nM,
ACE,CHEMBL1808,CHEMBL193490,O=C(S[C@@H]1C[C@@H](COCc2cc(F)c(F)cc2F)N(C(=O)Oc2cccc3c2OCCO3)C1)c1ccccc1,IC50,100000.0,nM,
ACE,CHEMBL1808,CHEMBL192441,CC(C)OC(=O)N1C[C@H](S)CC1CNCc1cc(F)ccc1F,IC50,100000.0,nM,
ACE,CHEMBL1808,CHEMBL194651,CCCc1cnc(N2C[C@H](S)CC2CNCc2cc(F)ccc2F)nc1,IC50,31500.0,nM,4.50
ACE,CHEMBL1808,CHEMBL425383,Cc1ccc(S(=O)(=O)N(C)NC(=O)C2C[C@@H](S)CN2S(=O)(=O)c2ccc3ccccc3c2)cc1,IC50,14600.0,nM,4.84
ACE,CHEMBL1808,CHEMBL196902,O=C(O)CCNC(=O)C(CS)Cc1ccccc1,IC50,32000.0,nM,4.50
ACE,CHEMBL1808,CHEMBL372307,O=C(N[C@H]1CCCSC2CCC[C@@H](C(=O)O)N21)[C@@H](S)Cc1ccccc1,IC50,5.0,nM,8.30
ACE,CHEMBL1808,CHEMBL198316,O=C(N[C@H]1Cc2ccccc2C2CCC[C@H](C(=O)O)N2C1=O)[C@H](S)Cc1ccccc1,IC50,0.11,nM,9.96
ACE,CHEMBL1808,CHEMBL305388,COc1ccc2c(c1)CC[C@H]2[C@@H](CS)C(=O)N[C@@H](Cc1c[nH]c2ccccc12)C(=O)O,Ki,1.3,nM,8.89
ACE,CHEMBL1808,CHEMBL378864,CN[C@@H](Cc1c[nH]c2ccccc12)C(=O)N[C@@H](CCCN)C(=O)N1CCC[C@H]1C(=O)O,IC50,10000.0,nM,5.00
ACE,CHEMBL1808,CHEMBL381557,NCCC[C@H](NC(=O)[C@@H](N)Cc1c[nH]c2ccc(O)cc12)C(=O)N1CCC[C@H]1C(=O)O,IC50,4000.0,nM,5.40
ACE,CHEMBL1808,CHEMBL383507,NCCC[C@H](NC(=O)[C@@H](N)Cc1ccsc1)C(=O)N1CCC[C@H]1C(=O)O,IC50,600.0,nM,6.22
ACE,CHEMBL1808,CHEMBL204944,NCCC[C@H](NC(=O)CCc1nc2ccccc2[nH]1)C(=O)N1CCC[C@H]1C(=O)O,IC50,10000.0,nM,5.00
ACE,CHEMBL1808,CHEMBL435360,O=C(N[C@@H](Cc1ccccc1)C(=O)CCC(=O)N1CCC[C@H]1C(=O)O)c1ccccc1,Ki,45200.0,nM,4.34
ACE,CHEMBL1808,CHEMBL212864,CC(C)(C)OC(=O)N[C@@H](Cc1ccccc1)C(=O)CCC(=O)N[C@@H](Cc1ccccc1)C(=O)O,Ki,43000.0,nM,4.37
ACE,CHEMBL1808,CHEMBL215163,CC(C)(C)OC(=O)N[C@@H](Cc1ccccc1)C(=O)CCC(=O)N[C@@H](Cc1c[nH]c2ccccc12)C(=O)O,Ki,13300.0,nM,4.88
ACE,CHEMBL1808,CHEMBL386032,CC(C)(C)OC(=O)N[C@@H](Cc1ccccc1)C(=O)CCC(=O)N1CCC[C@H]1C(=O)O,Ki,33600.0,nM,4.47
ACE,CHEMBL1808,CHEMBL213105,O=C(CCC(=O)[C@H](Cc1ccccc1)NC(=O)c1ccccc1)N[C@@H](Cc1ccccc1)C(=O)O,Ki,84300.0,nM,4.07
ACE,CHEMBL1808,CHEMBL385901,O=C(CCC(=O)[C@H](Cc1ccccc1)NC(=O)c1ccccc1)N[C@@H](Cc1c[nH]c2ccccc12)C(=O)O,Ki,195700.0,nM,
ACE,CHEMBL1808,CHEMBL1237,NCCCC[C@H](N[C@@H](CCc1ccccc1)C(=O)O)C(=O)N1CCC[C@H]1C(=O)O,Ki,131.5,nM,6.88
ACE,CHEMBL1808,CHEMBL1237,NCCCC[C@H](N[C@@H](CCc1ccccc1)C(=O)O)C(=O)N1CCC[C@H]1C(=O)O,Ki,51.0,nM,7.29
ACE,CHEMBL1808,CHEMBL212710,NCCCC[C@H](N[C@@H](CCc1ccccc1)C(=O)O)C(=O)N[C@@H](Cc1c[nH]c2ccccc12)C(=O)O,Ki,7000.0,nM,5.16
ACE,CHEMBL1808,CHEMBL212711,NCCCC[C@H](N[C@H](CCc1ccccc1)C(=O)O)C(=O)N[C@@H](Cc1c[nH]c2ccccc12)C(=O)O,Ki,26300.0,nM,4.58
ACE,CHEMBL1808,CHEMBL1560,C[C@H](CS)C(=O)N1CCC[C@H]1C(=O)O,EC50,21208.01,nM,4.67
ACE,CHEMBL1808,CHEMBL1560,C[C@H](CS)C(=O)N1CCC[C@H]1C(=O)O,EC50,1422656.33,nM,
ACE,CHEMBL1808,CHEMBL1560,C[C@H](CS)C(=O)N1CCC[C@H]1C(=O)O,EC50,18539.58,nM,4.73
ACE,CHEMBL1808,CHEMBL252391,CC[C@@H](C)[C@H](S)C(=O)N[C@@H](Cc1ccc(-c2ccccc2)cc1)C(=O)O,Ki,490.0,nM,6.31
ACE,CHEMBL1808,CHEMBL252009,CC[C@@H](C)[C@H](S)C(=O)N[C@@H](Cc1ccc(OCc2cc(C(F)(F)F)cc(C(F)(F)F)c2)cc1)C(=O)O,Ki,25000.0,nM,4.60
ACE,CHEMBL1808,CHEMBL251809,CC[C@@H](C)[C@H](S)C(=O)N[C@@H](Cc1ccc(OCc2ccc(C(F)(F)F)cc2)cc1)C(=O)O,Ki,2600.0,nM,5.58
ACE,CHEMBL1808,CHEMBL251808,CC[C@@H](C)[C@H](S)C(=O)N[C@@H](Cc1ccc(OCc2ccc(F)c(F)c2)cc1)C(=O)O,Ki,1800.0,nM,5.75
ACE,CHEMBL1808,CHEMBL398771,CC[C@@H](C)[C@H](S)C(=O)N[C@@H](Cc1ccc(OCc2ccc(F)cc2F)cc1)C(=O)O,Ki,950.0,nM,6.02
ACE,CHEMBL1808,CHEMBL254911,CC[C@@H](C)[C@H](S)C(=O)N[C@@H](Cc1ccc(OCc2ccc(F)cc2)cc1)C(=O)O,Ki,4000.0,nM,5.40
ACE,CHEMBL1808,CHEMBL254703,CC[C@@H](C)[C@H](S)C(=O)N[C@@H](Cc1ccc(OCc2ccccc2)cc1)C(=O)O,Ki,570.0,nM,6.24
ACE,CHEMBL1808,CHEMBL254495,CC[C@@H](C)[C@H](S)C(=O)N[C@@H](Cc1cccc(OCc2ccccc2)c1)C(=O)O,Ki,750.0,nM,6.12
ACE,CHEMBL1808,CHEMBL254493,CC[C@@H](C)[C@H](S)C(=O)N[C@@H](Cc1ccccc1OCc1ccccc1)C(=O)O,Ki,770.0,nM,6.11
ACE,CHEMBL1808,CHEMBL254282,CC[C@@H](C)[C@H](S)C(=O)N[C@@H](Cc1ccc(Oc2ccccc2)cc1)C(=O)O,Ki,250.0,nM,6.60
ACE,CHEMBL1808,CHEMBL252003,CC[C@@H](C)[C@H](S)C(=O)N[C@@H](Cc1cccc(Oc2ccccc2)c1)C(=O)O,Ki,1100.0,nM,5.96
ACE,CHEMBL1808,CHEMBL251804,CC[C@@H](C)[C@H](S)C(=O)N[C@@H](Cc1ccccc1Oc1ccccc1)C(=O)O,Ki,5000.0,nM,5.30
ACE,CHEMBL1808,CHEMBL401397,CC[C@@H](C)[C@H](S)C(=O)N[C@@H](Cc1cccc(-c2ccccc2)c1)C(=O)O,Ki,1000.0,nM,6.00
ACE,CHEMBL1808,CHEMBL398545,CC[C@@H](C)[C@H](S)C(=O)N[C@@H](Cc1ccccc1-c1ccccc1)C(=O)O,Ki,20000.0,nM,4.70
ACE,CHEMBL1808,CHEMBL253428,CC[C@@H](C)[C@H](S)C(=O)N[C@@H](Cc1ccc2ccccc2c1)C(=O)O,Ki,310.0,nM,6.51
ACE,CHEMBL1808,CHEMBL400527,CC[C@@H](C)[C@H](S)C(=O)N[C@@H](Cc1cccc2ccccc12)C(=O)O,Ki,1800.0,nM,5.75
ACE,CHEMBL1808,CHEMBL253224,CC[C@@H](C)[C@H](S)C(=O)N[C@@H](Cc1ccc(O)cc1)C(=O)O,Ki,410.0,nM,6.39
ACE,CHEMBL1808,CHEMBL400526,CC[C@@H](C)[C@H](S)C(=O)N[C@@H](Cc1ccccc1)C(=O)O,Ki,570.0,nM,6.24
ACE,CHEMBL1808,CHEMBL254900,CC[C@@H](C)[C@H](S)C(=O)N[C@@H](C)C(=O)O,Ki,180.0,nM,6.75
ACE,CHEMBL1808,CHEMBL401086,CC[C@@H](C)[C@H](S)C(=O)NCC(=O)O,Ki,250.0,nM,6.60
ACE,CHEMBL1808,CHEMBL350414,O=C(O)[C@H](Cc1ccc(-c2ccccc2)cc1)NC(=O)[C@@H](S)Cc1ccccc1,Ki,30.0,nM,7.52
ACE,CHEMBL1808,CHEMBL402987,O=C(O)[C@H](Cc1ccc(-c2ccccc2)cc1)NC(=O)[C@@H](S)CCc1ccccc1,Ki,93.0,nM,7.03
ACE,CHEMBL1808,CHEMBL272925,O=C(O)[C@H](Cc1ccc(-c2ccccc2)cc1)NC(=O)[C@@H](S)Cc1ccc2ccccc2c1,Ki,210.0,nM,6.68
ACE,CHEMBL1808,CHEMBL271224,O=C(O)[C@H](Cc1ccc(-c2ccccc2)cc1)NC(=O)[C@@H](S)CC1CCCCC1,Ki,840.0,nM,6.08
ACE,CHEMBL1808,CHEMBL271223,CC(C)(C)C[C@H](S)C(=O)N[C@@H](Cc1ccc(-c2ccccc2)cc1)C(=O)O,Ki,2700.0,nM,5.57
ACE,CHEMBL1808,CHEMBL271225,CC(C)C[C@H](S)C(=O)N[C@@H](Cc1ccc(-c2ccccc2)cc1)C(=O)O,Ki,3.2,nM,8.49
ACE,CHEMBL1808,CHEMBL437595,O=C(O)[C@H](Cc1ccc(-c2ccccc2)cc1)NC(=O)[C@@H](S)c1ccccc1,Ki,10000.0,nM,
ACE,CHEMBL1808,CHEMBL257026,O=C(O)[C@H](Cc1ccc(-c2ccccc2)cc1)NC(=O)[C@@H](S)C1CCCCC1,Ki,13000.0,nM,4.89
ACE,CHEMBL1808,CHEMBL404117,O=C(O)[C@H](Cc1ccc(-c2ccccc2)cc1)NC(=O)[C@@H](S)C1CCCC1,Ki,700.0,nM,6.16
ACE,CHEMBL1808,CHEMBL257229,O=C(O)[C@H](Cc1ccc(-c2ccccc2)cc1)NC(=O)[C@@H](S)C1CCC1,Ki,620.0,nM,6.21
ACE,CHEMBL1808,CHEMBL269996,CC[C@H](C)[C@H](S)C(=O)N[C@@H](Cc1ccc(-c2ccccc2)cc1)C(=O)O,Ki,200.0,nM,6.70
ACE,CHEMBL1808,CHEMBL269997,CC(C)[C@H](S)C(=O)N[C@@H](Cc1ccc(-c2ccccc2)cc1)C(=O)O,Ki,200.0,nM,6.70
ACE,CHEMBL1808,CHEMBL257270,CCCC[C@H](S)C(=O)N[C@@H](Cc1ccc(-c2ccccc2)cc1)C(=O)O,Ki,9.3,nM,8.03
ACE,CHEMBL1808,CHEMBL257726,CC[C@H](S)C(=O)N[C@@H](Cc1ccc(-c2ccccc2)cc1)C(=O)O,Ki,8.6,nM,8.07
ACE,CHEMBL1808,CHEMBL404044,CC(C)(S)C(=O)N[C@@H](Cc1ccc(-c2ccccc2)cc1)C(=O)O,Ki,3400.0,nM,5.47
ACE,CHEMBL1808,CHEMBL257727,C[C@H](S)C(=O)N[C@@H](Cc1ccc(-c2ccccc2)cc1)C(=O)O,Ki,21.0,nM,7.68
ACE,CHEMBL1808,CHEMBL258333,O=C(CS)N[C@@H](Cc1ccc(-c2ccccc2)cc1)C(=O)O,Ki,16.0,nM,7.80
ACE,CHEMBL1808,CHEMBL163454,O=C(N[C@@H](Cc1ccc(-c2ccccc2)cc1)C(=O)O)[C@H](S)Cc1ccccc1,Ki,520.0,nM,6.28
ACE,CHEMBL1808,CHEMBL450935,CC(C)CN(C[C@H](O)C(=O)O)C(=O)N[C@@H](Cc1ccc2ccccc2c1)C(=O)O,IC50,52.0,nM,7.28
ACE,CHEMBL1808,CHEMBL442455,CC(C)CN(CP(=O)(O)O)C(=O)N[C@@H](Cc1ccc2ccccc2c1)C(=O)O,IC50,29.0,nM,7.54
ACE,CHEMBL1808,CHEMBL271718,O=C(O)[C@H](Cc1ccc2ccccc2c1)NC(=O)N(CCN1C(=O)c2cccc3cccc(c23)C1=O)C[C@H](O)C(=O)O,IC50,1980.0,nM,5.70
ACE,CHEMBL1808,CHEMBL256895,O=C(O)[C@H](Cc1ccc2ccccc2c1)NC(=O)N(Cc1ccc2c(c1)Cc1ccccc1-2)C[C@H](O)C(=O)O,IC50,150.0,nM,6.82
ACE,CHEMBL1808,CHEMBL273140,O=C1c2ccccc2C(=O)c2cc(CN(C[C@H](O)C(=O)O)C(=O)N[C@@H](Cc3ccc4ccccc4c3)C(=O)O)ccc21,IC50,40.0,nM,7.40
ACE,CHEMBL1808,CHEMBL258130,O=C1c2ccccc2-c2ccc(CN(C[C@H](O)C(=O)O)C(=O)N[C@@H](Cc3ccc4ccccc4c3)C(=O)O)cc21,IC50,39.0,nM,7.41
ACE,CHEMBL1808,CHEMBL273142,CC(C)(C)CN(C[C@H](O)C(=O)O)C(=O)N[C@@H](Cc1ccc2ccccc2c1)C(=O)O,IC50,191.0,nM,6.72
ACE,CHEMBL1808,CHEMBL258278,CC(C)CN(C[C@H](O)C(=O)O)C(=O)N[C@@H](Cc1ccc(O)c(O)c1)C(=O)O,IC50,23.0,nM,7.64
ACE,CHEMBL1808,CHEMBL270576,CC(C)CN(C[C@H](O)C(=O)O)C(=O)N[C@@H](Cc1ccc(O)cc1)C(=O)O,IC50,60.0,nM,7.22
ACE,CHEMBL1808,CHEMBL409720,CC(C)CN(C[C@H](O)C(=O)O)C(=O)N[C@@H](Cc1ccc(-c2ccccc2)cc1)C(=O)O,IC50,35.0,nM,7.46
ACE,CHEMBL1808,CHEMBL409920,CC(C)CN(C[C@H](O)C(=O)O)C(=O)N[C@@H](Cc1cccc2ccccc12)C(=O)O,IC50,110.0,nM,6.96
ACE,CHEMBL1808,CHEMBL255568,CC(C)CN(C[C@H](O)C(=O)O)C(=O)N[C@@H](Cc1c[nH]c2ccccc12)C(=O)O,IC50,103.0,nM,6.99
ACE,CHEMBL1808,CHEMBL6246,O=c1oc2c(O)c(O)cc3c(=O)oc4c(O)c(O)cc1c4c23,IC50,5000000.0,nM,
ACE,CHEMBL1808,CHEMBL1560,C[C@H](CS)C(=O)N1CCC[C@H]1C(=O)O,IC50,5.0,nM,8.30
ACE,CHEMBL1808,CHEMBL449392,O=C(O[C@@H]1O[C@@H]2COC(=O)c3cc(O)c(O)c(O)c3-c3c(cc(O)c(O)c3O)C(=O)O[C@H]([C@H]1O)[C@@H]2O)c1cc(O)c(O)c(O)c1,IC50,3700000.0,nM,
ACE,CHEMBL1808,CHEMBL288114,O=C(O)c1cc(O)c(O)c(O)c1,IC50,7700000.0,nM,
ACE,CHEMBL1808,CHEMBL506069,O=C1O[C@H]2[C@@H]3OC(=O)c4cc(O)c(O)c(O)c4-c4c(cc(O)c(O)c4O)C(=O)OC[C@H]2O[C@@H](OC(=O)c2cc(O)c(O)c(O)c2)[C@@H]3OC(=O)c2cc(O)c(O)c3c2[C@@H]2C1=CC(=O)[C@](O)(O3)C2(O)O,IC50,400000.0,nM,
ACE,CHEMBL1808,CHEMBL499305,CC(C)c1ccc(CS[C@@H]2CC[C@@H](C(=O)O)N2C(=O)[C@H](C)CS)cc1,IC50,3.3,nM,8.48
ACE,CHEMBL1808,CHEMBL502817,C[C@H](CS)C(=O)N1[C@@H](SCc2ccc(C3CCCCC3)cc2)CC[C@H]1C(=O)O,IC50,280.0,nM,6.55
ACE,CHEMBL1808,CHEMBL500409,C[C@H](CS)C(=O)N1[C@@H](SCc2ccc(C(C)(C)C)cc2)CC[C@H]1C(=O)O,IC50,410.0,nM,6.39
ACE,CHEMBL1808,CHEMBL525967,CSc1ccc(CS[C@H]2CC[C@@H](C(=O)O)N2C(=O)[C@H](C)CS)cc1,IC50,4.1,nM,8.39
ACE,CHEMBL1808,CHEMBL500408,Cc1ccccc1CS[C@H]1CC[C@@H](C(=O)O)N1C(=O)[C@H](C)CS,IC50,2.3,nM,8.64
ACE,CHEMBL1808,CHEMBL499612,Cc1cccc(CS[C@H]2CC[C@@H](C(=O)O)N2C(=O)[C@H](C)CS)c1,IC50,0.9,nM,9.05
ACE,CHEMBL1808,CHEMBL499611,CC(C)c1ccc(CCCS[C@H]2CC[C@@H](C(=O)O)N2C(=O)[C@H](C)CS)cc1,IC50,15.0,nM,7.82
ACE,CHEMBL1808,CHEMBL525948,CC(C)c1ccc(CCS[C@H]2CC[C@@H](C(=O)O)N2C(=O)[C@H](C)CS)cc1,IC50,19.0,nM,7.72
ACE,CHEMBL1808,CHEMBL449792,CC(C)c1ccc(CS[C@H]2CC[C@@H](C(=O)O)N2C(=O)[C@H](C)CS)cc1,IC50,8.4,nM,8.08
ACE,CHEMBL1808,CHEMBL499610,C[C@H](CS)C(=O)N1[C@@H](SCc2ccc3ccccc3c2)CC[C@H]1C(=O)O,IC50,4.2,nM,8.38
ACE,CHEMBL1808,CHEMBL526896,C[C@H](CS)C(=O)N1[C@@H](SCc2cccc3ccccc23)CC[C@H]1C(=O)O,IC50,3.2,nM,8.49
ACE,CHEMBL1808,CHEMBL443353,C[C@H](CS)C(=O)N1[C@@H](SCCCc2ccccc2)CC[C@H]1C(=O)O,IC50,0.029,nM,10.54
ACE,CHEMBL1808,CHEMBL526298,C[C@H](CS)C(=O)N1[C@@H](SCCc2ccccc2)CC[C@H]1C(=O)O,IC50,0.18,nM,9.74
ACE,CHEMBL1808,CHEMBL498798,C[C@H](CS)C(=O)N1[C@@H](SCc2ccccc2)CC[C@H]1C(=O)O,IC50,2.4,nM,8.62
ACE,CHEMBL1808,CHEMBL507420,NC(=O)[C@H](CCC(=O)O)NC(=O)[C@H](CCC(=O)O)NC(=O)[C@H](Cc1cc(-c2ccc(-c3cccc(Cl)c3)cc2)no1)CP(=O)(O)c1ccc(Br)cc1,Ki,100000.0,nM,
ACE,CHEMBL1808,CHEMBL477740,O=c1c2cc(O)c(O)cc2oc2c(O)c(O)ccc12,IC50,35400.0,nM,4.45
ACE,CHEMBL1808,CHEMBL12700,O=c1c2cc(O)c(O)cc2oc2cc(O)c(O)cc12,IC50,769000.0,nM,
ACE,CHEMBL1808,CHEMBL187265,O=c1c2cc(O)c(O)cc2oc2cc(O)cc(O)c12,IC50,530800.0,nM,
ACE,CHEMBL1808,CHEMBL477921,O=c1c2ccc(O)c(O)c2oc2c(O)c(O)ccc12,IC50,238500.0,nM,
ACE,CHEMBL1808,CHEMBL448040,O=c1c2ccc(O)c(O)c2oc2cc(O)cc(O)c12,IC50,69200.0,nM,4.16
ACE,CHEMBL1808,CHEMBL477740,O=c1c2cc(O)c(O)cc2oc2c(O)c(O)ccc12,Ki,14200.0,nM,4.85
ACE,CHEMBL1808,CHEMBL187265,O=c1c2cc(O)c(O)cc2oc2cc(O)cc(O)c12,Ki,250200.0,nM,
ACE,CHEMBL1808,CHEMBL477921,O=c1c2ccc(O)c(O)c2oc2c(O)c(O)ccc12,Ki,126000.0,nM,
ACE,CHEMBL1808,CHEMBL448040,O=c1c2ccc(O)c(O)c2oc2cc(O)cc(O)c12,Ki,34200.0,nM,4.47
ACE,CHEMBL1808,CHEMBL513281,O=C1C2=C(CCCC2)S(=O)(=O)N1c1cccc(Cl)n1,IC50,100000.0,nM,
ACE,CHEMBL1808,CHEMBL518500,O=C1c2ccccc2S(=O)(=O)N1c1c(F)c(F)nc(F)c1F,IC50,100000.0,nM,
ACE,CHEMBL1808,CHEMBL512569,O=C1C2=C(CCCC2)S(=O)(=O)N1c1ccncc1.[O-][Cl+3]([O-])([O-])O,IC50,100000.0,nM,
ACE,CHEMBL1808,CHEMBL503392,O=C1C2=C(CCCC2)S(=O)(=O)N1c1c(F)c(F)c(F)c(F)c1F,IC50,100000.0,nM,
ACE,CHEMBL1808,CHEMBL461946,CC1=C(c2ccccc2)C(=O)N(c2c(F)c(F)nc(F)c2F)S1(=O)=O,IC50,100000.0,nM,
ACE,CHEMBL1808,CHEMBL512758,CC1=C(C)S(=O)(=O)N(c2c(F)c(F)nc(F)c2F)C1=O,IC50,100000.0,nM,
ACE,CHEMBL1808,CHEMBL461945,O=C1C2=C(CCCC2)S(=O)(=O)N1c1c(F)c(F)nc(F)c1F,IC50,100000.0,nM,
ACE,CHEMBL1808,CHEMBL459684,O=C1C2=C(CCCC2)S(=O)(=O)N1c1ncc(F)cc1F,IC50,100000.0,nM,
ACE,CHEMBL1808,CHEMBL459683,O=C1C2=C(CCCC2)S(=O)(=O)N1c1cccc(Br)n1,IC50,100000.0,nM,
ACE,CHEMBL1808,CHEMBL1560,C[C@H](CS)C(=O)N1CCC[C@H]1C(=O)O,IC50,0.63,nM,9.20
ACE,CHEMBL1808,CHEMBL457317,C[C@H](CS)C(=O)N[C@@H](CSCc1ccc(N(C)C)cc1)C(=O)O,IC50,520.0,nM,6.28
ACE,CHEMBL1808,CHEMBL451209,C[C@H](CS)C(=O)N[C@@H](CSCc1ccccc1)C(=O)O,IC50,34.0,nM,7.47
ACE,CHEMBL1808,CHEMBL467755,C[C@H](CS)C(=O)N[C@@H](CSCc1ccc(F)cc1)C(=O)O,IC50,100.0,nM,7.00
ACE,CHEMBL1808,CHEMBL444474,C[C@H](CS)C(=O)N[C@@H](CSCc1ccc(Cl)cc1)C(=O)O,IC50,250.0,nM,6.60
ACE,CHEMBL1808,CHEMBL513671,C[C@H](CS)C(=O)N[C@@H](CSCc1ccc(Br)cc1)C(=O)O,IC50,280.0,nM,6.55
ACE,CHEMBL1808,CHEMBL459959,C[C@H](CS)C(=O)N[C@@H](CSCc1ccc(I)cc1)C(=O)O,IC50,140.0,nM,6.85
ACE,CHEMBL1808,CHEMBL459960,Cc1ccc(CSC[C@H](NC(=O)[C@H](C)CS)C(=O)O)cc1,IC50,240.0,nM,6.62
ACE,CHEMBL1808,CHEMBL459961,C[C@H](CS)C(=O)N[C@@H](CSCc1ccc(C(F)(F)F)cc1)C(=O)O,IC50,340.0,nM,6.47
ACE,CHEMBL1808,CHEMBL511184,CCc1ccc(CSC[C@H](NC(=O)[C@H](C)CS)C(=O)O)cc1,IC50,21.0,nM,7.68
ACE,CHEMBL1808,CHEMBL461021,CCCc1ccc(CSC[C@H](NC(=O)[C@H](C)CS)C(=O)O)cc1,IC50,210.0,nM,6.68
ACE,CHEMBL1808,CHEMBL461022,CC(C)c1ccc(CSC[C@H](NC(=O)[C@H](C)CS)C(=O)O)cc1,IC50,300.0,nM,6.52
ACE,CHEMBL1808,CHEMBL463320,C[C@H](CS)C(=O)N[C@@H](CSCc1ccc(C(C)(C)C)cc1)C(=O)O,IC50,130.0,nM,6.89
ACE,CHEMBL1808,CHEMBL463520,C[C@H](CS)C(=O)N[C@@H](CSCc1ccc(-c2ccccc2)cc1)C(=O)O,IC50,280.0,nM,6.55
ACE,CHEMBL1808,CHEMBL512941,C[C@H](CS)C(=O)N[C@@H](CSCc1ccc(C2CCCCC2)cc1)C(=O)O,IC50,4000.0,nM,5.40
ACE,CHEMBL1808,CHEMBL511344,COc1ccc(CSC[C@H](NC(=O)[C@H](C)CS)C(=O)O)cc1,IC50,100.0,nM,7.00
ACE,CHEMBL1808,CHEMBL515834,C[C@H](CS)C(=O)N[C@@H](CSCc1ccc(OC(F)(F)F)cc1)C(=O)O,IC50,260.0,nM,6.58
ACE,CHEMBL1808,CHEMBL457571,CCOc1ccc(CSC[C@H](NC(=O)[C@H](C)CS)C(=O)O)cc1,IC50,340.0,nM,6.47
ACE,CHEMBL1808,CHEMBL514268,C[C@H](CS)C(=O)N[C@@H](CSCc1ccc(Oc2ccccc2)cc1)C(=O)O,IC50,370.0,nM,6.43
ACE,CHEMBL1808,CHEMBL457795,CCN(CC)c1ccc(CSC[C@H](NC(=O)[C@H](C)CS)C(=O)O)cc1,IC50,4600.0,nM,5.34
ACE,CHEMBL1808,CHEMBL457796,C[C@H](CS)C(=O)N[C@@H](CSCc1ccc(C#N)cc1)C(=O)O,IC50,300.0,nM,6.52
ACE,CHEMBL1808,CHEMBL456278,C[C@H](CS)C(=O)N[C@@H](CSCc1ccc([N+](=O)[O-])cc1)C(=O)O,IC50,320.0,nM,6.50
ACE,CHEMBL1808,CHEMBL511849,CSc1ccc(CSC[C@H](NC(=O)[C@H](C)CS)C(=O)O)cc1,IC50,300.0,nM,6.52
ACE,CHEMBL1808,CHEMBL458237,C[C@H](CS)C(=O)N[C@@H](CSCc1ccc(S(C)(=O)=O)cc1)C(=O)O,IC50,300.0,nM,6.52
ACE,CHEMBL1808,CHEMBL511339,CC(C)c1ccc(CSC(C)(C)[C@H](NC(=O)[C@H](C)CS)C(=O)O)cc1,IC50,10000.0,nM,
ACE,CHEMBL1808,CHEMBL458238,CC(C)c1ccc(C(C)SC[C@H](NC(=O)[C@H](C)CS)C(=O)O)cc1,IC50,200.0,nM,6.70
ACE,CHEMBL1808,CHEMBL458447,CCC(SC[C@H](NC(=O)[C@H](C)CS)C(=O)O)c1ccc(C(C)C)cc1,IC50,340.0,nM,6.47
ACE,CHEMBL1808,CHEMBL458450,CCCC(SC[C@H](NC(=O)[C@H](C)CS)C(=O)O)c1ccc(C(C)C)cc1,IC50,420.0,nM,6.38
ACE,CHEMBL1808,CHEMBL458451,CC(C)c1ccc(C(SC[C@H](NC(=O)[C@H](C)CS)C(=O)O)C(C)C)cc1,IC50,430.0,nM,6.37
ACE,CHEMBL1808,CHEMBL505067,CCCCC(SC[C@H](NC(=O)[C@H](C)CS)C(=O)O)c1ccc(C(C)C)cc1,IC50,3600.0,nM,5.44
ACE,CHEMBL1808,CHEMBL516325,CC(C)c1ccc(C(SC[C@H](NC(=O)[C@H](C)CS)C(=O)O)c2ccccc2)cc1,IC50,1700.0,nM,5.77
ACE,CHEMBL1808,CHEMBL456723,CC(C)c1ccc(C(C)(C)SC[C@H](NC(=O)[C@H](C)CS)C(=O)O)cc1,IC50,260.0,nM,6.58
ACE,CHEMBL1808,CHEMBL456044,C[C@H](CS)C(=O)N[C@@H](CSC(c1ccccc1)c1ccc(C2CCCCC2)cc1)C(=O)O,IC50,10000.0,nM,
ACE,CHEMBL1808,CHEMBL456045,C[C@H](CS)C(=O)N[C@@H](CSC(C)(C)c1ccc(C2CCCCC2)cc1)C(=O)O,IC50,3000.0,nM,5.52
ACE,CHEMBL1808,CHEMBL173287,CC(C)CC(S)CC(=O)NC(Cc1ccccc1)C(=O)O,IC50,10000.0,nM,
ACE,CHEMBL1808,CHEMBL560685,O=C(CC(S)C(F)(F)F)NC(Cc1ccccc1)C(=O)O,IC50,830.0,nM,6.08
ACE,CHEMBL1808,CHEMBL540674,O=C(CC(S)C(F)(F)F)NC(Cc1ccc(O)cc1)C(=O)O,IC50,160.0,nM,6.80
ACE,CHEMBL1808,CHEMBL551145,O=C(CC(S)C(F)(F)F)NC(Cc1ccc(F)cc1)C(=O)O,IC50,300.0,nM,6.52
ACE,CHEMBL1808,CHEMBL551622,O=C(CC(S)C(F)(F)F)NC(Cc1c[nH]c2ccccc12)C(=O)O,IC50,400.0,nM,6.40
ACE,CHEMBL1808,CHEMBL558146,O=C(CC(S)C(F)(F)C(F)(F)F)NC(Cc1ccccc1)C(=O)O,IC50,1010.0,nM,6.00
ACE,CHEMBL1808,CHEMBL560409,O=C(CC(S)C(F)(F)F)NC(Cc1ccccc1)C(=O)NC(Cc1ccc(O)cc1)C(=O)O,IC50,280.0,nM,6.55
ACE,CHEMBL1808,CHEMBL1560,C[C@H](CS)C(=O)N1CCC[C@H]1C(=O)O,IC50,0.12,nM,9.92
ACE,CHEMBL1808,CHEMBL572982,O=C(O)CC(O)CCc1ccc(-c2ccccc2)cc1,IC50,250000.0,nM,
ACE,CHEMBL1808,CHEMBL570732,O=C(N[C@@H](Cc1ccccc1)P(=O)(O)C[C@@H](Cc1cc(-c2ccccc2)no1)C(=O)N[C@@H](Cc1ccc(O)cc1)C(=O)O)OCc1ccccc1,Ki,0.41,nM,9.39
ACE,CHEMBL1808,CHEMBL570953,O=C(N[C@@H](Cc1ccccc1)P(=O)(O)C[C@H](Cc1cc(-c2ccccc2)no1)C(=O)N[C@@H](Cc1ccc(O)cc1)C(=O)O)OCc1ccccc1,Ki,0.65,nM,9.19
ACE,CHEMBL1808,CHEMBL570718,O=C(N[C@@H](Cc1ccccc1)P(=O)(O)C[C@@H](Cc1cc(-c2ccccc2)no1)C(=O)N[C@@H](Cc1ccccc1)C(=O)O)OCc1ccccc1,Ki,0.4,nM,9.40
ACE,CHEMBL1808,CHEMBL577753,O=C(N[C@@H](Cc1ccccc1)P(=O)(O)C[C@@H](Cc1cc(-c2ccccc2)no1)C(=O)N[C@@H](Cc1c[nH]c2ccccc12)C(=O)O)OCc1ccccc1,Ki,1.4,nM,8.85
ACE,CHEMBL1808,CHEMBL570811,C[C@H](NC(=O)C(CC1CC(c2ccccc2)=NO1)CP(=O)(O)[C@H](Cc1ccccc1)NC(=O)OCc1ccccc1)C(=O)O,Ki,5.0,nM,8.30
ACE,CHEMBL1808,CHEMBL570740,O=C(N[C@@H](Cc1ccccc1)P(=O)(O)CC(Cc1ccc(-c2ccccc2)cc1)C(=O)N[C@@H](Cc1c[nH]c2ccccc12)C(=O)O)OCc1ccccc1,Ki,12.0,nM,7.92
ACE,CHEMBL1808,CHEMBL567628,O=C(N[C@@H](Cc1ccccc1)P(=O)(O)C[C@H](Cc1cc(-c2ccccc2)no1)C(=O)N[C@@H](Cc1ccccc1)C(=O)O)OCc1ccccc1,Ki,3.8,nM,8.42
ACE,CHEMBL1808,CHEMBL570842,O=C(N[C@@H](Cc1ccccc1)P(=O)(O)CC(CC1CC(c2ccccc2)=NO1)C(=O)N[C@@H](Cc1c[nH]c2ccccc12)C(=O)O)OCc1ccccc1,Ki,13.0,nM,7.89
ACE,CHEMBL1808,CHEMBL570843,O=C(N[C@@H](Cc1ccccc1)P(=O)(O)CC(Cc1cc(-c2ccccc2)no1)C(=O)N[C@@H](Cc1c[nH]c2ccccc12)C(=O)O)OCc1ccccc1,Ki,16.0,nM,7.80
ACE,CHEMBL1808,CHEMBL570704,O=C(N[C@@H](Cc1ccccc1)P(=O)(O)CC(CC1CC(c2ccc(C(F)(F)F)cc2)=NO1)C(=O)N[C@@H](Cc1c[nH]c2ccccc12)C(=O)O)OCc1ccccc1,Ki,20.0,nM,7.70
ACE,CHEMBL1808,CHEMBL577754,O=C(N[C@@H](Cc1ccccc1)P(=O)(O)C[C@H](Cc1cc(-c2ccccc2)no1)C(=O)N[C@@H](Cc1c[nH]c2ccccc12)C(=O)O)OCc1ccccc1,Ki,3.6,nM,8.44
ACE,CHEMBL1808,CHEMBL570722,O=C(N[C@@H](Cc1ccccc1)P(=O)(O)CC(CC1CC(c2ccc(-c3ccccc3)cc2)=NO1)C(=O)N[C@@H](Cc1c[nH]c2ccccc12)C(=O)O)OCc1ccccc1,Ki,25.0,nM,7.60
ACE,CHEMBL1808,CHEMBL570953,O=C(N[C@@H](Cc1ccccc1)P(=O)(O)C[C@H](Cc1cc(-c2ccccc2)no1)C(=O)N[C@@H](Cc1ccc(O)cc1)C(=O)O)OCc1ccccc1,Ki,0.68,nM,9.17
ACE,CHEMBL1808,CHEMBL43370,CS(=O)(=O)N[C@@H](CCCCN)C(=O)N[C@@H](Cc1ccccc1)P(=O)(O)CC1(C(=O)N[C@@H](Cc2c[nH]c3ccccc23)C(=O)O)CCCC1,IC50,2.5,nM,8.60
ACE,CHEMBL1808,CHEMBL571716,O=C(N[C@@H](Cc1ccccc1)P(=O)(O)[C@@H]1CCC[C@H]1C(=O)N[C@@H](Cc1c[nH]c2ccccc12)C(=O)O)OCc1ccccc1,Ki,3.0,nM,8.52
ACE,CHEMBL1808,CHEMBL570953,O=C(N[C@@H](Cc1ccccc1)P(=O)(O)C[C@H](Cc1cc(-c2ccccc2)no1)C(=O)N[C@@H](Cc1ccc(O)cc1)C(=O)O)OCc1ccccc1,Ki,4.0,nM,8.40
ACE,CHEMBL1808,CHEMBL289556,O=C(N[C@H]1CCS[C@H]2CCC[C@@H](C(=O)O)N2C1=O)[C@@H](S)Cc1ccccc1,Ki,6.0,nM,8.22
ACE,CHEMBL1808,CHEMBL570953,O=C(N[C@@H](Cc1ccccc1)P(=O)(O)C[C@H](Cc1cc(-c2ccccc2)no1)C(=O)N[C@@H](Cc1ccc(O)cc1)C(=O)O)OCc1ccccc1,Ki,8.0,nM,8.10
ACE,CHEMBL1808,CHEMBL570953,O=C(N[C@@H](Cc1ccccc1)P(=O)(O)C[C@H](Cc1cc(-c2ccccc2)no1)C(=O)N[C@@H](Cc1ccc(O)cc1)C(=O)O)OCc1ccccc1,Ki,20.0,nM,7.70
ACE,CHEMBL1808,CHEMBL567628,O=C(N[C@@H](Cc1ccccc1)P(=O)(O)C[C@H](Cc1cc(-c2ccccc2)no1)C(=O)N[C@@H](Cc1ccccc1)C(=O)O)OCc1ccccc1,Ki,32.0,nM,7.50
ACE,CHEMBL1808,CHEMBL577754,O=C(N[C@@H](Cc1ccccc1)P(=O)(O)C[C@H](Cc1cc(-c2ccccc2)no1)C(=O)N[C@@H](Cc1c[nH]c2ccccc12)C(=O)O)OCc1ccccc1,Ki,36.0,nM,7.44
ACE,CHEMBL1808,CHEMBL567628,O=C(N[C@@H](Cc1ccccc1)P(=O)(O)C[C@H](Cc1cc(-c2ccccc2)no1)C(=O)N[C@@H](Cc1ccccc1)C(=O)O)OCc1ccccc1,Ki,110.0,nM,6.96
ACE,CHEMBL1808,CHEMBL567628,O=C(N[C@@H](Cc1ccccc1)P(=O)(O)C[C@H](Cc1cc(-c2ccccc2)no1)C(=O)N[C@@H](Cc1ccccc1)C(=O)O)OCc1ccccc1,Ki,340.0,nM,6.47
ACE,CHEMBL1808,CHEMBL577754,O=C(N[C@@H](Cc1ccccc1)P(=O)(O)C[C@H](Cc1cc(-c2ccccc2)no1)C(=O)N[C@@H](Cc1c[nH]c2ccccc12)C(=O)O)OCc1ccccc1,Ki,500.0,nM,6.30
ACE,CHEMBL1808,CHEMBL577754,O=C(N[C@@H](Cc1ccccc1)P(=O)(O)C[C@H](Cc1cc(-c2ccccc2)no1)C(=O)N[C@@H](Cc1c[nH]c2ccccc12)C(=O)O)OCc1ccccc1,Ki,1510.0,nM,5.82
ACE,CHEMBL1808,CHEMBL577754,O=C(N[C@@H](Cc1ccccc1)P(=O)(O)C[C@H](Cc1cc(-c2ccccc2)no1)C(=O)N[C@@H](Cc1c[nH]c2ccccc12)C(=O)O)OCc1ccccc1,Ki,1520.0,nM,5.82
ACE,CHEMBL1808,CHEMBL571716,O=C(N[C@@H](Cc1ccccc1)P(=O)(O)[C@@H]1CCC[C@H]1C(=O)N[C@@H](Cc1c[nH]c2ccccc12)C(=O)O)OCc1ccccc1,Ki,2500.0,nM,5.60
ACE,CHEMBL1808,CHEMBL567893,COC(=O)[C@@H]1CCCN1C(=O)[C@@H](Cc1ccccc1)N(C)C(=O)[C@H](C)NC(=O)[C@@H](NC(=O)C[C@H](O)[C@H](CC(C)C)NC(=O)[C@H](CC(N)=O)NC(=O)[C@H](CC(C)C)NC(=O)[C@H](OC(=O)[C@@H](OC(=O)[C@H](C(C)C)N(C)C)C(C)C)C(C)C)[C@@H](C)O,IC50,10000.0,nM,5.00
ACE,CHEMBL1808,CHEMBL1242210,CN1CCN(c2cccc3nc(CN(C)[C@H]4CCCc5cccnc54)c(CO)n23)CC1,IC50,193.0,nM,6.71
ACE,CHEMBL1808,CHEMBL1235767,CC(=O)N[C@@H](CC(=O)O)C(=O)N[C@@H](Cc1ccccc1)P(=O)(O)C[C@@H](C)C(=O)N[C@@H](C)C(N)=O,Ki,7500.0,nM,5.12
ACE,CHEMBL1808,CHEMBL2153740,O=C(N[C@@H](Cc1ccccc1)P(=O)(O)C1CCC[C@H]1C(=O)N[C@@H](Cc1c[nH]c2ccccc12)C(=O)O)OCc1ccccc1,Ki,3.0,nM,8.52
ACE,CHEMBL1808,CHEMBL1235767,CC(=O)N[C@@H](CC(=O)O)C(=O)N[C@@H](Cc1ccccc1)P(=O)(O)C[C@@H](C)C(=O)N[C@@H](C)C(N)=O,Ki,7.0,nM,8.15
ACE,CHEMBL1808,CHEMBL2153740,O=C(N[C@@H](Cc1ccccc1)P(=O)(O)C1CCC[C@H]1C(=O)N[C@@H](Cc1c[nH]c2ccccc12)C(=O)O)OCc1ccccc1,Ki,10000.0,nM,5.00
ACE,CHEMBL1808,CHEMBL570953,O=C(N[C@@H](Cc1ccccc1)P(=O)(O)C[C@H](Cc1cc(-c2ccccc2)no1)C(=O)N[C@@H](Cc1ccc(O)cc1)C(=O)O)OCc1ccccc1,Ki,150.0,nM,6.82
ACE,CHEMBL1808,CHEMBL581,O=C(O)[C@@H]1C[C@@H](C2CCCCC2)CN1C(=O)CP(=O)(O)CCCCc1ccccc1,Ki,1.5,nM,8.82
ACE,CHEMBL1808,CHEMBL2153745,O=C(N[C@@H](CCc1ccccc1)CP(=O)(O)CC(=O)N1CCC[C@H]1C(=O)O)c1ccccc1,IC50,12.0,nM,7.92
ACE,CHEMBL1808,CHEMBL2097001,C[C@H](C[Si](O)(O)[C@H](Cc1ccccc1)NC(=O)c1ccccc1)C(=O)N1CCC[C@H]1C(=O)O,IC50,3.8,nM,8.42
ACE,CHEMBL1808,CHEMBL148840,O=C1N[C@H](C(=O)O)CCCCCc2cccc(c2)C[C@H]1CS,IC50,4.0,nM,8.40
ACE,CHEMBL1808,CHEMBL357311,O=C1N[C@H](C(=O)O)CCCCCc2ccccc2C[C@H]1CS,IC50,8000.0,nM,5.10
ACE,CHEMBL1808,CHEMBL328537,C[C@@H](CC(=O)[C@@H](Cc1ccccc1)NC(=O)c1ccccc1)C(=O)N1CCC[C@H]1C(=O)O,IC50,3200.0,nM,5.50
ACE,CHEMBL1808,CHEMBL328814,C[C@@H](C[Si](O)(O)[C@@H](Cc1ccccc1)NC(=O)c1ccccc1)C(=O)N1CCC[C@H]1C(=O)O,IC50,72.0,nM,7.14
ACE,CHEMBL1808,CHEMBL95564,C[C@H](CC(=O)[C@H](Cc1ccccc1)NC(=O)c1ccccc1)C(=O)N1CCC[C@H]1C(=O)O,IC50,1.0,nM,9.00
ACE,CHEMBL1808,CHEMBL1560,C[C@H](CS)C(=O)N1CCC[C@H]1C(=O)O,IC50,21.0,nM,7.68
