molecule_chembl_id,chembl_target_id,pchembl_value,interaction_label,canonical_smiles,gene,TARGET_ACE,TARGET_ACHE,TARGET_ADAM10,TARGET_APOE,TARGET_APP,TARGET_BCHE,TARGET_CDK5,TARGET_CDK5R1,TARGET_GRIN2A,TARGET_GRIN2B,TARGET_GRIN2C,TARGET_GRIN2D,TARGET_GRIN3B,TARGET_PSEN1,TARGET_PSEN2,TARGET_SLC6A3
CHEMBL100063,CHEMBL1808,8.62,1,CCCCCCCC[C@H](N[C@@H](CC)C(=O)N1C(=O)N(C)C[C@H]1C(=O)O)C(=O)O,ACE,1,0,0,0,0,0,0,0,0,0,0,0,0,0,0,0
CHEMBL100366,CHEMBL220,6.11,1,CN1CC[C@@]2(C)c3cc(OC(=O)Nc4ccccc4)ccc3N(C=O)C12,ACHE,0,1,0,0,0,0,0,0,0,0,0,0,0,0,0,0
CHEMBL100413,CHEMBL1808,8.77,1,C[C@H](N[C@@H](CCc1ccccc1)C(=O)O)C(=O)N1C(=O)N(Cc2ccccc2)C[C@H]1C(=O)O,ACE,1,0,0,0,0,0,0,0,0,0,0,0,0,0,0,0
CHEMBL100826,CHEMBL1808,8.64,1,CC[C@H](N[C@@H](CCc1ccccc1)C(=O)O)C(=O)N1C(=O)N(Cc2ccccc2)C[C@H]1C(=O)O,ACE,1,0,0,0,0,0,0,0,0,0,0,0,0,0,0,0
CHEMBL101250,CHEMBL238,6.41,1,Cc1ccc([C@H]2C[C@H]3CCC4C2[C@](C)(O)CN43)cc1,SLC6A3,0,0,0,0,0,0,0,0,0,0,0,0,0,0,0,1
CHEMBL101360,CHEMBL1808,8.8,1,CCCCCCCC[C@H](N[C@@H](C)C(=O)N1C(=O)N(C)C[C@H]1C(=O)O)C(=O)O,ACE,1,0,0,0,0,0,0,0,0,0,0,0,0,0,0,0
CHEMBL101409,CHEMBL1808,7.96,1,C[C@H](N[C@@H](Cc1ccccc1)C(=O)O)C(=O)N1C(=O)N(Cc2ccccc2)C[C@H]1C(=O)O,ACE,1,0,0,0,0,0,0,0,0,0,0,0,0,0,0,0
CHEMBL101469,CHEMBL1808,8.82,1,CCCCCCCC[C@H](N[C@@H](C)C(=O)N1C(=O)N(Cc2ccccc2)C[C@H]1C(=O)O)C(=O)O,ACE,1,0,0,0,0,0,0,0,0,0,0,0,0,0,0,0
CHEMBL101905,CHEMBL238,7.17,1,C=C1CN2C3CC[C@@H]2C[C@H](c2ccc(C)cc2)C13,SLC6A3,0,0,0,0,0,0,0,0,0,0,0,0,0,0,0,1
CHEMBL101986,CHEMBL238,6.17,1,COC(=O)c1ccccc1-c1ccc(Cl)cc1,SLC6A3,0,0,0,0,0,0,0,0,0,0,0,0,0,0,0,1
CHEMBL102018,CHEMBL238,6.27,1,Cc1ccc([C@H]2C[C@H]3CCC4C2C(=O)CN43)cc1,SLC6A3,0,0,0,0,0,0,0,0,0,0,0,0,0,0,0,1
CHEMBL102044,CHEMBL1808,5.0,0,C[C@H](N)C(=O)N1C(=O)N(C)C[C@H]1C(=O)O,ACE,1,0,0,0,0,0,0,0,0,0,0,0,0,0,0,0
CHEMBL102144,CHEMBL238,6.0,1,COC(=O)c1ccccc1-c1ccc(-c2ccc(Br)cc2)cc1,SLC6A3,0,0,0,0,0,0,0,0,0,0,0,0,0,0,0,1
CHEMBL10247,CHEMBL1808,6.5,1,O=C(O)CNC(=O)C(CS)Cc1ccccc1,ACE,1,0,0,0,0,0,0,0,0,0,0,0,0,0,0,0
CHEMBL103138,CHEMBL238,4.8,0,COC(=O)c1ccccc1-c1ccc(F)cc1,SLC6A3,0,0,0,0,0,0,0,0,0,0,0,0,0,0,0,1
CHEMBL103152,CHEMBL238,7.96,1,COC(=O)C1=C(c2ccc3ccccc3c2)CC2CCC1C2,SLC6A3,0,0,0,0,0,0,0,0,0,0,0,0,0,0,0,1
CHEMBL103504,CHEMBL238,6.43,1,CCC[C@@]1(O)CN2C3CC[C@@H]2C[C@H](c2ccc(C)cc2)C31,SLC6A3,0,0,0,0,0,0,0,0,0,0,0,0,0,0,0,1
CHEMBL103701,CHEMBL238,6.24,1,CCCC1C2C3CCN2[C@H](C3)C[C@@H]1c1ccc(C)cc1,SLC6A3,0,0,0,0,0,0,0,0,0,0,0,0,0,0,0,1
CHEMBL103919,CHEMBL238,7.38,1,COC(=O)[C@@H]1C2CCC(C2)CC1c1ccc(Cl)c(Cl)c1,SLC6A3,0,0,0,0,0,0,0,0,0,0,0,0,0,0,0,1
CHEMBL103936,CHEMBL238,6.84,1,COC(=O)c1ccccc1-c1ccc2ccccc2c1,SLC6A3,0,0,0,0,0,0,0,0,0,0,0,0,0,0,0,1
CHEMBL104334,CHEMBL1914,4.75,0,CN(C)Cc1ccc(CSCCNc2cc(Nc3ncccc3[N+](=O)[O-])c([N+](=O)[O-])cc2[N+](=O)[O-])o1,BCHE,0,0,0,0,0,1,0,0,0,0,0,0,0,0,0,0
CHEMBL10465,CHEMBL1808,8.0,1,O=C(NC(Cc1ccccc1)C(=O)CCC(=O)N1CCCC1C(=O)O)c1ccccc1,ACE,1,0,0,0,0,0,0,0,0,0,0,0,0,0,0,0
CHEMBL10521,CHEMBL1808,8.52,1,CC(CC(=O)C(Cc1ccccc1)NC(=O)C(CCCCN)NC(=O)C1CCC1)C(=O)N1CCCC1C(=O)O.O=C(O)C(F)(F)F,ACE,1,0,0,0,0,0,0,0,0,0,0,0,0,0,0,0
CHEMBL105890,CHEMBL1808,8.4,1,NCCCCC(NC(CCc1ccccc1)C(=O)O)C(=O)N1CCCC1C(=O)O,ACE,1,0,0,0,0,0,0,0,0,0,0,0,0,0,0,0
CHEMBL105971,CHEMBL1808,8.5,1,CC(NC(CCc1cccc2ccccc12)C(=O)O)C(=O)N1CCCC1C(=O)O,ACE,1,0,0,0,0,0,0,0,0,0,0,0,0,0,0,0
CHEMBL106126,CHEMBL220,4.77,0,Cc1c(C(C)C)c(=O)on1C(=O)N1CCC[C@H](C)C1,ACHE,0,1,0,0,0,0,0,0,0,0,0,0,0,0,0,0
CHEMBL106193,CHEMBL1808,6.8,1,O=C(O)C1CCCN1C(=O)C1CCC1S,ACE,1,0,0,0,0,0,0,0,0,0,0,0,0,0,0,0
CHEMBL106509,CHEMBL2487,7.25,1,COc1cc(/C=C/C(C)=O)ccc1O,APP,0,0,0,0,1,0,0,0,0,0,0,0,0,0,0,0
CHEMBL10690,CHEMBL1808,4.0,0,O=C(NC(Cc1ccccc1)C(=O)CCC(=O)N1CCCC1P(=O)(O)O)c1ccccc1,ACE,1,0,0,0,0,0,0,0,0,0,0,0,0,0,0,0
CHEMBL107635,CHEMBL1808,7.5,1,O=C(O)CCc1cc(O)c2n(c1=O)C(C(=O)O)CC2,ACE,1,0,0,0,0,0,0,0,0,0,0,0,0,0,0,0
CHEMBL107695,CHEMBL1808,8.0,1,O=C(O)CN1Cc2ccccc2CC(N[C@H](CCc2ccccc2)C(=O)O)C1=O,ACE,1,0,0,0,0,0,0,0,0,0,0,0,0,0,0,0
CHEMBL107700,CHEMBL1808,8.0,1,CC(NC(=O)C1CCCCC1S)C(=O)N1CCCC1C(=O)O,ACE,1,0,0,0,0,0,0,0,0,0,0,0,0,0,0,0
CHEMBL1077196,CHEMBL2487,6.57,1,CNc1ncc(-c2nc3ccc(O)cc3s2)cn1,APP,0,0,0,0,1,0,0,0,0,0,0,0,0,0,0,0
CHEMBL1077203,CHEMBL5028,6.61,1,O=C1NC(=O)[C@](CN2Cc3ccc(Cl)cc3C2=O)(c2ccc(F)cc2)N1,ADAM10,0,0,1,0,0,0,0,0,0,0,0,0,0,0,0,0
CHEMBL1077208,CHEMBL2487,7.46,1,CNc1ccc2nc(-c3ccc(C(N)=O)nc3)sc2c1,APP,0,0,0,0,1,0,0,0,0,0,0,0,0,0,0,0
CHEMBL1082545,CHEMBL2487,7.09,1,COc1ccc2nc(-c3ccc(N(C)C)nc3)sc2c1,APP,0,0,0,0,1,0,0,0,0,0,0,0,0,0,0,0
CHEMBL1082546,CHEMBL2487,7.13,1,CNc1ccc(-c2nc3cc(O)ccc3s2)cn1,APP,0,0,0,0,1,0,0,0,0,0,0,0,0,0,0,0
CHEMBL1082889,CHEMBL2487,6.73,1,CNc1ccc(-c2nc3ccc(OC)cc3o2)cn1,APP,0,0,0,0,1,0,0,0,0,0,0,0,0,0,0,0
CHEMBL1083207,CHEMBL2487,6.86,1,CN(C)c1ccc(-c2nc3cc(O)ccc3o2)cn1,APP,0,0,0,0,1,0,0,0,0,0,0,0,0,0,0,0
CHEMBL1084943,CHEMBL2487,7.35,1,CNc1ccc(-c2cc3ccc(O)cc3o2)cn1,APP,0,0,0,0,1,0,0,0,0,0,0,0,0,0,0,0
CHEMBL1084944,CHEMBL2487,7.18,1,CNc1ccc(-c2cc3ccc(OC)cc3o2)cn1,APP,0,0,0,0,1,0,0,0,0,0,0,0,0,0,0,0
CHEMBL1084945,CHEMBL2487,7.22,1,COc1ccc2cc(-c3ccc(C(N)=O)nc3)oc2c1,APP,0,0,0,0,1,0,0,0,0,0,0,0,0,0,0,0
CHEMBL1084946,CHEMBL2487,7.48,1,COc1ccc2cc(-c3ccc(C(N)=O)cn3)oc2c1,APP,0,0,0,0,1,0,0,0,0,0,0,0,0,0,0,0
CHEMBL108606,CHEMBL1808,8.1,1,CC(C)CCC(NC(C)C(=O)N1CCCC1C(=O)O)C(=O)O,ACE,1,0,0,0,0,0,0,0,0,0,0,0,0,0,0,0
CHEMBL1087548,CHEMBL2487,7.07,1,CNc1ccc(-c2nc3ccc(C(N)=O)cc3s2)cn1,APP,0,0,0,0,1,0,0,0,0,0,0,0,0,0,0,0
CHEMBL1088617,CHEMBL2487,7.39,1,CN(C)c1ncc(-c2nc3ccc(O)cc3s2)cn1,APP,0,0,0,0,1,0,0,0,0,0,0,0,0,0,0,0
CHEMBL1089842,CHEMBL5028,6.62,1,CC#CCOc1ccc(S(=O)(=O)N[C@H](CCNC(=O)OCc2ccccc2)C(=O)NO)cc1,ADAM10,0,0,1,0,0,0,0,0,0,0,0,0,0,0,0,0
CHEMBL1089843,CHEMBL5028,6.72,1,CC#CCOc1ccc(S(=O)(=O)N[C@H](CCN2C(=O)c3ccccc3C2=O)C(=O)NO)cc1,ADAM10,0,0,1,0,0,0,0,0,0,0,0,0,0,0,0,0
CHEMBL108988,CHEMBL1808,7.9,1,O=C(O)C1CC2(CN1C(=O)CP(=O)(O)CCCCc1ccccc1)SCCS2,ACE,1,0,0,0,0,0,0,0,0,0,0,0,0,0,0,0
CHEMBL1090542,CHEMBL2487,6.36,1,Nc1nc(Cn2c(-c3ccc(Oc4cncnc4)cc3)ccc2-c2ccccc2Cl)ccc1OCCO,APP,0,0,0,0,1,0,0,0,0,0,0,0,0,0,0,0
CHEMBL1090543,CHEMBL2487,6.72,1,Nc1nc(Cn2c(-c3ccc(Oc4cncnc4)cc3)ccc2-c2ccccc2Cl)ccc1NCCO,APP,0,0,0,0,1,0,0,0,0,0,0,0,0,0,0,0
CHEMBL109097,CHEMBL238,8.52,1,CCC[C@@H]1CN(C)CC[C@@H]1c1ccc(Cl)cc1,SLC6A3,0,0,0,0,0,0,0,0,0,0,0,0,0,0,0,1
CHEMBL109178,CHEMBL1808,7.4,1,CC(OP(=O)(O)C(CCc1ccccc1)NC(=O)c1ccccc1)C(=O)N1CCCC1C(=O)O,ACE,1,0,0,0,0,0,0,0,0,0,0,0,0,0,0,0
CHEMBL1092000,CHEMBL2487,4.88,0,Nc1cccc(Cn2c(-c3ccc(Oc4cnccn4)cc3)ccc2-c2ccccc2Cl)n1,APP,0,0,0,0,1,0,0,0,0,0,0,0,0,0,0,0
CHEMBL1092879,CHEMBL2487,4.81,0,Nc1cccc(Cn2c(-c3ccccc3)ccc2-c2ccccc2)n1,APP,0,0,0,0,1,0,0,0,0,0,0,0,0,0,0,0
CHEMBL1092913,CHEMBL2487,4.93,0,Nc1cccc(Cn2c(-c3ccc(Oc4cccs4)cc3)ccc2-c2ccccc2Cl)n1,APP,0,0,0,0,1,0,0,0,0,0,0,0,0,0,0,0
CHEMBL1093152,CHEMBL2487,4.8,0,COc1ccc(-c2ccc(-c3ccccc3Cl)n2Cc2cccc(N)n2)cc1,APP,0,0,0,0,1,0,0,0,0,0,0,0,0,0,0,0
CHEMBL1093807,CHEMBL2487,4.87,0,CCCCCOc1ccc(-c2ccc(-c3ccccc3Cl)n2Cc2ccc(OCCO)c(N)n2)cc1,APP,0,0,0,0,1,0,0,0,0,0,0,0,0,0,0,0
CHEMBL109517,CHEMBL238,7.42,1,CN(C)C[C@@H]1C2CCC(C2)[C@H]1c1ccc2ccccc2c1,SLC6A3,0,0,0,0,0,0,0,0,0,0,0,0,0,0,0,1
CHEMBL109571,CHEMBL238,7.75,1,CN(C)CC1C2CCC(C2)C1c1ccc2ccccc2c1,SLC6A3,0,0,0,0,0,0,0,0,0,0,0,0,0,0,0,1
CHEMBL10962,CHEMBL1808,6.7,1,O=C(O)[C@@H]1CCCN1C(=O)CCS,ACE,1,0,0,0,0,0,0,0,0,0,0,0,0,0,0,0
CHEMBL10973,CHEMBL1808,4.66,0,O=C(NC(Cc1ccccc1)C(=O)CCC(=O)N1CCCC1c1nn[nH]n1)c1ccccc1,ACE,1,0,0,0,0,0,0,0,0,0,0,0,0,0,0,0
CHEMBL109869,CHEMBL1914,6.26,1,CC1=CC2Cc3nc4cccc(F)c4c(N)c3C(C1)C2,BCHE,0,0,0,0,0,1,0,0,0,0,0,0,0,0,0,0
CHEMBL109870,CHEMBL1914,6.35,1,CC1=CC2Cc3nc4cc(C)ccc4c(N)c3C(C1)C2,BCHE,0,0,0,0,0,1,0,0,0,0,0,0,0,0,0,0
CHEMBL110375,CHEMBL1808,7.5,1,CC(CS)C(=O)N1C(=O)CCC1C(=O)O,ACE,1,0,0,0,0,0,0,0,0,0,0,0,0,0,0,0
CHEMBL110439,CHEMBL1808,8.0,1,CC1CCCC(NC(CCc2ccccc2)C(=O)O)C(=O)N1CC(=O)O,ACE,1,0,0,0,0,0,0,0,0,0,0,0,0,0,0,0
CHEMBL110444,CHEMBL1808,7.7,1,O=C(O)C1CSC(c2ccccc2O)N1C(=O)CCS,ACE,1,0,0,0,0,0,0,0,0,0,0,0,0,0,0,0
CHEMBL110530,CHEMBL238,7.52,1,Fc1ccc(CN2CCC(CCNC(c3ccccc3)c3ccccc3)CC2)cc1,SLC6A3,0,0,0,0,0,0,0,0,0,0,0,0,0,0,0,1
CHEMBL110870,CHEMBL1808,8.3,1,CC(NP(=O)(O)O)C(=O)C1CCCC1C(=O)O,ACE,1,0,0,0,0,0,0,0,0,0,0,0,0,0,0,0
CHEMBL110925,CHEMBL1808,9.1,1,CC(NC(CCC(=O)Nc1ccc(I)cc1)C(=O)O)C(=O)N1CCCC1C(=O)O,ACE,1,0,0,0,0,0,0,0,0,0,0,0,0,0,0,0
CHEMBL111128,CHEMBL238,7.39,1,CNC[C@H]1C2CCC(C2)[C@@H]1c1ccc2ccccc2c1,SLC6A3,0,0,0,0,0,0,0,0,0,0,0,0,0,0,0,1
CHEMBL111578,CHEMBL1808,7.2,1,O=C(SC1CCCC1C(=O)N1CCCC1C(=O)O)c1ccccc1,ACE,1,0,0,0,0,0,0,0,0,0,0,0,0,0,0,0
CHEMBL111928,CHEMBL238,6.64,1,Fc1ccc(C(OC2CC3CCC(C2)N3CCCOc2ccccc2)c2ccc(F)cc2)cc1,SLC6A3,0,0,0,0,0,0,0,0,0,0,0,0,0,0,0,1
CHEMBL112528,CHEMBL238,7.85,1,O=C(NCCN1C2CCC1CC(OC(c1ccc(F)cc1)c1ccc(F)cc1)C2)c1cccnc1,SLC6A3,0,0,0,0,0,0,0,0,0,0,0,0,0,0,0,1
CHEMBL113136,CHEMBL238,7.19,1,CN(C)C[C@H]1C2CCC(CC2)[C@@H]1c1cccc(Cl)c1,SLC6A3,0,0,0,0,0,0,0,0,0,0,0,0,0,0,0,1
CHEMBL113830,CHEMBL1904,8.0,1,C[C@H]([C@@H](O)c1ccc(O)cc1)N1CCC(Cc2ccccc2)CC1,GRIN2B,0,0,0,0,0,0,0,0,0,1,0,0,0,0,0,0
CHEMBL113956,CHEMBL238,6.0,1,CCOc1ccc(CCNC(=O)N2CCN(CCCC(c3ccc(F)cc3)c3ccc(F)cc3)CC2)cc1,SLC6A3,0,0,0,0,0,0,0,0,0,0,0,0,0,0,0,1
CHEMBL114552,CHEMBL1808,4.0,0,O=C(O)CCCNCP(=O)(O)CCc1ccccc1,ACE,1,0,0,0,0,0,0,0,0,0,0,0,0,0,0,0
CHEMBL114644,CHEMBL1904,7.96,1,C(#Cc1ccc2[nH]ncc2c1)CN1CCC(Cc2ccccc2)CC1,GRIN2B,0,0,0,0,0,0,0,0,0,1,0,0,0,0,0,0
CHEMBL114658,CHEMBL1808,7.92,1,CC1(C)CCCC(NC(=O)[C@@H](S)Cc2ccccc2)C(=O)N1CC(=O)O,ACE,1,0,0,0,0,0,0,0,0,0,0,0,0,0,0,0
CHEMBL11514,CHEMBL220,4.79,0,CNC(=O)Oc1ccc2c(c1)[C@@H]1[C@@H](CCN1C)CO2,ACHE,0,1,0,0,0,0,0,0,0,0,0,0,0,0,0,0
CHEMBL115253,CHEMBL238,8.19,1,O=C(NCCN1C2CCC1CC(OC(c1ccc(F)cc1)c1ccc(F)cc1)C2)c1ccccc1,SLC6A3,0,0,0,0,0,0,0,0,0,0,0,0,0,0,0,1
CHEMBL115580,CHEMBL1914,4.91,0,CC1Cc2c(nc3ccccc3c2N)C1(C)O,BCHE,0,0,0,0,0,1,0,0,0,0,0,0,0,0,0,0
CHEMBL115697,CHEMBL1914,4.72,0,Nc1c2c(nc3ccccc13)-c1ccccc1NCC2,BCHE,0,0,0,0,0,1,0,0,0,0,0,0,0,0,0,0
CHEMBL115710,CHEMBL238,6.18,1,Fc1ccc(C(OC2CC3CCC(C2)N3CCOCCN2CCOCC2)c2ccc(F)cc2)cc1,SLC6A3,0,0,0,0,0,0,0,0,0,0,0,0,0,0,0,1
CHEMBL1161022,CHEMBL1808,8.85,1,C[C@@H](NP(=O)(O)O)C(=O)N1CCC[C@H]1C(=O)O,ACE,1,0,0,0,0,0,0,0,0,0,0,0,0,0,0,0
CHEMBL1162947,CHEMBL2487,8.17,1,OCCOc1ncc(/C=C\c2ccc(O)cc2)cc1Br,APP,0,0,0,0,1,0,0,0,0,0,0,0,0,0,0,0
CHEMBL116463,CHEMBL238,6.11,1,N#Cc1ccc(CCOC(=O)NC2CCN(CCCC(c3ccc(F)cc3)c3ccc(F)cc3)CC2)cc1,SLC6A3,0,0,0,0,0,0,0,0,0,0,0,0,0,0,0,1
CHEMBL1165,CHEMBL1808,7.25,1,CCOC(=O)[C@H](CCc1ccccc1)N[C@@H](C)C(=O)N1Cc2cc(OC)c(OC)cc2C[C@H]1C(=O)O,ACE,1,0,0,0,0,0,0,0,0,0,0,0,0,0,0,0
CHEMBL1168,CHEMBL1808,8.4,1,CCOC(=O)[C@H](CCc1ccccc1)N[C@@H](C)C(=O)N1[C@H](C(=O)O)C[C@@H]2CCC[C@@H]21,ACE,1,0,0,0,0,0,0,0,0,0,0,0,0,0,0,0
CHEMBL1169460,CHEMBL2487,7.82,1,CN(C)c1ccc(/C=C/c2ccc(OCC(CO)C[18F])cc2)cc1,APP,0,0,0,0,1,0,0,0,0,0,0,0,0,0,0,0
CHEMBL11707,CHEMBL1808,6.0,1,O=C(O)CN1CCCC(CS)C1=O,ACE,1,0,0,0,0,0,0,0,0,0,0,0,0,0,0,0
CHEMBL117447,CHEMBL1914,4.16,0,O=C1C(=O)N(c2ccccc2)c2ccccc21,BCHE,0,0,0,0,0,1,0,0,0,0,0,0,0,0,0,0
CHEMBL1175,CHEMBL238,6.62,1,CNCC[C@H](Oc1cccc2ccccc12)c1cccs1,SLC6A3,0,0,0,0,0,0,0,0,0,0,0,0,0,0,0,1
CHEMBL117537,CHEMBL238,6.02,1,O=C(CCCc1ccccc1)N1CCN(CCCC(c2ccc(F)cc2)c2ccc(F)cc2)CC1,SLC6A3,0,0,0,0,0,0,0,0,0,0,0,0,0,0,0,1
CHEMBL11783,CHEMBL1808,4.48,0,CC(=O)SCC1CCN(CC(=O)O)C1=O,ACE,1,0,0,0,0,0,0,0,0,0,0,0,0,0,0,0
CHEMBL11795,CHEMBL1808,4.0,0,CC(=O)SCC1CCCN(CC(=O)O)C1=O,ACE,1,0,0,0,0,0,0,0,0,0,0,0,0,0,0,0
CHEMBL1179566,CHEMBL1904,4.42,0,CC(=O)[C@H]1CC[C@H]2[C@@H]3CC[C@@H]4C[C@H](OS(=O)(=O)O)CC[C@]4(C)[C@H]3CC[C@]12C,GRIN2B,0,0,0,0,0,0,0,0,0,1,0,0,0,0,0,0
CHEMBL1179566,CHEMBL1972,4.21,0,CC(=O)[C@H]1CC[C@H]2[C@@H]3CC[C@@H]4C[C@H](OS(=O)(=O)O)CC[C@]4(C)[C@H]3CC[C@]12C,GRIN2A,0,0,0,0,0,0,0,0,1,0,0,0,0,0,0,0
CHEMBL1179566,CHEMBL2591,4.85,0,CC(=O)[C@H]1CC[C@H]2[C@@H]3CC[C@@H]4C[C@H](OS(=O)(=O)O)CC[C@]4(C)[C@H]3CC[C@]12C,GRIN2D,0,0,0,0,0,0,0,0,0,0,0,1,0,0,0,0
CHEMBL1179566,CHEMBL4109,4.92,0,CC(=O)[C@H]1CC[C@H]2[C@@H]3CC[C@@H]4C[C@H](OS(=O)(=O)O)CC[C@]4(C)[C@H]3CC[C@]12C,GRIN2C,0,0,0,0,0,0,0,0,0,0,1,0,0,0,0,0
CHEMBL1179605,CHEMBL1904,4.48,0,CC(=O)[C@H]1CC[C@H]2[C@@H]3CC=C4C[C@@H](OS(=O)(=O)O)CC[C@]4(C)[C@H]3CC[C@]12C,GRIN2B,0,0,0,0,0,0,0,0,0,1,0,0,0,0,0,0
CHEMBL1179605,CHEMBL1972,4.68,0,CC(=O)[C@H]1CC[C@H]2[C@@H]3CC=C4C[C@@H](OS(=O)(=O)O)CC[C@]4(C)[C@H]3CC[C@]12C,GRIN2A,0,0,0,0,0,0,0,0,1,0,0,0,0,0,0,0
CHEMBL11805,CHEMBL1914,4.93,0,COc1ccccc1CN(C)CCCCCC(=O)N(C)CCCCCCCCN(C)C(=O)CCCCCN(C)Cc1ccccc1OC,BCHE,0,0,0,0,0,1,0,0,0,0,0,0,0,0,0,0
CHEMBL11805,CHEMBL220,6.77,1,COc1ccccc1CN(C)CCCCCC(=O)N(C)CCCCCCCCN(C)C(=O)CCCCCN(C)Cc1ccccc1OC,ACHE,0,1,0,0,0,0,0,0,0,0,0,0,0,0,0,0
CHEMBL118139,CHEMBL1914,4.58,0,Nc1c2c(nc3ccccc13)CCCc1ccccc1-2,BCHE,0,0,0,0,0,1,0,0,0,0,0,0,0,0,0,0
CHEMBL118752,CHEMBL1914,7.28,1,Nc1c2c(nc3ccccc13)CCC2,BCHE,0,0,0,0,0,1,0,0,0,0,0,0,0,0,0,0
CHEMBL119389,CHEMBL1914,4.38,0,CCCCC1=C(C)Cc2c1nc1ccccc1c2N,BCHE,0,0,0,0,0,1,0,0,0,0,0,0,0,0,0,0
CHEMBL119528,CHEMBL1914,4.09,0,CCCCC1(O)c2nc3ccccc3c(N)c2CC1C,BCHE,0,0,0,0,0,1,0,0,0,0,0,0,0,0,0,0
CHEMBL12006,CHEMBL1808,4.72,0,CC(=O)SCC1CCCN(C(C(=O)O)c2ccccc2)C1=O,ACE,1,0,0,0,0,0,0,0,0,0,0,0,0,0,0,0
CHEMBL1201203,CHEMBL238,6.51,1,CN1[C@@H]2CC[C@H]1C[C@@H](OC(c1ccccc1)c1ccccc1)C2,SLC6A3,0,0,0,0,0,0,0,0,0,0,0,0,0,0,0,1
CHEMBL1202031,CHEMBL238,6.51,1,CN(C)[C@@H]1C[C@@H](c2ccc(Cl)c(Cl)c2)c2ccc(I)cc21.O=C(O)C(=O)O,SLC6A3,0,0,0,0,0,0,0,0,0,0,0,0,0,0,0,1
CHEMBL1202865,CHEMBL1914,6.29,1,Cl.Cl.O.c1ccc(CN2CCC(CCNc3cc4c(nn3)-c3ccccc3CCC4)CC2)cc1,BCHE,0,0,0,0,0,1,0,0,0,0,0,0,0,0,0,0
CHEMBL1202865,CHEMBL220,6.92,1,Cl.Cl.O.c1ccc(CN2CCC(CCNc3cc4c(nn3)-c3ccccc3CCC4)CC2)cc1,ACHE,0,1,0,0,0,0,0,0,0,0,0,0,0,0,0,0
CHEMBL1202874,CHEMBL1914,6.32,1,Cl.Cl.c1ccc(CN2CCC(CCSc3ccc(-c4ccccc4)nn3)CC2)cc1,BCHE,0,0,0,0,0,1,0,0,0,0,0,0,0,0,0,0
CHEMBL1202874,CHEMBL220,6.33,1,Cl.Cl.c1ccc(CN2CCC(CCSc3ccc(-c4ccccc4)nn3)CC2)cc1,ACHE,0,1,0,0,0,0,0,0,0,0,0,0,0,0,0,0
CHEMBL1202875,CHEMBL220,6.15,1,Cl.Cl.O.c1ccc(CN2CCC(CCOc3ccc(-c4ccccc4)nn3)CC2)cc1,ACHE,0,1,0,0,0,0,0,0,0,0,0,0,0,0,0,0
CHEMBL1202884,CHEMBL1914,6.57,1,Cl.Cl.O.c1ccc(CN2CCC(CCNc3cc4ccc5ccccc5c4nn3)CC2)cc1,BCHE,0,0,0,0,0,1,0,0,0,0,0,0,0,0,0,0
CHEMBL1202884,CHEMBL220,6.72,1,Cl.Cl.O.c1ccc(CN2CCC(CCNc3cc4ccc5ccccc5c4nn3)CC2)cc1,ACHE,0,1,0,0,0,0,0,0,0,0,0,0,0,0,0,0
CHEMBL1202885,CHEMBL1914,6.55,1,Cl.Cl.O.c1ccc(CN2CCC(CCNc3cc4c(nn3)-c3ccccc3CC4)CC2)cc1,BCHE,0,0,0,0,0,1,0,0,0,0,0,0,0,0,0,0
CHEMBL1202885,CHEMBL220,6.72,1,Cl.Cl.O.c1ccc(CN2CCC(CCNc3cc4c(nn3)-c3ccccc3CC4)CC2)cc1,ACHE,0,1,0,0,0,0,0,0,0,0,0,0,0,0,0,0
CHEMBL1203534,CHEMBL220,7.02,1,Cl.N#CC(C#N)=C1NCCN1CCNCc1ccc(CN2CC=CCC2)o1,ACHE,0,1,0,0,0,0,0,0,0,0,0,0,0,0,0,0
CHEMBL1203537,CHEMBL220,6.08,1,CNC(NCCNCc1ccc(CN2CCCCC2)o1)=C(C#N)C#N.Cl,ACHE,0,1,0,0,0,0,0,0,0,0,0,0,0,0,0,0
CHEMBL1203538,CHEMBL220,6.92,1,Cl.N#CC(C#N)=C1NCCN1CCNCc1ccc(CN2CCCCCC2)o1,ACHE,0,1,0,0,0,0,0,0,0,0,0,0,0,0,0,0
CHEMBL1203539,CHEMBL220,6.22,1,CCN(CC)Cc1ccc(CNCCN2CCNC2=C(C#N)C#N)o1.Cl,ACHE,0,1,0,0,0,0,0,0,0,0,0,0,0,0,0,0
CHEMBL1204013,CHEMBL5028,7.08,1,Cl.O=C(NO)[C@H]1CC(OC(=O)N2CCCC2)CN[C@@H]1C(=O)N1CC[C@H](c2ccccc2)C1,ADAM10,0,0,1,0,0,0,0,0,0,0,0,0,0,0,0,0
CHEMBL1204162,CHEMBL1914,6.64,1,Cl.O.c1ccc(CN2CCC(CCN=c3cc4c(n[nH]3)-c3ccccc3C4)CC2)cc1,BCHE,0,0,0,0,0,1,0,0,0,0,0,0,0,0,0,0
CHEMBL1204162,CHEMBL220,7.13,1,Cl.O.c1ccc(CN2CCC(CCN=c3cc4c(n[nH]3)-c3ccccc3C4)CC2)cc1,ACHE,0,1,0,0,0,0,0,0,0,0,0,0,0,0,0,0
CHEMBL1204296,CHEMBL1914,6.04,1,CCc1cc(=NCCC2CCN(Cc3ccccc3)CC2)[nH]nc1-c1ccccc1.Cl.Cl.O,BCHE,0,0,0,0,0,1,0,0,0,0,0,0,0,0,0,0
CHEMBL1204296,CHEMBL220,7.18,1,CCc1cc(=NCCC2CCN(Cc3ccccc3)CC2)[nH]nc1-c1ccccc1.Cl.Cl.O,ACHE,0,1,0,0,0,0,0,0,0,0,0,0,0,0,0,0
CHEMBL1204299,CHEMBL1914,6.03,1,Cc1cc(=NCCC2CCN(Cc3ccccc3)CC2)[nH]nc1-c1ccccc1.Cl.Cl.O,BCHE,0,0,0,0,0,1,0,0,0,0,0,0,0,0,0,0
CHEMBL1204299,CHEMBL220,7.41,1,Cc1cc(=NCCC2CCN(Cc3ccccc3)CC2)[nH]nc1-c1ccccc1.Cl.Cl.O,ACHE,0,1,0,0,0,0,0,0,0,0,0,0,0,0,0,0
CHEMBL120490,CHEMBL238,7.96,1,CN1CCC(O)(c2ccc(Cl)c(Cl)c2)C(C(=O)c2ccc(Cl)c(Cl)c2)C1,SLC6A3,0,0,0,0,0,0,0,0,0,0,0,0,0,0,0,1
CHEMBL1206,CHEMBL1914,7.7,1,CCN(CC)C(C)CN1c2ccccc2Sc2ccccc21,BCHE,0,0,0,0,0,1,0,0,0,0,0,0,0,0,0,0
CHEMBL120633,CHEMBL238,6.33,1,COC(=O)[C@@H]1C2CCC(C[C@@H]1C(=O)Oc1ccccc1)N2C.Cc1ccc(C(=O)C2CN(C)CCC2(O)c2ccc(C)cc2)cc1,SLC6A3,0,0,0,0,0,0,0,0,0,0,0,0,0,0,0,1
CHEMBL120901,CHEMBL238,6.46,1,COC(=O)[C@@H]1C2CCC(C[C@@H]1C(=O)Oc1ccccc1)N2C,SLC6A3,0,0,0,0,0,0,0,0,0,0,0,0,0,0,0,1
CHEMBL121027,CHEMBL238,7.52,1,CN(CCOC(c1ccccc1)c1ccccc1)CCN(C)CCc1ccc(F)cc1,SLC6A3,0,0,0,0,0,0,0,0,0,0,0,0,0,0,0,1
CHEMBL121460,CHEMBL238,7.58,1,CN(CCOC(c1ccc(F)cc1)c1ccc(F)cc1)CCN(C)CCOC(c1ccc(F)cc1)c1ccc(F)cc1,SLC6A3,0,0,0,0,0,0,0,0,0,0,0,0,0,0,0,1
CHEMBL121611,CHEMBL238,7.55,1,Fc1ccc(C(OCCNCCCNCCc2ccccc2)c2ccc(F)cc2)cc1,SLC6A3,0,0,0,0,0,0,0,0,0,0,0,0,0,0,0,1
CHEMBL121810,CHEMBL1914,6.51,1,CCc1ccccc1NC(=O)Oc1ccc2c(c1)[C@]1(C)CCN(C)O[C@@H]1N2C,BCHE,0,0,0,0,0,1,0,0,0,0,0,0,0,0,0,0
CHEMBL121857,CHEMBL238,7.25,1,COC(=O)C1C2CCC(C[C@@H]1OC(c1ccccc1)c1ccc(I)cc1)N2C,SLC6A3,0,0,0,0,0,0,0,0,0,0,0,0,0,0,0,1
CHEMBL122452,CHEMBL238,6.49,1,CN(CCCN(C)CCc1ccccc1)CCOC(c1ccccc1)c1ccccc1,SLC6A3,0,0,0,0,0,0,0,0,0,0,0,0,0,0,0,1
CHEMBL1229516,CHEMBL5028,5.0,0,CNC(=O)[C@@H](NC(=O)[C@H](CCCc1ccccc1)[C@H](C)N(O)C=O)C(C)(C)C,ADAM10,0,0,1,0,0,0,0,0,0,0,0,0,0,0,0,0
CHEMBL123248,CHEMBL1914,7.92,1,CNC(=O)Oc1ccc2c(c1)[C@]1(C)CCN(C)O[C@@H]1N2C,BCHE,0,0,0,0,0,1,0,0,0,0,0,0,0,0,0,0
CHEMBL123252,CHEMBL238,6.91,1,CN(CCCc1ccccc1)CCCN(C)CCOC(c1ccccc1)c1ccccc1,SLC6A3,0,0,0,0,0,0,0,0,0,0,0,0,0,0,0,1
CHEMBL1237,CHEMBL1808,8.92,1,NCCCC[C@H](N[C@@H](CCc1ccccc1)C(=O)O)C(=O)N1CCC[C@H]1C(=O)O,ACE,1,0,0,0,0,0,0,0,0,0,0,0,0,0,0,0
CHEMBL123830,CHEMBL238,7.27,1,O=C(Cc1ccc(F)cc1)NCCNCCOC(c1ccc(F)cc1)c1ccc(F)cc1,SLC6A3,0,0,0,0,0,0,0,0,0,0,0,0,0,0,0,1
CHEMBL123831,CHEMBL1914,6.09,1,CN1CC[C@@]2(C)c3cc(OC(=O)Nc4ccccc4)ccc3N(C)[C@H]2O1,BCHE,0,0,0,0,0,1,0,0,0,0,0,0,0,0,0,0
CHEMBL124156,CHEMBL1914,7.37,1,CNC(=O)Oc1cccc(CN(C)CCCOc2ccc(-c3ccccc3)cc2)c1,BCHE,0,0,0,0,0,1,0,0,0,0,0,0,0,0,0,0
CHEMBL124156,CHEMBL220,7.26,1,CNC(=O)Oc1cccc(CN(C)CCCOc2ccc(-c3ccccc3)cc2)c1,ACHE,0,1,0,0,0,0,0,0,0,0,0,0,0,0,0,0
CHEMBL1242210,CHEMBL1808,6.71,1,CN1CCN(c2cccc3nc(CN(C)[C@H]4CCCc5cccnc54)c(CO)n23)CC1,ACE,1,0,0,0,0,0,0,0,0,0,0,0,0,0,0,0
CHEMBL124278,CHEMBL238,7.14,1,COC(=O)C1C2CCC(C[C@@H]1OC(c1ccc(Br)cc1)c1ccc(Br)cc1)N2C,SLC6A3,0,0,0,0,0,0,0,0,0,0,0,0,0,0,0,1
CHEMBL124670,CHEMBL238,7.1,1,COC(=O)C1C2CCC(C[C@@H]1OC(c1ccc(F)cc1)c1ccc(F)cc1)N2CCCc1ccc(Br)cc1,SLC6A3,0,0,0,0,0,0,0,0,0,0,0,0,0,0,0,1
CHEMBL124854,CHEMBL238,6.65,1,COC(=O)C1C2CCC(C[C@@H]1OC(c1ccc(F)cc1)c1ccc(F)cc1)N2Cc1ccccc1,SLC6A3,0,0,0,0,0,0,0,0,0,0,0,0,0,0,0,1
CHEMBL124933,CHEMBL1914,7.86,1,CNC(=O)Oc1cccc(CN(C)CCCCCCOc2ccc3c(=O)c4ccccc4oc3c2)c1,BCHE,0,0,0,0,0,1,0,0,0,0,0,0,0,0,0,0
CHEMBL124933,CHEMBL220,8.85,1,CNC(=O)Oc1cccc(CN(C)CCCCCCOc2ccc3c(=O)c4ccccc4oc3c2)c1,ACHE,0,1,0,0,0,0,0,0,0,0,0,0,0,0,0,0
CHEMBL125017,CHEMBL238,7.47,1,COC(=O)C1C2CCC(C[C@@H]1OC(c1ccccc1)c1ccccc1)N2C,SLC6A3,0,0,0,0,0,0,0,0,0,0,0,0,0,0,0,1
CHEMBL125140,CHEMBL238,7.3,1,COC(=O)C1C2CCC(C[C@@H]1OC(c1ccccc1)c1ccc(C)cc1)N2C,SLC6A3,0,0,0,0,0,0,0,0,0,0,0,0,0,0,0,1
CHEMBL125871,CHEMBL238,6.92,1,COC(=O)C1C2CCC(C[C@@H]1OC(c1ccc(F)cc1)c1ccc(F)cc1)N2CCCc1ccc(I)cc1,SLC6A3,0,0,0,0,0,0,0,0,0,0,0,0,0,0,0,1
CHEMBL125954,CHEMBL238,7.66,1,COC(=O)C1C2CCC(C[C@@H]1OC(c1ccc(F)cc1)c1ccc(F)cc1)N2CCCc1ccccc1,SLC6A3,0,0,0,0,0,0,0,0,0,0,0,0,0,0,0,1
CHEMBL126077,CHEMBL2783,7.0,1,O=Nc1c(-c2c(O)[nH]c3ccccc23)[nH]c2ccccc12,CDK5R1,0,0,0,0,0,0,0,1,0,0,0,0,0,0,0,0
CHEMBL126100,CHEMBL238,7.69,1,COC(=O)C1C2CCC(C[C@@H]1OC(c1ccc(F)cc1)c1ccc(F)cc1)N2,SLC6A3,0,0,0,0,0,0,0,0,0,0,0,0,0,0,0,1
CHEMBL126939,CHEMBL220,6.68,1,C(=C/C1CCN(Cc2ccccc2)CC1)\c1noc2ccccc12,ACHE,0,1,0,0,0,0,0,0,0,0,0,0,0,0,0,0
CHEMBL127465,CHEMBL1914,8.41,1,CN(CCCOc1ccc2c(=O)c3ccccc3oc2c1)Cc1cccc(OC(=O)NCCCCCCCCN2CCOCC2)c1,BCHE,0,0,0,0,0,1,0,0,0,0,0,0,0,0,0,0
CHEMBL127465,CHEMBL220,7.56,1,CN(CCCOc1ccc2c(=O)c3ccccc3oc2c1)Cc1cccc(OC(=O)NCCCCCCCCN2CCOCC2)c1,ACHE,0,1,0,0,0,0,0,0,0,0,0,0,0,0,0,0
CHEMBL127857,CHEMBL1914,8.48,1,CN(CCCOc1ccc2c(=O)c3ccccc3oc2c1)Cc1cccc(OC(=O)NCCCCCCCCCN2CCOCC2)c1,BCHE,0,0,0,0,0,1,0,0,0,0,0,0,0,0,0,0
CHEMBL127857,CHEMBL220,7.53,1,CN(CCCOc1ccc2c(=O)c3ccccc3oc2c1)Cc1cccc(OC(=O)NCCCCCCCCCN2CCOCC2)c1,ACHE,0,1,0,0,0,0,0,0,0,0,0,0,0,0,0,0
CHEMBL128223,CHEMBL1808,6.19,1,O=C(/C=C\S)C1CC[C@@H](C(=O)O)C1,ACE,1,0,0,0,0,0,0,0,0,0,0,0,0,0,0,0
CHEMBL128292,CHEMBL220,4.3,0,O=C1CCN(Cc2ccccc2)C/C1=C\c1cn(C(=O)c2ccc([N+](=O)[O-])cc2)c2ccccc12,ACHE,0,1,0,0,0,0,0,0,0,0,0,0,0,0,0,0
CHEMBL1287851,CHEMBL5028,7.66,1,COc1ccc2c(c1)C(=O)N(C[C@@]1(C#Cc3cccnc3)NC(=O)NC1=O)C2,ADAM10,0,0,1,0,0,0,0,0,0,0,0,0,0,0,0,0
CHEMBL128894,CHEMBL220,4.52,0,O=C1CCN(Cc2ccccc2)C/C1=C\c1cccn1C(=O)c1ccccc1,ACHE,0,1,0,0,0,0,0,0,0,0,0,0,0,0,0,0
CHEMBL1289403,CHEMBL1904,8.27,1,COc1ccc2c(c1)CCN(CCCCc1ccccc1)CC2O,GRIN2B,0,0,0,0,0,0,0,0,0,1,0,0,0,0,0,0
CHEMBL1289626,CHEMBL1904,7.08,1,Oc1ccc2c(c1)CCN(CCCCc1ccccc1)CC2O,GRIN2B,0,0,0,0,0,0,0,0,0,1,0,0,0,0,0,0
CHEMBL129108,CHEMBL1914,9.11,1,c1ccc2c(NCCCCCCCCSc3c4c(nc5ccccc35)CCCC4)c3c(nc2c1)CCCC3,BCHE,0,0,0,0,0,1,0,0,0,0,0,0,0,0,0,0
CHEMBL129432,CHEMBL1808,4.8,0,C[C@H](NC(=O)[C@@H](N)CCCN=C(N)N)C(=O)N1CCC[C@@H]1C(=O)O,ACE,1,0,0,0,0,0,0,0,0,0,0,0,0,0,0,0
CHEMBL129684,CHEMBL220,4.96,0,CC(=O)n1cc(/C=C2\CN(Cc3ccccc3)CCC2=O)c2ccccc21,ACHE,0,1,0,0,0,0,0,0,0,0,0,0,0,0,0,0
CHEMBL129832,CHEMBL238,6.96,1,COc1ccc(C2(O)c3ccccc3C3=NCCN32)cc1,SLC6A3,0,0,0,0,0,0,0,0,0,0,0,0,0,0,0,1
CHEMBL129837,CHEMBL1914,7.3,1,CC(C)c1ccc(NC(=O)Oc2ccc3c(c2)[C@]2(C)CCN(C)[C@@H]2N3C)cc1,BCHE,0,0,0,0,0,1,0,0,0,0,0,0,0,0,0,0
CHEMBL129837,CHEMBL220,6.12,1,CC(C)c1ccc(NC(=O)Oc2ccc3c(c2)[C@]2(C)CCN(C)[C@@H]2N3C)cc1,ACHE,0,1,0,0,0,0,0,0,0,0,0,0,0,0,0,0
CHEMBL130098,CHEMBL220,7.0,1,CSc1nc(-c2ccc(Cl)cc2)nn1C(=O)N(C)C,ACHE,0,1,0,0,0,0,0,0,0,0,0,0,0,0,0,0
CHEMBL130270,CHEMBL1914,6.19,1,CC(C)c1ccccc1NC(=O)Oc1ccc2c(c1)[C@]1(C)CCN(C)[C@@H]1N2C,BCHE,0,0,0,0,0,1,0,0,0,0,0,0,0,0,0,0
CHEMBL130270,CHEMBL220,7.82,1,CC(C)c1ccccc1NC(=O)Oc1ccc2c(c1)[C@]1(C)CCN(C)[C@@H]1N2C,ACHE,0,1,0,0,0,0,0,0,0,0,0,0,0,0,0,0
CHEMBL130373,CHEMBL220,7.38,1,Nc1c2c(nc3cnccc13)OCCC2,ACHE,0,1,0,0,0,0,0,0,0,0,0,0,0,0,0,0
CHEMBL130458,CHEMBL220,8.0,1,Cc1ccccc1NC(=O)Oc1ccc2c(c1)[C@]1(C)CCN(C)[C@@H]1N2C,ACHE,0,1,0,0,0,0,0,0,0,0,0,0,0,0,0,0
CHEMBL130477,CHEMBL238,8.77,1,OC1(c2ccc(Cl)cc2)c2ccccc2C2=NCCCN21,SLC6A3,0,0,0,0,0,0,0,0,0,0,0,0,0,0,0,1
CHEMBL130478,CHEMBL1914,6.7,1,CSc1nc(-c2ccc(OC(F)(F)F)cc2)nn1C(=O)N(C)C,BCHE,0,0,0,0,0,1,0,0,0,0,0,0,0,0,0,0
CHEMBL130478,CHEMBL220,6.1,1,CSc1nc(-c2ccc(OC(F)(F)F)cc2)nn1C(=O)N(C)C,ACHE,0,1,0,0,0,0,0,0,0,0,0,0,0,0,0,0
CHEMBL130593,CHEMBL238,6.66,1,OC1(c2ccc(Cl)cc2)c2c(ccc3ccccc23)C2=NCCN21,SLC6A3,0,0,0,0,0,0,0,0,0,0,0,0,0,0,0,1
CHEMBL130628,CHEMBL1914,6.0,1,O=C(N1CCCCC1)n1nc(-c2ccc(Cl)cc2)nc1SCC(F)(F)F,BCHE,0,0,0,0,0,1,0,0,0,0,0,0,0,0,0,0
CHEMBL130628,CHEMBL220,6.52,1,O=C(N1CCCCC1)n1nc(-c2ccc(Cl)cc2)nc1SCC(F)(F)F,ACHE,0,1,0,0,0,0,0,0,0,0,0,0,0,0,0,0
CHEMBL130645,CHEMBL1914,4.85,0,CSc1nc(-c2ccc(Cl)cc2)nn1C(=O)N1CCOCC1,BCHE,0,0,0,0,0,1,0,0,0,0,0,0,0,0,0,0
CHEMBL130666,CHEMBL1914,6.05,1,CSc1nc(-c2ccc(Cl)cc2)nn1C(=O)N1CCCCC1,BCHE,0,0,0,0,0,1,0,0,0,0,0,0,0,0,0,0
CHEMBL130666,CHEMBL220,7.58,1,CSc1nc(-c2ccc(Cl)cc2)nn1C(=O)N1CCCCC1,ACHE,0,1,0,0,0,0,0,0,0,0,0,0,0,0,0,0
CHEMBL130668,CHEMBL238,7.06,1,Oc1ccc(C2(O)c3ccccc3C3=NCCCN32)cc1,SLC6A3,0,0,0,0,0,0,0,0,0,0,0,0,0,0,0,1
CHEMBL130672,CHEMBL1914,7.18,1,Cc1ccc(NC(=O)Oc2ccc3c(c2)[C@]2(C)CCN(C)[C@@H]2N3C)cc1C,BCHE,0,0,0,0,0,1,0,0,0,0,0,0,0,0,0,0
CHEMBL130672,CHEMBL220,7.51,1,Cc1ccc(NC(=O)Oc2ccc3c(c2)[C@]2(C)CCN(C)[C@@H]2N3C)cc1C,ACHE,0,1,0,0,0,0,0,0,0,0,0,0,0,0,0,0
CHEMBL130738,CHEMBL220,4.52,0,Cc1[nH]c(C)c(/C=C2\CN(Cc3ccccc3)CCC2=O)c1C=O,ACHE,0,1,0,0,0,0,0,0,0,0,0,0,0,0,0,0
CHEMBL130831,CHEMBL220,4.16,0,O=C1CCN(Cc2ccccc2)C/C1=C\c1cn(C(=O)c2ccccc2)c2ccccc12,ACHE,0,1,0,0,0,0,0,0,0,0,0,0,0,0,0,0
CHEMBL130877,CHEMBL238,7.44,1,OC1(c2ccc(Cl)cc2)c2cc3ccccc3cc2C2=NCCN21,SLC6A3,0,0,0,0,0,0,0,0,0,0,0,0,0,0,0,1
CHEMBL130880,CHEMBL220,6.18,1,Nc1c2c(nc3c1CCC3)CCCC2,ACHE,0,1,0,0,0,0,0,0,0,0,0,0,0,0,0,0
CHEMBL130956,CHEMBL1914,6.6,1,Cc1ccc(NC(=O)Oc2ccc3c(c2)[C@]2(C)CCN(C)[C@@H]2N3C)cc1,BCHE,0,0,0,0,0,1,0,0,0,0,0,0,0,0,0,0
CHEMBL130956,CHEMBL220,6.85,1,Cc1ccc(NC(=O)Oc2ccc3c(c2)[C@]2(C)CCN(C)[C@@H]2N3C)cc1,ACHE,0,1,0,0,0,0,0,0,0,0,0,0,0,0,0,0
CHEMBL131210,CHEMBL1914,6.1,1,Cc1cc(C)cc(NC(=O)Oc2ccc3c(c2)[C@]2(C)CCN(C)[C@@H]2N3C)c1,BCHE,0,0,0,0,0,1,0,0,0,0,0,0,0,0,0,0
CHEMBL131210,CHEMBL220,7.11,1,Cc1cc(C)cc(NC(=O)Oc2ccc3c(c2)[C@]2(C)CCN(C)[C@@H]2N3C)c1,ACHE,0,1,0,0,0,0,0,0,0,0,0,0,0,0,0,0
CHEMBL13122,CHEMBL1914,7.6,1,CN(C)Cc1ccc(CSCCNc2cc(NCCSCc3ccc(CN(C)C)o3)c([N+](=O)[O-])cc2[N+](=O)[O-])o1,BCHE,0,0,0,0,0,1,0,0,0,0,0,0,0,0,0,0
CHEMBL131286,CHEMBL220,4.22,0,O=C1CCN(Cc2ccccc2)C/C1=C\c1cn(C(=O)c2ccc(F)cc2)c2ccccc12,ACHE,0,1,0,0,0,0,0,0,0,0,0,0,0,0,0,0
CHEMBL131318,CHEMBL220,4.1,0,COc1ccc2c(c1)c(/C=C1\CN(Cc3ccccc3)CCC1=O)cn2C(=O)c1ccccc1,ACHE,0,1,0,0,0,0,0,0,0,0,0,0,0,0,0,0
CHEMBL131320,CHEMBL1914,6.34,1,Cc1ccc(-c2nc(SCC(F)(F)F)n(C(=O)N(C)C)n2)cc1,BCHE,0,0,0,0,0,1,0,0,0,0,0,0,0,0,0,0
CHEMBL131320,CHEMBL220,6.7,1,Cc1ccc(-c2nc(SCC(F)(F)F)n(C(=O)N(C)C)n2)cc1,ACHE,0,1,0,0,0,0,0,0,0,0,0,0,0,0,0,0
CHEMBL1313991,CHEMBL4109,4.41,0,CC(C)(C)c1ccc(CSc2nc(N)cc(O)n2)cc1,GRIN2C,0,0,0,0,0,0,0,0,0,0,1,0,0,0,0,0
CHEMBL1315224,CHEMBL4109,4.38,0,COc1ccc(-c2csc(NC(=O)c3ccc(C(C)(C)C)cc3)c2C(=O)O)cc1,GRIN2C,0,0,0,0,0,0,0,0,0,0,1,0,0,0,0,0
CHEMBL131552,CHEMBL1808,8.49,1,C[C@@H](NC(=O)[C@H](Cc1ccccc1)NC(=O)c1ccccc1)C(=O)N1CCC[C@H]1C(=O)O,ACE,1,0,0,0,0,0,0,0,0,0,0,0,0,0,0,0
CHEMBL131598,CHEMBL1914,6.78,1,Cc1cccc(NC(=O)Oc2ccc3c(c2)[C@]2(C)CCN(C)[C@@H]2N3C)c1,BCHE,0,0,0,0,0,1,0,0,0,0,0,0,0,0,0,0
CHEMBL131598,CHEMBL220,7.55,1,Cc1cccc(NC(=O)Oc2ccc3c(c2)[C@]2(C)CCN(C)[C@@H]2N3C)c1,ACHE,0,1,0,0,0,0,0,0,0,0,0,0,0,0,0,0
CHEMBL131825,CHEMBL220,6.16,1,CN(C(=O)Oc1ccc2c(c1)[C@]1(C)CCN(C)[C@@H]1N2C)c1ccccc1,ACHE,0,1,0,0,0,0,0,0,0,0,0,0,0,0,0,0
CHEMBL132030,CHEMBL220,7.11,1,Nc1c2c(nc3cccc(F)c13)CCCC2,ACHE,0,1,0,0,0,0,0,0,0,0,0,0,0,0,0,0
CHEMBL132082,CHEMBL238,7.88,1,COc1ccc2c(c1)C(O)(c1ccc(Cl)cc1)N1CCN=C21,SLC6A3,0,0,0,0,0,0,0,0,0,0,0,0,0,0,0,1
CHEMBL132260,CHEMBL220,6.58,1,Nc1c2c(nc3ccccc13)OCCC2,ACHE,0,1,0,0,0,0,0,0,0,0,0,0,0,0,0,0
CHEMBL132365,CHEMBL220,6.21,1,COc1cccc2nc3c(c(N)c12)CCCC3,ACHE,0,1,0,0,0,0,0,0,0,0,0,0,0,0,0,0
CHEMBL132377,CHEMBL220,6.51,1,COc1ccccc1CNCCCCCC(=O)N(C)CCCCCCCCN(C)C(=O)CCCCCNCc1ccccc1OC,ACHE,0,1,0,0,0,0,0,0,0,0,0,0,0,0,0,0
CHEMBL132531,CHEMBL220,6.58,1,Cc1cc2c(cc1OC(=O)Nc1ccccc1)[C@]1(C)CCN(C)[C@@H]1N2C,ACHE,0,1,0,0,0,0,0,0,0,0,0,0,0,0,0,0
CHEMBL132619,CHEMBL220,6.82,1,Cc1cccc2nc3c(c(N)c12)CCCO3,ACHE,0,1,0,0,0,0,0,0,0,0,0,0,0,0,0,0
CHEMBL132676,CHEMBL238,8.39,1,OC1(c2ccc3ccccc3c2)c2ccccc2C2=NCCN21,SLC6A3,0,0,0,0,0,0,0,0,0,0,0,0,0,0,0,1
CHEMBL132683,CHEMBL238,6.01,1,COC(=O)C1C(c2ccc(O)c(O)c2)CC2CCC1N2C,SLC6A3,0,0,0,0,0,0,0,0,0,0,0,0,0,0,0,1
CHEMBL132954,CHEMBL238,7.17,1,COc1cccc2c1C(O)(c1ccc(Cl)cc1)N1CCN=C21,SLC6A3,0,0,0,0,0,0,0,0,0,0,0,0,0,0,0,1
CHEMBL132955,CHEMBL238,8.98,1,OC1(c2ccc(Cl)cc2)c2cc(Cl)c(Cl)cc2C2=NCCN21,SLC6A3,0,0,0,0,0,0,0,0,0,0,0,0,0,0,0,1
CHEMBL132962,CHEMBL238,6.9,1,CC1(c2ccc(Cl)cc2)c2ccccc2C2=NCCCN21,SLC6A3,0,0,0,0,0,0,0,0,0,0,0,0,0,0,0,1
CHEMBL133043,CHEMBL238,7.44,1,COc1ccc(C2(O)c3ccccc3C3=NCCCN32)cc1,SLC6A3,0,0,0,0,0,0,0,0,0,0,0,0,0,0,0,1
CHEMBL133388,CHEMBL1914,6.7,1,CSc1nc(-c2ccc(C)cc2)nn1C(=O)N(C)C,BCHE,0,0,0,0,0,1,0,0,0,0,0,0,0,0,0,0
CHEMBL133388,CHEMBL220,6.1,1,CSc1nc(-c2ccc(C)cc2)nn1C(=O)N(C)C,ACHE,0,1,0,0,0,0,0,0,0,0,0,0,0,0,0,0
CHEMBL133448,CHEMBL220,6.37,1,Nc1c2c(nc3ncccc13)CCCC2,ACHE,0,1,0,0,0,0,0,0,0,0,0,0,0,0,0,0
CHEMBL133520,CHEMBL220,6.47,1,Nc1c2c(nc3cccc(F)c13)OCCC2,ACHE,0,1,0,0,0,0,0,0,0,0,0,0,0,0,0,0
CHEMBL133646,CHEMBL238,7.97,1,OC1(c2ccc(Cl)cc2)c2ccc3ccccc3c2C2=NCCN21,SLC6A3,0,0,0,0,0,0,0,0,0,0,0,0,0,0,0,1
CHEMBL133897,CHEMBL1914,6.04,1,CCOc1nn(-c2cccc(OCc3ccccc3)c2)c(=O)o1,BCHE,0,0,0,0,0,1,0,0,0,0,0,0,0,0,0,0
CHEMBL133897,CHEMBL220,6.12,1,CCOc1nn(-c2cccc(OCc3ccccc3)c2)c(=O)o1,ACHE,0,1,0,0,0,0,0,0,0,0,0,0,0,0,0,0
CHEMBL133906,CHEMBL220,7.0,1,Cc1cccc2nc3c(c(N)c12)CCCC3,ACHE,0,1,0,0,0,0,0,0,0,0,0,0,0,0,0,0
CHEMBL134057,CHEMBL220,8.03,1,Nc1c2c(nc3cccc(Cl)c13)CCCC2,ACHE,0,1,0,0,0,0,0,0,0,0,0,0,0,0,0,0
CHEMBL134154,CHEMBL220,6.22,1,COc1cccc2nc3c(c(N)c12)CCCO3,ACHE,0,1,0,0,0,0,0,0,0,0,0,0,0,0,0,0
CHEMBL134488,CHEMBL1914,4.94,0,COc1ccccc1CNCCCCCC(=O)NCCCCCCCCNC(=O)CCCCCNCc1ccccc1OC,BCHE,0,0,0,0,0,1,0,0,0,0,0,0,0,0,0,0
CHEMBL136057,CHEMBL238,9.0,1,Fc1ccc(C(OCCC2CCN(C/C=C/c3ccco3)CC2)c2ccc(F)cc2)cc1,SLC6A3,0,0,0,0,0,0,0,0,0,0,0,0,0,0,0,1
CHEMBL136154,CHEMBL238,9.0,1,Fc1ccc(C(OCCC2CCN(Cc3cc4ccccc4o3)CC2)c2ccc(F)cc2)cc1,SLC6A3,0,0,0,0,0,0,0,0,0,0,0,0,0,0,0,1
CHEMBL136249,CHEMBL238,8.28,1,Fc1ccc(C(OCCC2CCN(CC#Cc3ccccc3)CC2)c2ccc(F)cc2)cc1,SLC6A3,0,0,0,0,0,0,0,0,0,0,0,0,0,0,0,1
CHEMBL136312,CHEMBL1808,8.27,1,CC(NC(C(=O)O)C1CCCN1C(=O)NC(Cc1ccccc1)C(=O)O)C(=O)N1CCCC1C(=O)O,ACE,1,0,0,0,0,0,0,0,0,0,0,0,0,0,0,0
CHEMBL137020,CHEMBL238,8.79,1,Fc1ccc(C(OCCC2CCN(Cc3cc4ccccc4s3)CC2)c2ccc(F)cc2)cc1,SLC6A3,0,0,0,0,0,0,0,0,0,0,0,0,0,0,0,1
CHEMBL137059,CHEMBL220,7.43,1,CC[N+](C)(CCCCCC(=O)N(C)CCCCCCCCN(C)C(=O)CCCCC[N+](C)(CC)Cc1ccccc1)Cc1ccccc1,ACHE,0,1,0,0,0,0,0,0,0,0,0,0,0,0,0,0
CHEMBL137718,CHEMBL238,9.35,1,Fc1ccc(C(OCCC2CCN(C/C=C/c3ccccc3)CC2)c2ccc(F)cc2)cc1,SLC6A3,0,0,0,0,0,0,0,0,0,0,0,0,0,0,0,1
CHEMBL1390450,CHEMBL4109,4.11,0,CC(C)(C)c1ccc(C(=O)Nc2sc3c(c2C(=O)O)CCC3)cc1,GRIN2C,0,0,0,0,0,0,0,0,0,0,1,0,0,0,0,0
CHEMBL139819,CHEMBL1914,6.48,1,CCC1=CC2Cc3nc4cccc(Cl)c4c(N)c3C(C1)C2,BCHE,0,0,0,0,0,1,0,0,0,0,0,0,0,0,0,0
CHEMBL139834,CHEMBL4549,9.0,1,Cc1cc(C)c(-c2ccc(C(F)(F)F)cc2)c(C(=O)Nc2ccc3c(c2)C[C@H](NS(=O)(=O)c2cccs2)C3)c1,APOE,0,0,0,1,0,0,0,0,0,0,0,0,0,0,0,0
CHEMBL139992,CHEMBL4549,8.72,1,COC(=O)N[C@H]1Cc2ccc(NC(=O)c3ccccc3-c3ccc(C(F)(F)F)cc3)cc2C1,APOE,0,0,0,1,0,0,0,0,0,0,0,0,0,0,0,0
CHEMBL140,CHEMBL2487,9.68,1,COc1cc(/C=C/C(=O)CC(=O)/C=C/c2ccc(O)c(OC)c2)ccc1O,APP,0,0,0,0,1,0,0,0,0,0,0,0,0,0,0,0
CHEMBL140020,CHEMBL220,8.1,1,C=CC[N+](C)(C)c1ccc(CCC(=O)CCc2ccc([N+](C)(C)CC=C)cc2)cc1,ACHE,0,1,0,0,0,0,0,0,0,0,0,0,0,0,0,0
CHEMBL140476,CHEMBL1914,6.63,1,CC1=CC2Cc3nc4cc(Cl)ccc4c(N)c3C(C1)C2,BCHE,0,0,0,0,0,1,0,0,0,0,0,0,0,0,0,0
CHEMBL140754,CHEMBL4549,8.62,1,Cc1cccc(C(=O)Nc2ccc3c(c2)CC(NS(=O)(=O)c2ccccc2)C3)c1-c1ccc(Cl)cc1,APOE,0,0,0,1,0,0,0,0,0,0,0,0,0,0,0,0
CHEMBL140786,CHEMBL4549,7.22,1,CS(=O)(=O)NC1Cc2ccc(NC(=O)c3ccccc3-c3ccc(C(F)(F)F)cc3)cc2C1,APOE,0,0,0,1,0,0,0,0,0,0,0,0,0,0,0,0
CHEMBL141014,CHEMBL4549,8.3,1,Cc1cccc(C(=O)Nc2ccc3c(c2)CCC(NS(C)(=O)=O)CC3)c1-c1ccc(Cl)cc1,APOE,0,0,0,1,0,0,0,0,0,0,0,0,0,0,0,0
CHEMBL141036,CHEMBL4549,8.26,1,Cc1cccc(C(=O)Nc2ccc3c(c2)CC(NS(=O)(=O)c2ccccc2)C3)c1-c1ccc(C#N)cc1,APOE,0,0,0,1,0,0,0,0,0,0,0,0,0,0,0,0
CHEMBL14144,CHEMBL238,8.28,1,CN1C2CCC1C(C(=O)Oc1ccccc1)C(c1ccc(Cl)cc1)C2,SLC6A3,0,0,0,0,0,0,0,0,0,0,0,0,0,0,0,1
CHEMBL141881,CHEMBL4549,7.82,1,COc1cccc(C(=O)Nc2ccc3c(c2)CC(NS(C)(=O)=O)C3)c1-c1ccc(Cl)cc1,APOE,0,0,0,1,0,0,0,0,0,0,0,0,0,0,0,0
CHEMBL142272,CHEMBL4549,8.8,1,Cc1cccc(C(=O)Nc2ccc3c(c2)CCC(NS(=O)(=O)c2cccs2)CC3)c1-c1ccc(C(F)(F)F)cc1,APOE,0,0,0,1,0,0,0,0,0,0,0,0,0,0,0,0
CHEMBL142332,CHEMBL4549,8.39,1,COC(=O)NCC1Cc2ccc(NC(=O)c3cccc(C)c3-c3ccc(C(F)(F)F)cc3)cc2C1,APOE,0,0,0,1,0,0,0,0,0,0,0,0,0,0,0,0
CHEMBL142450,CHEMBL4549,9.15,1,COC(=O)N[C@H]1Cc2ccc(NC(=O)c3cccc(C)c3-c3ccc(C(F)(F)F)cc3)cc2C1,APOE,0,0,0,1,0,0,0,0,0,0,0,0,0,0,0,0
CHEMBL142491,CHEMBL1914,6.96,1,CCC1=CC2Cc3nc4cccc(F)c4c(N)c3C(C1)C2,BCHE,0,0,0,0,0,1,0,0,0,0,0,0,0,0,0,0
CHEMBL142519,CHEMBL4549,6.47,1,O=C(Nc1ccc2c(c1)CC(NCc1ccccc1)C2)c1ccccc1-c1ccc(C(F)(F)F)cc1,APOE,0,0,0,1,0,0,0,0,0,0,0,0,0,0,0,0
CHEMBL14257,CHEMBL238,8.25,1,COC(=O)C1C2CCC(CC1c1ccc(C=C(Br)Br)cc1)N2,SLC6A3,0,0,0,0,0,0,0,0,0,0,0,0,0,0,0,1
CHEMBL142616,CHEMBL4549,7.8,1,Cc1cccc(C(=O)Nc2ccc3c(c2)CC(CNS(C)(=O)=O)C3)c1-c1ccc(Cl)cc1,APOE,0,0,0,1,0,0,0,0,0,0,0,0,0,0,0,0
CHEMBL142731,CHEMBL4549,8.28,1,COC(=O)N[C@@H]1Cc2ccc(NC(=O)c3ccccc3-c3ccc(C(F)(F)F)cc3)cc2C1,APOE,0,0,0,1,0,0,0,0,0,0,0,0,0,0,0,0
CHEMBL142733,CHEMBL4549,8.66,1,COC(=O)NCC1Cc2ccc(NC(=O)c3cc(C)cc(C)c3-c3ccc(C(F)(F)F)cc3)cc2C1,APOE,0,0,0,1,0,0,0,0,0,0,0,0,0,0,0,0
CHEMBL142763,CHEMBL4549,8.06,1,Cc1cccc(C(=O)Nc2ccc3c(c2)C[C@@H](NS(C)(=O)=O)C3)c1-c1ccc(C(F)(F)F)cc1,APOE,0,0,0,1,0,0,0,0,0,0,0,0,0,0,0,0
CHEMBL142816,CHEMBL1914,6.12,1,CCC1=CC2Cc3nc4ccc(Cl)cc4c(N)c3C(C1)C2,BCHE,0,0,0,0,0,1,0,0,0,0,0,0,0,0,0,0
CHEMBL142928,CHEMBL4549,8.74,1,COC(=O)N[C@H]1Cc2ccc(NC(=O)c3cccc(C(F)(F)F)c3-c3ccc(C(F)(F)F)cc3)cc2C1,APOE,0,0,0,1,0,0,0,0,0,0,0,0,0,0,0,0
CHEMBL142972,CHEMBL4549,8.77,1,Cc1cccc(C(=O)Nc2ccc3c(c2)C[C@@H](NCc2ccccn2)C3)c1-c1ccc(C(F)(F)F)cc1,APOE,0,0,0,1,0,0,0,0,0,0,0,0,0,0,0,0
CHEMBL142975,CHEMBL4549,8.8,1,COC(=O)NC1CCc2ccc(NC(=O)c3cccc(C)c3-c3ccc(C(F)(F)F)cc3)cc2CC1,APOE,0,0,0,1,0,0,0,0,0,0,0,0,0,0,0,0
CHEMBL14305,CHEMBL238,8.51,1,COC(=O)C1C(c2ccc(/C=C\Br)cc2)CC2CCC1N2C,SLC6A3,0,0,0,0,0,0,0,0,0,0,0,0,0,0,0,1
CHEMBL143055,CHEMBL220,7.74,1,CCN(CCCCCC(=O)N(CCCCCCCCN(C(=O)CCCCCN(CC)Cc1ccccc1OC)C(C)C)C(C)C)Cc1ccccc1OC,ACHE,0,1,0,0,0,0,0,0,0,0,0,0,0,0,0,0
CHEMBL143094,CHEMBL1914,7.49,1,CCC1=CC2Cc3nc4cc(C)cc(C)c4c(N)c3C(C1)C2,BCHE,0,0,0,0,0,1,0,0,0,0,0,0,0,0,0,0
CHEMBL143284,CHEMBL4549,8.96,1,COC(=O)N[C@H]1Cc2ccc(NC(=O)c3cc(C)cc(C)c3-c3ccc(C(F)(F)F)cc3)cc2C1,APOE,0,0,0,1,0,0,0,0,0,0,0,0,0,0,0,0
CHEMBL143290,CHEMBL1914,6.02,1,CC1=CC2Cc3nc4cc(F)cc(F)c4c(N)c3C(C1)C2,BCHE,0,0,0,0,0,1,0,0,0,0,0,0,0,0,0,0
CHEMBL143514,CHEMBL4549,8.66,1,COC(=O)N[C@H]1Cc2ccc(NC(=O)c3cc(C)ccc3-c3ccc(C(F)(F)F)cc3)cc2C1,APOE,0,0,0,1,0,0,0,0,0,0,0,0,0,0,0,0
CHEMBL143535,CHEMBL4549,7.92,1,O=C(Nc1ccc2c(c1)CC(NS(=O)(=O)c1ccccc1)C2)c1ccccc1-c1ccccc1,APOE,0,0,0,1,0,0,0,0,0,0,0,0,0,0,0,0
CHEMBL143610,CHEMBL4549,6.92,1,CC(=O)NC1Cc2ccc(NC(=O)c3ccccc3-c3ccc(C(F)(F)F)cc3)cc2C1,APOE,0,0,0,1,0,0,0,0,0,0,0,0,0,0,0,0
CHEMBL143626,CHEMBL4549,8.72,1,Cc1cccc(C(=O)Nc2ccc3c(c2)CC(CNS(=O)(=O)c2cccs2)C3)c1-c1ccc(C(F)(F)F)cc1,APOE,0,0,0,1,0,0,0,0,0,0,0,0,0,0,0,0
CHEMBL143647,CHEMBL4549,6.92,1,CN(C)C(=O)NC1Cc2ccc(NC(=O)c3ccccc3-c3ccc(C(F)(F)F)cc3)cc2C1,APOE,0,0,0,1,0,0,0,0,0,0,0,0,0,0,0,0
CHEMBL143684,CHEMBL4549,6.57,1,O=C(NC1Cc2ccc(NC(=O)c3ccccc3-c3ccc(C(F)(F)F)cc3)cc2C1)c1ccccc1,APOE,0,0,0,1,0,0,0,0,0,0,0,0,0,0,0,0
CHEMBL14370,CHEMBL238,7.22,1,CCOc1ccccc1OC(c1ccccc1)C1CNCCO1,SLC6A3,0,0,0,0,0,0,0,0,0,0,0,0,0,0,0,1
CHEMBL143821,CHEMBL4549,8.08,1,Cc1cccc(C(=O)Nc2ccc3c(c2)CC(NS(C)(=O)=O)C3)c1-c1ccc(F)cc1,APOE,0,0,0,1,0,0,0,0,0,0,0,0,0,0,0,0
CHEMBL14391,CHEMBL238,8.9,1,COC(=O)C1C(c2ccc(I)cc2)CC2CCC1N2C,SLC6A3,0,0,0,0,0,0,0,0,0,0,0,0,0,0,0,1
CHEMBL14531,CHEMBL238,8.41,1,COC(=O)C1C2CCC(CC1c1ccc(/C=C\Br)cc1)N2,SLC6A3,0,0,0,0,0,0,0,0,0,0,0,0,0,0,0,1
CHEMBL145940,CHEMBL238,6.19,1,CC(C)(C)N[C@H]1C[C@@H](c2ccc(Cl)c(Cl)c2)c2ccccc21,SLC6A3,0,0,0,0,0,0,0,0,0,0,0,0,0,0,0,1
CHEMBL145994,CHEMBL238,7.1,1,Clc1ccc([C@@H]2C[C@@H](NCc3ccccc3)c3ccccc32)cc1Cl,SLC6A3,0,0,0,0,0,0,0,0,0,0,0,0,0,0,0,1
CHEMBL146042,CHEMBL238,6.66,1,CCCN[C@@H]1C[C@@H](c2ccc(Cl)c(Cl)c2)c2ccccc21,SLC6A3,0,0,0,0,0,0,0,0,0,0,0,0,0,0,0,1
CHEMBL146080,CHEMBL1914,4.62,0,C/C=C(\C)C(=O)N[C@@H]1C=C2CC[C@@H]3[C@H](CC[C@]4(C)C([C@H](C)N(C)C)=CC[C@@H]34)[C@@]2(C)C[C@H]1O,BCHE,0,0,0,0,0,1,0,0,0,0,0,0,0,0,0,0
CHEMBL14613,CHEMBL238,9.16,1,COC(=O)C1C2CCC(CC1c1ccc(I)cc1)N2,SLC6A3,0,0,0,0,0,0,0,0,0,0,0,0,0,0,0,1
CHEMBL146332,CHEMBL238,6.54,1,CN[C@H]1C[C@@H](c2ccc(Cl)c(Cl)c2)c2ccccc21,SLC6A3,0,0,0,0,0,0,0,0,0,0,0,0,0,0,0,1
CHEMBL146615,CHEMBL238,6.55,1,CCCN[C@H]1C[C@@H](c2ccc(Cl)c(Cl)c2)c2ccccc21,SLC6A3,0,0,0,0,0,0,0,0,0,0,0,0,0,0,0,1
CHEMBL146764,CHEMBL1904,6.82,1,Cc1n[nH]c(SCCN2CCC(Cc3ccccc3)CC2)n1,GRIN2B,0,0,0,0,0,0,0,0,0,1,0,0,0,0,0,0
CHEMBL147040,CHEMBL238,7.41,1,CCN(C)[C@@H]1C[C@@H](c2ccc(Cl)c(Cl)c2)c2ccccc21,SLC6A3,0,0,0,0,0,0,0,0,0,0,0,0,0,0,0,1
CHEMBL147185,CHEMBL1808,8.4,1,O=C1N[C@H](C(=O)O)CCCCCc2cccc(c2)C[C@@H]1CS,ACE,1,0,0,0,0,0,0,0,0,0,0,0,0,0,0,0
CHEMBL147200,CHEMBL1904,6.04,1,O=[N+]([O-])c1ccc2[nH]c(SCCCN3CCC(Cc4ccccc4)CC3)nc2c1,GRIN2B,0,0,0,0,0,0,0,0,0,1,0,0,0,0,0,0
CHEMBL147200,CHEMBL1972,4.21,0,O=[N+]([O-])c1ccc2[nH]c(SCCCN3CCC(Cc4ccccc4)CC3)nc2c1,GRIN2A,0,0,0,0,0,0,0,0,1,0,0,0,0,0,0,0
CHEMBL147295,CHEMBL1904,6.0,1,c1ccc(CC2CCN(CCCSc3nc4ccccc4[nH]3)CC2)cc1,GRIN2B,0,0,0,0,0,0,0,0,0,1,0,0,0,0,0,0
CHEMBL147295,CHEMBL1972,4.19,0,c1ccc(CC2CCN(CCCSc3nc4ccccc4[nH]3)CC2)cc1,GRIN2A,0,0,0,0,0,0,0,0,1,0,0,0,0,0,0,0
CHEMBL147295,CHEMBL4109,4.29,0,c1ccc(CC2CCN(CCCSc3nc4ccccc4[nH]3)CC2)cc1,GRIN2C,0,0,0,0,0,0,0,0,0,0,1,0,0,0,0,0
CHEMBL147346,CHEMBL1914,4.78,0,CN[C@H]1CC[C@@]2(C)[C@@H](CC[C@@H]3[C@@H]2CC[C@]2(C)[C@@H]([C@H](C)N(C)C(C)=O)CC[C@@H]32)C1,BCHE,0,0,0,0,0,1,0,0,0,0,0,0,0,0,0,0
CHEMBL147355,CHEMBL1904,7.16,1,c1ccc(CC2CCN(CCSc3ncc[nH]3)CC2)cc1,GRIN2B,0,0,0,0,0,0,0,0,0,1,0,0,0,0,0,0
CHEMBL147465,CHEMBL220,4.57,0,C#CCCOC[n+]1ccn(C)c1C.[Cl-],ACHE,0,1,0,0,0,0,0,0,0,0,0,0,0,0,0,0
CHEMBL147526,CHEMBL1808,6.93,1,O=C1N[C@H](C(=O)O)CCCCCCc2cccc(c2)C[C@H]1CS,ACE,1,0,0,0,0,0,0,0,0,0,0,0,0,0,0,0
CHEMBL147755,CHEMBL1808,6.14,1,O=C1N[C@H](C(=O)O)Cc2ccccc2CCCCCC[C@@H]1CS,ACE,1,0,0,0,0,0,0,0,0,0,0,0,0,0,0,0
CHEMBL147950,CHEMBL238,7.2,1,CN(C)[C@H]1C[C@@H](c2ccc(Cl)c(Cl)c2)c2ccccc21,SLC6A3,0,0,0,0,0,0,0,0,0,0,0,0,0,0,0,1
CHEMBL147983,CHEMBL238,8.09,1,CCN[C@@H]1C[C@@H](c2ccc(Cl)c(Cl)c2)c2ccccc21,SLC6A3,0,0,0,0,0,0,0,0,0,0,0,0,0,0,0,1
CHEMBL148104,CHEMBL238,6.05,1,CN([C@@H]1C[C@@H](c2ccc(Cl)c(Cl)c2)c2ccccc21)C(C)(C)C,SLC6A3,0,0,0,0,0,0,0,0,0,0,0,0,0,0,0,1
CHEMBL148616,CHEMBL1808,6.3,1,C[C@H](CS)C(=O)N1Cc2[nH]c3ccccc3c2CC1C(=O)O,ACE,1,0,0,0,0,0,0,0,0,0,0,0,0,0,0,0
CHEMBL148767,CHEMBL1904,6.42,1,c1ccc(CC2CCN(CCSc3nc4ccccc4[nH]3)CC2)cc1,GRIN2B,0,0,0,0,0,0,0,0,0,1,0,0,0,0,0,0
CHEMBL148767,CHEMBL1972,4.12,0,c1ccc(CC2CCN(CCSc3nc4ccccc4[nH]3)CC2)cc1,GRIN2A,0,0,0,0,0,0,0,0,1,0,0,0,0,0,0,0
CHEMBL148832,CHEMBL220,4.66,0,C#CCOC[n+]1ccn(C)c1/C=N/O.[Cl-],ACHE,0,1,0,0,0,0,0,0,0,0,0,0,0,0,0,0
CHEMBL149026,CHEMBL220,4.84,0,C#CCCOC[n+]1ccn(C)c1/C=N/O.[Cl-],ACHE,0,1,0,0,0,0,0,0,0,0,0,0,0,0,0,0
CHEMBL149054,CHEMBL1972,4.07,0,c1ccc(CC2CCN(CCCSc3ccccc3)CC2)cc1,GRIN2A,0,0,0,0,0,0,0,0,1,0,0,0,0,0,0,0
CHEMBL14924,CHEMBL238,8.17,1,COC(=O)C1C(c2ccc(C=C(Br)Br)cc2)CC2CCC1N2C,SLC6A3,0,0,0,0,0,0,0,0,0,0,0,0,0,0,0,1
CHEMBL149246,CHEMBL238,6.11,1,c1ccc(C(c2ccccc2)c2cccnc2)cc1,SLC6A3,0,0,0,0,0,0,0,0,0,0,0,0,0,0,0,1
CHEMBL149367,CHEMBL1808,6.33,1,O=C1N[C@@H](C(=O)O)Cc2ccccc2CCCCCC[C@@H]1CS,ACE,1,0,0,0,0,0,0,0,0,0,0,0,0,0,0,0
CHEMBL150045,CHEMBL238,7.1,1,c1ccc(C(c2ccccc2)c2ccncc2)cc1,SLC6A3,0,0,0,0,0,0,0,0,0,0,0,0,0,0,0,1
CHEMBL150156,CHEMBL220,4.2,0,C#CCCCC[n+]1cn(C)c(/C=N/O)n1.[Cl-],ACHE,0,1,0,0,0,0,0,0,0,0,0,0,0,0,0,0
CHEMBL150212,CHEMBL220,4.01,0,C#CCCOC[n+]1ccc(/C=N/O)cc1.[Cl-],ACHE,0,1,0,0,0,0,0,0,0,0,0,0,0,0,0,0
CHEMBL150403,CHEMBL1904,6.25,1,Nc1nnc(SCCCN2CCC(Cc3ccccc3)CC2)s1,GRIN2B,0,0,0,0,0,0,0,0,0,1,0,0,0,0,0,0
CHEMBL150403,CHEMBL1972,4.14,0,Nc1nnc(SCCCN2CCC(Cc3ccccc3)CC2)s1,GRIN2A,0,0,0,0,0,0,0,0,1,0,0,0,0,0,0,0
CHEMBL150641,CHEMBL1904,6.62,1,c1ccc(CC2CCN(CCSc3nc4ccc[nH]c-4n3)CC2)cc1,GRIN2B,0,0,0,0,0,0,0,0,0,1,0,0,0,0,0,0
CHEMBL151174,CHEMBL1904,7.0,1,Oc1ccc(SCCN2CCC(Cc3ccccc3)CC2)cc1,GRIN2B,0,0,0,0,0,0,0,0,0,1,0,0,0,0,0,0
CHEMBL151174,CHEMBL1972,4.46,0,Oc1ccc(SCCN2CCC(Cc3ccccc3)CC2)cc1,GRIN2A,0,0,0,0,0,0,0,0,1,0,0,0,0,0,0,0
CHEMBL151339,CHEMBL1904,6.21,1,c1ccc(CC2CCN(CCCSc3ncc[nH]3)CC2)cc1,GRIN2B,0,0,0,0,0,0,0,0,0,1,0,0,0,0,0,0
CHEMBL151339,CHEMBL1972,4.11,0,c1ccc(CC2CCN(CCCSc3ncc[nH]3)CC2)cc1,GRIN2A,0,0,0,0,0,0,0,0,1,0,0,0,0,0,0,0
CHEMBL151389,CHEMBL1904,6.2,1,Nc1n[nH]c(SCCCN2CCC(Cc3ccccc3)CC2)n1,GRIN2B,0,0,0,0,0,0,0,0,0,1,0,0,0,0,0,0
CHEMBL151389,CHEMBL1972,4.11,0,Nc1n[nH]c(SCCCN2CCC(Cc3ccccc3)CC2)n1,GRIN2A,0,0,0,0,0,0,0,0,1,0,0,0,0,0,0,0
CHEMBL151428,CHEMBL1904,6.2,1,c1ccc(CC2CCN(CCCSc3nc[nH]n3)CC2)cc1,GRIN2B,0,0,0,0,0,0,0,0,0,1,0,0,0,0,0,0
CHEMBL151428,CHEMBL1972,4.29,0,c1ccc(CC2CCN(CCCSc3nc[nH]n3)CC2)cc1,GRIN2A,0,0,0,0,0,0,0,0,1,0,0,0,0,0,0,0
CHEMBL151489,CHEMBL1904,6.03,1,c1ccc(CC2CCN(CCSc3ccccc3)CC2)cc1,GRIN2B,0,0,0,0,0,0,0,0,0,1,0,0,0,0,0,0
CHEMBL1519,CHEMBL1808,9.03,1,CCOC(=O)[C@H](CCc1ccccc1)N[C@@H](C)C(=O)N1[C@H](C(=O)O)C[C@H]2CCCC[C@@H]21,ACE,1,0,0,0,0,0,0,0,0,0,0,0,0,0,0,0
CHEMBL151901,CHEMBL1904,7.46,1,Nc1n[nH]c(SCCN2CCC(Cc3ccccc3)CC2)n1,GRIN2B,0,0,0,0,0,0,0,0,0,1,0,0,0,0,0,0
CHEMBL152260,CHEMBL220,6.43,1,N#CC(C#N)=C1NCCN1CCNCc1ccc(CN2CCCC(O)C2)o1,ACHE,0,1,0,0,0,0,0,0,0,0,0,0,0,0,0,0
CHEMBL152307,CHEMBL1808,4.3,0,O=CC(Cc1ccccc1)NC(CCc1ccccc1)C(=O)O,ACE,1,0,0,0,0,0,0,0,0,0,0,0,0,0,0,0
CHEMBL152758,CHEMBL1808,7.05,1,CC(N[C@H](C)C(=O)N1CCC[C@H]1C(=O)O)C(=O)O,ACE,1,0,0,0,0,0,0,0,0,0,0,0,0,0,0,0
CHEMBL153865,CHEMBL220,8.28,1,CN1CCC(C[C@@H]2Cc3ccccc3C2=O)CC1,ACHE,0,1,0,0,0,0,0,0,0,0,0,0,0,0,0,0
CHEMBL154211,CHEMBL220,7.52,1,N#CC(C#N)=C1NCCN1CCNCc1ccc(CN2CCCCC2)o1,ACHE,0,1,0,0,0,0,0,0,0,0,0,0,0,0,0,0
CHEMBL154263,CHEMBL220,6.54,1,CC1CCN(Cc2ccc(CNCCN3CCNC3=C(C#N)C#N)o2)CC1,ACHE,0,1,0,0,0,0,0,0,0,0,0,0,0,0,0,0
CHEMBL154366,CHEMBL220,6.43,1,CC1CCCN(Cc2ccc(CNCCN3CCNC3=C(C#N)C#N)o2)C1,ACHE,0,1,0,0,0,0,0,0,0,0,0,0,0,0,0,0
CHEMBL154433,CHEMBL220,4.96,0,N#CC(C#N)=C1NCCN1CCNCc1ccc(CN2CCOCC2)o1,ACHE,0,1,0,0,0,0,0,0,0,0,0,0,0,0,0,0
CHEMBL154689,CHEMBL220,6.41,1,CN(C)Cc1ccc(CNCCN2CCNC2=C(C#N)C#N)o1,ACHE,0,1,0,0,0,0,0,0,0,0,0,0,0,0,0,0
CHEMBL154972,CHEMBL220,7.14,1,N#CC(C#N)=C1Nc2ccccc2N1CCNCc1ccc(CN2CCCCC2)o1,ACHE,0,1,0,0,0,0,0,0,0,0,0,0,0,0,0,0
CHEMBL155111,CHEMBL220,7.1,1,N#CC(C#N)=C1NCCN1CCNCc1ccc(CN2CCCC2)o1,ACHE,0,1,0,0,0,0,0,0,0,0,0,0,0,0,0,0
CHEMBL155121,CHEMBL220,6.66,1,CC1CCN(Cc2cccc3ccccc23)CC1,ACHE,0,1,0,0,0,0,0,0,0,0,0,0,0,0,0,0
CHEMBL155322,CHEMBL220,6.27,1,CC1CCCCN1Cc1ccc(CNCCN2CCNC2=C(C#N)C#N)o1,ACHE,0,1,0,0,0,0,0,0,0,0,0,0,0,0,0,0
CHEMBL155350,CHEMBL220,6.8,1,CC/N=C1/CCc2c1n(C)c1ccc(OC(=O)NC)c(Cl)c21,ACHE,0,1,0,0,0,0,0,0,0,0,0,0,0,0,0,0
CHEMBL155392,CHEMBL220,6.2,1,CNC(NCCNCc1ccc(CN(C)C)o1)=C(C#N)C#N,ACHE,0,1,0,0,0,0,0,0,0,0,0,0,0,0,0,0
CHEMBL155746,CHEMBL220,8.52,1,CN1CCC(/C=C/C=C2\Cc3ccccc3C2=O)CC1,ACHE,0,1,0,0,0,0,0,0,0,0,0,0,0,0,0,0
CHEMBL155754,CHEMBL220,6.64,1,C/N=C1/CCc2c1n(C)c1ccc(OC(=O)NC)c(Cl)c21,ACHE,0,1,0,0,0,0,0,0,0,0,0,0,0,0,0,0
CHEMBL155768,CHEMBL220,5.0,0,CC1CCN(C(=O)c2ccccc2)CC1,ACHE,0,1,0,0,0,0,0,0,0,0,0,0,0,0,0,0
CHEMBL155945,CHEMBL220,9.09,1,CN1CCC(CC/C=C2\Cc3ccccc3C2=O)CC1,ACHE,0,1,0,0,0,0,0,0,0,0,0,0,0,0,0,0
CHEMBL1560,CHEMBL1808,7.92,1,C[C@H](CS)C(=O)N1CCC[C@H]1C(=O)O,ACE,1,0,0,0,0,0,0,0,0,0,0,0,0,0,0,0
CHEMBL156157,CHEMBL220,7.03,1,CN1CCN(CC2Cc3ccccc3C2=O)CC1,ACHE,0,1,0,0,0,0,0,0,0,0,0,0,0,0,0,0
CHEMBL156763,CHEMBL220,6.32,1,CC1CCN(CC2Cc3ccccc3C2=O)CC1,ACHE,0,1,0,0,0,0,0,0,0,0,0,0,0,0,0,0
CHEMBL156861,CHEMBL220,6.75,1,C/N=C1/CCc2c1n(C)c1ccc(OC(=O)NC)c(Br)c21,ACHE,0,1,0,0,0,0,0,0,0,0,0,0,0,0,0,0
CHEMBL156874,CHEMBL220,8.08,1,CN1CCC(/C=C2\Cc3ccccc3C2=O)CC1,ACHE,0,1,0,0,0,0,0,0,0,0,0,0,0,0,0,0
CHEMBL157182,CHEMBL220,6.17,1,C/N=C1/CCc2c1n(C)c1cc(Cl)c(OC(=O)NC)cc21,ACHE,0,1,0,0,0,0,0,0,0,0,0,0,0,0,0,0
CHEMBL158174,CHEMBL220,8.0,1,Cc1ccccc1CN1CCC(C)CC1,ACHE,0,1,0,0,0,0,0,0,0,0,0,0,0,0,0,0
CHEMBL158232,CHEMBL220,8.28,1,CC1CCN(Cc2ccccc2)CC1,ACHE,0,1,0,0,0,0,0,0,0,0,0,0,0,0,0,0
CHEMBL158252,CHEMBL220,8.38,1,CN1CCC(CCC2C(=O)Nc3ccccc3C2=O)CC1,ACHE,0,1,0,0,0,0,0,0,0,0,0,0,0,0,0,0
CHEMBL158737,CHEMBL1904,9.15,1,COc1ccccc1C/N=C(N)/C=C/c1ccccc1,GRIN2B,0,0,0,0,0,0,0,0,0,1,0,0,0,0,0,0
CHEMBL158874,CHEMBL1904,8.05,1,N=C(/C=C/c1ccccc1)NCc1ccccc1,GRIN2B,0,0,0,0,0,0,0,0,0,1,0,0,0,0,0,0
CHEMBL158946,CHEMBL220,7.22,1,C/N=C1/CCc2c1n(C)c1ccc(OC(=O)N(C)C)c(Br)c21,ACHE,0,1,0,0,0,0,0,0,0,0,0,0,0,0,0,0
CHEMBL1592,CHEMBL1808,8.08,1,CCOC(=O)[C@H](CCc1ccccc1)N[C@@H](C)C(=O)N1Cc2ccccc2C[C@H]1C(=O)O,ACE,1,0,0,0,0,0,0,0,0,0,0,0,0,0,0,0
CHEMBL159279,CHEMBL1904,7.14,1,N=C(NCc1ccccc1C(F)(F)F)c1ccc(OC(F)(F)F)cc1,GRIN2B,0,0,0,0,0,0,0,0,0,1,0,0,0,0,0,0
CHEMBL159530,CHEMBL1904,6.32,1,N=C(NCc1ccccc1)c1ccc(C(F)(F)F)cc1,GRIN2B,0,0,0,0,0,0,0,0,0,1,0,0,0,0,0,0
CHEMBL159558,CHEMBL1904,7.7,1,N=C(NCc1cccc(Cl)c1)c1ccc(C(F)(F)F)cc1,GRIN2B,0,0,0,0,0,0,0,0,0,1,0,0,0,0,0,0
CHEMBL159560,CHEMBL1904,8.24,1,COc1ccccc1C/N=C(\N)c1ccc(OC(F)(F)F)cc1,GRIN2B,0,0,0,0,0,0,0,0,0,1,0,0,0,0,0,0
CHEMBL159744,CHEMBL1904,8.92,1,Cc1cc(C)cc(C/N=C(\N)c2ccc(OC(F)(F)F)cc2)c1,GRIN2B,0,0,0,0,0,0,0,0,0,1,0,0,0,0,0,0
CHEMBL159818,CHEMBL1904,7.8,1,N=C(NCc1cccc(Cl)c1)c1ccc(Cl)c(Cl)c1,GRIN2B,0,0,0,0,0,0,0,0,0,1,0,0,0,0,0,0
CHEMBL159879,CHEMBL1904,6.22,1,N=C(NCc1cccc(Cl)c1)c1ccc(F)cc1,GRIN2B,0,0,0,0,0,0,0,0,0,1,0,0,0,0,0,0
CHEMBL160219,CHEMBL220,6.8,1,CNC(=O)Oc1ccc2c(c1)c1c(n2C)/C(=N\CCc2ccccc2)CC1,ACHE,0,1,0,0,0,0,0,0,0,0,0,0,0,0,0,0
CHEMBL160836,CHEMBL220,6.85,1,CC/N=C1/CCc2c1n(C)c1ccc(OC(=O)NC)c(Br)c21,ACHE,0,1,0,0,0,0,0,0,0,0,0,0,0,0,0,0
CHEMBL161180,CHEMBL1904,9.22,1,N=C(NCc1cc(Cl)cc(Cl)c1)c1ccc(OC(F)(F)F)cc1,GRIN2B,0,0,0,0,0,0,0,0,0,1,0,0,0,0,0,0
CHEMBL161421,CHEMBL1904,6.92,1,N=C(NCc1ccccc1)c1ccc(OC(F)(F)F)cc1,GRIN2B,0,0,0,0,0,0,0,0,0,1,0,0,0,0,0,0
CHEMBL161871,CHEMBL1904,7.2,1,N=C(NCc1cccc(Cl)c1)c1ccc(Cl)cc1,GRIN2B,0,0,0,0,0,0,0,0,0,1,0,0,0,0,0,0
CHEMBL161876,CHEMBL1904,7.92,1,N=C(NCc1ccccc1OC(F)(F)F)c1ccc(Cl)c(Cl)c1,GRIN2B,0,0,0,0,0,0,0,0,0,1,0,0,0,0,0,0
CHEMBL161977,CHEMBL1904,6.01,1,N=C(NCc1ccccc1)c1ccc(Cl)cc1,GRIN2B,0,0,0,0,0,0,0,0,0,1,0,0,0,0,0,0
CHEMBL162080,CHEMBL1904,8.41,1,Cc1cc(C)cc(C/N=C(\N)c2ccc(C(F)(F)F)cc2)c1,GRIN2B,0,0,0,0,0,0,0,0,0,1,0,0,0,0,0,0
CHEMBL162081,CHEMBL1904,6.1,1,N=C(NCc1cccc(Cl)c1)c1cccc(Cl)c1,GRIN2B,0,0,0,0,0,0,0,0,0,1,0,0,0,0,0,0
CHEMBL162360,CHEMBL1808,7.64,1,C[C@H](CS)C(=O)N1CCCC1C(=O)O,ACE,1,0,0,0,0,0,0,0,0,0,0,0,0,0,0,0
CHEMBL163454,CHEMBL1808,6.28,1,O=C(N[C@@H](Cc1ccc(-c2ccccc2)cc1)C(=O)O)[C@H](S)Cc1ccccc1,ACE,1,0,0,0,0,0,0,0,0,0,0,0,0,0,0,0
CHEMBL1643335,CHEMBL2487,8.22,1,CN(C)c1ccc(C#CC(=O)c2ccc(I)cc2)cc1,APP,0,0,0,0,1,0,0,0,0,0,0,0,0,0,0,0
CHEMBL1643337,CHEMBL2487,7.69,1,CN(C)c1ccc(C#CC(=O)c2ccc(F)cc2)cc1,APP,0,0,0,0,1,0,0,0,0,0,0,0,0,0,0,0
CHEMBL1643338,CHEMBL2487,7.86,1,COc1ccc(C#CC(=O)c2ccc(I)cc2)cc1,APP,0,0,0,0,1,0,0,0,0,0,0,0,0,0,0,0
CHEMBL1643339,CHEMBL2487,6.49,1,O=C(C#Cc1ccc(O)cc1)c1ccc(I)cc1,APP,0,0,0,0,1,0,0,0,0,0,0,0,0,0,0,0
CHEMBL166164,CHEMBL1808,8.77,1,C[C@H](NCS)C(=O)N1CCC[C@H]1C(=O)O,ACE,1,0,0,0,0,0,0,0,0,0,0,0,0,0,0,0
CHEMBL1671878,CHEMBL2487,8.46,1,CNc1ccc(-c2cn3c(n2)sc2cc(OC)ccc23)cc1,APP,0,0,0,0,1,0,0,0,0,0,0,0,0,0,0,0
CHEMBL1677,CHEMBL1914,7.36,1,Cl.Nc1c2c(nc3ccccc13)CCCC2,BCHE,0,0,0,0,0,1,0,0,0,0,0,0,0,0,0,0
CHEMBL169429,CHEMBL238,7.92,1,COC(=O)C1=C(c2ccc(Cl)c(Cl)c2)CC2CCC1O2,SLC6A3,0,0,0,0,0,0,0,0,0,0,0,0,0,0,0,1
CHEMBL169471,CHEMBL238,9.18,1,COC(=O)C1C2CCC(CC1c1ccc(Cl)c(Cl)c1)N2,SLC6A3,0,0,0,0,0,0,0,0,0,0,0,0,0,0,0,1
CHEMBL171106,CHEMBL238,8.1,1,COC(=O)C1C(c2cccc(Br)c2)CC2CCC1N2C,SLC6A3,0,0,0,0,0,0,0,0,0,0,0,0,0,0,0,1
CHEMBL171850,CHEMBL1808,6.15,1,CC(C)CC(S)C(Cc1ccccc1)C(=O)NC(Cc1ccc(O)cc1)C(=O)O,ACE,1,0,0,0,0,0,0,0,0,0,0,0,0,0,0,0
CHEMBL172015,CHEMBL1808,7.82,1,O=C(NC(Cc1cccnc1)C(=O)CCC(=O)N1CCC[C@H]1C(=O)OCc1ccccc1)c1ccccc1,ACE,1,0,0,0,0,0,0,0,0,0,0,0,0,0,0,0
CHEMBL1722,CHEMBL238,7.7,1,COC(=O)C(c1ccccc1)C1CCCCN1.Cl,SLC6A3,0,0,0,0,0,0,0,0,0,0,0,0,0,0,0,1
CHEMBL172262,CHEMBL1808,8.85,1,O=C(NC(Cc1ccccc1)C(=O)CCC(=O)N1CCC[C@H]1C(=O)O)c1ccco1,ACE,1,0,0,0,0,0,0,0,0,0,0,0,0,0,0,0
CHEMBL172356,CHEMBL1808,7.07,1,O=C(NC(Cc1ccc(OCc2ccccc2)cc1)C(=O)CCC(=O)N1CCC[C@H]1C(=O)OCc1ccccc1)c1ccccc1,ACE,1,0,0,0,0,0,0,0,0,0,0,0,0,0,0,0
CHEMBL172442,CHEMBL1914,6.12,1,CC[N+](C)(CCCCCCOCCCCCCCCOCCCCCC[N+](C)(CC)Cc1ccccc1OC)Cc1ccccc1OC,BCHE,0,0,0,0,0,1,0,0,0,0,0,0,0,0,0,0
CHEMBL172442,CHEMBL220,7.11,1,CC[N+](C)(CCCCCCOCCCCCCCCOCCCCCC[N+](C)(CC)Cc1ccccc1OC)Cc1ccccc1OC,ACHE,0,1,0,0,0,0,0,0,0,0,0,0,0,0,0,0
CHEMBL172600,CHEMBL1808,6.27,1,O=C(NC(Cc1ccccc1)C(=O)CCC(=O)N1CC(O)C[C@H]1C(=O)O)c1ccccc1,ACE,1,0,0,0,0,0,0,0,0,0,0,0,0,0,0,0
CHEMBL172783,CHEMBL1808,7.38,1,O=C(NC(Cc1ccccc1)C(=O)CCCC(=O)N1CCC[C@H]1C(=O)O)c1ccccc1,ACE,1,0,0,0,0,0,0,0,0,0,0,0,0,0,0,0
CHEMBL172801,CHEMBL1808,8.0,1,O=C(NC(Cc1ccc(OCc2ccccc2)cc1)C(=O)CCC(=O)N1CCC[C@H]1C(=O)O)c1ccccc1,ACE,1,0,0,0,0,0,0,0,0,0,0,0,0,0,0,0
CHEMBL172913,CHEMBL1808,6.52,1,CC(NC(=O)c1ccccc1)C(=O)CCC(=O)N1CCC[C@H]1C(=O)O,ACE,1,0,0,0,0,0,0,0,0,0,0,0,0,0,0,0
CHEMBL172917,CHEMBL1808,6.48,1,CC(=O)NC(Cc1ccccc1)C(=O)CCC(=O)N1CCC[C@H]1C(=O)O,ACE,1,0,0,0,0,0,0,0,0,0,0,0,0,0,0,0
CHEMBL172978,CHEMBL1808,6.52,1,CCC(C)C(NC(=O)C(Cc1ccccc1)C(C)S)C(=O)NC(Cc1ccc(O)cc1)C(=O)O,ACE,1,0,0,0,0,0,0,0,0,0,0,0,0,0,0,0
CHEMBL173018,CHEMBL220,7.92,1,CC[N+](C)(CCCCCC(=O)N(C)CCCCCCCCN(C)C(=O)CCCCC[N+](C)(CC)Cc1ccccc1OC)Cc1ccccc1OC,ACHE,0,1,0,0,0,0,0,0,0,0,0,0,0,0,0,0
CHEMBL173287,CHEMBL1808,5.0,0,CC(C)CC(S)CC(=O)NC(Cc1ccccc1)C(=O)O,ACE,1,0,0,0,0,0,0,0,0,0,0,0,0,0,0,0
CHEMBL1733,CHEMBL1808,8.54,1,C[C@H](N[C@@H](CCc1ccccc1)C(=O)O)C(=O)N1Cc2ccccc2C[C@H]1C(=O)O,ACE,1,0,0,0,0,0,0,0,0,0,0,0,0,0,0,0
CHEMBL173309,CHEMBL220,7.73,1,CCN(CCCCCC(=O)N(C)CCCCCCCCN(C)C(=O)CCCCCN(CC)Cc1ccccc1OC)Cc1ccccc1OC,ACHE,0,1,0,0,0,0,0,0,0,0,0,0,0,0,0,0
CHEMBL173376,CHEMBL1808,7.34,1,Cc1ccccc1C(=O)NC(Cc1ccccc1)C(=O)CCC(=O)N1CCC[C@H]1C(=O)O,ACE,1,0,0,0,0,0,0,0,0,0,0,0,0,0,0,0
CHEMBL173427,CHEMBL238,8.73,1,COC(=O)[C@@H]1C2CCC(C[C@@H]1c1ccc(/C=C/I)cc1)N2,SLC6A3,0,0,0,0,0,0,0,0,0,0,0,0,0,0,0,1
CHEMBL17350,CHEMBL1904,7.13,1,C[C@@H]([C@@H](O)c1ccc(O)cc1)N1CCC(O)(c2ccccc2)CC1,GRIN2B,0,0,0,0,0,0,0,0,0,1,0,0,0,0,0,0
CHEMBL173594,CHEMBL238,7.55,1,C/C=C/c1ccc([C@H]2CC3CCC([C@H]2C(=O)OC)N3C)cc1,SLC6A3,0,0,0,0,0,0,0,0,0,0,0,0,0,0,0,1
CHEMBL173607,CHEMBL220,7.78,1,CC[N+](C)(CCCCCC(=O)N(C)CCCCCCCCN(C)C(=O)CCCCC[N+](C)(CC)Cc1ccccc1C)Cc1ccccc1C,ACHE,0,1,0,0,0,0,0,0,0,0,0,0,0,0,0,0
CHEMBL173822,CHEMBL1808,8.33,1,O=C(NC(Cc1ccc(O)cc1)C(=O)CCC(=O)N1CCC[C@H]1C(=O)O)c1ccccc1,ACE,1,0,0,0,0,0,0,0,0,0,0,0,0,0,0,0
CHEMBL173849,CHEMBL1808,8.85,1,COc1ccc(CC(NC(=O)c2ccccc2)C(=O)CCC(=O)N2CCC[C@H]2C(=O)O)cc1OC,ACE,1,0,0,0,0,0,0,0,0,0,0,0,0,0,0,0
CHEMBL173935,CHEMBL220,7.71,1,CC[N+](C)(CCCCCC(=O)N(C)CCCCCCCCN(C)C(=O)CCCCC[N+](C)(CC)Cc1ccccc1Cl)Cc1ccccc1Cl,ACHE,0,1,0,0,0,0,0,0,0,0,0,0,0,0,0,0
CHEMBL174046,CHEMBL220,7.93,1,CC[N+](C)(CCCCCC(=O)N(C)CCCCCCCCN(C)C(=O)CCCCC[N+](C)(CC)Cc1ccccc1C(F)(F)F)Cc1ccccc1C(F)(F)F,ACHE,0,1,0,0,0,0,0,0,0,0,0,0,0,0,0,0
CHEMBL174088,CHEMBL238,8.46,1,COC(=O)[C@@H]1C2CCC(C[C@@H]1c1ccc(/C=C\I)cc1)N2,SLC6A3,0,0,0,0,0,0,0,0,0,0,0,0,0,0,0,1
CHEMBL174228,CHEMBL220,7.25,1,CCN(CCCCCC(=O)N(C)CCCCCCCCN(C)C(=O)CCCCCN(CC)Cc1ccccc1C)Cc1ccccc1C,ACHE,0,1,0,0,0,0,0,0,0,0,0,0,0,0,0,0
CHEMBL1744173,CHEMBL238,6.18,1,CCN(C)[C@H]1C[C@@H](c2ccc(Cl)c(Cl)c2)c2ccccc21.O=C(O)/C=C\C(=O)O,SLC6A3,0,0,0,0,0,0,0,0,0,0,0,0,0,0,0,1
CHEMBL1744459,CHEMBL2487,7.24,1,[3H]N(c1ccc(-c2nc3ccc(OC)cc3s2)cn1)C([3H])([3H])[3H],APP,0,0,0,0,1,0,0,0,0,0,0,0,0,0,0,0
CHEMBL1744460,CHEMBL2487,7.72,1,[3H]C([3H])([3H])N(c1ccc(-c2nc3ccc(O)cc3s2)cn1)C([3H])([3H])[3H],APP,0,0,0,0,1,0,0,0,0,0,0,0,0,0,0,0
CHEMBL1744461,CHEMBL2487,6.74,1,[3H]N(c1ccc(-c2nc3ccc(O)cc3o2)cn1)C([3H])([3H])[3H],APP,0,0,0,0,1,0,0,0,0,0,0,0,0,0,0,0
CHEMBL1744462,CHEMBL2487,6.69,1,[3H]C([3H])([3H])N(c1ccc(-c2nc3ccc(OC)cc3o2)cn1)C([3H])([3H])[3H],APP,0,0,0,0,1,0,0,0,0,0,0,0,0,0,0,0
CHEMBL1744463,CHEMBL2487,7.07,1,[3H]C([3H])([3H])N(c1ccc(-c2nc3ccc(O)cc3o2)cn1)C([3H])([3H])[3H],APP,0,0,0,0,1,0,0,0,0,0,0,0,0,0,0,0
CHEMBL1744464,CHEMBL2487,7.12,1,[3H]C([3H])([3H])N(c1ncc(-c2nc3ccc(O)cc3o2)cn1)C([3H])([3H])[3H],APP,0,0,0,0,1,0,0,0,0,0,0,0,0,0,0,0
CHEMBL174706,CHEMBL1914,6.14,1,CO[C@@H]1C=CC[C@@H]2Oc3ccc(Br)cc3C(=O)[C@@]21C#N,BCHE,0,0,0,0,0,1,0,0,0,0,0,0,0,0,0,0
CHEMBL174710,CHEMBL1914,6.06,1,COc1ccccc1CN(CCCCCC(=O)N(C)CCCCCCCCN(C)C(=O)CCCCCN(Cc1ccccc1OC)C(C)C)C(C)C,BCHE,0,0,0,0,0,1,0,0,0,0,0,0,0,0,0,0
CHEMBL174710,CHEMBL220,7.14,1,COc1ccccc1CN(CCCCCC(=O)N(C)CCCCCCCCN(C)C(=O)CCCCCN(Cc1ccccc1OC)C(C)C)C(C)C,ACHE,0,1,0,0,0,0,0,0,0,0,0,0,0,0,0,0
CHEMBL175047,CHEMBL220,6.69,1,CCN(CCCCCCOCCCCCCCCOCCCCCCN(CC)Cc1ccccc1OC)Cc1ccccc1OC,ACHE,0,1,0,0,0,0,0,0,0,0,0,0,0,0,0,0
CHEMBL176308,CHEMBL1914,4.26,0,CCN(CCCCCC(=O)N(C)CCCCCCCCN(C)C(=O)CCCCCN(CC)Cc1ccccc1[N+](=O)[O-])Cc1ccccc1[N+](=O)[O-],BCHE,0,0,0,0,0,1,0,0,0,0,0,0,0,0,0,0
CHEMBL176308,CHEMBL220,6.1,1,CCN(CCCCCC(=O)N(C)CCCCCCCCN(C)C(=O)CCCCCN(CC)Cc1ccccc1[N+](=O)[O-])Cc1ccccc1[N+](=O)[O-],ACHE,0,1,0,0,0,0,0,0,0,0,0,0,0,0,0,0
CHEMBL176521,CHEMBL220,8.09,1,CC[N+](C)(CCCCCC(=O)N(CCCCCCCCN(C(=O)CCCCC[N+](C)(CC)Cc1ccccc1OC)C(C)C)C(C)C)Cc1ccccc1OC,ACHE,0,1,0,0,0,0,0,0,0,0,0,0,0,0,0,0
CHEMBL176585,CHEMBL220,7.31,1,CCN(CCCCCC(=O)N(C)CCCCCCCCN(C)C(=O)CCCCCN(CC)Cc1ccccc1)Cc1ccccc1,ACHE,0,1,0,0,0,0,0,0,0,0,0,0,0,0,0,0
CHEMBL176688,CHEMBL1808,8.24,1,O=C(NC(Cc1cccnc1)C(=O)CCC(=O)N1CCC[C@H]1C(=O)O)c1ccccc1,ACE,1,0,0,0,0,0,0,0,0,0,0,0,0,0,0,0
CHEMBL176773,CHEMBL220,6.17,1,COc1cccc(CN(C)CCCCCC(=O)N(C)CCCCCCCCN(C)C(=O)CCCCCN(C)Cc2cccc(OC)c2)c1,ACHE,0,1,0,0,0,0,0,0,0,0,0,0,0,0,0,0
CHEMBL176970,CHEMBL1808,6.62,1,O=C(NC(Cc1ccccc1)C(=O)CCC(=O)N1CCC[C@H]1C(=O)O)OCc1ccccc1,ACE,1,0,0,0,0,0,0,0,0,0,0,0,0,0,0,0
CHEMBL177000,CHEMBL1808,4.44,0,COC(=O)c1ccccc1NC(=O)CN(C)C(=O)C1C[C@@H](S)CN1S(=O)(=O)c1ccc2ccccc2c1,ACE,1,0,0,0,0,0,0,0,0,0,0,0,0,0,0,0
CHEMBL177052,CHEMBL220,6.95,1,CCN(CCCCCC(=O)N(C)CCCCCCCCN(C)C(=O)CCCCCN(CC)Cc1ccccc1Cl)Cc1ccccc1Cl,ACHE,0,1,0,0,0,0,0,0,0,0,0,0,0,0,0,0
CHEMBL1770629,CHEMBL5028,6.78,1,C[C@@H](NC(=O)[C@H](O)[C@@H](O)C(=O)N1CCC[C@@H]1c1cccc(Cl)c1)c1ccc(-n2cccn2)cc1,ADAM10,0,0,1,0,0,0,0,0,0,0,0,0,0,0,0,0
CHEMBL1770826,CHEMBL5028,6.92,1,CNc1nc([C@H]2c3ccccc3CN2C(=O)[C@H](O)[C@@H](O)C(=O)N[C@H](C)c2ccc(-n3cccn3)cc2)cs1,ADAM10,0,0,1,0,0,0,0,0,0,0,0,0,0,0,0,0
CHEMBL177394,CHEMBL1808,7.09,1,COC(=O)[C@@H]1CCCN1C(=O)CCC(=O)C(Cc1ccccc1)NC(=O)c1ccccc1,ACE,1,0,0,0,0,0,0,0,0,0,0,0,0,0,0,0
CHEMBL1774461,CHEMBL2487,8.54,1,CNc1ccc(/C=C/c2ccc(OCCOCCOCC[18F])nc2)cc1,APP,0,0,0,0,1,0,0,0,0,0,0,0,0,0,0,0
CHEMBL1774642,CHEMBL2487,8.26,1,CNc1ccc(-c2nc3ccc(F)cc3s2)cc1,APP,0,0,0,0,1,0,0,0,0,0,0,0,0,0,0,0
CHEMBL1774643,CHEMBL2487,8.23,1,CN(C)c1ccc(-c2nc3ccc(F)cc3s2)cc1,APP,0,0,0,0,1,0,0,0,0,0,0,0,0,0,0,0
CHEMBL1778865,CHEMBL1904,6.29,1,COc1cc(F)ccc1-c1cncc(CNCC2CC2)n1,GRIN2B,0,0,0,0,0,0,0,0,0,1,0,0,0,0,0,0
CHEMBL1779003,CHEMBL1904,6.11,1,COc1cc(F)ccc1-c1cncc(CNC2CCCC2)c1,GRIN2B,0,0,0,0,0,0,0,0,0,1,0,0,0,0,0,0
CHEMBL1779012,CHEMBL1904,6.58,1,COc1cc(F)ccc1-c1cncc(CNC(=O)c2cnccn2)c1,GRIN2B,0,0,0,0,0,0,0,0,0,1,0,0,0,0,0,0
CHEMBL1779013,CHEMBL1904,6.17,1,COc1cc(F)ccc1-c1cncc(CNC(=O)c2ccccn2)c1,GRIN2B,0,0,0,0,0,0,0,0,0,1,0,0,0,0,0,0
CHEMBL1779630,CHEMBL5028,6.22,1,O=C(NCc1ccc(-n2cccn2)cc1)[C@H](O)[C@@H](O)C(=O)N1CCCC1c1cccc(Cl)c1,ADAM10,0,0,1,0,0,0,0,0,0,0,0,0,0,0,0,0
CHEMBL178132,CHEMBL1914,7.77,1,CC(C)c1ccc(NC(=O)Oc2ccc3c(c2)[C@]2(C)CCOC2N3C)cc1,BCHE,0,0,0,0,0,1,0,0,0,0,0,0,0,0,0,0
CHEMBL178792,CHEMBL1914,7.66,1,CC(C)c1ccc(NC(=O)Oc2ccc3c(c2)C2(C)COC(C2)O3)cc1,BCHE,0,0,0,0,0,1,0,0,0,0,0,0,0,0,0,0
CHEMBL1788109,CHEMBL1808,9.8,1,CC(=O)S[C@H](C)C(=O)N1[C@H](C(=O)O)C[C@H](C(=O)O)[C@@H]1c1ccccc1,ACE,1,0,0,0,0,0,0,0,0,0,0,0,0,0,0,0
CHEMBL1788111,CHEMBL2487,8.55,1,[3H]N(c1ccc(-c2nc3ccc(O)cc3s2)cc1)C([3H])([3H])[3H],APP,0,0,0,0,1,0,0,0,0,0,0,0,0,0,0,0
CHEMBL1788117,CHEMBL2487,8.62,1,[3H]N(c1ccc(/C=C/c2ccc(O)cc2)cc1)C([3H])([3H])[3H],APP,0,0,0,0,1,0,0,0,0,0,0,0,0,0,0,0
CHEMBL1788121,CHEMBL2487,7.24,1,[3H]N(c1ccc(-c2nc3ccc(O)cc3s2)cn1)C([3H])([3H])[3H],APP,0,0,0,0,1,0,0,0,0,0,0,0,0,0,0,0
CHEMBL1788140,CHEMBL238,7.72,1,CN(C)[C@@H]1C[C@@H](c2ccc(Cl)c(Cl)c2)c2ccccc21.O=C(O)/C=C\C(=O)O,SLC6A3,0,0,0,0,0,0,0,0,0,0,0,0,0,0,0,1
CHEMBL1788203,CHEMBL1808,4.47,0,CCCC[C@H](CC(=O)NO)S(=O)(=O)c1ccccc1,ACE,1,0,0,0,0,0,0,0,0,0,0,0,0,0,0,0
CHEMBL1790041,CHEMBL220,6.19,1,CNC(=C[N+](=O)[O-])NCCSCc1ccc(CN(C)C)o1,ACHE,0,1,0,0,0,0,0,0,0,0,0,0,0,0,0,0
CHEMBL1790051,CHEMBL238,7.48,1,COC(=O)[C@@H]1C2CC[C@H](C[C@@H]1c1ccccc1)N2C.Cl,SLC6A3,0,0,0,0,0,0,0,0,0,0,0,0,0,0,0,1
CHEMBL179320,CHEMBL1914,7.57,1,CC(C)c1ccc(NC(=O)Oc2ccc3c(c2)C2(C)CCOC2O3)cc1,BCHE,0,0,0,0,0,1,0,0,0,0,0,0,0,0,0,0
CHEMBL179455,CHEMBL1914,7.2,1,Nc1ccc2c(c1)c(-c1ccccc1)[n+](CCCNCCCNCCCNc1c3c(nc4ccccc14)CCCC3)c1cc(N)ccc21,BCHE,0,0,0,0,0,1,0,0,0,0,0,0,0,0,0,0
CHEMBL180581,CHEMBL1914,8.41,1,CC(=O)N(CCCNc1c2c(nc3ccccc13)CCCC2)CCCNc1c2ccccc2nc2ccccc12,BCHE,0,0,0,0,0,1,0,0,0,0,0,0,0,0,0,0
CHEMBL180641,CHEMBL2487,4.91,0,CCOC(=O)N1CCC(c2ccccc2)(S(=O)(=O)c2ccc(Cl)cc2)CC1,APP,0,0,0,0,1,0,0,0,0,0,0,0,0,0,0,0
CHEMBL182768,CHEMBL2487,4.3,0,CCOC(=O)N1CCC(c2ccccc2OC)(S(=O)(=O)c2ccc(OC)cc2)CC1,APP,0,0,0,0,1,0,0,0,0,0,0,0,0,0,0,0
CHEMBL183806,CHEMBL2487,4.2,0,CCOC(=O)N1CCC(c2ccccc2OC)(S(=O)(=O)c2ccccc2)CC1,APP,0,0,0,0,1,0,0,0,0,0,0,0,0,0,0,0
CHEMBL183815,CHEMBL2487,4.31,0,CCOC(=O)N1CCC(c2ccccc2C)(S(=O)(=O)c2ccccc2)CC1,APP,0,0,0,0,1,0,0,0,0,0,0,0,0,0,0,0
CHEMBL184807,CHEMBL238,8.3,1,O=C(OCCCF)C1C2CCC(CC1c1ccc(Br)cc1)N2,SLC6A3,0,0,0,0,0,0,0,0,0,0,0,0,0,0,0,1
CHEMBL185169,CHEMBL238,7.7,1,COC(=O)C1=C(c2ccc3ccccc3c2)CC2CCC1O2,SLC6A3,0,0,0,0,0,0,0,0,0,0,0,0,0,0,0,1
CHEMBL185608,CHEMBL238,8.3,1,CN1C2CCC1C(C(=O)OCCF)C(c1ccc(Br)cc1)C2,SLC6A3,0,0,0,0,0,0,0,0,0,0,0,0,0,0,0,1
CHEMBL185792,CHEMBL238,6.62,1,COC(=O)C1=C(c2ccc(Cl)cc2)CC2CCC1O2,SLC6A3,0,0,0,0,0,0,0,0,0,0,0,0,0,0,0,1
CHEMBL186119,CHEMBL238,8.3,1,O=C(OCCF)C1C2CCC(CC1c1ccc(Br)cc1)N2,SLC6A3,0,0,0,0,0,0,0,0,0,0,0,0,0,0,0,1
CHEMBL186242,CHEMBL238,8.35,1,COC(=O)C1=C(c2ccc(Cl)c(Cl)c2)CC2CCC1S2,SLC6A3,0,0,0,0,0,0,0,0,0,0,0,0,0,0,0,1
CHEMBL186306,CHEMBL238,8.3,1,O=C(OCCF)C1C2CCC(CC1c1ccc(I)cc1)N2,SLC6A3,0,0,0,0,0,0,0,0,0,0,0,0,0,0,0,1
CHEMBL186447,CHEMBL238,7.89,1,COC(=O)C1=C(c2ccc(Cl)cc2)CC2CCC1S2,SLC6A3,0,0,0,0,0,0,0,0,0,0,0,0,0,0,0,1
CHEMBL186488,CHEMBL238,7.21,1,COC(=O)C1=C(c2ccc(Br)cc2)CC2CCC1O2,SLC6A3,0,0,0,0,0,0,0,0,0,0,0,0,0,0,0,1
CHEMBL186501,CHEMBL238,6.04,1,COC(=O)C1=C(c2ccccc2)CC2CCC1S2,SLC6A3,0,0,0,0,0,0,0,0,0,0,0,0,0,0,0,1
CHEMBL186962,CHEMBL238,6.51,1,CN(C)Cc1ccccc1Oc1ccc(I)cc1N,SLC6A3,0,0,0,0,0,0,0,0,0,0,0,0,0,0,0,1
CHEMBL187211,CHEMBL238,7.17,1,COC(=O)C1=C(c2ccc(I)cc2)CC2CCC1O2,SLC6A3,0,0,0,0,0,0,0,0,0,0,0,0,0,0,0,1
CHEMBL187385,CHEMBL1914,7.35,1,CCNC(=O)Oc1cccc2c1OCC1CCN(C)C21,BCHE,0,0,0,0,0,1,0,0,0,0,0,0,0,0,0,0
CHEMBL187695,CHEMBL238,8.04,1,COC(=O)C1=C(c2ccc(Br)cc2)CC2CCC1S2,SLC6A3,0,0,0,0,0,0,0,0,0,0,0,0,0,0,0,1
CHEMBL187870,CHEMBL1914,8.9,1,CCCCCCCNC(=O)Oc1cccc2c1OCC1CCN(C)C21,BCHE,0,0,0,0,0,1,0,0,0,0,0,0,0,0,0,0
CHEMBL188274,CHEMBL1914,6.39,1,CNC(=O)Oc1cccc(C(C)N(C)C)c1.Cl,BCHE,0,0,0,0,0,1,0,0,0,0,0,0,0,0,0,0
CHEMBL189118,CHEMBL238,5.0,0,Cc1cc(N(C)CCN(C)C)nc2ccc(NC(=O)/C=C/c3ccc(OC(F)(F)F)cc3)cc12,SLC6A3,0,0,0,0,0,0,0,0,0,0,0,0,0,0,0,1
CHEMBL189906,CHEMBL1914,7.23,1,CNC(=O)Oc1cccc2c1OCC1CCN(C)C21,BCHE,0,0,0,0,0,1,0,0,0,0,0,0,0,0,0,0
CHEMBL189907,CHEMBL1914,7.61,1,CNC(=O)Oc1cccc2c1CCC1CCN(C)C21,BCHE,0,0,0,0,0,1,0,0,0,0,0,0,0,0,0,0
CHEMBL189957,CHEMBL1914,4.78,0,CNC(=O)Oc1cccc(CN(C)CCCCCCCOc2ccc3c(=O)c4ccccc4oc3c2)c1,BCHE,0,0,0,0,0,1,0,0,0,0,0,0,0,0,0,0
CHEMBL190060,CHEMBL1914,4.35,0,CNC(=O)Oc1cccc(CN(C)CCCOc2ccc3c(c2)O/C(=C\c2cccc4ccccc24)C3=O)c1,BCHE,0,0,0,0,0,1,0,0,0,0,0,0,0,0,0,0
CHEMBL190322,CHEMBL1914,7.98,1,CNC(=O)Oc1cccc2c1SCC1CCN(C)C21,BCHE,0,0,0,0,0,1,0,0,0,0,0,0,0,0,0,0
CHEMBL190700,CHEMBL238,6.55,1,CN(C)Cc1ccccc1Sc1ccccc1N,SLC6A3,0,0,0,0,0,0,0,0,0,0,0,0,0,0,0,1
CHEMBL190703,CHEMBL238,6.02,1,C=Cc1ccc(Sc2ccccc2CN(C)C)c(N)c1,SLC6A3,0,0,0,0,0,0,0,0,0,0,0,0,0,0,0,1
CHEMBL1907752,CHEMBL1808,6.66,1,CCOC(=O)C(CCc1ccccc1)[S+]([O-])C(C)C(=O)N1C2CCCCC2C[C@H]1C(=O)O,ACE,1,0,0,0,0,0,0,0,0,0,0,0,0,0,0,0
CHEMBL1907754,CHEMBL1808,6.34,1,CCOC(=O)C(CCc1ccccc1)SC(C)C(=O)N1Cc2ccccc2C[C@H]1C(=O)O,ACE,1,0,0,0,0,0,0,0,0,0,0,0,0,0,0,0
CHEMBL1907755,CHEMBL1808,6.85,1,CC(SC(CCc1ccccc1)C(=O)O)C(=O)N1C2CCCCC2C[C@H]1C(=O)O,ACE,1,0,0,0,0,0,0,0,0,0,0,0,0,0,0,0
CHEMBL1907762,CHEMBL1808,6.24,1,CC(SC(CCc1ccccc1)C(=O)O)C(=O)N1CCC[C@H]1C(=O)O,ACE,1,0,0,0,0,0,0,0,0,0,0,0,0,0,0,0
CHEMBL191,CHEMBL1808,7.72,1,CCCCc1nc(Cl)c(CO)n1Cc1ccc(-c2ccccc2-c2nnn[nH]2)cc1,ACE,1,0,0,0,0,0,0,0,0,0,0,0,0,0,0,0
CHEMBL191386,CHEMBL1914,4.15,0,CNC(=O)Oc1cccc(CN(C)CCCOc2ccc3c(c2)O/C(=C\c2ccc4ccccc4c2)C3=O)c1,BCHE,0,0,0,0,0,1,0,0,0,0,0,0,0,0,0,0
CHEMBL191461,CHEMBL1914,4.09,0,CNC(=O)Oc1cccc(CN(C)CCCCCCCOc2ccc3c(c2)C/C(=C\c2cc(OC)c(OC)c(OC)c2)C3=O)c1,BCHE,0,0,0,0,0,1,0,0,0,0,0,0,0,0,0,0
CHEMBL192627,CHEMBL1914,6.57,1,O=C1C(Cl)=C(Cl)C(=O)C(Cl)=C1Cl,BCHE,0,0,0,0,0,1,0,0,0,0,0,0,0,0,0,0
CHEMBL192682,CHEMBL1914,7.32,1,O=C(CCCCC1CCSS1)NCCNc1c2c(nc3ccccc13)CCCC2,BCHE,0,0,0,0,0,1,0,0,0,0,0,0,0,0,0,0
CHEMBL193900,CHEMBL2487,4.19,0,CC(C(N)=O)c1ccc(-c2cc(Cl)cc(Cl)c2)c(F)c1,APP,0,0,0,0,1,0,0,0,0,0,0,0,0,0,0,0
CHEMBL194020,CHEMBL2487,4.7,0,CC(C(=O)OC(C)(C)C)c1ccc(-c2cc(Cl)cc(Cl)c2)c(F)c1,APP,0,0,0,0,1,0,0,0,0,0,0,0,0,0,0,0
CHEMBL194274,CHEMBL2487,4.08,0,CC(C(=O)O)c1ccc(-c2csc3ccccc23)c(F)c1,APP,0,0,0,0,1,0,0,0,0,0,0,0,0,0,0,0
CHEMBL194651,CHEMBL1808,4.5,0,CCCc1cnc(N2C[C@H](S)CC2CNCc2cc(F)ccc2F)nc1,ACE,1,0,0,0,0,0,0,0,0,0,0,0,0,0,0,0
CHEMBL194692,CHEMBL2487,4.15,0,CC(C)(C(=O)O)c1ccc(-c2ccc(C(F)(F)F)cc2)c(F)c1,APP,0,0,0,0,1,0,0,0,0,0,0,0,0,0,0,0
CHEMBL194754,CHEMBL2487,7.02,1,Nc1ccc(/C=C/c2ccc(O)cc2)cc1,APP,0,0,0,0,1,0,0,0,0,0,0,0,0,0,0,0
CHEMBL194823,CHEMBL1914,7.97,1,O=C(CCCCC1CCSS1)NCCCNc1c2c(nc3cc(Cl)ccc13)CCCC2,BCHE,0,0,0,0,0,1,0,0,0,0,0,0,0,0,0,0
CHEMBL195067,CHEMBL1914,8.07,1,O=C(CCCCC1CCSS1)NCCCCCCCNc1c2c(nc3ccccc13)CCCC2,BCHE,0,0,0,0,0,1,0,0,0,0,0,0,0,0,0,0
CHEMBL1950985,CHEMBL1904,4.52,0,O=C1CCC[C@@H]2c3[nH]c4ccccc4c3C[C@@H](CO)N12,GRIN2B,0,0,0,0,0,0,0,0,0,1,0,0,0,0,0,0
CHEMBL195179,CHEMBL1914,7.92,1,O=C(CCCCC1CCSS1)NCCCNc1c2c(nc3ccccc13)CCCC2,BCHE,0,0,0,0,0,1,0,0,0,0,0,0,0,0,0,0
CHEMBL195241,CHEMBL1914,7.4,1,Cc1c(N2CCN(C)CC2)nc2ccccc2c1C(=O)NCCCCCCCNc1c2c(nc3ccccc13)CCCC2,BCHE,0,0,0,0,0,1,0,0,0,0,0,0,0,0,0,0
CHEMBL195418,CHEMBL1914,7.5,1,Cc1c(Cl)nc2ccccc2c1C(=O)NCCCCCCCNc1c2c(nc3ccccc13)CCCC2,BCHE,0,0,0,0,0,1,0,0,0,0,0,0,0,0,0,0
CHEMBL195970,CHEMBL2487,4.11,0,CC(C(=O)O)c1ccc(-c2cc(Cl)cc(Cl)c2)c(F)c1,APP,0,0,0,0,1,0,0,0,0,0,0,0,0,0,0,0
CHEMBL19611,CHEMBL5028,8.09,1,CNC(=O)[C@H](Cc1c[nH]c2ccccc12)NC(=O)[C@@H](CC(=O)NO)CC(C)C,ADAM10,0,0,1,0,0,0,0,0,0,0,0,0,0,0,0,0
CHEMBL196213,CHEMBL2487,6.82,1,COc1ccc(S(=O)(=O)OCC(CO)COc2ccc(/C=C/c3ccc(N(C)C)cc3)cc2)cc1,APP,0,0,0,0,1,0,0,0,0,0,0,0,0,0,0,0
CHEMBL196279,CHEMBL2487,4.12,0,CC(C(=O)O)c1ccc(-c2ccc(Cl)c(Cl)c2)c(F)c1,APP,0,0,0,0,1,0,0,0,0,0,0,0,0,0,0,0
CHEMBL196321,CHEMBL2487,4.17,0,COc1ccc(-c2ccc(C(C)C(=O)O)cc2F)cc1,APP,0,0,0,0,1,0,0,0,0,0,0,0,0,0,0,0
CHEMBL196387,CHEMBL2487,7.1,1,CN(C)c1ccc(/C=C/c2ccc(OCC(CO)Cc3ccc(Br)cc3)cc2)cc1,APP,0,0,0,0,1,0,0,0,0,0,0,0,0,0,0,0
CHEMBL196407,CHEMBL2487,7.42,1,CN(C)c1ccc(/C=C/c2ccc(OCC(CO)CO)cc2)cc1,APP,0,0,0,0,1,0,0,0,0,0,0,0,0,0,0,0
CHEMBL196902,CHEMBL1808,4.5,0,O=C(O)CCNC(=O)C(CS)Cc1ccccc1,ACE,1,0,0,0,0,0,0,0,0,0,0,0,0,0,0,0
CHEMBL196941,CHEMBL2487,7.49,1,CNc1ccc(/C=C/c2ccc(OCC(CO)CO)cc2)cc1,APP,0,0,0,0,1,0,0,0,0,0,0,0,0,0,0,0
CHEMBL196945,CHEMBL2487,4.39,0,O=C(O)C1(c2ccc(-c3ccc(Cl)c(Cl)c3)c(F)c2)CC1,APP,0,0,0,0,1,0,0,0,0,0,0,0,0,0,0,0
CHEMBL196946,CHEMBL2487,4.02,0,O=C(O)C1(c2ccc(-c3csc4ccccc34)c(F)c2)CC1,APP,0,0,0,0,1,0,0,0,0,0,0,0,0,0,0,0
CHEMBL196947,CHEMBL2487,4.5,0,O=C(O)C1(c2ccc(-c3ccc(-c4ccc(O)cc4)cc3)c(F)c2)CC1,APP,0,0,0,0,1,0,0,0,0,0,0,0,0,0,0,0
CHEMBL197140,CHEMBL2487,4.96,0,CC1(C)CC(Oc2ccc(-c3ccc(C4(C(=O)O)CC4)cc3F)cc2)CC(C)(C)C1,APP,0,0,0,0,1,0,0,0,0,0,0,0,0,0,0,0
CHEMBL197202,CHEMBL2487,4.46,0,CC(C(=O)O)c1ccc(-c2ccc(-c3ccc(O)cc3)cc2)c(F)c1,APP,0,0,0,0,1,0,0,0,0,0,0,0,0,0,0,0
CHEMBL198275,CHEMBL238,7.89,1,CNCCCC1Cc2ccccc2N(c2ccc(Cl)c(Cl)c2)C1=O,SLC6A3,0,0,0,0,0,0,0,0,0,0,0,0,0,0,0,1
CHEMBL198316,CHEMBL1808,9.96,1,O=C(N[C@H]1Cc2ccccc2C2CCC[C@H](C(=O)O)N2C1=O)[C@H](S)Cc1ccccc1,ACE,1,0,0,0,0,0,0,0,0,0,0,0,0,0,0,0
CHEMBL198597,CHEMBL2487,7.82,1,Nc1ccc(/C=C/c2ccc(OCC(CO)CF)cc2)cc1,APP,0,0,0,0,1,0,0,0,0,0,0,0,0,0,0,0
CHEMBL198598,CHEMBL2487,8.96,1,CN(C)c1ccc(/C=C/c2ccc(O)cc2)cc1,APP,0,0,0,0,1,0,0,0,0,0,0,0,0,0,0,0
CHEMBL199585,CHEMBL1914,8.11,1,O=C(CCCCCCNc1c2c(nc3cc(Cl)cc(Cl)c13)CCCC2)NCCc1c[nH]c2ccccc12,BCHE,0,0,0,0,0,1,0,0,0,0,0,0,0,0,0,0
CHEMBL199670,CHEMBL1914,8.17,1,O=C(CCCCCCNc1c2c(nc3ccccc13)CCCC2)NCCc1c[nH]c2ccccc12,BCHE,0,0,0,0,0,1,0,0,0,0,0,0,0,0,0,0
CHEMBL199946,CHEMBL2487,8.28,1,CCCN(CCC)C(=O)c1cccc(C(=O)N[C@@H](Cc2ccccc2)[C@@H](N)C[C@@H](C)C(=O)N[C@H](C(=O)NCc2ccccc2)C(C)C)c1,APP,0,0,0,0,1,0,0,0,0,0,0,0,0,0,0,0
CHEMBL200014,CHEMBL2487,5.0,0,CCCN(CCC)C(=O)c1cccc(C(=O)N[C@@H](CC(C)C)[C@H](N)C[C@@H](C)C(=O)N[C@H](C(=O)NCc2ccccc2)C(C)C)c1,APP,0,0,0,0,1,0,0,0,0,0,0,0,0,0,0,0
CHEMBL200077,CHEMBL2487,6.75,1,CCCN(CCC)C(=O)c1cccc(C(=O)N[C@@H](Cc2ccccc2)[C@@H](N)C[C@@H](C)C(=O)Nc2ccc(F)cc2)c1,APP,0,0,0,0,1,0,0,0,0,0,0,0,0,0,0,0
CHEMBL2010868,CHEMBL2591,5.0,0,O=C(O)c1cc2cccc(O)c2cc1O,GRIN2D,0,0,0,0,0,0,0,0,0,0,0,1,0,0,0,0
CHEMBL2010868,CHEMBL4109,4.82,0,O=C(O)c1cc2cccc(O)c2cc1O,GRIN2C,0,0,0,0,0,0,0,0,0,0,1,0,0,0,0,0
CHEMBL2010880,CHEMBL1904,6.4,1,c1ccc(-c2nc3c(CN4CCCCC4)cccc3[nH]2)cc1,GRIN2B,0,0,0,0,0,0,0,0,0,1,0,0,0,0,0,0
CHEMBL2010883,CHEMBL1904,7.1,1,Fc1ccc2[nH]c(-c3ccccc3)nc2c1CN1CCCC1,GRIN2B,0,0,0,0,0,0,0,0,0,1,0,0,0,0,0,0
CHEMBL2010884,CHEMBL1904,7.1,1,Fc1ccc2[nH]c(-c3ccccc3)nc2c1CN1CCCCC1,GRIN2B,0,0,0,0,0,0,0,0,0,1,0,0,0,0,0,0
CHEMBL2010885,CHEMBL1904,6.7,1,Fc1ccc2[nH]c(-c3ccccc3)nc2c1CN1CCCCCC1,GRIN2B,0,0,0,0,0,0,0,0,0,1,0,0,0,0,0,0
CHEMBL2010886,CHEMBL1904,6.1,1,CC(C)NCc1c(F)ccc2[nH]c(-c3ccccc3)nc12,GRIN2B,0,0,0,0,0,0,0,0,0,1,0,0,0,0,0,0
CHEMBL2010887,CHEMBL1904,6.0,1,CCC1CCCCN1Cc1c(F)ccc2[nH]c(-c3ccccc3)nc12,GRIN2B,0,0,0,0,0,0,0,0,0,1,0,0,0,0,0,0
CHEMBL2013195,CHEMBL1904,8.1,1,Oc1ccc2[nH]c(-c3ccccc3)nc2c1CN1CCCCC1,GRIN2B,0,0,0,0,0,0,0,0,0,1,0,0,0,0,0,0
CHEMBL2013196,CHEMBL1904,8.1,1,Oc1ccc2[nH]c(-c3ccccc3)nc2c1CN1CCCCCC1,GRIN2B,0,0,0,0,0,0,0,0,0,1,0,0,0,0,0,0
CHEMBL2013197,CHEMBL1904,8.1,1,Oc1ccc2[nH]c(-c3ccccc3)nc2c1CN1CCCC1,GRIN2B,0,0,0,0,0,0,0,0,0,1,0,0,0,0,0,0
CHEMBL2013198,CHEMBL1904,7.5,1,Oc1ccc2[nH]c(-c3ccccc3)nc2c1CNC1CCCC1,GRIN2B,0,0,0,0,0,0,0,0,0,1,0,0,0,0,0,0
CHEMBL2013199,CHEMBL1904,7.4,1,CCCNCc1c(O)ccc2[nH]c(-c3ccccc3)nc12,GRIN2B,0,0,0,0,0,0,0,0,0,1,0,0,0,0,0,0
CHEMBL2013200,CHEMBL1904,7.4,1,Oc1ccc2[nH]c(-c3ccccc3)nc2c1CN1CCOCC1,GRIN2B,0,0,0,0,0,0,0,0,0,1,0,0,0,0,0,0
CHEMBL2013201,CHEMBL1904,7.1,1,Oc1ccc2[nH]c(-c3ccccc3)nc2c1CN1CCC(c2ccccc2)CC1,GRIN2B,0,0,0,0,0,0,0,0,0,1,0,0,0,0,0,0
CHEMBL2013202,CHEMBL1904,6.6,1,CN(C)Cc1c(O)ccc2[nH]c(-c3ccccc3)nc12,GRIN2B,0,0,0,0,0,0,0,0,0,1,0,0,0,0,0,0
CHEMBL2013203,CHEMBL1904,6.4,1,CN1CCN(Cc2c(O)ccc3[nH]c(-c4ccccc4)nc23)CC1,GRIN2B,0,0,0,0,0,0,0,0,0,1,0,0,0,0,0,0
CHEMBL2013204,CHEMBL1904,7.9,1,Oc1ccc2[nH]c(-c3cccc(F)c3F)nc2c1CN1CCCC1,GRIN2B,0,0,0,0,0,0,0,0,0,1,0,0,0,0,0,0
CHEMBL2013205,CHEMBL1904,6.2,1,Oc1ccc2[nH]c(-c3cccc(F)c3F)nc2c1CNCc1cccs1,GRIN2B,0,0,0,0,0,0,0,0,0,1,0,0,0,0,0,0
CHEMBL2013206,CHEMBL1904,6.1,1,Oc1ccc2[nH]c(-c3cccc(F)c3F)nc2c1CNCc1ccco1,GRIN2B,0,0,0,0,0,0,0,0,0,1,0,0,0,0,0,0
CHEMBL2013207,CHEMBL1904,7.4,1,Cc1ccc(-c2nc3c(CNC4CC4)c(O)ccc3[nH]2)cc1,GRIN2B,0,0,0,0,0,0,0,0,0,1,0,0,0,0,0,0
CHEMBL2017621,CHEMBL2487,8.49,1,CNc1ccc(-c2cn3c(n2)sc2cc(OCC[18F])ccc23)cc1,APP,0,0,0,0,1,0,0,0,0,0,0,0,0,0,0,0
CHEMBL202507,CHEMBL2487,6.13,1,CCCN(CCC)C(=O)c1cccc(C(=O)N[C@@H](CC(C)C)[C@@H](N)C[C@@H](C)C(=O)N[C@H](C(=O)NCc2ccccc2)C(C)C)c1,APP,0,0,0,0,1,0,0,0,0,0,0,0,0,0,0,0
CHEMBL202661,CHEMBL1914,7.64,1,O=C(CCCCCNc1c2c(nc3cccc(Cl)c13)CCCC2)NCCc1c[nH]c2ccccc12,BCHE,0,0,0,0,0,1,0,0,0,0,0,0,0,0,0,0
CHEMBL202898,CHEMBL2487,6.73,1,O=[N+]([O-])c1ccc(-c2ccc(-c3ccc([N+](=O)[O-])cc3)s2)cc1,APP,0,0,0,0,1,0,0,0,0,0,0,0,0,0,0,0
CHEMBL202938,CHEMBL2487,7.67,1,COc1ccc(-c2ccc(-c3ccc(NCCF)cc3)s2)cc1,APP,0,0,0,0,1,0,0,0,0,0,0,0,0,0,0,0
CHEMBL203320,CHEMBL2487,8.25,1,COc1ccc(-c2ccc(-c3ccc(N)cc3)s2)cc1,APP,0,0,0,0,1,0,0,0,0,0,0,0,0,0,0,0
CHEMBL204010,CHEMBL2487,8.4,1,Oc1ccc(-c2ccc(-c3ccc(O)cc3)s2)cc1,APP,0,0,0,0,1,0,0,0,0,0,0,0,0,0,0,0
CHEMBL2042122,CHEMBL2487,9.13,1,CNc1ccc(-c2nc3ccc(O)cc3s2)cc1[18F],APP,0,0,0,0,1,0,0,0,0,0,0,0,0,0,0,0
CHEMBL2042123,CHEMBL2487,8.64,1,CNc1ccc(-c2nc3ccc(O)cc3s2)c([18F])n1,APP,0,0,0,0,1,0,0,0,0,0,0,0,0,0,0,0
CHEMBL2042124,CHEMBL2487,8.49,1,CNc1ccc(/C=C/c2ccc(OCCOCCOCCOCCOCC(COCCOCCOCCOCCOc3ccc(/C=C/c4ccc(NC)cc4)cn3)OCCF)nc2)cc1,APP,0,0,0,0,1,0,0,0,0,0,0,0,0,0,0,0
CHEMBL2042125,CHEMBL2487,8.11,1,CNc1ccc(/C=C/c2ccc(OCCOCCOCCOCCOCCOCC(COCCOCCOCCOCCOCCOc3ccc(/C=C/c4ccc(NC)cc4)cn3)OCCF)nc2)cc1,APP,0,0,0,0,1,0,0,0,0,0,0,0,0,0,0,0
CHEMBL2042245,CHEMBL2487,8.41,1,CNc1ccc(/C=C/c2ccc(OCCOCCOCCOCCOCCOCCOCC(COCCOCCOCCOCCOCCOCCOc3ccc(/C=C/c4ccc(NC)cc4)cn3)OCCF)nc2)cc1,APP,0,0,0,0,1,0,0,0,0,0,0,0,0,0,0,0
CHEMBL2042246,CHEMBL2487,7.15,1,CNc1ccc(/C=C/c2ccc(OCCOCCOCCOCCNC(=O)CN(CC(=O)NCCOCCOCCOCCOc3ccc(/C=C/c4ccc(NC)cc4)cn3)C(=O)COCCOCCOCCF)nc2)cc1,APP,0,0,0,0,1,0,0,0,0,0,0,0,0,0,0,0
CHEMBL2042247,CHEMBL2487,6.33,1,CNc1ccc(/C=C/c2ccc(OCCOCCOCCOCCn3cc(COCC(COCCOCCOCCF)(COCc4cn(CCOCCOCCOCCOc5ccc(/C=C/c6ccc(NC)cc6)cn5)nn4)COCc4cn(CCOCCOCCOCCOc5ccc(/C=C/c6ccc(NC)cc6)cn5)nn4)nn3)nc2)cc1,APP,0,0,0,0,1,0,0,0,0,0,0,0,0,0,0,0
CHEMBL204357,CHEMBL2487,6.7,1,CCC[C@H](C(=O)NO)[C@@H](CC(C)C)C(=O)N[C@H]1CCCCN(Cc2cccc(Oc3ccccc3)c2)C1=O,APP,0,0,0,0,1,0,0,0,0,0,0,0,0,0,0,0
CHEMBL204414,CHEMBL2487,8.55,1,CN(C)c1ccc(-c2cc3cc(O)ccc3o2)cc1,APP,0,0,0,0,1,0,0,0,0,0,0,0,0,0,0,0
CHEMBL204732,CHEMBL1914,7.82,1,CC(C)c1ccc(NC(=O)Oc2ccc3c(c2)[C@@]2(C)CO[C@H](C2)O3)cc1,BCHE,0,0,0,0,0,1,0,0,0,0,0,0,0,0,0,0
CHEMBL204829,CHEMBL2487,9.15,1,CNc1ccc(-c2cc3cc(O)ccc3o2)cc1,APP,0,0,0,0,1,0,0,0,0,0,0,0,0,0,0,0
CHEMBL2048299,CHEMBL2487,6.8,1,Oc1ccc2nc(-c3ccc(NCCF)nc3)oc2c1,APP,0,0,0,0,1,0,0,0,0,0,0,0,0,0,0,0
CHEMBL2048300,CHEMBL2487,7.46,1,COc1ccc2nc(-c3ccc(NCCF)nc3)oc2c1,APP,0,0,0,0,1,0,0,0,0,0,0,0,0,0,0,0
CHEMBL2048301,CHEMBL2487,6.4,1,Oc1ccc2nc(-c3ccc(NCCCF)nc3)oc2c1,APP,0,0,0,0,1,0,0,0,0,0,0,0,0,0,0,0
CHEMBL2048302,CHEMBL2487,7.48,1,Oc1ccc2nc(-c3ccc(NCCF)nc3)sc2c1,APP,0,0,0,0,1,0,0,0,0,0,0,0,0,0,0,0
CHEMBL2048303,CHEMBL2487,7.18,1,Oc1ccc2nc(-c3ccc(NCCCF)nc3)sc2c1,APP,0,0,0,0,1,0,0,0,0,0,0,0,0,0,0,0
CHEMBL2048304,CHEMBL2487,7.36,1,CNc1ccc(-c2nc3ccc(O)cc3s2)nc1F,APP,0,0,0,0,1,0,0,0,0,0,0,0,0,0,0,0
CHEMBL2048305,CHEMBL2487,7.85,1,CNc1ccc(-c2nc3ccc(OC)cc3s2)c(F)n1,APP,0,0,0,0,1,0,0,0,0,0,0,0,0,0,0,0
CHEMBL2048306,CHEMBL2487,6.91,1,CNc1ccc(-c2nc3ccc(O)cc3s2)c(F)n1,APP,0,0,0,0,1,0,0,0,0,0,0,0,0,0,0,0
CHEMBL2048307,CHEMBL2487,7.01,1,CNc1ncc(-c2nc3ccc(O)cc3s2)cc1F,APP,0,0,0,0,1,0,0,0,0,0,0,0,0,0,0,0
CHEMBL2048308,CHEMBL2487,7.62,1,CNc1ccc(-c2cc3cc(O)ccc3o2)c(F)n1,APP,0,0,0,0,1,0,0,0,0,0,0,0,0,0,0,0
CHEMBL2048309,CHEMBL2487,7.72,1,CNc1ccc(-c2cc3cc(C(N)=O)ccc3o2)c(F)n1,APP,0,0,0,0,1,0,0,0,0,0,0,0,0,0,0,0
CHEMBL2048310,CHEMBL2487,7.52,1,CNc1ncc(-c2cc3cc(O)ccc3o2)cc1F,APP,0,0,0,0,1,0,0,0,0,0,0,0,0,0,0,0
CHEMBL2048311,CHEMBL2487,7.5,1,COc1ccc2oc(-c3ccc(C(N)=O)nc3F)cc2c1,APP,0,0,0,0,1,0,0,0,0,0,0,0,0,0,0,0
CHEMBL2048312,CHEMBL2487,7.36,1,NC(=O)c1ccc(-c2cc3cc(O)ccc3o2)c(F)n1,APP,0,0,0,0,1,0,0,0,0,0,0,0,0,0,0,0
CHEMBL2048313,CHEMBL2487,7.46,1,CNc1ccc(-c2cc3cc(O)ccc3o2)nc1F,APP,0,0,0,0,1,0,0,0,0,0,0,0,0,0,0,0
CHEMBL2048314,CHEMBL2487,7.5,1,CNc1ccc(-c2cc3cc(C(N)=O)ccc3o2)nc1F,APP,0,0,0,0,1,0,0,0,0,0,0,0,0,0,0,0
CHEMBL204873,CHEMBL2487,6.2,1,COc1ccccc1-c1ccc(-c2ccccc2OC)s1,APP,0,0,0,0,1,0,0,0,0,0,0,0,0,0,0,0
CHEMBL204895,CHEMBL1914,8.52,1,CCNC(=O)Oc1ccc2c(c1)[C@]1(C)CCO[C@@H]1O2,BCHE,0,0,0,0,0,1,0,0,0,0,0,0,0,0,0,0
CHEMBL204944,CHEMBL1808,5.0,0,NCCC[C@H](NC(=O)CCc1nc2ccccc2[nH]1)C(=O)N1CCC[C@H]1C(=O)O,ACE,1,0,0,0,0,0,0,0,0,0,0,0,0,0,0,0
CHEMBL205221,CHEMBL2487,8.64,1,COc1ccc2oc(-c3ccc(N)cc3)cc2c1,APP,0,0,0,0,1,0,0,0,0,0,0,0,0,0,0,0
CHEMBL205231,CHEMBL1914,8.4,1,CNC(=O)Oc1ccc2c(c1)[C@]1(C)CCO[C@@H]1N2C,BCHE,0,0,0,0,0,1,0,0,0,0,0,0,0,0,0,0
CHEMBL205321,CHEMBL1914,7.27,1,CC(C)c1ccc(NC(=O)Oc2ccc3c(c2)[C@]2(C)CO[C@@H](C2)O3)cc1,BCHE,0,0,0,0,0,1,0,0,0,0,0,0,0,0,0,0
CHEMBL205332,CHEMBL2487,6.66,1,Nc1ccc(/C=C/C=C/C=C/c2ccc(NCCF)cc2)cc1,APP,0,0,0,0,1,0,0,0,0,0,0,0,0,0,0,0
CHEMBL205340,CHEMBL1914,8.4,1,CCNC(=O)Oc1ccc2c(c1)[C@]1(C)CCN(C)[C@@H]1N2C,BCHE,0,0,0,0,0,1,0,0,0,0,0,0,0,0,0,0
CHEMBL205403,CHEMBL2487,7.73,1,COc1ccc(-c2ccc(-c3ccc([N+](=O)[O-])cc3)s2)cc1,APP,0,0,0,0,1,0,0,0,0,0,0,0,0,0,0,0
CHEMBL205512,CHEMBL2487,7.51,1,CNc1ccc(-c2ccc(-c3ccc(O)cc3)s2)cc1,APP,0,0,0,0,1,0,0,0,0,0,0,0,0,0,0,0
CHEMBL205824,CHEMBL2487,8.02,1,Nc1ccc(-c2ccc(-c3ccc(O)cc3)s2)cc1,APP,0,0,0,0,1,0,0,0,0,0,0,0,0,0,0,0
CHEMBL205826,CHEMBL1914,7.64,1,CC(C)c1ccc(NC(=O)Oc2ccc3c(c2)[C@@]2(C)CCO[C@H]2N3C)cc1,BCHE,0,0,0,0,0,1,0,0,0,0,0,0,0,0,0,0
CHEMBL205907,CHEMBL2487,7.82,1,CCC[C@H](C(N)=O)[C@@H](CC(C)C)C(=O)N[C@H]1CCCCN(Cc2cccc(Nc3ccccc3)c2)C1=O,APP,0,0,0,0,1,0,0,0,0,0,0,0,0,0,0,0
CHEMBL205940,CHEMBL1914,7.25,1,CNC(=O)Oc1ccc2c(c1)[C@@]1(C)CCO[C@H]1N2C,BCHE,0,0,0,0,0,1,0,0,0,0,0,0,0,0,0,0
CHEMBL205967,CHEMBL1914,6.92,1,CCNC(=O)Oc1ccc2c(c1)[C@]1(C)CO[C@@H](C1)O2,BCHE,0,0,0,0,0,1,0,0,0,0,0,0,0,0,0,0
CHEMBL205970,CHEMBL2487,6.82,1,CCC[C@H](C(N)=O)[C@@H](CC(C)C)C(=O)N[C@H]1CCCCN(Cc2cccc(Nc3ccc4c(c3)OCO4)c2)C1=O,APP,0,0,0,0,1,0,0,0,0,0,0,0,0,0,0,0
CHEMBL206093,CHEMBL1914,4.44,0,Cc1ccccc1NC(=O)Oc1ccc2c(c1)[C@@]1(C)CCO[C@H]1O2,BCHE,0,0,0,0,0,1,0,0,0,0,0,0,0,0,0,0
CHEMBL206224,CHEMBL2487,8.41,1,Oc1ccc(-c2ccc(-c3ccc(NCCF)cc3)s2)cc1,APP,0,0,0,0,1,0,0,0,0,0,0,0,0,0,0,0
CHEMBL206237,CHEMBL1914,7.4,1,CC(C)c1ccc(NC(=O)Oc2ccc3c(c2)[C@@]2(C)CCO[C@H]2O3)cc1,BCHE,0,0,0,0,0,1,0,0,0,0,0,0,0,0,0,0
CHEMBL20648,CHEMBL238,7.42,1,Fc1ccc(CN2CCC(CCOC(c3ccccc3)c3ccccc3)CC2)cc1,SLC6A3,0,0,0,0,0,0,0,0,0,0,0,0,0,0,0,1
CHEMBL206642,CHEMBL1914,7.89,1,CC(C)c1ccc(NC(=O)Oc2ccc3c(c2)[C@]2(C)CCO[C@@H]2O3)cc1,BCHE,0,0,0,0,0,1,0,0,0,0,0,0,0,0,0,0
CHEMBL206815,CHEMBL5028,7.15,1,CC1(C)SCCN(S(=O)(=O)c2ccc(OCC#CCO)cc2)[C@H]1C(=O)NO,ADAM10,0,0,1,0,0,0,0,0,0,0,0,0,0,0,0,0
CHEMBL207456,CHEMBL2487,8.11,1,[11CH3]Nc1ccc(-c2nc3ccc(O)cc3s2)cc1,APP,0,0,0,0,1,0,0,0,0,0,0,0,0,0,0,0
CHEMBL2079586,CHEMBL238,7.89,1,COC(=O)[C@H]1[C@@H](c2ccc(F)cc2)C[C@H]2CC[C@H]1N2C,SLC6A3,0,0,0,0,0,0,0,0,0,0,0,0,0,0,0,1
CHEMBL2079670,CHEMBL1808,6.58,1,C[C@H](N[C@@H](CCc1ccccc1)C(=O)O)C(=O)N1C2CCCCC2C[C@H]1C(=O)O,ACE,1,0,0,0,0,0,0,0,0,0,0,0,0,0,0,0
CHEMBL2079671,CHEMBL1808,7.0,1,CCOC(=O)[C@H](CCc1ccccc1)N[C@@H](C)C(=O)N1C2CCCCC2C[C@H]1C(=O)O,ACE,1,0,0,0,0,0,0,0,0,0,0,0,0,0,0,0
CHEMBL208092,CHEMBL1914,7.68,1,C/C=C1\C2C=C(C)C[C@]1(N)CC(NCCCCCCCNc1c3c(nc4ccccc14)CCCC3)C2(C)C,BCHE,0,0,0,0,0,1,0,0,0,0,0,0,0,0,0,0
CHEMBL208212,CHEMBL2487,8.89,1,CNc1ccc(-c2cc3cc(OC)ccc3o2)cc1,APP,0,0,0,0,1,0,0,0,0,0,0,0,0,0,0,0
CHEMBL208230,CHEMBL2487,7.13,1,CCC[C@H](C(N)=O)[C@@H](CC(C)C)C(=O)N[C@H]1CCCCN(Cc2cccc(NN3CCCCC3)c2)C1=O,APP,0,0,0,0,1,0,0,0,0,0,0,0,0,0,0,0
CHEMBL208350,CHEMBL2487,7.77,1,CCC[C@H](C(N)=O)[C@@H](CC(C)C)C(=O)N[C@H]1CCCCN(Cc2cccc(Nc3cccc(C)c3)c2)C1=O,APP,0,0,0,0,1,0,0,0,0,0,0,0,0,0,0,0
CHEMBL208456,CHEMBL2487,6.43,1,Nc1ccc(/C=C/C=C/C=C/c2ccc(N)cc2)cc1,APP,0,0,0,0,1,0,0,0,0,0,0,0,0,0,0,0
CHEMBL208457,CHEMBL2487,6.91,1,CNc1ccc(/C=C/C=C/C=C/c2ccc(NC)cc2)cc1,APP,0,0,0,0,1,0,0,0,0,0,0,0,0,0,0,0
CHEMBL208504,CHEMBL2487,7.77,1,CCC[C@H](C(N)=O)[C@@H](CC(C)C)C(=O)N[C@H]1CCCCN(Cc2cccc(Nc3ccc(F)c(Cl)c3)c2)C1=O,APP,0,0,0,0,1,0,0,0,0,0,0,0,0,0,0,0
CHEMBL208599,CHEMBL1914,6.92,1,CCC1=CC2Cc3nc4cc(Cl)ccc4c(N)c3[C@@H](C1)C2,BCHE,0,0,0,0,0,1,0,0,0,0,0,0,0,0,0,0
CHEMBL208599,CHEMBL220,10.59,1,CCC1=CC2Cc3nc4cc(Cl)ccc4c(N)c3[C@@H](C1)C2,ACHE,0,1,0,0,0,0,0,0,0,0,0,0,0,0,0,0
CHEMBL2093958,CHEMBL238,7.57,1,CCOC(=O)[C@@H](c1ccccc1)[C@@H]1CCCCN1.Cl,SLC6A3,0,0,0,0,0,0,0,0,0,0,0,0,0,0,0,1
CHEMBL2097001,CHEMBL1808,8.42,1,C[C@H](C[Si](O)(O)[C@H](Cc1ccccc1)NC(=O)c1ccccc1)C(=O)N1CCC[C@H]1C(=O)O,ACE,1,0,0,0,0,0,0,0,0,0,0,0,0,0,0,0
CHEMBL210453,CHEMBL1914,7.71,1,C/C=C1\C2C=C(C)C[C@]1(C(=O)OC)CC(NCCCCCCCNc1c3c(nc4ccccc14)CCCC3)C2,BCHE,0,0,0,0,0,1,0,0,0,0,0,0,0,0,0,0
CHEMBL2110258,CHEMBL1808,5.0,0,CC(C)C[C@H](S)[C@H](Cc1ccccc1)C(=O)N[C@@H](C)C(=O)O,ACE,1,0,0,0,0,0,0,0,0,0,0,0,0,0,0,0
CHEMBL2110347,CHEMBL1808,4.79,0,CC(C)C[C@H](S)[C@@H](Cc1ccccc1)C(=O)N[C@@H](C)C(=O)O,ACE,1,0,0,0,0,0,0,0,0,0,0,0,0,0,0,0
CHEMBL2111613,CHEMBL238,7.77,1,COC(=O)[C@H]1C2CCC(C2)C[C@@H]1c1ccc2ccccc2c1,SLC6A3,0,0,0,0,0,0,0,0,0,0,0,0,0,0,0,1
CHEMBL2111614,CHEMBL238,7.89,1,COC(=O)[C@H]1C2CCC(C2)C[C@@H]1c1ccc(Cl)c(Cl)c1,SLC6A3,0,0,0,0,0,0,0,0,0,0,0,0,0,0,0,1
CHEMBL2111940,CHEMBL1808,8.32,1,C[C@H](N[C@H](C[C@H](Cc1ccccc1)NC(=O)c1ccccc1)C(=O)O)C(=O)N1CCC[C@H]1C(=O)O,ACE,1,0,0,0,0,0,0,0,0,0,0,0,0,0,0,0
CHEMBL2111941,CHEMBL1808,7.4,1,C[C@H](NC(CNC(=O)c1ccccc1)C(=O)O)C(=O)N1CCC[C@H]1C(=O)O,ACE,1,0,0,0,0,0,0,0,0,0,0,0,0,0,0,0
CHEMBL2112412,CHEMBL238,7.57,1,COC(=O)[C@@H]1C2CCC(C2)C[C@@H]1c1ccc2ccccc2c1,SLC6A3,0,0,0,0,0,0,0,0,0,0,0,0,0,0,0,1
CHEMBL2112594,CHEMBL238,7.29,1,O=C(CCc1ccccc1)NCCNCCOC(c1ccc(F)cc1)c1ccc(F)cc1,SLC6A3,0,0,0,0,0,0,0,0,0,0,0,0,0,0,0,1
CHEMBL2112595,CHEMBL238,6.29,1,O=C(CCc1ccc(Br)cc1)N/C=C/NCCOC(c1ccc(F)cc1)c1ccc(F)cc1,SLC6A3,0,0,0,0,0,0,0,0,0,0,0,0,0,0,0,1
CHEMBL2112767,CHEMBL1808,7.77,1,C[C@H](N[C@@H](CNC(=O)c1ccccc1)C(=O)O)C(=O)N1CCC[C@H]1C(=O)O,ACE,1,0,0,0,0,0,0,0,0,0,0,0,0,0,0,0
CHEMBL2112768,CHEMBL1808,8.52,1,C[C@H](N[C@@H](C[C@H](Cc1ccccc1)NC(=O)c1ccccc1)C(=O)O)C(=O)N1CCC[C@H]1C(=O)O,ACE,1,0,0,0,0,0,0,0,0,0,0,0,0,0,0,0
CHEMBL2112769,CHEMBL1808,8.11,1,C[C@H](N[C@H](C(=O)O)[C@H](Cc1ccccc1)NC(=O)c1ccccc1)C(=O)N1CCC[C@H]1C(=O)O,ACE,1,0,0,0,0,0,0,0,0,0,0,0,0,0,0,0
CHEMBL2112915,CHEMBL238,8.49,1,C[C@H](CF)OC(=O)C1C(c2ccc(Cl)cc2)CC2CCC1N2C,SLC6A3,0,0,0,0,0,0,0,0,0,0,0,0,0,0,0,1
CHEMBL2112916,CHEMBL238,9.17,1,C[C@@H](CF)OC(=O)C1C(c2ccc(Cl)cc2)CC2CCC1N2C,SLC6A3,0,0,0,0,0,0,0,0,0,0,0,0,0,0,0,1
CHEMBL2113054,CHEMBL238,6.16,1,CNC(=O)c1ccccc1Sc1ccc(C)cc1[N+](=O)[O-],SLC6A3,0,0,0,0,0,0,0,0,0,0,0,0,0,0,0,1
CHEMBL2113055,CHEMBL238,6.01,1,CNC(=O)c1ccccc1Sc1ccccc1[N+](=O)[O-],SLC6A3,0,0,0,0,0,0,0,0,0,0,0,0,0,0,0,1
CHEMBL2113367,CHEMBL1914,7.51,1,CC1=C[C@@H]2Cc3nc4cc(Cl)ccc4c(NCCCN(C)CCCCNc4c5c(nc6cc(Cl)ccc46)CCCC5)c3[C@H](C1)C2.Cl.Cl.Cl,BCHE,0,0,0,0,0,1,0,0,0,0,0,0,0,0,0,0
CHEMBL2113368,CHEMBL1914,7.79,1,CC1=C[C@@H]2Cc3nc4cc(Cl)ccc4c(NCCCN(C)CCCCNc4c5c(nc6ccccc46)CCCC5)c3[C@H](C1)C2.Cl.Cl.Cl,BCHE,0,0,0,0,0,1,0,0,0,0,0,0,0,0,0,0
CHEMBL2114219,CHEMBL1808,8.7,1,O=C(O)CN1CCCCC[C@H](N[C@@H](CCc2ccccc2)C(=O)O)C1=O,ACE,1,0,0,0,0,0,0,0,0,0,0,0,0,0,0,0
CHEMBL2114227,CHEMBL238,7.85,1,COC(=O)[C@@H]1C[C@@H](c2ccc(Cl)c(Cl)c2)C2CC(=O)C1N2C,SLC6A3,0,0,0,0,0,0,0,0,0,0,0,0,0,0,0,1
CHEMBL2114298,CHEMBL1914,4.64,0,Cc1cccc2c1O[P@@](=O)(OC[C@H](CO)OCn1cnc3c(O)nc(N)nc31)OC2,BCHE,0,0,0,0,0,1,0,0,0,0,0,0,0,0,0,0
CHEMBL2114322,CHEMBL1808,6.7,1,CCOC(=O)[C@@H](CCc1ccccc1)N[C@@H](C)C(=O)N1Cc2ccccc2C[C@H]1C(=O)O,ACE,1,0,0,0,0,0,0,0,0,0,0,0,0,0,0,0
CHEMBL2115225,CHEMBL238,7.85,1,COC(=O)[C@H]1C2C(=O)CC(C[C@H]1c1ccc(Cl)c(Cl)c1)N2C,SLC6A3,0,0,0,0,0,0,0,0,0,0,0,0,0,0,0,1
CHEMBL2115478,CHEMBL1808,7.36,1,CCOC(=O)[C@H](CCc1ccccc1)N[C@@H](C)C(=O)N1Cc2ccccc2[C@H]1C(=O)O,ACE,1,0,0,0,0,0,0,0,0,0,0,0,0,0,0,0
CHEMBL2115570,CHEMBL238,7.72,1,CN1C2CCC1[C@H](C=CCl)[C@@H](c1ccc(Cl)cc1)C2,SLC6A3,0,0,0,0,0,0,0,0,0,0,0,0,0,0,0,1
CHEMBL212711,CHEMBL1808,4.58,0,NCCCC[C@H](N[C@H](CCc1ccccc1)C(=O)O)C(=O)N[C@@H](Cc1c[nH]c2ccccc12)C(=O)O,ACE,1,0,0,0,0,0,0,0,0,0,0,0,0,0,0,0
CHEMBL212864,CHEMBL1808,4.37,0,CC(C)(C)OC(=O)N[C@@H](Cc1ccccc1)C(=O)CCC(=O)N[C@@H](Cc1ccccc1)C(=O)O,ACE,1,0,0,0,0,0,0,0,0,0,0,0,0,0,0,0
CHEMBL213105,CHEMBL1808,4.07,0,O=C(CCC(=O)[C@H](Cc1ccccc1)NC(=O)c1ccccc1)N[C@@H](Cc1ccccc1)C(=O)O,ACE,1,0,0,0,0,0,0,0,0,0,0,0,0,0,0,0
CHEMBL215110,CHEMBL2487,8.03,1,COc1cc(/C=C/C(O)=C/C(=O)/C=C/c2cc(I)c(O)c(OC)c2)ccc1O,APP,0,0,0,0,1,0,0,0,0,0,0,0,0,0,0,0
CHEMBL215163,CHEMBL1808,4.88,0,CC(C)(C)OC(=O)N[C@@H](Cc1ccccc1)C(=O)CCC(=O)N[C@@H](Cc1c[nH]c2ccccc12)C(=O)O,ACE,1,0,0,0,0,0,0,0,0,0,0,0,0,0,0,0
CHEMBL2153740,CHEMBL1808,8.52,1,O=C(N[C@@H](Cc1ccccc1)P(=O)(O)C1CCC[C@H]1C(=O)N[C@@H](Cc1c[nH]c2ccccc12)C(=O)O)OCc1ccccc1,ACE,1,0,0,0,0,0,0,0,0,0,0,0,0,0,0,0
CHEMBL2153745,CHEMBL1808,7.92,1,O=C(N[C@@H](CCc1ccccc1)CP(=O)(O)CC(=O)N1CCC[C@H]1C(=O)O)c1ccccc1,ACE,1,0,0,0,0,0,0,0,0,0,0,0,0,0,0,0
CHEMBL2159509,CHEMBL2473,8.1,1,CC(C)S(=O)(=O)CC[C@@H]1OCC[C@@]2(S(=O)(=O)c3ccc(Cl)cc3)c3c(F)ccc(F)c3OC[C@@H]12,PSEN1,0,0,0,0,0,0,0,0,0,0,0,0,0,1,0,0
CHEMBL2159509,CHEMBL3708,8.52,1,CC(C)S(=O)(=O)CC[C@@H]1OCC[C@@]2(S(=O)(=O)c3ccc(Cl)cc3)c3c(F)ccc(F)c3OC[C@@H]12,PSEN2,0,0,0,0,0,0,0,0,0,0,0,0,0,0,1,0
CHEMBL2159510,CHEMBL2473,8.3,1,CCS(=O)(=O)CC[C@@H]1OCC[C@@]2(S(=O)(=O)c3ccc(Cl)cc3)c3c(F)ccc(F)c3OC[C@@H]12,PSEN1,0,0,0,0,0,0,0,0,0,0,0,0,0,1,0,0
CHEMBL2159510,CHEMBL3708,8.7,1,CCS(=O)(=O)CC[C@@H]1OCC[C@@]2(S(=O)(=O)c3ccc(Cl)cc3)c3c(F)ccc(F)c3OC[C@@H]12,PSEN2,0,0,0,0,0,0,0,0,0,0,0,0,0,0,1,0
CHEMBL2159511,CHEMBL2473,7.34,1,CS(=O)(=O)CC[C@@H]1OCC[C@@]2(S(=O)(=O)c3ccc(Cl)cc3)c3c(F)ccc(F)c3OC[C@@H]12,PSEN1,0,0,0,0,0,0,0,0,0,0,0,0,0,1,0,0
CHEMBL2159511,CHEMBL3708,9.0,1,CS(=O)(=O)CC[C@@H]1OCC[C@@]2(S(=O)(=O)c3ccc(Cl)cc3)c3c(F)ccc(F)c3OC[C@@H]12,PSEN2,0,0,0,0,0,0,0,0,0,0,0,0,0,0,1,0
CHEMBL2159687,CHEMBL2473,7.75,1,O=S(=O)(c1ccc(Cl)cc1)[C@@]12CCO[C@@H](CCO)[C@@H]1COc1c(F)ccc(F)c12,PSEN1,0,0,0,0,0,0,0,0,0,0,0,0,0,1,0,0
CHEMBL2159687,CHEMBL3708,8.1,1,O=S(=O)(c1ccc(Cl)cc1)[C@@]12CCO[C@@H](CCO)[C@@H]1COc1c(F)ccc(F)c12,PSEN2,0,0,0,0,0,0,0,0,0,0,0,0,0,0,1,0
CHEMBL2159689,CHEMBL2473,8.1,1,CNC(=O)OCC[C@@H]1OCC[C@@]2(S(=O)(=O)c3ccc(Cl)cc3)c3c(F)ccc(F)c3OC[C@@H]12,PSEN1,0,0,0,0,0,0,0,0,0,0,0,0,0,1,0,0
CHEMBL2159689,CHEMBL3708,8.22,1,CNC(=O)OCC[C@@H]1OCC[C@@]2(S(=O)(=O)c3ccc(Cl)cc3)c3c(F)ccc(F)c3OC[C@@H]12,PSEN2,0,0,0,0,0,0,0,0,0,0,0,0,0,0,1,0
CHEMBL2159690,CHEMBL2473,7.32,1,CCNC(=O)OCC[C@@H]1OCC[C@@]2(S(=O)(=O)c3ccc(Cl)cc3)c3c(F)ccc(F)c3OC[C@@H]12,PSEN1,0,0,0,0,0,0,0,0,0,0,0,0,0,1,0,0
CHEMBL2159690,CHEMBL3708,7.7,1,CCNC(=O)OCC[C@@H]1OCC[C@@]2(S(=O)(=O)c3ccc(Cl)cc3)c3c(F)ccc(F)c3OC[C@@H]12,PSEN2,0,0,0,0,0,0,0,0,0,0,0,0,0,0,1,0
CHEMBL2159691,CHEMBL2473,7.43,1,N#CCC[C@@H]1OCC[C@@]2(S(=O)(=O)c3ccc(Cl)cc3)c3c(F)ccc(F)c3OC[C@@H]12,PSEN1,0,0,0,0,0,0,0,0,0,0,0,0,0,1,0,0
CHEMBL2159691,CHEMBL3708,7.8,1,N#CCC[C@@H]1OCC[C@@]2(S(=O)(=O)c3ccc(Cl)cc3)c3c(F)ccc(F)c3OC[C@@H]12,PSEN2,0,0,0,0,0,0,0,0,0,0,0,0,0,0,1,0
CHEMBL216159,CHEMBL1914,9.53,1,COc1cc(C(=O)NCCCCCCCC(=O)NNc2c3c(nc4ccccc24)CCCC3)cc(OC)c1OC,BCHE,0,0,0,0,0,1,0,0,0,0,0,0,0,0,0,0
CHEMBL216386,CHEMBL1808,7.0,1,CC[C@H](C)[C@H](NC(=O)[C@H](CCC(N)=O)NC(=O)[C@@H]1CCCN1C(=O)[C@H](CCCN=C(N)N)NC(=O)[C@@H]1CCCN1C(=O)[C@H](Cc1c[nH]c2ccccc12)NC(=O)[C@@H](N)CCC(=O)O)C(=O)N1CCC[C@H]1C(=O)N1CCC[C@H]1C(=O)O,ACE,1,0,0,0,0,0,0,0,0,0,0,0,0,0,0,0
CHEMBL216432,CHEMBL2487,6.02,1,COc1cc(/C=C/C(O)=C/C(C)=O)ccc1OCCF,APP,0,0,0,0,1,0,0,0,0,0,0,0,0,0,0,0
CHEMBL2165109,CHEMBL1914,6.62,1,Cc1cccc2c1O[P@](=O)(OC[C@@H]1C=C[C@H](n3cc(C)c(=O)[nH]c3=O)O1)OC2,BCHE,0,0,0,0,0,1,0,0,0,0,0,0,0,0,0,0
CHEMBL216553,CHEMBL2487,7.44,1,COc1cc(/C=C/C(C)=O)cc(I)c1O,APP,0,0,0,0,1,0,0,0,0,0,0,0,0,0,0,0
CHEMBL216864,CHEMBL2487,6.5,1,COc1cc(/C=C/C(O)=C/C(C)=O)ccc1OCCCF,APP,0,0,0,0,1,0,0,0,0,0,0,0,0,0,0,0
CHEMBL217904,CHEMBL1904,6.34,1,COc1ccc(COC(=O)N2CCC(CNc3ncccn3)CC2)cc1,GRIN2B,0,0,0,0,0,0,0,0,0,1,0,0,0,0,0,0
CHEMBL217923,CHEMBL2487,7.6,1,COc1cc(/C=C/C(O)=C/C(C)=O)cc(I)c1O,APP,0,0,0,0,1,0,0,0,0,0,0,0,0,0,0,0
CHEMBL217940,CHEMBL1904,6.14,1,CC(C)(C)c1ccc(COC(=O)N2CCC(CNc3ncccn3)CC2)cc1,GRIN2B,0,0,0,0,0,0,0,0,0,1,0,0,0,0,0,0
CHEMBL217955,CHEMBL1904,6.51,1,O=C(CCc1ccccc1)N1CCC(CNc2ncccn2)CC1,GRIN2B,0,0,0,0,0,0,0,0,0,1,0,0,0,0,0,0
CHEMBL218017,CHEMBL1904,7.43,1,O=C(OCc1ccccc1)N1CCC(CNc2ccccn2)CC1,GRIN2B,0,0,0,0,0,0,0,0,0,1,0,0,0,0,0,0
CHEMBL218067,CHEMBL1904,6.75,1,O=C(OCc1ccccc1)N1CCC(CNc2cccnc2)CC1,GRIN2B,0,0,0,0,0,0,0,0,0,1,0,0,0,0,0,0
CHEMBL218068,CHEMBL1904,7.12,1,O=C(OCc1ccccc1)N1CCC(CNc2ccncn2)CC1,GRIN2B,0,0,0,0,0,0,0,0,0,1,0,0,0,0,0,0
CHEMBL218075,CHEMBL1904,6.58,1,c1ccc(CCCN2CCC(CNc3ncccn3)CC2)cc1,GRIN2B,0,0,0,0,0,0,0,0,0,1,0,0,0,0,0,0
CHEMBL218104,CHEMBL1904,6.69,1,Cc1cccc(COC(=O)N2CCC(CNc3ncccn3)CC2)c1,GRIN2B,0,0,0,0,0,0,0,0,0,1,0,0,0,0,0,0
CHEMBL218211,CHEMBL1904,8.43,1,CCc1ccc(COC(=O)N2CCC(CNc3ncccn3)CC2)cc1,GRIN2B,0,0,0,0,0,0,0,0,0,1,0,0,0,0,0,0
CHEMBL218275,CHEMBL1904,7.75,1,O=C(OCc1ccc(F)cc1)N1CCC(CNc2ncccn2)CC1,GRIN2B,0,0,0,0,0,0,0,0,0,1,0,0,0,0,0,0
CHEMBL218546,CHEMBL1904,6.66,1,O=C(OCc1ccccc1)N1CCC(Cc2nc3ccccc3[nH]2)CC1,GRIN2B,0,0,0,0,0,0,0,0,0,1,0,0,0,0,0,0
CHEMBL218547,CHEMBL1904,6.91,1,O=C(OCc1ccccc1)N1CCC(CNc2nccs2)CC1,GRIN2B,0,0,0,0,0,0,0,0,0,1,0,0,0,0,0,0
CHEMBL218586,CHEMBL5028,6.14,1,CC1=C(c2ccccc2)CCN(C(=O)[C@H]2NCC3(CC3)C[C@@H]2C(=O)NO)C1,ADAM10,0,0,1,0,0,0,0,0,0,0,0,0,0,0,0,0
CHEMBL218713,CHEMBL1904,8.47,1,Cc1ccc(COC(=O)N2CCC(CNc3ncccn3)CC2)cc1,GRIN2B,0,0,0,0,0,0,0,0,0,1,0,0,0,0,0,0
CHEMBL219060,CHEMBL1904,7.97,1,O=C(OCc1ccccc1)N1CCC(CNc2ccncc2)CC1,GRIN2B,0,0,0,0,0,0,0,0,0,1,0,0,0,0,0,0
CHEMBL219063,CHEMBL1914,8.15,1,COc1cc(C(=O)NCCCC(=O)NNc2c3c(nc4ccccc24)CCCC3)cc(OC)c1OC,BCHE,0,0,0,0,0,1,0,0,0,0,0,0,0,0,0,0
CHEMBL219104,CHEMBL5028,6.5,1,O=C(NO)[C@H]1CC2(CC2)CN[C@@H]1C(=O)N1CCC(c2ccccc2)CC1,ADAM10,0,0,1,0,0,0,0,0,0,0,0,0,0,0,0,0
CHEMBL219105,CHEMBL5028,7.11,1,CN1CC2(CC2)C[C@H](C(=O)NO)[C@H]1C(=O)N1CC=C(c2ccccc2)CC1,ADAM10,0,0,1,0,0,0,0,0,0,0,0,0,0,0,0,0
CHEMBL219113,CHEMBL1904,6.72,1,O=C(OCc1ccccc1)N1CCC(CNc2nncs2)CC1,GRIN2B,0,0,0,0,0,0,0,0,0,1,0,0,0,0,0,0
CHEMBL219114,CHEMBL1904,6.64,1,O=C(OCCc1ccccc1)N1CCC(CNc2ncccn2)CC1,GRIN2B,0,0,0,0,0,0,0,0,0,1,0,0,0,0,0,0
CHEMBL219262,CHEMBL1914,8.77,1,COc1cc(C(=O)NNc2c3c(nc4ccccc24)CCCC3)cc(OC)c1OC,BCHE,0,0,0,0,0,1,0,0,0,0,0,0,0,0,0,0
CHEMBL219264,CHEMBL1914,9.85,1,COc1cc(CCC(=O)NCCCCCC(=O)NNc2c3c(nc4ccccc24)CCCC3)cc(OC)c1OC,BCHE,0,0,0,0,0,1,0,0,0,0,0,0,0,0,0,0
CHEMBL219316,CHEMBL1914,9.86,1,COc1cc(CCC(=O)NCCCCC(=O)NNc2c3c(nc4ccccc24)CCCC3)cc(OC)c1OC,BCHE,0,0,0,0,0,1,0,0,0,0,0,0,0,0,0,0
CHEMBL219405,CHEMBL1914,4.46,0,CCOC(=O)C1=C(C)Nc2nc3c(c(N)c2C1c1ccc([N+](=O)[O-])cc1)CCCC3,BCHE,0,0,0,0,0,1,0,0,0,0,0,0,0,0,0,0
CHEMBL219550,CHEMBL1914,8.78,1,COc1cc(C(=O)NCCCCC(=O)NNc2c3c(nc4ccccc24)CCCC3)cc(OC)c1OC,BCHE,0,0,0,0,0,1,0,0,0,0,0,0,0,0,0,0
CHEMBL219569,CHEMBL1914,9.28,1,COc1cc(C(=O)NCCCCCCC(=O)NNc2c3c(nc4ccccc24)CCCC3)cc(OC)c1OC,BCHE,0,0,0,0,0,1,0,0,0,0,0,0,0,0,0,0
CHEMBL219631,CHEMBL1904,7.52,1,O=c1[nH]c2ccc([S+]([O-])CCN3CCC(Cc4ccc(F)cc4)CC3)cc2o1,GRIN2B,0,0,0,0,0,0,0,0,0,1,0,0,0,0,0,0
CHEMBL219911,CHEMBL1914,7.92,1,COc1cc(CCC(=O)NNc2c3c(nc4ccccc24)CCCC3)cc(OC)c1OC,BCHE,0,0,0,0,0,1,0,0,0,0,0,0,0,0,0,0
CHEMBL220141,CHEMBL1914,8.22,1,COc1cc(CCC(=O)NCCC(=O)NNc2c3c(nc4ccccc24)CCCC3)cc(OC)c1OC,BCHE,0,0,0,0,0,1,0,0,0,0,0,0,0,0,0,0
CHEMBL220660,CHEMBL1904,7.85,1,O=C(OCc1ccccc1)N1CCC(CNc2cnccn2)CC1,GRIN2B,0,0,0,0,0,0,0,0,0,1,0,0,0,0,0,0
CHEMBL221120,CHEMBL5028,6.96,1,Cc1cc([N+](=O)[O-])ccc1N1CCN(C(=O)[C@H]2NCC3(CC3)C[C@@H]2C(=O)NO)CC1,ADAM10,0,0,1,0,0,0,0,0,0,0,0,0,0,0,0,0
CHEMBL221133,CHEMBL1904,7.64,1,O=C(OC1Cc2ccccc2C1)N1CCC(CNc2ncccn2)CC1,GRIN2B,0,0,0,0,0,0,0,0,0,1,0,0,0,0,0,0
CHEMBL221156,CHEMBL1914,6.46,1,Cc1cn([C@H]2C=C[C@@H](COP3(=O)OCc4cccc(-c5ccccc5)c4O3)O2)c(=O)[nH]c1=O,BCHE,0,0,0,0,0,1,0,0,0,0,0,0,0,0,0,0
CHEMBL221537,CHEMBL5028,6.32,1,O=C(NO)[C@H]1CCCN[C@@H]1C(=O)N1CC[C@H](c2ccccc2)C1,ADAM10,0,0,1,0,0,0,0,0,0,0,0,0,0,0,0,0
CHEMBL221605,CHEMBL1904,7.75,1,O=C(OCc1ccccc1F)N1CCC(CNc2ncccn2)CC1,GRIN2B,0,0,0,0,0,0,0,0,0,1,0,0,0,0,0,0
CHEMBL221698,CHEMBL5028,7.01,1,O=C(NO)[C@H]1CC2(CC2)CN[C@@H]1C(=O)N1CC[C@H](c2ccccc2)C1,ADAM10,0,0,1,0,0,0,0,0,0,0,0,0,0,0,0,0
CHEMBL22183,CHEMBL238,6.27,1,Cc1ccc(Sc2ccccc2CN(C)C)c(N)c1,SLC6A3,0,0,0,0,0,0,0,0,0,0,0,0,0,0,0,1
CHEMBL221830,CHEMBL1914,4.25,0,Cc1cc2c(cc1Br)NC(=O)C2=O,BCHE,0,0,0,0,0,1,0,0,0,0,0,0,0,0,0,0
CHEMBL221857,CHEMBL5028,6.92,1,O=C(NO)[C@H]1CC2(CC2)CN[C@@H]1C(=O)N1CCN(c2ccccc2)CC1,ADAM10,0,0,1,0,0,0,0,0,0,0,0,0,0,0,0,0
CHEMBL221992,CHEMBL1914,6.18,1,CC[N+](C)(CCCCCC(=O)N1CCC(CCCC2CCN(C(=O)CCCCC[N+](C)(CC)Cc3ccccc3OC)CC2)CC1)Cc1ccccc1OC.[I-].[I-],BCHE,0,0,0,0,0,1,0,0,0,0,0,0,0,0,0,0
CHEMBL222044,CHEMBL1914,4.81,0,CCN(CCCCCCNc1ccc(-c2ccc(NCCCCCCN(CC)Cc3ccccc3OC)cc2)cc1)Cc1ccccc1OC,BCHE,0,0,0,0,0,1,0,0,0,0,0,0,0,0,0,0
CHEMBL222149,CHEMBL1914,4.72,0,CC(C)(C)c1ccc(NCN2C(=O)C(=O)c3ccccc32)cc1,BCHE,0,0,0,0,0,1,0,0,0,0,0,0,0,0,0,0
CHEMBL222190,CHEMBL1914,4.51,0,O=C1Nc2c(Cl)cccc2C1=O,BCHE,0,0,0,0,0,1,0,0,0,0,0,0,0,0,0,0
CHEMBL222795,CHEMBL1914,4.0,0,O=C1C(=O)N(CN2CCSCC2)c2ccccc21,BCHE,0,0,0,0,0,1,0,0,0,0,0,0,0,0,0,0
CHEMBL222851,CHEMBL1914,4.74,0,Cc1ccc(NCN2C(=O)C(=O)c3ccccc32)cc1,BCHE,0,0,0,0,0,1,0,0,0,0,0,0,0,0,0,0
CHEMBL222856,CHEMBL1914,4.93,0,COc1ccccc1CN(C)CCCCCC(=O)N(C)CCCCCCCCN(C)C(=O)CCCCCN(C)Cc1ccccc1OC.O=C(O)C(=O)O,BCHE,0,0,0,0,0,1,0,0,0,0,0,0,0,0,0,0
CHEMBL223000,CHEMBL1914,4.55,0,O=C1C(=O)N(CCBr)c2ccccc21,BCHE,0,0,0,0,0,1,0,0,0,0,0,0,0,0,0,0
CHEMBL223170,CHEMBL1914,7.93,1,N#Cc1ccc2[nH]cc(CCC(=O)NCCCCCCNc3c4c(nc5cc(Cl)ccc35)CCCC4)c2c1,BCHE,0,0,0,0,0,1,0,0,0,0,0,0,0,0,0,0
CHEMBL223277,CHEMBL1914,6.87,1,O=C(CCOc1c[nH]c2ccccc12)NCCCCCNc1c2c(nc3cc(Cl)ccc13)CCCC2,BCHE,0,0,0,0,0,1,0,0,0,0,0,0,0,0,0,0
CHEMBL223285,CHEMBL2487,8.54,1,COc1ccc(C#Cc2ccc(N)cc2)cc1,APP,0,0,0,0,1,0,0,0,0,0,0,0,0,0,0,0
CHEMBL223309,CHEMBL2487,6.76,1,C(#Cc1ccccc1)c1ccccc1,APP,0,0,0,0,1,0,0,0,0,0,0,0,0,0,0,0
CHEMBL223443,CHEMBL1914,7.93,1,O=C(Cc1c[nH]c2ccccc12)NCCCCCCCNc1c2c(nc3cc(Cl)ccc13)CCCC2,BCHE,0,0,0,0,0,1,0,0,0,0,0,0,0,0,0,0
CHEMBL223549,CHEMBL1914,8.02,1,O=C(CCc1c[nH]c2ccccc12)NCCCCCCCCCc1c2c(nc3cc(Cl)ccc13)CCCC2,BCHE,0,0,0,0,0,1,0,0,0,0,0,0,0,0,0,0
CHEMBL223714,CHEMBL1914,7.65,1,O=C(NCCCCCCCCNc1c2c(nc3cc(Cl)ccc13)CCCC2)c1c[nH]c2ccccc12,BCHE,0,0,0,0,0,1,0,0,0,0,0,0,0,0,0,0
CHEMBL224051,CHEMBL1914,7.27,1,O=C(CCc1c[nH]c2ccccc12)NCCCCCCCCCCNc1c2c(nc3ccccc13)CCCC2,BCHE,0,0,0,0,0,1,0,0,0,0,0,0,0,0,0,0
CHEMBL224064,CHEMBL2487,7.54,1,COc1ccc(-c2cc(=O)c3cc(I)ccc3o2)cc1,APP,0,0,0,0,1,0,0,0,0,0,0,0,0,0,0,0
CHEMBL224096,CHEMBL2487,8.54,1,CN(C)c1ccc(C#Cc2ccc(OCCOCCOCCF)cc2)cc1,APP,0,0,0,0,1,0,0,0,0,0,0,0,0,0,0,0
CHEMBL224147,CHEMBL2487,8.05,1,CNc1ccc(/C=C/c2cnc(OCCOCCOCCF)c(I)c2)cc1,APP,0,0,0,0,1,0,0,0,0,0,0,0,0,0,0,0
CHEMBL224148,CHEMBL2487,8.12,1,CN(C)c1ccc(/C=C/c2cnc(OCCO)c(I)c2)cc1,APP,0,0,0,0,1,0,0,0,0,0,0,0,0,0,0,0
CHEMBL224149,CHEMBL2487,8.07,1,CNc1ccc(/C=C/c2cnc(OCCO)c(I)c2)cc1,APP,0,0,0,0,1,0,0,0,0,0,0,0,0,0,0,0
CHEMBL224158,CHEMBL1914,9.0,1,O=C(CCc1c[nH]c2ccccc12)NCCCCCNc1c2c(nc3ccccc13)CCCC2,BCHE,0,0,0,0,0,1,0,0,0,0,0,0,0,0,0,0
CHEMBL224202,CHEMBL1914,7.11,1,O=C(/C=C/c1c[nH]c2ccccc12)NCCCCCCNc1c2c(nc3cc(Cl)ccc13)CCCC2,BCHE,0,0,0,0,0,1,0,0,0,0,0,0,0,0,0,0
CHEMBL224335,CHEMBL1914,7.8,1,O=C(CCc1c[nH]c2ccccc12)NCCCCCNc1c2c(nc3cc(Cl)ccc13)CCCC2,BCHE,0,0,0,0,0,1,0,0,0,0,0,0,0,0,0,0
CHEMBL224336,CHEMBL1914,10.52,1,CN(CCCNC(=O)CCc1c[nH]c2ccccc12)CCCNc1c2c(nc3ccccc13)CCCC2,BCHE,0,0,0,0,0,1,0,0,0,0,0,0,0,0,0,0
CHEMBL224347,CHEMBL1914,6.92,1,CN(CCCCCCCCCCCOc1ccc2c(=O)c3ccccc3oc2c1)Cc1ccccc1,BCHE,0,0,0,0,0,1,0,0,0,0,0,0,0,0,0,0
CHEMBL224433,CHEMBL1914,6.1,1,CN(CCCCCCCOc1ccc2c(=O)c3ccccc3oc2c1)Cc1ccccc1,BCHE,0,0,0,0,0,1,0,0,0,0,0,0,0,0,0,0
CHEMBL224469,CHEMBL1914,7.1,1,CN(CCCCCCCCOc1ccc2c(=O)c3ccccc3oc2c1)Cc1ccccc1,BCHE,0,0,0,0,0,1,0,0,0,0,0,0,0,0,0,0
CHEMBL224553,CHEMBL1914,6.5,1,CCN(CCCCCCCOc1ccc2c(=O)c3ccccc3oc2c1)Cc1ccccc1OC,BCHE,0,0,0,0,0,1,0,0,0,0,0,0,0,0,0,0
CHEMBL224555,CHEMBL1914,6.82,1,CN(CCCCCCCCCCCCOc1ccc2c(=O)c3ccccc3oc2c1)Cc1ccccc1,BCHE,0,0,0,0,0,1,0,0,0,0,0,0,0,0,0,0
CHEMBL224643,CHEMBL2487,7.65,1,CNc1ccc(-c2cc(=O)c3cc(I)ccc3o2)cc1,APP,0,0,0,0,1,0,0,0,0,0,0,0,0,0,0,0
CHEMBL224811,CHEMBL1914,4.85,0,CN(CCCCCCCOc1ccc2c(=O)c3ccccc3oc2c1)Cc1ccccc1[N+](=O)[O-],BCHE,0,0,0,0,0,1,0,0,0,0,0,0,0,0,0,0
CHEMBL224998,CHEMBL1914,8.77,1,O=C(NCCCCCCNc1c2c(nc3cc(Cl)ccc13)CCCC2)c1c[nH]c2ccccc12,BCHE,0,0,0,0,0,1,0,0,0,0,0,0,0,0,0,0
CHEMBL225021,CHEMBL1914,8.49,1,O=C(CCCc1c[nH]c2ccccc12)NCCCCCNc1c2c(nc3cc(Cl)ccc13)CCCC2,BCHE,0,0,0,0,0,1,0,0,0,0,0,0,0,0,0,0
CHEMBL225077,CHEMBL1914,7.23,1,O=C(CCOc1c[nH]c2ccccc12)NCCCCCCCNc1c2c(nc3cc(Cl)ccc13)CCCC2,BCHE,0,0,0,0,0,1,0,0,0,0,0,0,0,0,0,0
CHEMBL225198,CHEMBL1914,10.0,1,O=C(CCc1c[nH]c2ccccc12)NCCCCCCCNc1c2c(nc3cc(Cl)ccc13)CCCC2,BCHE,0,0,0,0,0,1,0,0,0,0,0,0,0,0,0,0
CHEMBL225326,CHEMBL1914,8.77,1,O=C(Cc1c[nH]c2ccc(Br)cc12)NCCCCCCCNc1c2c(nc3cc(Cl)ccc13)CCCC2,BCHE,0,0,0,0,0,1,0,0,0,0,0,0,0,0,0,0
CHEMBL225327,CHEMBL1914,7.22,1,O=C(CCOc1c[nH]c2ccccc12)NCCCCCCNc1c2c(nc3cc(Cl)ccc13)CCCC2,BCHE,0,0,0,0,0,1,0,0,0,0,0,0,0,0,0,0
CHEMBL225366,CHEMBL1914,4.34,0,COc1ccc2c(=O)c3ccc(OCCCCCCCN(C)Cc4ccccc4)cc3oc2c1,BCHE,0,0,0,0,0,1,0,0,0,0,0,0,0,0,0,0
CHEMBL225567,CHEMBL1914,8.54,1,O=C(CCc1c[nH]c2ccccc12)NCCCCCCNc1c2c(nc3cc(Cl)ccc13)CCCC2,BCHE,0,0,0,0,0,1,0,0,0,0,0,0,0,0,0,0
CHEMBL225638,CHEMBL1914,4.53,0,Cc1ccccc1CN(C)CCCCCCCOc1ccc2c(=O)c3ccccc3oc2c1,BCHE,0,0,0,0,0,1,0,0,0,0,0,0,0,0,0,0
CHEMBL226610,CHEMBL2487,7.67,1,Nc1ccc(C#Cc2ccc(OCCOCCOCCF)cc2)cc1,APP,0,0,0,0,1,0,0,0,0,0,0,0,0,0,0,0
CHEMBL226662,CHEMBL2487,7.85,1,Oc1ccc(/C=C/c2cnc(OCCOCCOCCF)c(Br)c2)cc1,APP,0,0,0,0,1,0,0,0,0,0,0,0,0,0,0,0
CHEMBL227495,CHEMBL2487,8.72,1,CNc1ccc(C#Cc2ccc(OCCOCCOCCF)cc2)cc1,APP,0,0,0,0,1,0,0,0,0,0,0,0,0,0,0,0
CHEMBL227521,CHEMBL2487,8.92,1,CNc1ccc(C#Cc2ccc(OCCOCCF)cc2)cc1,APP,0,0,0,0,1,0,0,0,0,0,0,0,0,0,0,0
CHEMBL227576,CHEMBL2487,8.3,1,CN(C)c1ccc(C#Cc2ccc(OCCOCCF)cc2)cc1,APP,0,0,0,0,1,0,0,0,0,0,0,0,0,0,0,0
CHEMBL227577,CHEMBL2487,8.51,1,CNc1ccc(C#Cc2ccc(OCCOCCO)cc2)cc1,APP,0,0,0,0,1,0,0,0,0,0,0,0,0,0,0,0
CHEMBL227625,CHEMBL2487,7.12,1,Nc1ccc(C#Cc2ccc(N)cc2)cc1,APP,0,0,0,0,1,0,0,0,0,0,0,0,0,0,0,0
CHEMBL227674,CHEMBL2487,8.35,1,CNc1ccc(C#Cc2ccc(OCCOCCOCCO)cc2)cc1,APP,0,0,0,0,1,0,0,0,0,0,0,0,0,0,0,0
CHEMBL227750,CHEMBL2487,8.12,1,CN(C)c1ccc(/C=C/c2cnc(OCCOCCOCCF)c(I)c2)cc1,APP,0,0,0,0,1,0,0,0,0,0,0,0,0,0,0,0
CHEMBL227751,CHEMBL2487,7.78,1,Oc1ccc(C#Cc2ccc(OCCOCCOCCF)cc2)cc1,APP,0,0,0,0,1,0,0,0,0,0,0,0,0,0,0,0
CHEMBL227752,CHEMBL2487,7.17,1,Nc1ccc(C#Cc2ccc(OCCOCCOCCO)cc2)cc1,APP,0,0,0,0,1,0,0,0,0,0,0,0,0,0,0,0
CHEMBL227817,CHEMBL2487,8.3,1,CNc1ccc(/C=C/c2cnc(OCCO)c(Br)c2)cc1,APP,0,0,0,0,1,0,0,0,0,0,0,0,0,0,0,0
CHEMBL227869,CHEMBL2487,8.17,1,CN(C)c1ccc(/C=C/c2cnc(OCCOCCOCCF)c(Br)c2)cc1,APP,0,0,0,0,1,0,0,0,0,0,0,0,0,0,0,0
CHEMBL227921,CHEMBL2487,8.35,1,CNc1ccc(/C=C/c2cnc(OCCOCCOCCF)c(Br)c2)cc1,APP,0,0,0,0,1,0,0,0,0,0,0,0,0,0,0,0
CHEMBL227923,CHEMBL2487,7.81,1,OCCOc1ncc(/C=C/c2ccc(O)cc2)cc1I,APP,0,0,0,0,1,0,0,0,0,0,0,0,0,0,0,0
CHEMBL228033,CHEMBL2487,8.82,1,CNc1ccc(C#Cc2ccc(O)cc2)cc1,APP,0,0,0,0,1,0,0,0,0,0,0,0,0,0,0,0
CHEMBL228034,CHEMBL2487,8.54,1,COc1ccc(C#Cc2ccc(O)cc2)cc1,APP,0,0,0,0,1,0,0,0,0,0,0,0,0,0,0,0
CHEMBL228094,CHEMBL2487,7.68,1,Oc1ccc(/C=C/c2cnc(OCCOCCOCCF)c(I)c2)cc1,APP,0,0,0,0,1,0,0,0,0,0,0,0,0,0,0,0
CHEMBL228302,CHEMBL1914,4.82,0,CC(C)(C)c1ccc(C(=O)OCCCCN2CCC(OCc3ccccc3)CC2)cc1,BCHE,0,0,0,0,0,1,0,0,0,0,0,0,0,0,0,0
CHEMBL228303,CHEMBL1914,4.97,0,CC(C)c1ccc(C(=O)OCCCCN2CCC(OCc3ccccc3)CC2)cc1,BCHE,0,0,0,0,0,1,0,0,0,0,0,0,0,0,0,0
CHEMBL228360,CHEMBL1914,6.6,1,O=C(Nc1ccc(Cl)cc1)OCCCCN1CCC(OCc2ccccc2)CC1,BCHE,0,0,0,0,0,1,0,0,0,0,0,0,0,0,0,0
CHEMBL228361,CHEMBL1914,6.11,1,O=C(Nc1ccc(F)cc1)OCCCCN1CCC(OCc2ccccc2)CC1,BCHE,0,0,0,0,0,1,0,0,0,0,0,0,0,0,0,0
CHEMBL228999,CHEMBL1914,4.5,0,O=C(OCCCCN1CCC(OC(c2ccccc2)c2ccccc2)CC1)c1ccccc1,BCHE,0,0,0,0,0,1,0,0,0,0,0,0,0,0,0,0
CHEMBL229000,CHEMBL1914,4.42,0,O=C(OCCCCN1CCC(OC(c2ccccc2)c2ccccc2)CC1)c1ccc(Cl)cc1,BCHE,0,0,0,0,0,1,0,0,0,0,0,0,0,0,0,0
CHEMBL229001,CHEMBL1914,4.65,0,O=C(OCCCCN1CCC(OC(c2ccccc2)c2ccccc2)CC1)c1ccc(F)cc1,BCHE,0,0,0,0,0,1,0,0,0,0,0,0,0,0,0,0
CHEMBL229050,CHEMBL1914,4.1,0,CC(C)(C)c1ccc(C(=O)OCCCCN2CCC(OC(c3ccccc3)c3ccccc3)CC2)cc1,BCHE,0,0,0,0,0,1,0,0,0,0,0,0,0,0,0,0
CHEMBL229051,CHEMBL1914,4.63,0,CC(C)c1ccc(C(=O)OCCCCN2CCC(OC(c3ccccc3)c3ccccc3)CC2)cc1,BCHE,0,0,0,0,0,1,0,0,0,0,0,0,0,0,0,0
CHEMBL229052,CHEMBL1914,4.24,0,O=C(OCCCCN1CCC(OC(c2ccccc2)c2ccccc2)CC1)c1cccc(Cl)c1,BCHE,0,0,0,0,0,1,0,0,0,0,0,0,0,0,0,0
CHEMBL229104,CHEMBL1914,4.5,0,O=C(OCCCCN1CCC(OC(c2ccccc2)c2ccccc2)CC1)c1cccc(F)c1,BCHE,0,0,0,0,0,1,0,0,0,0,0,0,0,0,0,0
CHEMBL229105,CHEMBL1914,6.25,1,O=C(OCCCCN1CCC(OCc2ccccc2)CC1)c1ccc(F)cc1,BCHE,0,0,0,0,0,1,0,0,0,0,0,0,0,0,0,0
CHEMBL23034,CHEMBL238,6.08,1,CN(C)Cc1ccccc1Sc1ccc(I)cc1N,SLC6A3,0,0,0,0,0,0,0,0,0,0,0,0,0,0,0,1
CHEMBL2304318,CHEMBL1808,8.92,1,C[C@H](N[C@](C)(CCc1ccccc1)C(=O)O)C(=O)N1CCC[C@H]1C(=O)O,ACE,1,0,0,0,0,0,0,0,0,0,0,0,0,0,0,0
CHEMBL2308105,CHEMBL238,7.41,1,Fc1ccc(C(O[C@H]2C[C@H]3CC[C@@H](C2)N3CCCCc2ccccc2)c2ccc(F)cc2)cc1,SLC6A3,0,0,0,0,0,0,0,0,0,0,0,0,0,0,0,1
CHEMBL230931,CHEMBL2487,6.17,1,O=C(OCCCC1CCc2ccccc2N1S(=O)(=O)c1ccc(Cl)cc1)N1CCN(CCO)CC1,APP,0,0,0,0,1,0,0,0,0,0,0,0,0,0,0,0
CHEMBL231035,CHEMBL2487,6.0,1,O=C(OCCC1CCc2ccccc2N1S(=O)(=O)c1ccc(Cl)cc1)N1CCN(C2CCCCC2)CC1,APP,0,0,0,0,1,0,0,0,0,0,0,0,0,0,0,0
CHEMBL231125,CHEMBL2487,6.11,1,CN1CCN(C(=O)OCCCC2CCc3ccccc3N2S(=O)(=O)c2ccc(Cl)cc2)CC1,APP,0,0,0,0,1,0,0,0,0,0,0,0,0,0,0,0
CHEMBL231248,CHEMBL2487,7.22,1,O=C(OCCCC1CCc2ccccc2N1S(=O)(=O)c1ccc(Cl)cc1)N1CCC(N2CCCCC2)CC1,APP,0,0,0,0,1,0,0,0,0,0,0,0,0,0,0,0
CHEMBL231250,CHEMBL2487,7.14,1,O=C(OCC1CCc2ccccc2N1S(=O)(=O)c1ccc(Cl)cc1)N1CCC(N2CCCCC2)CC1,APP,0,0,0,0,1,0,0,0,0,0,0,0,0,0,0,0
CHEMBL231351,CHEMBL2487,6.19,1,O=C(NCCCn1ccnc1)OC[C@H]1CC[C@@H](c2ccccc2)N1S(=O)(=O)c1ccc(Cl)cc1,APP,0,0,0,0,1,0,0,0,0,0,0,0,0,0,0,0
CHEMBL231446,CHEMBL2487,6.28,1,CN1CCCC1CCNC(=O)OCCC1CCc2ccccc2N1S(=O)(=O)c1ccc(Cl)cc1,APP,0,0,0,0,1,0,0,0,0,0,0,0,0,0,0,0
CHEMBL231447,CHEMBL2487,6.66,1,CN1CCCC1CCNC(=O)OCCCC1CCc2ccccc2N1S(=O)(=O)c1ccc(Cl)cc1,APP,0,0,0,0,1,0,0,0,0,0,0,0,0,0,0,0
CHEMBL231448,CHEMBL2487,6.27,1,O=C(OC[C@H]1CC[C@@H](c2ccccc2)N1S(=O)(=O)c1ccc(Cl)cc1)N1CCN(CCO)CC1,APP,0,0,0,0,1,0,0,0,0,0,0,0,0,0,0,0
CHEMBL231449,CHEMBL2487,6.92,1,O=C(OC[C@H]1CC[C@@H](c2ccccc2)N1S(=O)(=O)c1ccc(Cl)cc1)N1CCN(C2CCCCC2)CC1,APP,0,0,0,0,1,0,0,0,0,0,0,0,0,0,0,0
CHEMBL231544,CHEMBL2487,7.07,1,O=C(NCCCn1ccnc1)OCCCC1CCc2ccccc2N1S(=O)(=O)c1ccc(Cl)cc1,APP,0,0,0,0,1,0,0,0,0,0,0,0,0,0,0,0
CHEMBL231545,CHEMBL2487,6.75,1,O=C(OCCCC1CCc2ccccc2N1S(=O)(=O)c1ccc(Cl)cc1)N1CCN(C2CCCCC2)CC1,APP,0,0,0,0,1,0,0,0,0,0,0,0,0,0,0,0
CHEMBL231547,CHEMBL2487,6.85,1,O=C(NC1CCN(Cc2ccccc2)CC1)OC[C@H]1CC[C@@H](c2ccccc2)N1S(=O)(=O)c1ccc(Cl)cc1,APP,0,0,0,0,1,0,0,0,0,0,0,0,0,0,0,0
CHEMBL231548,CHEMBL2487,6.75,1,O=C(OC[C@H]1CC[C@@H](c2ccccc2)N1S(=O)(=O)c1ccc(Cl)cc1)N1CCC(N2CCCCC2)CC1,APP,0,0,0,0,1,0,0,0,0,0,0,0,0,0,0,0
CHEMBL231647,CHEMBL2487,6.05,1,O=C(NC1CCN(Cc2ccccc2)CC1)OCCC1CCc2ccccc2N1S(=O)(=O)c1ccc(Cl)cc1,APP,0,0,0,0,1,0,0,0,0,0,0,0,0,0,0,0
CHEMBL231915,CHEMBL2487,7.78,1,CN(C)c1ccc(C#Cc2cnc(OCCOCCOCCF)c(I)c2)cc1,APP,0,0,0,0,1,0,0,0,0,0,0,0,0,0,0,0
CHEMBL231916,CHEMBL2487,8.04,1,CN(C)c1ccc(C#Cc2cnc(OCCO)c(I)c2)cc1,APP,0,0,0,0,1,0,0,0,0,0,0,0,0,0,0,0
CHEMBL231917,CHEMBL2487,8.17,1,CN(C)c1ccc(C#Cc2cnc(OCCO)c(Br)c2)cc1,APP,0,0,0,0,1,0,0,0,0,0,0,0,0,0,0,0
CHEMBL231918,CHEMBL2487,7.88,1,CNc1ccc(C#Cc2cnc(OCCOCCOCCF)c(Br)c2)cc1,APP,0,0,0,0,1,0,0,0,0,0,0,0,0,0,0,0
CHEMBL232112,CHEMBL2487,8.8,1,CNc1ccc(C#Cc2cnc(OCCO)c(Br)c2)cc1,APP,0,0,0,0,1,0,0,0,0,0,0,0,0,0,0,0
CHEMBL232113,CHEMBL2487,7.9,1,CNc1ccc(C#Cc2cnc(OCCO)c(I)c2)cc1,APP,0,0,0,0,1,0,0,0,0,0,0,0,0,0,0,0
CHEMBL232114,CHEMBL2487,8.21,1,OCCOc1ncc(C#Cc2ccc(O)cc2)cc1I,APP,0,0,0,0,1,0,0,0,0,0,0,0,0,0,0,0
CHEMBL2333943,CHEMBL1904,4.05,0,O=C(O)c1cc2cc(Br)ccc2oc1=O,GRIN2B,0,0,0,0,0,0,0,0,0,1,0,0,0,0,0,0
CHEMBL2333943,CHEMBL1972,4.73,0,O=C(O)c1cc2cc(Br)ccc2oc1=O,GRIN2A,0,0,0,0,0,0,0,0,1,0,0,0,0,0,0,0
CHEMBL2333943,CHEMBL4109,4.17,0,O=C(O)c1cc2cc(Br)ccc2oc1=O,GRIN2C,0,0,0,0,0,0,0,0,0,0,1,0,0,0,0,0
CHEMBL2333945,CHEMBL1972,6.96,1,O=C(NNC(=O)c1ccc(CNS(=O)(=O)c2ccc(F)c(Cl)c2)cc1)c1ccccc1,GRIN2A,0,0,0,0,0,0,0,0,1,0,0,0,0,0,0,0
CHEMBL236182,CHEMBL2487,7.89,1,CC[C@@H]1CCC[C@H](C2(OC(=O)N3CCN(CCO)[C@@H](C)C3)CC2)N1S(=O)(=O)c1ccc(Cl)cc1,APP,0,0,0,0,1,0,0,0,0,0,0,0,0,0,0,0
CHEMBL236183,CHEMBL2487,7.77,1,CC[C@@H]1CCC[C@H](C2(OC(=O)N3CCN(CCCO)CC3)CC2)N1S(=O)(=O)c1ccc(Cl)cc1,APP,0,0,0,0,1,0,0,0,0,0,0,0,0,0,0,0
CHEMBL236184,CHEMBL2487,8.16,1,CC[C@@H]1CCC[C@H](C2(OC(=O)N3CCN(C(C)(C)CO)CC3)CC2)N1S(=O)(=O)c1ccc(Cl)cc1,APP,0,0,0,0,1,0,0,0,0,0,0,0,0,0,0,0
CHEMBL236185,CHEMBL2487,8.0,1,CC[C@@H]1CCC[C@H](C2(OC(=O)N3CCN(C(C)(C)CO)CC3)CC2)N1S(=O)(=O)c1ccc(F)cc1,APP,0,0,0,0,1,0,0,0,0,0,0,0,0,0,0,0
CHEMBL236186,CHEMBL2487,7.6,1,CC[C@@H]1CCC[C@H](C2(OC(=O)N3CC4CCC(C3)N4CCO)CC2)N1S(=O)(=O)c1ccc(F)cc1,APP,0,0,0,0,1,0,0,0,0,0,0,0,0,0,0,0
CHEMBL236187,CHEMBL2487,7.8,1,CC[C@@H]1CCC[C@H](C2(OC(=O)N3CCC(N4CCCCC4)CC3)CC2)N1S(=O)(=O)c1ccc(F)cc1,APP,0,0,0,0,1,0,0,0,0,0,0,0,0,0,0,0
CHEMBL236188,CHEMBL2487,8.02,1,CC[C@@H]1CCC[C@H](C2(OC(=O)N3CCN(C(C)(C)CO)CC3)CC2)N1S(=O)(=O)c1ccc(F)c(F)c1,APP,0,0,0,0,1,0,0,0,0,0,0,0,0,0,0,0
CHEMBL236189,CHEMBL2487,7.57,1,CC[C@@H]1CCC[C@H](C2(OC(=O)N3CC4CCC(C3)N4CCO)CC2)N1S(=O)(=O)c1ccc(F)c(F)c1,APP,0,0,0,0,1,0,0,0,0,0,0,0,0,0,0,0
CHEMBL236190,CHEMBL2487,8.16,1,CC[C@@H]1CCC[C@H](C2(OC(=O)N3CCC(N4CCCCC4)CC3)CC2)N1S(=O)(=O)c1ccc(F)c(F)c1,APP,0,0,0,0,1,0,0,0,0,0,0,0,0,0,0,0
CHEMBL236191,CHEMBL2487,7.09,1,CC[C@@H]1CCC[C@H](C2(OC(=O)N3CCN(C(C)(C)CO)CC3)CC2)N1S(=O)(=O)c1cc(F)cc(F)c1,APP,0,0,0,0,1,0,0,0,0,0,0,0,0,0,0,0
CHEMBL236192,CHEMBL2487,7.8,1,O=C(OC1([C@H]2CCC[C@@H](C3CC3)N2S(=O)(=O)c2ccc(Cl)cc2)CC1)N1CCN(CCCO)CC1,APP,0,0,0,0,1,0,0,0,0,0,0,0,0,0,0,0
CHEMBL236193,CHEMBL2487,7.82,1,O=C(O[C@H]1CCC2CCCC1N2S(=O)(=O)c1ccc(Cl)cc1)N1CCC(N2CCCCC2)CC1,APP,0,0,0,0,1,0,0,0,0,0,0,0,0,0,0,0
CHEMBL236196,CHEMBL2487,6.98,1,CCC1(O)CCN(C(=O)O[C@H]2CCC3CCCC2N3S(=O)(=O)c2ccc(Cl)cc2)CC1,APP,0,0,0,0,1,0,0,0,0,0,0,0,0,0,0,0
CHEMBL2370850,CHEMBL1808,7.3,1,C[C@H](NC(=O)[C@H](Cc1ccccc1)NC(=O)[C@H](CCCCN)NC(=O)[C@@H]1CCC(=O)N1)C(=O)N1CCC[C@H]1C(=O)O,ACE,1,0,0,0,0,0,0,0,0,0,0,0,0,0,0,0
CHEMBL2373379,CHEMBL238,7.96,1,COC(=O)C1C2CC[C@@H](C[C@@H]1OC(c1ccc(F)cc1)c1ccc(F)cc1)N2C,SLC6A3,0,0,0,0,0,0,0,0,0,0,0,0,0,0,0,1
CHEMBL238271,CHEMBL2487,7.55,1,CCCC1(O)CCN(C(=O)OC2([C@H]3CCC[C@@H](CC)N3S(=O)(=O)c3ccc(Cl)cc3)CC2)C1,APP,0,0,0,0,1,0,0,0,0,0,0,0,0,0,0,0
CHEMBL23849,CHEMBL1808,7.9,1,CC(CS)C(=O)N1c2ccccc2CC1C(=O)O,ACE,1,0,0,0,0,0,0,0,0,0,0,0,0,0,0,0
CHEMBL239629,CHEMBL2487,8.62,1,O=C(OC1([C@H]2CCC[C@@H](c3cc(F)cc(F)c3)N2S(=O)(=O)c2ccc(Cl)cc2)CC1)N1CCN(CCO)CC1,APP,0,0,0,0,1,0,0,0,0,0,0,0,0,0,0,0
CHEMBL2396675,CHEMBL2473,4.4,0,C/C(=C\COc1c(C)c(C)c2c(c1C)CCC(C)(C(=O)O)O2)CCC[C@H](C)CCC[C@H](C)CCCC(C)C,PSEN1,0,0,0,0,0,0,0,0,0,0,0,0,0,1,0,0
CHEMBL2397095,CHEMBL4109,4.92,0,COc1ccc(OCC2c3cc(OC)c(OC)cc3CCN2C(=O)c2ccccc2)cc1,GRIN2C,0,0,0,0,0,0,0,0,0,0,1,0,0,0,0,0
CHEMBL2397103,CHEMBL4109,6.0,1,COc1ccc(OCC2c3cc(OC)c(OC)cc3CCN2C(=O)c2cccc(Br)c2)cc1,GRIN2C,0,0,0,0,0,0,0,0,0,0,1,0,0,0,0,0
CHEMBL2397107,CHEMBL4109,4.89,0,COc1ccc(OCC2c3cc(OC)c(OC)cc3CCN2C(=O)c2cccc([N+](=O)[O-])c2)cc1,GRIN2C,0,0,0,0,0,0,0,0,0,0,1,0,0,0,0,0
CHEMBL2397209,CHEMBL4109,4.51,0,COc1ccc(OCC2c3cc(OC)c(OC)cc3CCN2C(=O)c2cccc(I)c2)cc1,GRIN2C,0,0,0,0,0,0,0,0,0,0,1,0,0,0,0,0
CHEMBL2397250,CHEMBL4109,4.92,0,COc1ccc(OCC2c3cc4c(cc3CCN2C(=O)c2cccc(Cl)c2)OCO4)cc1,GRIN2C,0,0,0,0,0,0,0,0,0,0,1,0,0,0,0,0
CHEMBL2397252,CHEMBL4109,5.0,0,COc1ccc(OCC2c3c(cc(OC)cc3OC)CCN2C(=O)c2ccccc2)cc1,GRIN2C,0,0,0,0,0,0,0,0,0,0,1,0,0,0,0,0
CHEMBL2397253,CHEMBL4109,4.96,0,COc1ccc(OCC2c3c(cc(OC)cc3OC)CCN2C(=O)c2cccc(Cl)c2)cc1,GRIN2C,0,0,0,0,0,0,0,0,0,0,1,0,0,0,0,0
CHEMBL2397256,CHEMBL4109,6.1,1,COc1ccc(OCC2c3ccc(OC)cc3CCN2C(=O)c2cccc(Cl)c2)cc1,GRIN2C,0,0,0,0,0,0,0,0,0,0,1,0,0,0,0,0
CHEMBL2397257,CHEMBL4109,6.0,1,COc1ccc(OCC2c3ccc(OC)cc3CCN2C(=O)c2cccc(Br)c2)cc1,GRIN2C,0,0,0,0,0,0,0,0,0,0,1,0,0,0,0,0
CHEMBL2398567,CHEMBL2473,4.5,0,CCCCCCCCCCCOC(=O)C1(C)CCc2c(C)c(OCC(=O)O)c(C)c(C)c2O1,PSEN1,0,0,0,0,0,0,0,0,0,0,0,0,0,1,0,0
CHEMBL2398568,CHEMBL2473,4.4,0,CCCCCCCCCCCCCCOC(=O)C1(C)CCc2c(C)c(OCC(=O)O)c(C)c(C)c2O1,PSEN1,0,0,0,0,0,0,0,0,0,0,0,0,0,1,0,0
CHEMBL2398569,CHEMBL2473,4.4,0,C/C(=C\COC(=O)C1(C)CCc2c(C)c(OCC(=O)O)c(C)c(C)c2O1)CCC[C@H](C)CCC[C@H](C)CCCC(C)C,PSEN1,0,0,0,0,0,0,0,0,0,0,0,0,0,1,0,0
CHEMBL2398570,CHEMBL2473,4.4,0,CC(C)=CCC/C(C)=C/CC/C(C)=C/COC(=O)C1(C)CCc2c(C)c(OCC(=O)O)c(C)c(C)c2O1,PSEN1,0,0,0,0,0,0,0,0,0,0,0,0,0,1,0,0
CHEMBL2398573,CHEMBL2473,4.5,0,Cc1c(C)c2c(c(C)c1OCC(=O)O)CCC(C)(CCC[C@H](C)CCC[C@H](C)CCCC(C)C)O2,PSEN1,0,0,0,0,0,0,0,0,0,0,0,0,0,1,0,0
CHEMBL2398574,CHEMBL2473,4.5,0,Cc1c(C)c2c(c(C)c1OCC(=O)O)CCC(C)(CCCC(C)CCCC(C)CCCC(C)C)O2,PSEN1,0,0,0,0,0,0,0,0,0,0,0,0,0,1,0,0
CHEMBL2398575,CHEMBL2473,4.6,0,CCCCCCCCOc1c(C)c(C)c2c(c1C)CCC(C)(C(=O)O)O2,PSEN1,0,0,0,0,0,0,0,0,0,0,0,0,0,1,0,0
CHEMBL2398576,CHEMBL2473,4.5,0,CCCCCCCCCCCOc1c(C)c(C)c2c(c1C)CCC(C)(C(=O)O)O2,PSEN1,0,0,0,0,0,0,0,0,0,0,0,0,0,1,0,0
CHEMBL2398577,CHEMBL2473,4.5,0,CCCCCCCCCCCCCCOc1c(C)c(C)c2c(c1C)CCC(C)(C(=O)O)O2,PSEN1,0,0,0,0,0,0,0,0,0,0,0,0,0,1,0,0
CHEMBL2398578,CHEMBL2473,4.5,0,CC(C)=CCC/C(C)=C/CC/C(C)=C/COc1c(C)c(C)c2c(c1C)CCC(C)(C(=O)O)O2,PSEN1,0,0,0,0,0,0,0,0,0,0,0,0,0,1,0,0
CHEMBL2398579,CHEMBL2473,4.5,0,CCCCCCCCOC(=O)C1(C)CCc2c(C)c(OCC(=O)O)c(C)c(C)c2O1,PSEN1,0,0,0,0,0,0,0,0,0,0,0,0,0,1,0,0
CHEMBL239858,CHEMBL2487,8.6,1,CCC[C@@H]1CCC[C@H](C2(OC(=O)N3CCC(N4CCCCC4)CC3)CC2)N1S(=O)(=O)c1ccc(Cl)cc1,APP,0,0,0,0,1,0,0,0,0,0,0,0,0,0,0,0
CHEMBL239859,CHEMBL2487,8.46,1,CC[C@@H]1CCC[C@H](C2(OC(=O)N3CCC(N4CCCCC4)CC3)CC2)N1S(=O)(=O)c1ccc(Cl)cc1,APP,0,0,0,0,1,0,0,0,0,0,0,0,0,0,0,0
CHEMBL240055,CHEMBL2487,9.52,1,O=C(OC1([C@H]2CCC[C@@H](c3cc(F)cc(F)c3)N2S(=O)(=O)c2ccc(Cl)cc2)CC1)N1CCC(N2CCCCC2)CC1,APP,0,0,0,0,1,0,0,0,0,0,0,0,0,0,0,0
CHEMBL240069,CHEMBL2487,7.57,1,O=C(OC1([C@H]2CCC[C@@H](C3CC3)N2S(=O)(=O)c2ccc(Cl)cc2)CC1)N1CCN(CCO)CC1,APP,0,0,0,0,1,0,0,0,0,0,0,0,0,0,0,0
CHEMBL240070,CHEMBL2487,7.92,1,CC[C@@H]1CCC[C@H](C2(OC(=O)N3CCN(CCO)CC3)CC2)N1S(=O)(=O)c1ccc(Cl)cc1,APP,0,0,0,0,1,0,0,0,0,0,0,0,0,0,0,0
CHEMBL240071,CHEMBL2487,7.85,1,O=C(OC1([C@H]2CCC[C@@H](CC(F)(F)F)N2S(=O)(=O)c2ccc(Cl)cc2)CC1)N1CCN(CCO)CC1,APP,0,0,0,0,1,0,0,0,0,0,0,0,0,0,0,0
CHEMBL240284,CHEMBL2487,7.77,1,O=C(OC1([C@H]2CCC[C@@H](c3cc(F)cc(F)c3)N2S(=O)(=O)c2ccc(Cl)cc2)CC1)N1CC[C@@H](O)C1,APP,0,0,0,0,1,0,0,0,0,0,0,0,0,0,0,0
CHEMBL240285,CHEMBL2487,7.33,1,CCC[C@@H]1CCC[C@H](C2(OC(=O)N3CC[C@@H](O)C3)CC2)N1S(=O)(=O)c1ccc(Cl)cc1,APP,0,0,0,0,1,0,0,0,0,0,0,0,0,0,0,0
CHEMBL240286,CHEMBL2487,7.25,1,CC[C@@H]1CCC[C@H](C2(OC(=O)N3CC[C@@H](O)C3)CC2)N1S(=O)(=O)c1ccc(Cl)cc1,APP,0,0,0,0,1,0,0,0,0,0,0,0,0,0,0,0
CHEMBL241828,CHEMBL1914,4.05,0,COc1ccc2oc(-c3ccc(CN(C)Cc4ccccc4)cc3)cc(=O)c2c1,BCHE,0,0,0,0,0,1,0,0,0,0,0,0,0,0,0,0
CHEMBL241917,CHEMBL2487,7.44,1,Nc1ccc(-c2nc3ccc(-c4nc5ccc(F)cc5s4)cc3s2)cc1,APP,0,0,0,0,1,0,0,0,0,0,0,0,0,0,0,0
CHEMBL241967,CHEMBL2487,7.89,1,CN(C)c1ccc(-c2cn3cc(F)ccc3n2)cc1,APP,0,0,0,0,1,0,0,0,0,0,0,0,0,0,0,0
CHEMBL241986,CHEMBL2487,6.19,1,CNc1ccc(-c2cn3cc(SCCO)ccc3n2)cc1,APP,0,0,0,0,1,0,0,0,0,0,0,0,0,0,0,0
CHEMBL242130,CHEMBL2487,8.17,1,CNc1ccc(-c2nc3ccc(-c4nc5ccc(Cl)cc5s4)cc3s2)cc1,APP,0,0,0,0,1,0,0,0,0,0,0,0,0,0,0,0
CHEMBL242132,CHEMBL2487,7.64,1,CN(C)c1ccc(-c2nc3ccc(-c4nc5ccc(F)cc5s4)cc3s2)cc1,APP,0,0,0,0,1,0,0,0,0,0,0,0,0,0,0,0
CHEMBL242194,CHEMBL2487,8.08,1,CCSc1ccc2nc(-c3ccc(N(C)C)cc3)cn2c1,APP,0,0,0,0,1,0,0,0,0,0,0,0,0,0,0,0
CHEMBL242347,CHEMBL2487,7.68,1,Nc1ccc(-c2nc3ccc(-c4nc5ccccc5s4)cc3s2)cc1I,APP,0,0,0,0,1,0,0,0,0,0,0,0,0,0,0,0
CHEMBL242410,CHEMBL2487,6.74,1,CN(C)c1ccc(-c2cn3cc(Br)cc(I)c3n2)cc1,APP,0,0,0,0,1,0,0,0,0,0,0,0,0,0,0,0
CHEMBL2431021,CHEMBL5028,4.41,0,O=C(CNS(=O)(=O)c1ccc(OCc2cc(Br)cc(Br)c2)cc1)NO,ADAM10,0,0,1,0,0,0,0,0,0,0,0,0,0,0,0,0
CHEMBL2431027,CHEMBL5028,6.52,1,O=C(NCCC[C@@H](NS(=O)(=O)c1ccc(OCc2cc(Br)cc(Br)c2)cc1)C(=O)NO)OCc1ccccc1,ADAM10,0,0,1,0,0,0,0,0,0,0,0,0,0,0,0,0
CHEMBL2431028,CHEMBL5028,6.82,1,NC(=O)NCCC[C@@H](NS(=O)(=O)c1ccc(OCc2cc(Br)cc(Br)c2)cc1)C(=O)NO,ADAM10,0,0,1,0,0,0,0,0,0,0,0,0,0,0,0,0
CHEMBL243492,CHEMBL2487,7.42,1,COc1ccc2nc(-c3ccc(N(C)C)cc3)cn2c1,APP,0,0,0,0,1,0,0,0,0,0,0,0,0,0,0,0
CHEMBL243630,CHEMBL2487,7.6,1,Nc1ccc(-c2nc3ccc(-c4nc5ccccc5s4)cc3s2)cc1,APP,0,0,0,0,1,0,0,0,0,0,0,0,0,0,0,0
CHEMBL243838,CHEMBL2487,7.47,1,Nc1ccc(-c2nc3ccc(-c4nc5ccc(Cl)cc5s4)cc3s2)cc1,APP,0,0,0,0,1,0,0,0,0,0,0,0,0,0,0,0
CHEMBL24416,CHEMBL220,4.16,0,COc1ccc(-c2cc3c(c(=O)o2)C(=O)C2[C@@]4(C)CC[C@H](O)[C@@](C)(CO)C4C[C@H](O)[C@@]2(C)O3)cc1,ACHE,0,1,0,0,0,0,0,0,0,0,0,0,0,0,0,0
CHEMBL244747,CHEMBL2487,7.06,1,CN(C)c1ccc(-c2cn3cc(Cl)ncc3n2)cc1,APP,0,0,0,0,1,0,0,0,0,0,0,0,0,0,0,0
CHEMBL244757,CHEMBL2487,8.12,1,CN(C)c1ccc(-c2cn3cc([N+](=O)[O-])ccc3n2)cc1,APP,0,0,0,0,1,0,0,0,0,0,0,0,0,0,0,0
CHEMBL244994,CHEMBL2487,6.41,1,CN(C)c1ccc(-c2cn3cc(SCC(N)=O)ccc3n2)cc1,APP,0,0,0,0,1,0,0,0,0,0,0,0,0,0,0,0
CHEMBL244995,CHEMBL2487,7.06,1,CN(C)c1ccc(-c2cn3cc(SCCO)ccc3n2)cc1,APP,0,0,0,0,1,0,0,0,0,0,0,0,0,0,0,0
CHEMBL245208,CHEMBL2487,8.13,1,CNc1ccc(-c2cn3cc(Br)ccc3n2)cc1Br,APP,0,0,0,0,1,0,0,0,0,0,0,0,0,0,0,0
CHEMBL245210,CHEMBL2487,6.18,1,Cc1cc(-c2cn3cc(Br)ccc3n2)ccc1N,APP,0,0,0,0,1,0,0,0,0,0,0,0,0,0,0,0
CHEMBL245476,CHEMBL2487,4.7,0,COc1ccc(/C=C/c2cc(Br)cc(/C=C/c3ccc(OC)c(OC)c3)c2)cc1OC,APP,0,0,0,0,1,0,0,0,0,0,0,0,0,0,0,0
CHEMBL245688,CHEMBL2487,7.0,1,COc1cc(/C=C/c2cc(Br)cc(/C=C/c3ccc(O)c(OC)c3)c2)ccc1O,APP,0,0,0,0,1,0,0,0,0,0,0,0,0,0,0,0
CHEMBL24686,CHEMBL220,8.1,1,COc1cc(-c2cc3c(c(=O)o2)C[C@]2(O)[C@@]4(C)C(=O)C=CC(C)(C)[C@]4(O)CC[C@@]2(C)O3)cc(OC)c1OC,ACHE,0,1,0,0,0,0,0,0,0,0,0,0,0,0,0,0
CHEMBL247113,CHEMBL1904,6.65,1,FC(F)(F)Oc1ccc(C2=NCC(c3cc(Cl)cc(Cl)c3)N2)cc1Cl,GRIN2B,0,0,0,0,0,0,0,0,0,1,0,0,0,0,0,0
CHEMBL247114,CHEMBL1904,6.45,1,FC(F)(F)Oc1ccc(C2=NCC(c3ccccc3C(F)(F)F)N2)cc1Cl,GRIN2B,0,0,0,0,0,0,0,0,0,1,0,0,0,0,0,0
CHEMBL247115,CHEMBL1904,6.3,1,FC(F)(F)Oc1ccc(C2=NCC(c3ccccc3OC(F)(F)F)N2)cc1Cl,GRIN2B,0,0,0,0,0,0,0,0,0,1,0,0,0,0,0,0
CHEMBL247323,CHEMBL1904,8.23,1,COc1ccccc1CN1Cc2cc(OC(F)(F)F)ccc2C1=N,GRIN2B,0,0,0,0,0,0,0,0,0,1,0,0,0,0,0,0
CHEMBL247328,CHEMBL2487,6.1,1,COc1cc(/C=C/c2cccc(/C=C/c3ccc(O)c(OC)c3)n2)ccc1O,APP,0,0,0,0,1,0,0,0,0,0,0,0,0,0,0,0
CHEMBL247524,CHEMBL2487,6.16,1,COc1cc(/C=C/c2cccc(/C=C/c3ccc(N)c(OC)c3)n2)ccc1N,APP,0,0,0,0,1,0,0,0,0,0,0,0,0,0,0,0
CHEMBL247674,CHEMBL2487,6.3,1,CNc1ccc(/C=C/c2cccc(/C=C/c3ccc(NC)c(OC)c3)n2)cc1OC,APP,0,0,0,0,1,0,0,0,0,0,0,0,0,0,0,0
CHEMBL247717,CHEMBL1904,6.53,1,FC(F)(F)Oc1ccc(C2=NCC(c3cccc(Cl)c3)N2)cc1,GRIN2B,0,0,0,0,0,0,0,0,0,1,0,0,0,0,0,0
CHEMBL247718,CHEMBL1904,8.1,1,N=C1c2ccc(OC(F)(F)F)cc2CN1Cc1cccc(Cl)c1,GRIN2B,0,0,0,0,0,0,0,0,0,1,0,0,0,0,0,0
CHEMBL247725,CHEMBL2487,6.05,1,CNc1ccc(/C=C/c2cccc(/C=C/c3ccc(NC)c(O)c3)n2)cc1O,APP,0,0,0,0,1,0,0,0,0,0,0,0,0,0,0,0
CHEMBL247927,CHEMBL2487,6.05,1,CN(C)c1ccc(/C=C/c2cccc(/C=C/c3ccc(N(C)C)c(O)c3)n2)cc1O,APP,0,0,0,0,1,0,0,0,0,0,0,0,0,0,0,0
CHEMBL247930,CHEMBL2487,6.22,1,COc1cc(/C=C/c2cccc(/C=C/c3ccc(N)c(OC)c3)c2)ccc1N,APP,0,0,0,0,1,0,0,0,0,0,0,0,0,0,0,0
CHEMBL247931,CHEMBL2487,6.22,1,CNc1ccc(/C=C/c2cccc(/C=C/c3ccc(NC)c(OC)c3)c2)cc1OC,APP,0,0,0,0,1,0,0,0,0,0,0,0,0,0,0,0
CHEMBL247932,CHEMBL2487,6.0,1,COc1cc(/C=C/c2cccc(/C=C/c3ccc(N(C)C)c(OC)c3)c2)ccc1N(C)C,APP,0,0,0,0,1,0,0,0,0,0,0,0,0,0,0,0
CHEMBL248131,CHEMBL2487,6.16,1,CN(C)c1ccc(/C=C/c2cccc(/C=C/c3ccc(N(C)C)c(O)c3)c2)cc1O,APP,0,0,0,0,1,0,0,0,0,0,0,0,0,0,0,0
CHEMBL248132,CHEMBL2487,6.52,1,COc1ccc(/C=C/c2cccc(/C=C/c3ccc(OC)c(N)c3)c2)cc1N,APP,0,0,0,0,1,0,0,0,0,0,0,0,0,0,0,0
CHEMBL248327,CHEMBL2487,6.3,1,CNc1cc(/C=C/c2cccc(/C=C/c3ccc(O)c(NC)c3)n2)ccc1O,APP,0,0,0,0,1,0,0,0,0,0,0,0,0,0,0,0
CHEMBL24844,CHEMBL220,4.24,0,COc1ccc(-c2cc3c(c(=O)o2)C(=O)C2[C@@]4(C)CC[C@H](O)[C@@](C)(CO)C4C[C@H](O)[C@@]2(C)O3)cc1OC,ACHE,0,1,0,0,0,0,0,0,0,0,0,0,0,0,0,0
CHEMBL25149,CHEMBL220,4.1,0,C[C@]12CC[C@H](O)[C@@](C)(CO)C1C[C@H](O)[C@@]1(C)Oc3cc(-c4ccc(Cl)nc4)oc(=O)c3C(=O)C21,ACHE,0,1,0,0,0,0,0,0,0,0,0,0,0,0,0,0
CHEMBL251820,CHEMBL5028,8.15,1,O=C(O[C@H]1CCOC1)N1CCC(CS(=O)(=O)N2CC=C(c3ccccc3)CC2)(C(=O)NO)CC1,ADAM10,0,0,1,0,0,0,0,0,0,0,0,0,0,0,0,0
CHEMBL251823,CHEMBL5028,6.66,1,Cc1ccccc1N1CCN(S(=O)(=O)CC2(C(=O)NO)CCN(C(=O)O[C@H]3CCOC3)CC2)CC1,ADAM10,0,0,1,0,0,0,0,0,0,0,0,0,0,0,0,0
CHEMBL251830,CHEMBL5028,7.35,1,Cc1cc(C#N)ccc1C1=CCN(S(=O)(=O)CC2(C(=O)NO)CCN(C(=O)O[C@H]3CCOC3)CC2)CC1,ADAM10,0,0,1,0,0,0,0,0,0,0,0,0,0,0,0,0
CHEMBL251847,CHEMBL5028,7.85,1,O=C(NO)[C@H]1CC2(CC2)CN[C@@H]1C(=O)N1CCN(c2cccc(Cl)c2)CC1,ADAM10,0,0,1,0,0,0,0,0,0,0,0,0,0,0,0,0
CHEMBL251865,CHEMBL5028,7.23,1,COC(=O)N1CC2(CC2)C[C@H](C(=O)NO)[C@H]1C(=O)N1C=CC(c2ccccc2)CC1,ADAM10,0,0,1,0,0,0,0,0,0,0,0,0,0,0,0,0
CHEMBL251884,CHEMBL5028,7.6,1,Cc1cccc(C2=CCN(C(=O)[C@H]3NCC4(CC4)C[C@@H]3C(=O)NO)CC2)c1,ADAM10,0,0,1,0,0,0,0,0,0,0,0,0,0,0,0,0
CHEMBL252009,CHEMBL1808,4.6,0,CC[C@@H](C)[C@H](S)C(=O)N[C@@H](Cc1ccc(OCc2cc(C(F)(F)F)cc(C(F)(F)F)c2)cc1)C(=O)O,ACE,1,0,0,0,0,0,0,0,0,0,0,0,0,0,0,0
CHEMBL252023,CHEMBL5028,6.88,1,Cc1ccccc1C1=CCN(S(=O)(=O)CC2(C(=O)NO)CCN(C(=O)O[C@H]3CCOC3)CC2)CC1,ADAM10,0,0,1,0,0,0,0,0,0,0,0,0,0,0,0,0
CHEMBL252024,CHEMBL5028,7.6,1,Cc1cc(C#N)ccc1N1CCN(S(=O)(=O)CC2(C(=O)NO)CCN(C(=O)O[C@H]3CCOC3)CC2)CC1,ADAM10,0,0,1,0,0,0,0,0,0,0,0,0,0,0,0,0
CHEMBL252079,CHEMBL5028,7.4,1,COc1cccc(C2=CCN(C(=O)[C@H]3NCC4(CC4)C[C@@H]3C(=O)NO)CC2)c1,ADAM10,0,0,1,0,0,0,0,0,0,0,0,0,0,0,0,0
CHEMBL252081,CHEMBL5028,7.14,1,CC(C)c1cccc(C2=CCN(C(=O)[C@H]3NCC4(CC4)C[C@@H]3C(=O)NO)CC2)c1,ADAM10,0,0,1,0,0,0,0,0,0,0,0,0,0,0,0,0
CHEMBL252246,CHEMBL5028,7.01,1,O=C(NO)[C@H]1CC2(CC2)CN[C@@H]1C(=O)N1CCC(c2ccccc2)C1,ADAM10,0,0,1,0,0,0,0,0,0,0,0,0,0,0,0,0
CHEMBL252278,CHEMBL5028,7.07,1,Cc1cc(C)cc(C2=CCN(C(=O)[C@H]3NCC4(CC4)C[C@@H]3C(=O)NO)CC2)c1,ADAM10,0,0,1,0,0,0,0,0,0,0,0,0,0,0,0,0
CHEMBL252391,CHEMBL1808,6.31,1,CC[C@@H](C)[C@H](S)C(=O)N[C@@H](Cc1ccc(-c2ccccc2)cc1)C(=O)O,ACE,1,0,0,0,0,0,0,0,0,0,0,0,0,0,0,0
CHEMBL252442,CHEMBL5028,7.58,1,COC(=O)N1CC2(CC2)C[C@H](C(=O)NO)[C@H]1C(=O)N1CC=C(c2ccccc2)C1,ADAM10,0,0,1,0,0,0,0,0,0,0,0,0,0,0,0,0
CHEMBL252612,CHEMBL5028,7.8,1,Cc1ccccc1C1CCN(S(=O)(=O)CC2(C(=O)NO)CCN(C(=O)OC3CCNC3)CC2)CC1,ADAM10,0,0,1,0,0,0,0,0,0,0,0,0,0,0,0,0
CHEMBL252627,CHEMBL5028,7.12,1,O=C(O[C@H]1CCOC1)N1CCC(CS(=O)(=O)N2CCC(c3ccccc3F)CC2)(C(=O)NO)CC1,ADAM10,0,0,1,0,0,0,0,0,0,0,0,0,0,0,0,0
CHEMBL252678,CHEMBL5028,7.47,1,O=C(NO)[C@H]1CC2(CC2)CN(C(=O)OCc2ccccc2)[C@@H]1C(=O)N1C=CC(c2ccccc2)CC1,ADAM10,0,0,1,0,0,0,0,0,0,0,0,0,0,0,0,0
CHEMBL252765,CHEMBL2487,7.1,1,CNc1ccc(-c2cn3cc(SC)ccc3n2)cc1,APP,0,0,0,0,1,0,0,0,0,0,0,0,0,0,0,0
CHEMBL252766,CHEMBL2487,8.1,1,CSc1ccc2nc(-c3ccc(N(C)C)cc3)cn2c1,APP,0,0,0,0,1,0,0,0,0,0,0,0,0,0,0,0
CHEMBL252877,CHEMBL5028,7.4,1,CC(=O)N1CC2(CC2)C[C@H](C(=O)NO)[C@H]1C(=O)N1C=CC(c2ccccc2)CC1,ADAM10,0,0,1,0,0,0,0,0,0,0,0,0,0,0,0,0
CHEMBL252912,CHEMBL5028,7.42,1,Cc1cc(N2CCN(C(=O)[C@H]3NCC4(CC4)C[C@@H]3C(=O)NO)CC2)ccc1C#N,ADAM10,0,0,1,0,0,0,0,0,0,0,0,0,0,0,0,0
CHEMBL252969,CHEMBL2487,6.69,1,COC(=O)CCSc1ccc2nc(-c3ccc(N(C)C)cc3)cn2c1,APP,0,0,0,0,1,0,0,0,0,0,0,0,0,0,0,0
CHEMBL253019,CHEMBL5028,7.64,1,Cc1ccccc1C1CCN(S(=O)(=O)CC2(C(=O)NO)CCN(C(=O)OC[C@@H]3CCCN3)CC2)CC1,ADAM10,0,0,1,0,0,0,0,0,0,0,0,0,0,0,0,0
CHEMBL253020,CHEMBL5028,7.52,1,Cc1ccccc1C1CCN(S(=O)(=O)CC2(C(=O)NO)CCN(C(=O)OC[C@H]3CCCN3)CC2)CC1,ADAM10,0,0,1,0,0,0,0,0,0,0,0,0,0,0,0,0
CHEMBL253021,CHEMBL5028,8.19,1,Cc1cc(C#N)ccc1C1CCN(S(=O)(=O)CC2(C(=O)NO)CCN(C(=O)OC[C@@H]3CCCN3)CC2)CC1,ADAM10,0,0,1,0,0,0,0,0,0,0,0,0,0,0,0,0
CHEMBL253035,CHEMBL5028,7.39,1,Cc1ccccc1C1CCN(S(=O)(=O)CC2(C(=O)NO)CCN(C(=O)O[C@H]3CCOC3)CC2)CC1,ADAM10,0,0,1,0,0,0,0,0,0,0,0,0,0,0,0,0
CHEMBL253224,CHEMBL1808,6.39,1,CC[C@@H](C)[C@H](S)C(=O)N[C@@H](Cc1ccc(O)cc1)C(=O)O,ACE,1,0,0,0,0,0,0,0,0,0,0,0,0,0,0,0
CHEMBL253230,CHEMBL5028,7.64,1,Cc1cc(C#N)ccc1C1CCN(S(=O)(=O)CC2(C(=O)NO)CCN(C(=O)OC[C@H]3CCCN3)CC2)CC1,ADAM10,0,0,1,0,0,0,0,0,0,0,0,0,0,0,0,0
CHEMBL253256,CHEMBL5028,6.71,1,Cc1cccc(C2CCN(C(=O)[C@H]3NCC4(CC4)C[C@@H]3C(=O)NO)CC2)c1,ADAM10,0,0,1,0,0,0,0,0,0,0,0,0,0,0,0,0
CHEMBL253428,CHEMBL1808,6.51,1,CC[C@@H](C)[C@H](S)C(=O)N[C@@H](Cc1ccc2ccccc2c1)C(=O)O,ACE,1,0,0,0,0,0,0,0,0,0,0,0,0,0,0,0
CHEMBL253460,CHEMBL5028,7.8,1,CC(C)c1cccc(C2CCN(C(=O)[C@H]3NCC4(CC4)C[C@@H]3C(=O)NO)CC2)c1,ADAM10,0,0,1,0,0,0,0,0,0,0,0,0,0,0,0,0
CHEMBL253652,CHEMBL5028,7.57,1,Cc1cc(C#N)ccc1C1=CCN(S(=O)(=O)CC2(C(=O)NO)CCN(C(=O)OC[C@@H]3CCCN3)CC2)CC1,ADAM10,0,0,1,0,0,0,0,0,0,0,0,0,0,0,0,0
CHEMBL253665,CHEMBL5028,7.85,1,Cc1cc(C#N)ccc1C1CCN(S(=O)(=O)CC2(C(=O)NO)CCN(C(=O)O[C@H]3CCOC3)CC2)CC1,ADAM10,0,0,1,0,0,0,0,0,0,0,0,0,0,0,0,0
CHEMBL253890,CHEMBL5028,7.11,1,N#Cc1ccc(C2CCN(S(=O)(=O)CC3(C(=O)NO)CCN(C(=O)O[C@H]4CCOC4)CC3)CC2)cc1,ADAM10,0,0,1,0,0,0,0,0,0,0,0,0,0,0,0,0
CHEMBL253920,CHEMBL5028,7.82,1,O=C(NO)[C@H]1CC2(CC2)CN[C@@H]1C(=O)N1CC=C(c2cc(F)cc(F)c2)CC1,ADAM10,0,0,1,0,0,0,0,0,0,0,0,0,0,0,0,0
CHEMBL254282,CHEMBL1808,6.6,1,CC[C@@H](C)[C@H](S)C(=O)N[C@@H](Cc1ccc(Oc2ccccc2)cc1)C(=O)O,ACE,1,0,0,0,0,0,0,0,0,0,0,0,0,0,0,0
CHEMBL254295,CHEMBL5028,7.02,1,Cc1cc(C2CCN(S(=O)(=O)CC3(C(=O)NO)CCN(C(=O)O[C@H]4CCOC4)CC3)CC2)cc(C)c1C#N,ADAM10,0,0,1,0,0,0,0,0,0,0,0,0,0,0,0,0
CHEMBL254492,CHEMBL5028,7.44,1,Cc1ccccc1C1CCN(S(=O)(=O)CC2(C(=O)NO)CCN(C(=O)OC3(C)CCOC3)CC2)CC1,ADAM10,0,0,1,0,0,0,0,0,0,0,0,0,0,0,0,0
CHEMBL254493,CHEMBL1808,6.11,1,CC[C@@H](C)[C@H](S)C(=O)N[C@@H](Cc1ccccc1OCc1ccccc1)C(=O)O,ACE,1,0,0,0,0,0,0,0,0,0,0,0,0,0,0,0
CHEMBL254495,CHEMBL1808,6.12,1,CC[C@@H](C)[C@H](S)C(=O)N[C@@H](Cc1cccc(OCc2ccccc2)c1)C(=O)O,ACE,1,0,0,0,0,0,0,0,0,0,0,0,0,0,0,0
CHEMBL254508,CHEMBL5028,6.99,1,O=C(O[C@H]1CCOC1)N1CCC(CS(=O)(=O)N2CC=C(c3ccccc3)C2)(C(=O)NO)CC1,ADAM10,0,0,1,0,0,0,0,0,0,0,0,0,0,0,0,0
CHEMBL254510,CHEMBL5028,6.08,1,Cc1cc(C)cc(C2CCN(S(=O)(=O)CC3(C(=O)NO)CCN(C(=O)O[C@H]4CCOC4)CC3)CC2)c1,ADAM10,0,0,1,0,0,0,0,0,0,0,0,0,0,0,0,0
CHEMBL254703,CHEMBL1808,6.24,1,CC[C@@H](C)[C@H](S)C(=O)N[C@@H](Cc1ccc(OCc2ccccc2)cc1)C(=O)O,ACE,1,0,0,0,0,0,0,0,0,0,0,0,0,0,0,0
CHEMBL254715,CHEMBL5028,6.45,1,O=C(O[C@H]1CCOC1)N1CCC(CS(=O)(=O)N2CCC(c3ccccc3)C2)(C(=O)NO)CC1,ADAM10,0,0,1,0,0,0,0,0,0,0,0,0,0,0,0,0
CHEMBL254850,CHEMBL2487,6.42,1,CSc1ccc2nc(-c3ccc(N)cc3)cn2c1,APP,0,0,0,0,1,0,0,0,0,0,0,0,0,0,0,0
CHEMBL254900,CHEMBL1808,6.75,1,CC[C@@H](C)[C@H](S)C(=O)N[C@@H](C)C(=O)O,ACE,1,0,0,0,0,0,0,0,0,0,0,0,0,0,0,0
CHEMBL255568,CHEMBL1808,6.99,1,CC(C)CN(C[C@H](O)C(=O)O)C(=O)N[C@@H](Cc1c[nH]c2ccccc12)C(=O)O,ACE,1,0,0,0,0,0,0,0,0,0,0,0,0,0,0,0
CHEMBL25629,CHEMBL220,4.46,0,C[C@]12CC[C@H](O)[C@@](C)(CO)C1C[C@H](O)[C@@]1(C)Oc3cc(-c4cccnc4)oc(=O)c3C(=O)C21,ACHE,0,1,0,0,0,0,0,0,0,0,0,0,0,0,0,0
CHEMBL256895,CHEMBL1808,6.82,1,O=C(O)[C@H](Cc1ccc2ccccc2c1)NC(=O)N(Cc1ccc2c(c1)Cc1ccccc1-2)C[C@H](O)C(=O)O,ACE,1,0,0,0,0,0,0,0,0,0,0,0,0,0,0,0
CHEMBL257026,CHEMBL1808,4.89,0,O=C(O)[C@H](Cc1ccc(-c2ccccc2)cc1)NC(=O)[C@@H](S)C1CCCCC1,ACE,1,0,0,0,0,0,0,0,0,0,0,0,0,0,0,0
CHEMBL257229,CHEMBL1808,6.21,1,O=C(O)[C@H](Cc1ccc(-c2ccccc2)cc1)NC(=O)[C@@H](S)C1CCC1,ACE,1,0,0,0,0,0,0,0,0,0,0,0,0,0,0,0
CHEMBL257270,CHEMBL1808,8.03,1,CCCC[C@H](S)C(=O)N[C@@H](Cc1ccc(-c2ccccc2)cc1)C(=O)O,ACE,1,0,0,0,0,0,0,0,0,0,0,0,0,0,0,0
CHEMBL257726,CHEMBL1808,8.07,1,CC[C@H](S)C(=O)N[C@@H](Cc1ccc(-c2ccccc2)cc1)C(=O)O,ACE,1,0,0,0,0,0,0,0,0,0,0,0,0,0,0,0
CHEMBL257727,CHEMBL1808,7.68,1,C[C@H](S)C(=O)N[C@@H](Cc1ccc(-c2ccccc2)cc1)C(=O)O,ACE,1,0,0,0,0,0,0,0,0,0,0,0,0,0,0,0
CHEMBL25782,CHEMBL1808,7.85,1,CCOC(=O)C(CCc1ccccc1)OC(C)C(=O)N1Cc2ccccc2CC1C(=O)O,ACE,1,0,0,0,0,0,0,0,0,0,0,0,0,0,0,0
CHEMBL258130,CHEMBL1808,7.41,1,O=C1c2ccccc2-c2ccc(CN(C[C@H](O)C(=O)O)C(=O)N[C@@H](Cc3ccc4ccccc4c3)C(=O)O)cc21,ACE,1,0,0,0,0,0,0,0,0,0,0,0,0,0,0,0
CHEMBL258278,CHEMBL1808,7.64,1,CC(C)CN(C[C@H](O)C(=O)O)C(=O)N[C@@H](Cc1ccc(O)c(O)c1)C(=O)O,ACE,1,0,0,0,0,0,0,0,0,0,0,0,0,0,0,0
CHEMBL258333,CHEMBL1808,7.8,1,O=C(CS)N[C@@H](Cc1ccc(-c2ccccc2)cc1)C(=O)O,ACE,1,0,0,0,0,0,0,0,0,0,0,0,0,0,0,0
CHEMBL25858,CHEMBL1904,6.79,1,c1ccc(CCCNC2CCc3ccccc3C2)cc1,GRIN2B,0,0,0,0,0,0,0,0,0,1,0,0,0,0,0,0
CHEMBL261425,CHEMBL2783,4.6,0,O=C1Nc2ccccc2/C1=C\c1c(Cl)[nH]c2ccccc12,CDK5R1,0,0,0,0,0,0,0,1,0,0,0,0,0,0,0,0
CHEMBL26226,CHEMBL1808,7.07,1,CC(OC(CCc1ccccc1)C(=O)O)C(=O)N1Cc2ccccc2CC1C(=O)O,ACE,1,0,0,0,0,0,0,0,0,0,0,0,0,0,0,0
CHEMBL262299,CHEMBL1914,4.66,0,Cc1cn(C2C=CC(COP3(=O)OCc4cc(CCC(=O)OCc5ccccc5)ccc4O3)O2)c(=O)[nH]c1=O,BCHE,0,0,0,0,0,1,0,0,0,0,0,0,0,0,0,0
CHEMBL262565,CHEMBL1914,8.47,1,CCN(CCCNc1c2c(nc3ccccc13)CCCC2)CCCNc1c2c(nc3ccccc13)CCCC2,BCHE,0,0,0,0,0,1,0,0,0,0,0,0,0,0,0,0
CHEMBL263198,CHEMBL220,6.44,1,Nc1c2c(nc3c1CCCC3)CCCC2,ACHE,0,1,0,0,0,0,0,0,0,0,0,0,0,0,0,0
CHEMBL26320,CHEMBL238,7.14,1,c1ccc(CCCN2CCN(CCOC(c3ccccc3)c3ccccc3)CC2)cc1,SLC6A3,0,0,0,0,0,0,0,0,0,0,0,0,0,0,0,1
CHEMBL263322,CHEMBL220,8.82,1,CN1CCC(CCCC2Cc3ccccc3C2=O)CC1,ACHE,0,1,0,0,0,0,0,0,0,0,0,0,0,0,0,0
CHEMBL263460,CHEMBL1808,8.54,1,CC(NC(C(=O)O)C1CCCN1C(=O)NC(Cc1ccccc1)C(=O)NC(Cc1ccccc1)C(=O)O)C(=O)N1CCCC1C(=O)O,ACE,1,0,0,0,0,0,0,0,0,0,0,0,0,0,0,0
CHEMBL263501,CHEMBL1808,4.09,0,CCCCC(CC(=O)NO)S(=O)(=O)c1ccccc1,ACE,1,0,0,0,0,0,0,0,0,0,0,0,0,0,0,0
CHEMBL263785,CHEMBL1914,7.08,1,CCCOc1ccccc1C[N+](C)(CC)CCCCCC(=O)N(C)CCCCCCCCN(C)C(=O)CCCCC[N+](C)(CC)Cc1ccccc1OCCC,BCHE,0,0,0,0,0,1,0,0,0,0,0,0,0,0,0,0
CHEMBL263785,CHEMBL220,7.76,1,CCCOc1ccccc1C[N+](C)(CC)CCCCCC(=O)N(C)CCCCCCCCN(C)C(=O)CCCCC[N+](C)(CC)Cc1ccccc1OCCC,ACHE,0,1,0,0,0,0,0,0,0,0,0,0,0,0,0,0
CHEMBL264006,CHEMBL2487,4.68,0,CC(C(=O)O)c1ccc(-c2ccc(C3CCCCC3)cc2)c(F)c1,APP,0,0,0,0,1,0,0,0,0,0,0,0,0,0,0,0
CHEMBL264538,CHEMBL1808,6.14,1,C[C@H](NC(=O)[C@H](Cc1c[nH]c2ccccc12)NC(=O)[C@H](CCCCN)NC(=O)[C@@H]1CCC(=O)N1)C(=O)N1CCC[C@H]1C(=O)O,ACE,1,0,0,0,0,0,0,0,0,0,0,0,0,0,0,0
CHEMBL266045,CHEMBL1914,7.89,1,COc1cc(C(=O)NCCC(=O)NNc2c3c(nc4ccccc24)CCCC3)cc(OC)c1OC,BCHE,0,0,0,0,0,1,0,0,0,0,0,0,0,0,0,0
CHEMBL268481,CHEMBL220,4.4,0,CN1CC[C@H]2COc3c(O)cccc3[C@H]21,ACHE,0,1,0,0,0,0,0,0,0,0,0,0,0,0,0,0
CHEMBL269996,CHEMBL1808,6.7,1,CC[C@H](C)[C@H](S)C(=O)N[C@@H](Cc1ccc(-c2ccccc2)cc1)C(=O)O,ACE,1,0,0,0,0,0,0,0,0,0,0,0,0,0,0,0
CHEMBL269997,CHEMBL1808,6.7,1,CC(C)[C@H](S)C(=O)N[C@@H](Cc1ccc(-c2ccccc2)cc1)C(=O)O,ACE,1,0,0,0,0,0,0,0,0,0,0,0,0,0,0,0
CHEMBL270576,CHEMBL1808,7.22,1,CC(C)CN(C[C@H](O)C(=O)O)C(=O)N[C@@H](Cc1ccc(O)cc1)C(=O)O,ACE,1,0,0,0,0,0,0,0,0,0,0,0,0,0,0,0
CHEMBL271224,CHEMBL1808,6.08,1,O=C(O)[C@H](Cc1ccc(-c2ccccc2)cc1)NC(=O)[C@@H](S)CC1CCCCC1,ACE,1,0,0,0,0,0,0,0,0,0,0,0,0,0,0,0
CHEMBL271225,CHEMBL1808,8.49,1,CC(C)C[C@H](S)C(=O)N[C@@H](Cc1ccc(-c2ccccc2)cc1)C(=O)O,ACE,1,0,0,0,0,0,0,0,0,0,0,0,0,0,0,0
CHEMBL272925,CHEMBL1808,6.68,1,O=C(O)[C@H](Cc1ccc(-c2ccccc2)cc1)NC(=O)[C@@H](S)Cc1ccc2ccccc2c1,ACE,1,0,0,0,0,0,0,0,0,0,0,0,0,0,0,0
CHEMBL273140,CHEMBL1808,7.4,1,O=C1c2ccccc2C(=O)c2cc(CN(C[C@H](O)C(=O)O)C(=O)N[C@@H](Cc3ccc4ccccc4c3)C(=O)O)ccc21,ACE,1,0,0,0,0,0,0,0,0,0,0,0,0,0,0,0
CHEMBL273142,CHEMBL1808,6.72,1,CC(C)(C)CN(C[C@H](O)C(=O)O)C(=O)N[C@@H](Cc1ccc2ccccc2c1)C(=O)O,ACE,1,0,0,0,0,0,0,0,0,0,0,0,0,0,0,0
CHEMBL27336,CHEMBL238,8.59,1,CC[C@@H]1C2CCC(C[C@@H]1c1ccc(Cl)cc1)N2C,SLC6A3,0,0,0,0,0,0,0,0,0,0,0,0,0,0,0,1
CHEMBL274107,CHEMBL220,7.64,1,CNC(=O)Oc1cccc2c1OC[C@@H]1CCN(C)[C@H]21,ACHE,0,1,0,0,0,0,0,0,0,0,0,0,0,0,0,0
CHEMBL274414,CHEMBL2487,6.8,1,CCC[C@H](C(N)=O)[C@@H](CC(C)C)C(=O)N[C@H]1CCCCN(Cc2cccc(Nc3ccc(OC)cc3)c2)C1=O,APP,0,0,0,0,1,0,0,0,0,0,0,0,0,0,0,0
CHEMBL274550,CHEMBL1808,8.12,1,NCCCCC(NC(=O)C1CCC1)C(=O)NC(Cc1ccccc1)C(=O)CCC(=O)N1CCCC1C(=O)O.O=C(O)C(F)(F)F,ACE,1,0,0,0,0,0,0,0,0,0,0,0,0,0,0,0
CHEMBL275212,CHEMBL238,7.66,1,COC(=O)C1C(c2ccc(/C=C\I)cc2)CC2CCC1N2C,SLC6A3,0,0,0,0,0,0,0,0,0,0,0,0,0,0,0,1
CHEMBL27560,CHEMBL1808,4.7,0,N[C@@H](Cc1ccccc1)C(=O)NCC(=O)N1CCC[C@H]1C(=O)O,ACE,1,0,0,0,0,0,0,0,0,0,0,0,0,0,0,0
CHEMBL275702,CHEMBL1808,7.96,1,NCCCCC(NC(=O)C1CCC1)C(=O)NC(Cc1ccccc1)C(=O)CCC(=O)N1CCCC1C(=O)NO.O=C(O)C(F)(F)F,ACE,1,0,0,0,0,0,0,0,0,0,0,0,0,0,0,0
CHEMBL27586,CHEMBL238,7.98,1,CN1C2CCC1[C@@H]([C@@H](O)C(F)(F)F)[C@@H](c1ccc(Cl)cc1)C2,SLC6A3,0,0,0,0,0,0,0,0,0,0,0,0,0,0,0,1
CHEMBL27673,CHEMBL1914,6.01,1,COc1ccccc1CNCCCCCCNCCCCCCCCNCCCCCCNCc1ccccc1OC,BCHE,0,0,0,0,0,1,0,0,0,0,0,0,0,0,0,0
CHEMBL27675,CHEMBL220,4.58,0,C[n+]1ccn(COCCS(C)(=O)=O)c1/C=N/O.[Cl-],ACHE,0,1,0,0,0,0,0,0,0,0,0,0,0,0,0,0
CHEMBL277270,CHEMBL1808,8.4,1,O=C(O)[C@@H]1CC2(CN1C(=O)CP(=O)(O)CCCCc1ccccc1)SCCS2,ACE,1,0,0,0,0,0,0,0,0,0,0,0,0,0,0,0
CHEMBL277665,CHEMBL220,4.0,0,C[C@]12CC[C@H](O)[C@@](C)(CO)C1C[C@H](O)[C@@]1(C)Oc3cc(-c4ccccc4)oc(=O)c3C(=O)C21,ACHE,0,1,0,0,0,0,0,0,0,0,0,0,0,0,0,0
CHEMBL277919,CHEMBL1808,4.16,0,O=C(O)CCCC(=O)N1CCC[C@H]1C(=O)O,ACE,1,0,0,0,0,0,0,0,0,0,0,0,0,0,0,0
CHEMBL278342,CHEMBL220,7.58,1,COc1ccc(-c2cc3c(c(=O)o2)C[C@]2(O)[C@@]4(C)C(=O)C=CC(C)(C)[C@]4(O)CC[C@@]2(C)O3)cc1,ACHE,0,1,0,0,0,0,0,0,0,0,0,0,0,0,0,0
CHEMBL278963,CHEMBL1914,8.49,1,O=C(CCCCC1CCSS1)NCCCCCCNc1c2c(nc3ccccc13)CCCC2,BCHE,0,0,0,0,0,1,0,0,0,0,0,0,0,0,0,0
CHEMBL279737,CHEMBL1808,7.75,1,CC(CS)C(=O)N1Cc2ccccc2CC1C(=O)O,ACE,1,0,0,0,0,0,0,0,0,0,0,0,0,0,0,0
CHEMBL281288,CHEMBL238,8.55,1,C=C[C@@H]1C2CCC(C[C@@H]1c1ccc(Cl)cc1)N2C,SLC6A3,0,0,0,0,0,0,0,0,0,0,0,0,0,0,0,1
CHEMBL281594,CHEMBL238,8.43,1,Fc1ccc(C(OCCN2CCN(CCCc3ccccc3)CC2)c2ccc(F)cc2)cc1,SLC6A3,0,0,0,0,0,0,0,0,0,0,0,0,0,0,0,1
CHEMBL283509,CHEMBL220,9.0,1,COc1ccc(-c2cc3c(c(=O)o2)C[C@]2(O)[C@@]4(C)C(=O)C=CC(C)(C)[C@]4(O)CC[C@@]2(C)O3)cc1OC,ACHE,0,1,0,0,0,0,0,0,0,0,0,0,0,0,0,0
CHEMBL28376,CHEMBL238,6.42,1,CN1C2CCC1[C@H](C(=O)C(F)(F)F)[C@@H](c1ccc(Cl)cc1)C2,SLC6A3,0,0,0,0,0,0,0,0,0,0,0,0,0,0,0,1
CHEMBL28394,CHEMBL238,9.0,1,CN1C2CCC1[C@@H](/C=C/Cl)[C@@H](c1ccc(Cl)cc1)C2,SLC6A3,0,0,0,0,0,0,0,0,0,0,0,0,0,0,0,1
CHEMBL284237,CHEMBL1972,7.54,1,C[C@]12N[C@H](Cc3ccccc31)c1ccccc12,GRIN2A,0,0,0,0,0,0,0,0,1,0,0,0,0,0,0,0
CHEMBL284272,CHEMBL1808,6.47,1,NCCCC[C@H](OP(=O)(O)CCCCc1ccccc1)C(=O)N1C[C@H](c2ccccc2)C[C@H]1C(=O)O,ACE,1,0,0,0,0,0,0,0,0,0,0,0,0,0,0,0
CHEMBL284345,CHEMBL1808,8.97,1,NCCCC[C@H](OP(=O)(O)CCCCc1ccccc1)C(=O)N(CC(=O)O)c1ccccc1,ACE,1,0,0,0,0,0,0,0,0,0,0,0,0,0,0,0
CHEMBL284494,CHEMBL1808,6.66,1,CCOC(=O)C(CCc1ccccc1)OC(C)C(=O)N1CCCC1C(=O)O,ACE,1,0,0,0,0,0,0,0,0,0,0,0,0,0,0,0
CHEMBL284575,CHEMBL2487,7.58,1,Nc1ccc(-c2nc3ccc(F)cc3s2)cc1,APP,0,0,0,0,1,0,0,0,0,0,0,0,0,0,0,0
CHEMBL284734,CHEMBL1808,9.53,1,NCCCC[C@H](OP(=O)(O)CCCCc1ccccc1)C(=O)N1c2ccccc2C[C@H]1C(=O)O,ACE,1,0,0,0,0,0,0,0,0,0,0,0,0,0,0,0
CHEMBL284843,CHEMBL1808,9.05,1,NCCCC[C@H](OP(=O)(O)CCCCc1ccccc1)C(=O)N1C[C@@H](Cc2ccccc2)C[C@H]1C(=O)O,ACE,1,0,0,0,0,0,0,0,0,0,0,0,0,0,0,0
CHEMBL284898,CHEMBL1808,7.62,1,CCOC(=O)C(CCc1ccccc1)OC(C)C(=O)N1C(C(=O)O)CC2CCCCC21,ACE,1,0,0,0,0,0,0,0,0,0,0,0,0,0,0,0
CHEMBL285342,CHEMBL238,6.28,1,CN1C2CCC1[C@H](C(O)C(F)(F)F)[C@@H](c1ccc(Cl)cc1)C2,SLC6A3,0,0,0,0,0,0,0,0,0,0,0,0,0,0,0,1
CHEMBL28564,CHEMBL1904,7.89,1,OC(CN1CCC(Cc2ccc(F)cc2)CC1)c1ccc(Cl)cc1,GRIN2B,0,0,0,0,0,0,0,0,0,1,0,0,0,0,0,0
CHEMBL285897,CHEMBL1808,6.96,1,CC(OC(CCc1ccccc1)C(=O)O)C(=O)N1CCCC1C(=O)O,ACE,1,0,0,0,0,0,0,0,0,0,0,0,0,0,0,0
CHEMBL285935,CHEMBL1808,9.53,1,NCCCC[C@H](OP(=O)(O)CCCCc1ccccc1)C(=O)N(CC(=O)O)C1CCCCC1,ACE,1,0,0,0,0,0,0,0,0,0,0,0,0,0,0,0
CHEMBL286339,CHEMBL1808,9.31,1,NCCCC[C@H](OP(=O)(O)CCCCc1ccccc1)C(=O)N1C[C@@H](C2CCCCC2)C[C@H]1C(=O)O,ACE,1,0,0,0,0,0,0,0,0,0,0,0,0,0,0,0
CHEMBL286990,CHEMBL220,4.97,0,C[n+]1ccn(COCC(C)(C)[N+](=O)[O-])c1/C=N/O.[Cl-],ACHE,0,1,0,0,0,0,0,0,0,0,0,0,0,0,0,0
CHEMBL287518,CHEMBL1808,8.49,1,NCCCC[C@H](OP(=O)(O)CCCCc1ccccc1)C(=O)N1C[C@H](C2CCCCC2)C[C@H]1C(=O)O,ACE,1,0,0,0,0,0,0,0,0,0,0,0,0,0,0,0
CHEMBL287896,CHEMBL1808,7.52,1,C[C@H](NC(=O)[C@@H](S)Cc1ccccc1)C(=O)N1CCC[C@H]1C(=O)O,ACE,1,0,0,0,0,0,0,0,0,0,0,0,0,0,0,0
CHEMBL287904,CHEMBL238,7.33,1,COC(=O)C(c1ccc(Cl)c(Cl)c1)C1CCCC1,SLC6A3,0,0,0,0,0,0,0,0,0,0,0,0,0,0,0,1
CHEMBL288186,CHEMBL238,6.37,1,COC(=O)[C@@H](c1ccc2ccccc2c1)[C@@H]1CCCCO1,SLC6A3,0,0,0,0,0,0,0,0,0,0,0,0,0,0,0,1
CHEMBL288482,CHEMBL1914,6.1,1,CCN(CC)CCOC(=O)C(C)(c1ccc(O)cc1)c1ccc(OC(=O)N(C)C)cc1,BCHE,0,0,0,0,0,1,0,0,0,0,0,0,0,0,0,0
CHEMBL289022,CHEMBL1808,9.28,1,CS[C@@H]1C[C@@H](C(=O)O)N(C(=O)[C@H](CCCCN)OP(=O)(O)CCCCc2ccccc2)C1,ACE,1,0,0,0,0,0,0,0,0,0,0,0,0,0,0,0
CHEMBL289267,CHEMBL1808,8.54,1,O=C(O)CN1C(=O)[C@@H](N[C@@H](CSCc2ccccc2)C(=O)O)CCc2ccccc21,ACE,1,0,0,0,0,0,0,0,0,0,0,0,0,0,0,0
CHEMBL289556,CHEMBL1808,8.22,1,O=C(N[C@H]1CCS[C@H]2CCC[C@@H](C(=O)O)N2C1=O)[C@@H](S)Cc1ccccc1,ACE,1,0,0,0,0,0,0,0,0,0,0,0,0,0,0,0
CHEMBL289618,CHEMBL1808,7.82,1,CCOC(=O)[C@H](CCCCNC(=O)OCc1ccccc1)N[C@H]1CCc2ccccc2N(CC(=O)O)C1=O,ACE,1,0,0,0,0,0,0,0,0,0,0,0,0,0,0,0
CHEMBL290284,CHEMBL1808,8.52,1,O=C(O)CN1C(=O)[C@@H](NC(CCc2ccccc2)C(=O)O)CSc2ccccc21,ACE,1,0,0,0,0,0,0,0,0,0,0,0,0,0,0,0
CHEMBL29031,CHEMBL1808,4.17,0,Cc1ccc(S(=O)(=O)N[C@@H](Cc2ccccc2)C(=O)NCC(=O)N2CCC[C@H]2C(=O)O)cc1,ACE,1,0,0,0,0,0,0,0,0,0,0,0,0,0,0,0
CHEMBL290328,CHEMBL1808,6.0,1,COC(=O)[C@H](CC(C)C)N[C@H]1CCc2ccccc2N(CC(=O)O)C1=O,ACE,1,0,0,0,0,0,0,0,0,0,0,0,0,0,0,0
CHEMBL290510,CHEMBL238,4.89,0,COC(=O)[C@H](c1ccccc1)[C@@H]1CCCCO1,SLC6A3,0,0,0,0,0,0,0,0,0,0,0,0,0,0,0,1
CHEMBL290628,CHEMBL1914,6.04,1,CCCCNC(=O)Oc1ccc2c(c1)c(C)cn2N(CCC)c1ccncc1F,BCHE,0,0,0,0,0,1,0,0,0,0,0,0,0,0,0,0
CHEMBL290802,CHEMBL1808,8.07,1,O=C(O)CN1C(=O)[C@@H](N[C@@H](Cc2ccccc2)C(=O)O)CCc2ccccc21,ACE,1,0,0,0,0,0,0,0,0,0,0,0,0,0,0,0
CHEMBL291381,CHEMBL1808,4.3,0,O=C(CCC(=O)N1CCCC1C(=O)O)NO,ACE,1,0,0,0,0,0,0,0,0,0,0,0,0,0,0,0
CHEMBL292121,CHEMBL220,6.36,1,Nc1c2c(nc3ccccc13)-c1ccc(F)cc1C2,ACHE,0,1,0,0,0,0,0,0,0,0,0,0,0,0,0,0
CHEMBL292314,CHEMBL220,8.74,1,Nc1c2c(nc3cc(Cl)ccc13)CCCC2,ACHE,0,1,0,0,0,0,0,0,0,0,0,0,0,0,0,0
CHEMBL292695,CHEMBL1914,6.19,1,Cc1ccccc1NC(=O)Oc1ccc2c(c1)[C@]1(C)CCN(Cc3ccccc3)C1N2Cc1ccccc1,BCHE,0,0,0,0,0,1,0,0,0,0,0,0,0,0,0,0
CHEMBL292788,CHEMBL220,6.16,1,CN1CC[C@@]2(C)c3cc(OC(=O)NCCN4CCOCC4)ccc3N(C)[C@@H]12,ACHE,0,1,0,0,0,0,0,0,0,0,0,0,0,0,0,0
CHEMBL292910,CHEMBL2487,9.77,1,COc1ccc(/C=C/c2ccc(/C=C/c3ccc(OC)c(C(=O)O)c3)c(I)c2)cc1C(=O)O,APP,0,0,0,0,1,0,0,0,0,0,0,0,0,0,0,0
CHEMBL293720,CHEMBL1914,7.07,1,CC(C)c1ccc(NC(=O)Oc2ccc3c(c2)[C@]2(C)CCN(C)C2N3Cc2ccccc2)cc1,BCHE,0,0,0,0,0,1,0,0,0,0,0,0,0,0,0,0
CHEMBL294208,CHEMBL1914,7.11,1,CC(C)c1ccc(NC(=O)Oc2ccc3c(c2)[C@]2(C)CCN(C)C2N3)cc1,BCHE,0,0,0,0,0,1,0,0,0,0,0,0,0,0,0,0
CHEMBL294525,CHEMBL220,6.54,1,CCCCCCCNc1c2c(nc3cc([N+](=O)[O-])ccc13)CCCC2,ACHE,0,1,0,0,0,0,0,0,0,0,0,0,0,0,0,0
CHEMBL294733,CHEMBL238,8.05,1,COC(=O)C1C(c2cccc(-c3ccccc3)c2)CC2CCC1N2C,SLC6A3,0,0,0,0,0,0,0,0,0,0,0,0,0,0,0,1
CHEMBL294745,CHEMBL220,4.54,0,Nc1ccc2c(N)c3c(nc2c1)-c1ccccc1C3,ACHE,0,1,0,0,0,0,0,0,0,0,0,0,0,0,0,0
CHEMBL294891,CHEMBL220,6.4,1,C/C=C1\C2C=C(C(F)(F)F)CC1(N)c1ccc(O)nc1C2,ACHE,0,1,0,0,0,0,0,0,0,0,0,0,0,0,0,0
CHEMBL295462,CHEMBL1914,6.72,1,CNC(=O)Oc1ccc2c(c1)c(C)cn2Nc1ccncc1F,BCHE,0,0,0,0,0,1,0,0,0,0,0,0,0,0,0,0
CHEMBL295467,CHEMBL238,7.52,1,CNCCC(Oc1ccccc1OC)c1ccccc1,SLC6A3,0,0,0,0,0,0,0,0,0,0,0,0,0,0,0,1
CHEMBL295690,CHEMBL1808,9.3,1,NCCCC[C@H](N[C@@H](CCc1ccccc1)C(=O)O)C(=O)N1CC2(C[C@H]1C(=O)O)SCCS2,ACE,1,0,0,0,0,0,0,0,0,0,0,0,0,0,0,0
CHEMBL296331,CHEMBL1808,6.27,1,CCOC(=O)[C@H](Cc1c[nH]c2ccccc12)N[C@H]1CCc2ccccc2N(CC(=O)O)C1=O,ACE,1,0,0,0,0,0,0,0,0,0,0,0,0,0,0,0
CHEMBL296601,CHEMBL1904,7.8,1,c1ccc(CCCNC2CCc3ccccc3CC2)cc1,GRIN2B,0,0,0,0,0,0,0,0,0,1,0,0,0,0,0,0
CHEMBL298388,CHEMBL1808,7.89,1,O=C(O)CN1C(=O)[C@@H](NC(=O)[C@@H](S)Cc2ccccc2)CSc2ccccc21,ACE,1,0,0,0,0,0,0,0,0,0,0,0,0,0,0,0
CHEMBL298647,CHEMBL1808,4.05,0,O=C(CN1Cc2c(Cl)cccc2NC1=O)NO,ACE,1,0,0,0,0,0,0,0,0,0,0,0,0,0,0,0
CHEMBL299169,CHEMBL1808,7.66,1,O=C(O)CN1CCCC[C@H](NC(=O)[C@@H](S)Cc2ccccc2)C1=O,ACE,1,0,0,0,0,0,0,0,0,0,0,0,0,0,0,0
CHEMBL299181,CHEMBL1808,8.4,1,C[C@H](NC(=O)[C@@H](CS)Cc1ccccc1)C(=O)N1CCC[C@H]1C(=O)O,ACE,1,0,0,0,0,0,0,0,0,0,0,0,0,0,0,0
CHEMBL299438,CHEMBL1808,7.66,1,O=C(O)CN1C(=O)[C@@H](NC(=O)[C@@H](S)CC2CCCCC2)CCc2ccccc21,ACE,1,0,0,0,0,0,0,0,0,0,0,0,0,0,0,0
CHEMBL299441,CHEMBL1808,7.85,1,O=C(O)CCN1C(=O)[C@@H](NC(=O)[C@@H](S)Cc2ccccc2)CSc2ccccc21,ACE,1,0,0,0,0,0,0,0,0,0,0,0,0,0,0,0
CHEMBL299639,CHEMBL1808,7.92,1,O=C(O)CN1C(=O)[C@@H](NC(=O)[C@@H](S)Cc2ccccc2)CCc2ccccc21,ACE,1,0,0,0,0,0,0,0,0,0,0,0,0,0,0,0
CHEMBL299759,CHEMBL1808,4.52,0,NCC(=O)N[C@@H](Cc1c[nH]c2ccccc12)C(=O)O,ACE,1,0,0,0,0,0,0,0,0,0,0,0,0,0,0,0
CHEMBL299875,CHEMBL1808,8.27,1,CCCC[C@H](S)C(=O)N[C@H]1CCc2ccccc2N(CC(=O)O)C1=O,ACE,1,0,0,0,0,0,0,0,0,0,0,0,0,0,0,0
CHEMBL300016,CHEMBL1808,7.85,1,C[C@H](NC(=O)[C@@H](S)Cc1ccccc1)C(=O)N(CC(=O)O)c1ccccc1,ACE,1,0,0,0,0,0,0,0,0,0,0,0,0,0,0,0
CHEMBL300172,CHEMBL2487,9.85,1,O=C(O)c1cc(/N=N/c2ccc(-c3ccc(/N=N/c4ccc(O)c(C(=O)O)c4)cc3)cc2)ccc1O,APP,0,0,0,0,1,0,0,0,0,0,0,0,0,0,0,0
CHEMBL300226,CHEMBL238,8.97,1,COC(=O)C1C2CC[C@H](C[C@@H]1c1ccc(I)cc1)N2C,SLC6A3,0,0,0,0,0,0,0,0,0,0,0,0,0,0,0,1
CHEMBL300808,CHEMBL1914,6.88,1,CC(C)c1ccc(NC(=O)Oc2ccc3c(c2)[C@]2(C)CCN(Cc4ccccc4)C2N3Cc2ccccc2)cc1,BCHE,0,0,0,0,0,1,0,0,0,0,0,0,0,0,0,0
CHEMBL301364,CHEMBL1808,7.44,1,O=C(O)CCN1C(=O)[C@@H](NC(=O)[C@@H](S)Cc2ccccc2)CCc2ccccc21,ACE,1,0,0,0,0,0,0,0,0,0,0,0,0,0,0,0
CHEMBL301751,CHEMBL1808,7.51,1,O=C(O)CCN1C(=O)[C@@H](NC(=O)[C@@H](S)Cc2ccccc2)COc2ccccc21,ACE,1,0,0,0,0,0,0,0,0,0,0,0,0,0,0,0
CHEMBL302842,CHEMBL220,6.46,1,COc1ccc2c(N)c3c(nc2c1)CCCC3,ACHE,0,1,0,0,0,0,0,0,0,0,0,0,0,0,0,0
CHEMBL303232,CHEMBL238,7.53,1,COC(=O)C1C(c2cccc(-c3ccsc3)c2)CC2CCC1N2C,SLC6A3,0,0,0,0,0,0,0,0,0,0,0,0,0,0,0,1
CHEMBL303266,CHEMBL238,7.19,1,CN1C2CCC1C(C(=O)NCCCNC(=O)C1C(c3ccc(Cl)cc3)CC3CCC1N3C)C(c1ccc(Cl)cc1)C2,SLC6A3,0,0,0,0,0,0,0,0,0,0,0,0,0,0,0,1
CHEMBL303494,CHEMBL238,7.27,1,COC(=O)C1C(c2cccc(-c3ccco3)c2)CC2CCC1N2C,SLC6A3,0,0,0,0,0,0,0,0,0,0,0,0,0,0,0,1
CHEMBL3037879,CHEMBL1808,6.16,1,C[C@H](N[C@H](C(=O)O)[C@@H]1CCCN1)C(=O)N1CCC[C@H]1C(=O)O,ACE,1,0,0,0,0,0,0,0,0,0,0,0,0,0,0,0
CHEMBL3039598,CHEMBL1808,9.0,1,CCC(=O)O[C@@H](O[P@](=O)(CCCCc1ccccc1)CC(=O)N1C[C@H](C2CCCCC2)C[C@H]1C(=O)O)C(C)C,ACE,1,0,0,0,0,0,0,0,0,0,0,0,0,0,0,0
CHEMBL304881,CHEMBL1808,7.8,1,CN1C(=O)CC[C@H](NC(=O)[C@@H](S)Cc2ccccc2)C(=O)N1CC(=O)O,ACE,1,0,0,0,0,0,0,0,0,0,0,0,0,0,0,0
CHEMBL305108,CHEMBL1808,7.7,1,O=C(N[C@H]1CCC(=O)N2CC[C@@H](C(=O)O)N2C1=O)[C@@H](S)Cc1ccccc1,ACE,1,0,0,0,0,0,0,0,0,0,0,0,0,0,0,0
CHEMBL305187,CHEMBL1904,7.7,1,CC(C(O)c1ccc(O)cc1)N1CCC(Cc2ccccc2)CC1,GRIN2B,0,0,0,0,0,0,0,0,0,1,0,0,0,0,0,0
CHEMBL305187,CHEMBL1972,4.4,0,CC(C(O)c1ccc(O)cc1)N1CCC(Cc2ccccc2)CC1,GRIN2A,0,0,0,0,0,0,0,0,1,0,0,0,0,0,0,0
CHEMBL305187,CHEMBL2591,4.12,0,CC(C(O)c1ccc(O)cc1)N1CCC(Cc2ccccc2)CC1,GRIN2D,0,0,0,0,0,0,0,0,0,0,0,1,0,0,0,0
CHEMBL305187,CHEMBL4109,4.54,0,CC(C(O)c1ccc(O)cc1)N1CCC(Cc2ccccc2)CC1,GRIN2C,0,0,0,0,0,0,0,0,0,0,1,0,0,0,0,0
CHEMBL305195,CHEMBL1904,6.76,1,C[C@@H](CN1CCC(Cc2ccccc2)CC1)[C@@H](O)c1ccc(O)cc1,GRIN2B,0,0,0,0,0,0,0,0,0,1,0,0,0,0,0,0
CHEMBL305195,CHEMBL1972,4.28,0,C[C@@H](CN1CCC(Cc2ccccc2)CC1)[C@@H](O)c1ccc(O)cc1,GRIN2A,0,0,0,0,0,0,0,0,1,0,0,0,0,0,0,0
CHEMBL305388,CHEMBL1808,8.89,1,COc1ccc2c(c1)CC[C@H]2[C@@H](CS)C(=O)N[C@@H](Cc1c[nH]c2ccccc12)C(=O)O,ACE,1,0,0,0,0,0,0,0,0,0,0,0,0,0,0,0
CHEMBL305634,CHEMBL2487,9.72,1,O=C(O)c1cc(/C=C\c2ccc(/C=C/c3ccc(O)c(C(=O)O)c3)cc2Br)ccc1O,APP,0,0,0,0,1,0,0,0,0,0,0,0,0,0,0,0
CHEMBL305670,CHEMBL1914,7.46,1,CNC(=O)Oc1ccc2c(c1)[C@]1(C)CCN[C@@H]1N2C,BCHE,0,0,0,0,0,1,0,0,0,0,0,0,0,0,0,0
CHEMBL305670,CHEMBL220,7.64,1,CNC(=O)Oc1ccc2c(c1)[C@]1(C)CCN[C@@H]1N2C,ACHE,0,1,0,0,0,0,0,0,0,0,0,0,0,0,0,0
CHEMBL306208,CHEMBL238,8.85,1,COC(=O)C1C(c2ccc(Cl)cc2)CC2CCC1N2C,SLC6A3,0,0,0,0,0,0,0,0,0,0,0,0,0,0,0,1
CHEMBL306492,CHEMBL1914,8.42,1,c1ccc2c(NCCCCCCCCNc3c4c(nc5ccccc35)CCCCC4)c3c(nc2c1)CCCCC3,BCHE,0,0,0,0,0,1,0,0,0,0,0,0,0,0,0,0
CHEMBL306556,CHEMBL1808,6.19,1,O=C(O)[C@@H]1C=CCN1C(=O)CCS,ACE,1,0,0,0,0,0,0,0,0,0,0,0,0,0,0,0
CHEMBL306700,CHEMBL238,6.81,1,CCOc1ccccc1OCC1CNCCO1,SLC6A3,0,0,0,0,0,0,0,0,0,0,0,0,0,0,0,1
CHEMBL307004,CHEMBL1914,7.58,1,Clc1ccc2c(NCCCCCCCNc3c4c(nc5cc(Cl)ccc35)CCCC4)c3c(nc2c1)CCCC3,BCHE,0,0,0,0,0,1,0,0,0,0,0,0,0,0,0,0
CHEMBL307314,CHEMBL238,8.17,1,CN1C2CCC1C(C(=O)NCCCCCCCCNC(=O)C1C(c3ccc(Cl)cc3)CC3CCC1N3C)C(c1ccc(Cl)cc1)C2,SLC6A3,0,0,0,0,0,0,0,0,0,0,0,0,0,0,0,1
CHEMBL307721,CHEMBL1914,7.8,1,C=CCN1CC[C@@]2(C)c3cc(OC(=O)NC)ccc3N(C)[C@@H]12,BCHE,0,0,0,0,0,1,0,0,0,0,0,0,0,0,0,0
CHEMBL307721,CHEMBL220,7.5,1,C=CCN1CC[C@@]2(C)c3cc(OC(=O)NC)ccc3N(C)[C@@H]12,ACHE,0,1,0,0,0,0,0,0,0,0,0,0,0,0,0,0
CHEMBL307908,CHEMBL1914,8.59,1,c1ccc2c(NCCCCCCCNc3c4c(nc5ccccc35)CCCCC4)c3c(nc2c1)CCCCC3,BCHE,0,0,0,0,0,1,0,0,0,0,0,0,0,0,0,0
CHEMBL308043,CHEMBL220,6.51,1,CN(C)C(=O)Oc1ccc2c(c1)[C@]1(C)CCN(C)[C@@H]1N2C,ACHE,0,1,0,0,0,0,0,0,0,0,0,0,0,0,0,0
CHEMBL308267,CHEMBL1808,6.34,1,O=C(O)CCc1cc(O)c2n(c1=O)[C@H](C(=O)O)CC2,ACE,1,0,0,0,0,0,0,0,0,0,0,0,0,0,0,0
CHEMBL3084884,CHEMBL238,7.63,1,CN1[C@@H]2CC[C@H]1C[C@@H](OC(c1ccc(Cl)cc1)c1ccc(Cl)cc1)C2,SLC6A3,0,0,0,0,0,0,0,0,0,0,0,0,0,0,0,1
CHEMBL3085020,CHEMBL238,8.3,1,O=C(CCN1[C@@H]2CC[C@H]1C[C@@H](OC(c1ccc(F)cc1)c1ccc(F)cc1)C2)Nc1ccccc1,SLC6A3,0,0,0,0,0,0,0,0,0,0,0,0,0,0,0,1
CHEMBL3085021,CHEMBL238,7.59,1,NCCN1[C@@H]2CC[C@H]1C[C@@H](OC(c1ccc(F)cc1)c1ccc(F)cc1)C2,SLC6A3,0,0,0,0,0,0,0,0,0,0,0,0,0,0,0,1
CHEMBL308503,CHEMBL1914,4.96,0,CN1CC[C@@]2(C)c3cc(OC(=O)NC(C)(C)C)ccc3N(C)[C@@H]12,BCHE,0,0,0,0,0,1,0,0,0,0,0,0,0,0,0,0
CHEMBL308503,CHEMBL220,4.5,0,CN1CC[C@@]2(C)c3cc(OC(=O)NC(C)(C)C)ccc3N(C)[C@@H]12,ACHE,0,1,0,0,0,0,0,0,0,0,0,0,0,0,0,0
CHEMBL308962,CHEMBL1914,8.48,1,c1ccc2c(NCCCCCCNc3c4c(nc5ccccc35)CCCCC4)c3c(nc2c1)CCCCC3,BCHE,0,0,0,0,0,1,0,0,0,0,0,0,0,0,0,0
CHEMBL309308,CHEMBL1808,8.66,1,NCCC[C@H](NC(CCc1ccccc1)C(=O)O)C(=O)N1CCC[C@H]1C(=O)O,ACE,1,0,0,0,0,0,0,0,0,0,0,0,0,0,0,0
CHEMBL309333,CHEMBL1808,4.17,0,O=C(CCS)N[C@@H](CS)C(=O)O,ACE,1,0,0,0,0,0,0,0,0,0,0,0,0,0,0,0
CHEMBL309351,CHEMBL1914,6.02,1,C[C@]12CCNC1Nc1ccc(OC(=O)Nc3ccccc3)cc12,BCHE,0,0,0,0,0,1,0,0,0,0,0,0,0,0,0,0
CHEMBL309351,CHEMBL220,6.64,1,C[C@]12CCNC1Nc1ccc(OC(=O)Nc3ccccc3)cc12,ACHE,0,1,0,0,0,0,0,0,0,0,0,0,0,0,0,0
CHEMBL309601,CHEMBL1808,8.15,1,C[C@H](NP(=O)(O)CCc1ccccc1)C(=O)N1CCC[C@H]1C(=O)O,ACE,1,0,0,0,0,0,0,0,0,0,0,0,0,0,0,0
CHEMBL309667,CHEMBL1914,8.62,1,CNC(=O)Oc1ccc2c(c1)[C@]1(C)CCNC1N2,BCHE,0,0,0,0,0,1,0,0,0,0,0,0,0,0,0,0
CHEMBL309667,CHEMBL220,7.96,1,CNC(=O)Oc1ccc2c(c1)[C@]1(C)CCNC1N2,ACHE,0,1,0,0,0,0,0,0,0,0,0,0,0,0,0,0
CHEMBL309798,CHEMBL1808,7.14,1,O=C(NC(CCc1ccccc1)P(=O)(O)CC(=O)N1CCC[C@H]1C(=O)O)c1ccccc1,ACE,1,0,0,0,0,0,0,0,0,0,0,0,0,0,0,0
CHEMBL309799,CHEMBL1808,7.19,1,CC(S)C(=O)N[C@@H](Cc1c[nH]c2ccccc12)C(=O)O,ACE,1,0,0,0,0,0,0,0,0,0,0,0,0,0,0,0
CHEMBL309920,CHEMBL2487,6.47,1,CN(C)c1ccc2nc(-c3ccc(Br)cc3)cn2c1,APP,0,0,0,0,1,0,0,0,0,0,0,0,0,0,0,0
CHEMBL309941,CHEMBL1808,8.52,1,C[C@H](CC(=O)[C@@H](Cc1ccccc1)NC(=O)c1ccccc1)C(=O)N1CCC[C@H]1C(=O)O,ACE,1,0,0,0,0,0,0,0,0,0,0,0,0,0,0,0
CHEMBL309962,CHEMBL1808,8.43,1,O=C(O)[C@@H]1CS[C@H](c2ccccc2O)N1C(=O)CCS,ACE,1,0,0,0,0,0,0,0,0,0,0,0,0,0,0,0
CHEMBL310139,CHEMBL1808,6.66,1,N[C@@H](Cc1ccccc1)C(=O)N[C@H](CCC(=O)N1[C@H](C(=O)O)C[C@@H]2CCCC[C@@H]21)C(=O)O,ACE,1,0,0,0,0,0,0,0,0,0,0,0,0,0,0,0
CHEMBL310200,CHEMBL1808,6.54,1,COc1ccc(CSC[C@@H](NC(=O)[C@H](CS)Cc2ccccc2)C(=O)O)cc1,ACE,1,0,0,0,0,0,0,0,0,0,0,0,0,0,0,0
CHEMBL310578,CHEMBL1808,4.48,0,O=C(O)CCC(=O)N1CCC[C@H]1C(=O)O,ACE,1,0,0,0,0,0,0,0,0,0,0,0,0,0,0,0
CHEMBL310650,CHEMBL238,7.96,1,COC(=O)[C@@H]1C2CCC(C[C@@H]1OC(c1ccc(F)cc1)c1ccc(F)cc1)N2C,SLC6A3,0,0,0,0,0,0,0,0,0,0,0,0,0,0,0,1
CHEMBL310750,CHEMBL1808,9.0,1,O=C(O)CCn1c(=O)n2n(c1=O)[C@H](C(=O)O)C=CC2,ACE,1,0,0,0,0,0,0,0,0,0,0,0,0,0,0,0
CHEMBL310841,CHEMBL1808,8.0,1,O=C(NC(Cc1ccccc1)CP(=O)(O)CC(=O)N1CCC[C@H]1C(=O)O)c1ccccc1,ACE,1,0,0,0,0,0,0,0,0,0,0,0,0,0,0,0
CHEMBL310869,CHEMBL1808,7.0,1,NC(Cc1ccccc1)C(=O)N[C@H](CCC(=O)N1[C@H](C(=O)O)C[C@@H]2CCCC[C@@H]21)C(=O)O,ACE,1,0,0,0,0,0,0,0,0,0,0,0,0,0,0,0
CHEMBL311268,CHEMBL1808,8.54,1,C[C@H](NC(CCCNC(=O)OCc1ccccc1)C(=O)O)C(=O)N1CCC[C@H]1C(=O)O,ACE,1,0,0,0,0,0,0,0,0,0,0,0,0,0,0,0
CHEMBL31131,CHEMBL1914,4.34,0,Cc1cc(C)c2c(c1)COP(=O)(OCC1C=CC(n3cc(C)c(=O)[nH]c3=O)O1)O2,BCHE,0,0,0,0,0,1,0,0,0,0,0,0,0,0,0,0
CHEMBL311316,CHEMBL1808,4.41,0,CC(C)(C)OC(=O)[C@@H]1CCCN1C(=O)CCS,ACE,1,0,0,0,0,0,0,0,0,0,0,0,0,0,0,0
CHEMBL311347,CHEMBL238,9.32,1,COC(=O)[C@@H]1C2CC[C@H](C[C@@H]1c1ccc(I)cc1)N2C,SLC6A3,0,0,0,0,0,0,0,0,0,0,0,0,0,0,0,1
CHEMBL311363,CHEMBL1808,8.52,1,C[C@@H]1CCCC(NC(CCc2ccccc2)C(=O)O)C(=O)N1CC(=O)O,ACE,1,0,0,0,0,0,0,0,0,0,0,0,0,0,0,0
CHEMBL311471,CHEMBL1808,8.19,1,CCN(C[C@H](CCc1ccccc1)C(=O)O)C(=O)N1Cc2ccccc2C[C@H]1C(=O)O,ACE,1,0,0,0,0,0,0,0,0,0,0,0,0,0,0,0
CHEMBL311525,CHEMBL1808,8.05,1,C[C@H](CS)C(=O)N1C(=O)CC[C@H]1C(=O)O,ACE,1,0,0,0,0,0,0,0,0,0,0,0,0,0,0,0
CHEMBL311757,CHEMBL1808,8.46,1,NCCCCC(NC(=O)OCc1ccccc1)C(=O)N[C@H](CCC(=O)N1[C@H](C(=O)O)C[C@@H]2CCCC[C@@H]21)C(=O)O,ACE,1,0,0,0,0,0,0,0,0,0,0,0,0,0,0,0
CHEMBL311838,CHEMBL1808,4.3,0,CC(C)C[C@H](C(=O)O)N1CCO[C@@H](c2ccccc2)[C@H](NC(=O)[C@H](S)Cc2ccccc2)C1=O,ACE,1,0,0,0,0,0,0,0,0,0,0,0,0,0,0,0
CHEMBL311988,CHEMBL1808,7.28,1,CC(C(=O)O)C1CCCCC(CS)C1=O,ACE,1,0,0,0,0,0,0,0,0,0,0,0,0,0,0,0
CHEMBL312094,CHEMBL1808,6.37,1,O=C(CCS)N[C@@H](Cc1ccccc1)C(=O)O,ACE,1,0,0,0,0,0,0,0,0,0,0,0,0,0,0,0
CHEMBL312120,CHEMBL1808,6.12,1,O=C(CS)N[C@@H](Cc1c[nH]c2ccccc12)C(=O)O,ACE,1,0,0,0,0,0,0,0,0,0,0,0,0,0,0,0
CHEMBL312224,CHEMBL1808,9.22,1,O=C(O)C(CCc1ccccc1)NC1CCC[C@H]2SC[C@@H](C(=O)O)N2C1=O,ACE,1,0,0,0,0,0,0,0,0,0,0,0,0,0,0,0
CHEMBL312310,CHEMBL1914,6.71,1,Clc1ccc2c(NCCCCCCCCNc3c4c(nc5cc(Cl)ccc35)CCCC4)c3c(nc2c1)CCCC3,BCHE,0,0,0,0,0,1,0,0,0,0,0,0,0,0,0,0
CHEMBL312431,CHEMBL1808,8.54,1,C[C@H](NC(C(=O)O)C1CCCN1C(=O)c1ccccc1)C(=O)N1CCC[C@H]1C(=O)O,ACE,1,0,0,0,0,0,0,0,0,0,0,0,0,0,0,0
CHEMBL312550,CHEMBL1808,4.32,0,O=C(O)[C@@H]1CCCN1C(=O)CCP(=O)(O)O,ACE,1,0,0,0,0,0,0,0,0,0,0,0,0,0,0,0
CHEMBL312761,CHEMBL1914,6.79,1,Fc1ccc2c(NCCCCCCCCNc3c4c(nc5cc(F)ccc35)CCCC4)c3c(nc2c1)CCCC3,BCHE,0,0,0,0,0,1,0,0,0,0,0,0,0,0,0,0
CHEMBL312918,CHEMBL1808,7.38,1,C[C@H](N[C@@H](CCc1ccccc1)C(=O)O)C(=O)N1C[C@@H](NC(=O)C(CS)Cc2ccccc2)C[C@H]1C(=O)O,ACE,1,0,0,0,0,0,0,0,0,0,0,0,0,0,0,0
CHEMBL313271,CHEMBL220,7.5,1,COc1cc2cc(C(=O)CCC3CC[N+](C)(Cc4ccc([N+](=O)[O-])o4)CC3)sc2cc1OC.[Br-],ACHE,0,1,0,0,0,0,0,0,0,0,0,0,0,0,0,0
CHEMBL313419,CHEMBL1808,6.14,1,CCCC[C@H](NCP(=O)(O)O)C(=O)N[C@@H](Cc1ccc(-c2ccccc2)cc1)C(=O)O,ACE,1,0,0,0,0,0,0,0,0,0,0,0,0,0,0,0
CHEMBL313664,CHEMBL238,8.15,1,COC(=O)C1C2CCC(CC1c1ccc(I)cc1)O2,SLC6A3,0,0,0,0,0,0,0,0,0,0,0,0,0,0,0,1
CHEMBL313809,CHEMBL220,6.28,1,COc1cc2cc(C(=O)C=C3CC[N+](C)(Cc4ccccc4)CC3)sc2cc1OC.[Br-],ACHE,0,1,0,0,0,0,0,0,0,0,0,0,0,0,0,0
CHEMBL3142709,CHEMBL1914,4.44,0,Cc1cccc2c1OP(=O)(OC[C@H]1O[C@@H](n3cc(C)c(=O)[nH]c3=O)C[C@@H]1O)OC2,BCHE,0,0,0,0,0,1,0,0,0,0,0,0,0,0,0,0
CHEMBL314398,CHEMBL220,6.92,1,COc1cc2cc(C(=O)CC(OC)C3CC[N+](C)(Cc4ccccc4)CC3)sc2cc1OC.[Br-],ACHE,0,1,0,0,0,0,0,0,0,0,0,0,0,0,0,0
CHEMBL314658,CHEMBL220,6.12,1,COc1cc2cc(C(=O)CC3=CC[N+](C)(Cc4ccccc4)CC3)sc2cc1OC.[Br-],ACHE,0,1,0,0,0,0,0,0,0,0,0,0,0,0,0,0
CHEMBL314706,CHEMBL1808,6.37,1,O=C(O)CN1CCCC(NC(CCc2ccccc2)C(=O)O)C1=O,ACE,1,0,0,0,0,0,0,0,0,0,0,0,0,0,0,0
CHEMBL314766,CHEMBL220,7.27,1,COC(=O)C[N+]1(C)CCC(CCC(=O)c2cc3cc(OC)c(OC)cc3s2)CC1.[Br-],ACHE,0,1,0,0,0,0,0,0,0,0,0,0,0,0,0,0
CHEMBL314800,CHEMBL220,4.73,0,Nc1c2c(nc3ccccc13)-c1ccccc1CS2,ACHE,0,1,0,0,0,0,0,0,0,0,0,0,0,0,0,0
CHEMBL314887,CHEMBL238,6.13,1,COC(=O)C1C(c2ccc(F)cc2)CC2[C@@H](O)CC1N2C,SLC6A3,0,0,0,0,0,0,0,0,0,0,0,0,0,0,0,1
CHEMBL315013,CHEMBL220,6.66,1,COc1cc2cc(C(=O)CC(O)C3CC[N+](C)(Cc4ccccc4)CC3)sc2cc1OC.[Br-],ACHE,0,1,0,0,0,0,0,0,0,0,0,0,0,0,0,0
CHEMBL315172,CHEMBL238,8.11,1,COC(=O)C1C(c2ccc3ccccc3c2)CC2[C@@H](O)CC1N2C,SLC6A3,0,0,0,0,0,0,0,0,0,0,0,0,0,0,0,1
CHEMBL315515,CHEMBL220,7.55,1,COc1cc2cc(C(=O)CCC3CC[N+](C)(CC4CCCCO4)CC3)sc2cc1OC.[Br-],ACHE,0,1,0,0,0,0,0,0,0,0,0,0,0,0,0,0
CHEMBL316342,CHEMBL238,8.63,1,COC(=O)C1C2CCC(CC1c1ccc(Cl)c(Cl)c1)O2,SLC6A3,0,0,0,0,0,0,0,0,0,0,0,0,0,0,0,1
CHEMBL316428,CHEMBL238,6.61,1,COC(=O)C1=C(c2ccc3ccccc3c2)CC2[C@@H](O)CC1N2C,SLC6A3,0,0,0,0,0,0,0,0,0,0,0,0,0,0,0,1
CHEMBL317094,CHEMBL1808,5.0,0,CCOC(=O)[C@H](CCc1ccccc1)N[C@@H](C)C(=O)N1C(=O)N(C)C[C@H]1C(=O)O,ACE,1,0,0,0,0,0,0,0,0,0,0,0,0,0,0,0
CHEMBL317304,CHEMBL1808,8.17,1,CCCCN1C[C@@H](C(=O)O)N(C(=O)[C@H](C)N[C@@H](CCc2ccccc2)C(=O)O)C1=O,ACE,1,0,0,0,0,0,0,0,0,0,0,0,0,0,0,0
CHEMBL317359,CHEMBL1914,6.0,1,Cc1cccc2c1OP(=O)(OCC1CCC(n3cc(C)c(=O)[nH]c3=O)O1)OC2,BCHE,0,0,0,0,0,1,0,0,0,0,0,0,0,0,0,0
CHEMBL317714,CHEMBL238,6.26,1,COC(=O)c1ccccc1OC(=O)c1ccccc1,SLC6A3,0,0,0,0,0,0,0,0,0,0,0,0,0,0,0,1
CHEMBL317757,CHEMBL238,7.35,1,CN1C2CCC1CC(OC(c1ccc(F)cc1)c1ccc(F)cc1)C2,SLC6A3,0,0,0,0,0,0,0,0,0,0,0,0,0,0,0,1
CHEMBL318138,CHEMBL238,9.24,1,COC(=O)[C@H]1C(c2ccc3ccccc3c2)CC2CCC1N2C,SLC6A3,0,0,0,0,0,0,0,0,0,0,0,0,0,0,0,1
CHEMBL318592,CHEMBL238,6.1,1,COC(=O)C1C2CCC(C2)CC1c1ccccc1,SLC6A3,0,0,0,0,0,0,0,0,0,0,0,0,0,0,0,1
CHEMBL319367,CHEMBL1914,6.46,1,Cc1cn(C2C=CC(COP3(=O)OCc4cccc(-c5ccccc5)c4O3)O2)c(=O)[nH]c1=O,BCHE,0,0,0,0,0,1,0,0,0,0,0,0,0,0,0,0
CHEMBL319523,CHEMBL238,6.47,1,COC(=O)C1C2CCC(C2)CC1c1ccc(F)cc1,SLC6A3,0,0,0,0,0,0,0,0,0,0,0,0,0,0,0,1
CHEMBL319541,CHEMBL1914,7.07,1,CN1CC[C@@]2(C)c3cc(OC(=O)Nc4ccccc4)ccc3N(Cc3ccccc3)C12,BCHE,0,0,0,0,0,1,0,0,0,0,0,0,0,0,0,0
CHEMBL319541,CHEMBL220,6.61,1,CN1CC[C@@]2(C)c3cc(OC(=O)Nc4ccccc4)ccc3N(Cc3ccccc3)C12,ACHE,0,1,0,0,0,0,0,0,0,0,0,0,0,0,0,0
CHEMBL319706,CHEMBL1904,8.0,1,C[C@@H]([C@@H](O)c1ccc(O)cc1)N1CCC(Cc2ccccc2)CC1,GRIN2B,0,0,0,0,0,0,0,0,0,1,0,0,0,0,0,0
CHEMBL320000,CHEMBL1914,4.57,0,Cc1cn(C2C=CC(COP3(=O)Oc4ccccc4C(C(Cl)(Cl)Cl)O3)O2)c(=O)[nH]c1=O,BCHE,0,0,0,0,0,1,0,0,0,0,0,0,0,0,0,0
CHEMBL321012,CHEMBL1808,6.9,1,O=C(O)C1CCCN1C(=O)C1CCCC1S,ACE,1,0,0,0,0,0,0,0,0,0,0,0,0,0,0,0
CHEMBL321067,CHEMBL238,7.05,1,Cc1ccc([C@H]2C[C@H]3CCC4C2[C@@](O)(c2ccccc2)CN43)cc1,SLC6A3,0,0,0,0,0,0,0,0,0,0,0,0,0,0,0,1
CHEMBL3215535,CHEMBL1914,6.16,1,Cl.Cl.c1ccc(CN2CCC(CCNc3ccc(-c4ccccc4)nn3)CC2)cc1,BCHE,0,0,0,0,0,1,0,0,0,0,0,0,0,0,0,0
CHEMBL3215535,CHEMBL220,6.85,1,Cl.Cl.c1ccc(CN2CCC(CCNc3ccc(-c4ccccc4)nn3)CC2)cc1,ACHE,0,1,0,0,0,0,0,0,0,0,0,0,0,0,0,0
CHEMBL321808,CHEMBL1914,5.0,0,CN(C)Cc1ccc(CSCCNc2nnccc2[N+](=O)[O-])o1,BCHE,0,0,0,0,0,1,0,0,0,0,0,0,0,0,0,0
CHEMBL322067,CHEMBL238,8.14,1,CN(C)C[C@@H]1C2CCC(CC2)[C@@H]1c1ccc(Cl)c(Cl)c1,SLC6A3,0,0,0,0,0,0,0,0,0,0,0,0,0,0,0,1
CHEMBL322069,CHEMBL1808,6.52,1,CC(=O)SCC(C)C(=O)Nc1ccccc1,ACE,1,0,0,0,0,0,0,0,0,0,0,0,0,0,0,0
CHEMBL322106,CHEMBL1914,6.29,1,CCC1=CC2Cc3nc4cccc(C)c4c(N)c3C(C1)C2,BCHE,0,0,0,0,0,1,0,0,0,0,0,0,0,0,0,0
CHEMBL322266,CHEMBL1808,8.7,1,O=C(O)C(CCc1ccccc1)NC1CCCC2SCC(C(=O)O)N2C1=O,ACE,1,0,0,0,0,0,0,0,0,0,0,0,0,0,0,0
CHEMBL322281,CHEMBL1914,7.05,1,CC1=CC2Cc3nc4ccccc4c(N)c3C(C1)C2,BCHE,0,0,0,0,0,1,0,0,0,0,0,0,0,0,0,0
CHEMBL322343,CHEMBL1914,6.68,1,CCC1=CC2Cc3nc4cc(C)ccc4c(N)c3C(C1)C2,BCHE,0,0,0,0,0,1,0,0,0,0,0,0,0,0,0,0
CHEMBL322348,CHEMBL238,7.22,1,CNC[C@H]1C2CCC(C2)[C@@H]1c1ccc2cc(OC)ccc2c1,SLC6A3,0,0,0,0,0,0,0,0,0,0,0,0,0,0,0,1
CHEMBL322605,CHEMBL238,7.6,1,COC(=O)[C@@H]1C2CCC(C2)CC1c1ccc2ccccc2c1,SLC6A3,0,0,0,0,0,0,0,0,0,0,0,0,0,0,0,1
CHEMBL322923,CHEMBL238,8.15,1,COC(=O)C1=C(c2ccc(Cl)c(Cl)c2)CC2CCC1C2,SLC6A3,0,0,0,0,0,0,0,0,0,0,0,0,0,0,0,1
CHEMBL323447,CHEMBL238,6.37,1,CN(C)CC1C2CCC(C2)C1c1cccc2ccccc12,SLC6A3,0,0,0,0,0,0,0,0,0,0,0,0,0,0,0,1
CHEMBL323678,CHEMBL238,7.19,1,COc1ccc2cc([C@H]3C4CCC(C4)[C@@H]3CN(C)C)ccc2c1,SLC6A3,0,0,0,0,0,0,0,0,0,0,0,0,0,0,0,1
CHEMBL3237281,CHEMBL4109,4.89,0,COC(=O)c1ccc(C2C(C(C)=O)=C(O)C(=O)N2CCc2c(C)[nH]c3ccccc23)cc1,GRIN2C,0,0,0,0,0,0,0,0,0,0,1,0,0,0,0,0
CHEMBL324269,CHEMBL238,7.3,1,CN(C)C[C@H]1C2CCC(C2)[C@@H]1c1ccc2cc(F)ccc2c1,SLC6A3,0,0,0,0,0,0,0,0,0,0,0,0,0,0,0,1
CHEMBL324518,CHEMBL238,8.09,1,Fc1ccc(C(OC2CC3CCC(C2)N3CCNCc2ccccc2)c2ccc(F)cc2)cc1,SLC6A3,0,0,0,0,0,0,0,0,0,0,0,0,0,0,0,1
CHEMBL324967,CHEMBL238,6.62,1,CNCC[C@H](Oc1cccc2c(O)cccc12)c1cccs1,SLC6A3,0,0,0,0,0,0,0,0,0,0,0,0,0,0,0,1
CHEMBL325055,CHEMBL1808,8.01,1,C[C@H](NC(=O)[C@@H](CSC(=O)O)Cc1ccc2c(c1)OCO2)C(=O)OCc1ccccc1,ACE,1,0,0,0,0,0,0,0,0,0,0,0,0,0,0,0
CHEMBL325056,CHEMBL1808,8.3,1,O=C(NC1CCC[C@H]2CCC[C@@H](C(=O)O)N2C1=O)[C@@H](S)Cc1ccccc1,ACE,1,0,0,0,0,0,0,0,0,0,0,0,0,0,0,0
CHEMBL325338,CHEMBL1914,6.96,1,CCC1=CC2Cc3nc4ccccc4c(N)c3C(C1)C2,BCHE,0,0,0,0,0,1,0,0,0,0,0,0,0,0,0,0
CHEMBL325544,CHEMBL1808,6.9,1,O=C(O)C1CCCN2C(=O)CC(CS)C(=O)N12,ACE,1,0,0,0,0,0,0,0,0,0,0,0,0,0,0,0
CHEMBL325669,CHEMBL238,6.45,1,CNCC[C@H](Oc1cccc2c(OC)c(O)ccc12)c1cccs1,SLC6A3,0,0,0,0,0,0,0,0,0,0,0,0,0,0,0,1
CHEMBL325826,CHEMBL238,7.65,1,Fc1ccc(C(OC2CC3CCC(C2)N3CCOCc2ccccc2)c2ccc(F)cc2)cc1,SLC6A3,0,0,0,0,0,0,0,0,0,0,0,0,0,0,0,1
CHEMBL326263,CHEMBL238,6.0,1,N#Cc1ccc(CCOC(=O)N2CCN(CCCC(c3ccc(F)cc3)c3ccc(F)cc3)CC2)cc1,SLC6A3,0,0,0,0,0,0,0,0,0,0,0,0,0,0,0,1
CHEMBL326466,CHEMBL238,7.6,1,CN(C)C[C@H]1C2CCC(C2)[C@@H]1c1ccc2ccccc2c1,SLC6A3,0,0,0,0,0,0,0,0,0,0,0,0,0,0,0,1
CHEMBL326706,CHEMBL238,7.31,1,OCCOCCN1C2CCC1CC(OC(c1ccc(F)cc1)c1ccc(F)cc1)C2,SLC6A3,0,0,0,0,0,0,0,0,0,0,0,0,0,0,0,1
CHEMBL326902,CHEMBL1808,8.5,1,O=C(O)Cn1c(=O)n2n(c1=O)C(C(=O)O)C=CC2,ACE,1,0,0,0,0,0,0,0,0,0,0,0,0,0,0,0
CHEMBL327055,CHEMBL238,7.73,1,Fc1ccc(C(OC2CC3CCC(C2)N3CCOCc2cccs2)c2ccc(F)cc2)cc1,SLC6A3,0,0,0,0,0,0,0,0,0,0,0,0,0,0,0,1
CHEMBL327401,CHEMBL1808,7.22,1,C[C@H](NC(=O)[C@H](Cc1c[nH]c2ccccc12)NC(=O)[C@H](CCCCN)NC(=O)[C@@H](N)CCC(=O)O)C(=O)N1CCC[C@H]1C(=O)O,ACE,1,0,0,0,0,0,0,0,0,0,0,0,0,0,0,0
CHEMBL327799,CHEMBL1808,6.18,1,C[C@H](O)[C@H](NCP(=O)(O)O)C(=O)N[C@@H](Cc1ccc(-c2ccccc2)cc1)C(=O)O,ACE,1,0,0,0,0,0,0,0,0,0,0,0,0,0,0,0
CHEMBL327868,CHEMBL238,4.69,0,COC(=O)[C@H]1C2CCC(C[C@@H]1OC(c1ccc(F)cc1)c1ccc(F)cc1)O2,SLC6A3,0,0,0,0,0,0,0,0,0,0,0,0,0,0,0,1
CHEMBL327963,CHEMBL238,6.41,1,COC(=O)C1=C(c2ccc(F)cc2)CC2CCC1C2,SLC6A3,0,0,0,0,0,0,0,0,0,0,0,0,0,0,0,1
CHEMBL328030,CHEMBL1808,7.04,1,CC(C)Oc1ccc(C[C@H](NC(=O)[C@@H](NCP(=O)(O)O)C(C)C)C(=O)O)cc1,ACE,1,0,0,0,0,0,0,0,0,0,0,0,0,0,0,0
CHEMBL328102,CHEMBL220,7.01,1,c1ccc(CN2CCC(CCc3nsc4ccccc34)CC2)cc1,ACHE,0,1,0,0,0,0,0,0,0,0,0,0,0,0,0,0
CHEMBL328165,CHEMBL1914,4.89,0,CCCCC1OP(=O)(OCC2C=CC(n3cc(C)c(=O)[nH]c3=O)O2)Oc2cccc(Cl)c21,BCHE,0,0,0,0,0,1,0,0,0,0,0,0,0,0,0,0
CHEMBL32823,CHEMBL1914,7.27,1,c1ccc2c(NCCCCCCCNc3c4c(nc5ccccc35)CCCC4)c3c(nc2c1)CCCC3,BCHE,0,0,0,0,0,1,0,0,0,0,0,0,0,0,0,0
CHEMBL328327,CHEMBL1808,7.06,1,C[C@H](CS)C(=O)N1C[C@@H](NC(=O)C(CS)Cc2ccccc2)C[C@H]1C(=O)O,ACE,1,0,0,0,0,0,0,0,0,0,0,0,0,0,0,0
CHEMBL328378,CHEMBL1808,8.68,1,CCCCCCCC[C@H](N[C@@H](CC)C(=O)N1C(=O)N(Cc2ccccc2)C[C@H]1C(=O)O)C(=O)O,ACE,1,0,0,0,0,0,0,0,0,0,0,0,0,0,0,0
CHEMBL328430,CHEMBL2487,8.72,1,COc1ccc2nc(-c3ccc(N(C)C)cc3)sc2c1,APP,0,0,0,0,1,0,0,0,0,0,0,0,0,0,0,0
CHEMBL328463,CHEMBL1808,6.83,1,O=C(O)[C@H](Cc1ccc(-c2ccccc2)cc1)NC(=O)[C@H](Cc1ccc2c(c1)OCO2)NCP(=O)(O)O,ACE,1,0,0,0,0,0,0,0,0,0,0,0,0,0,0,0
CHEMBL328468,CHEMBL220,9.02,1,O=C1Cc2cc3onc(CCC4CCN(Cc5ccccc5)CC4)c3cc2N1,ACHE,0,1,0,0,0,0,0,0,0,0,0,0,0,0,0,0
CHEMBL328660,CHEMBL2487,8.77,1,CNc1ccc(-c2nc3ccc(Br)cc3s2)cc1,APP,0,0,0,0,1,0,0,0,0,0,0,0,0,0,0,0
CHEMBL328737,CHEMBL1808,7.19,1,CC[C@H](C)C(NCC(=O)O)C(=O)N[C@@H](Cc1ccc(-c2ccccc2)cc1)C(=O)O,ACE,1,0,0,0,0,0,0,0,0,0,0,0,0,0,0,0
CHEMBL328814,CHEMBL1808,7.14,1,C[C@@H](C[Si](O)(O)[C@@H](Cc1ccccc1)NC(=O)c1ccccc1)C(=O)N1CCC[C@H]1C(=O)O,ACE,1,0,0,0,0,0,0,0,0,0,0,0,0,0,0,0
CHEMBL329012,CHEMBL220,9.48,1,O=C(O)/C=C\C(=O)O.O=C1Cc2cc3c(CCC4CCN(Cc5ccccc5)CC4)noc3cc2N1,ACHE,0,1,0,0,0,0,0,0,0,0,0,0,0,0,0,0
CHEMBL329231,CHEMBL220,9.24,1,O=C1CCc2cc3c(CCC4CCN(Cc5ccccc5)CC4)noc3cc2N1,ACHE,0,1,0,0,0,0,0,0,0,0,0,0,0,0,0,0
CHEMBL329454,CHEMBL238,6.26,1,COC(=O)C1C2CCC(CC1c1ccc(F)cc1)O2,SLC6A3,0,0,0,0,0,0,0,0,0,0,0,0,0,0,0,1
CHEMBL329464,CHEMBL1808,6.33,1,O=C(O)[C@H](Cc1ccc(-c2ccccc2)cc1)NC(=O)[C@H](Cc1ccc(Cl)cc1)NCP(=O)(O)O,ACE,1,0,0,0,0,0,0,0,0,0,0,0,0,0,0,0
CHEMBL329530,CHEMBL1808,6.86,1,C[C@H](c1ccccc1)[C@H](NCP(=O)(O)O)C(=O)N[C@@H](Cc1ccc(-c2ccccc2)cc1)C(=O)O,ACE,1,0,0,0,0,0,0,0,0,0,0,0,0,0,0,0
CHEMBL329531,CHEMBL220,6.47,1,c1ccc(CN2CCC(CCc3ncnc4ccccc34)CC2)cc1,ACHE,0,1,0,0,0,0,0,0,0,0,0,0,0,0,0,0
CHEMBL329640,CHEMBL2487,7.19,1,Cc1ccc2nc(-c3ccc(N(C)C)cc3)sc2c1,APP,0,0,0,0,1,0,0,0,0,0,0,0,0,0,0,0
CHEMBL329801,CHEMBL1808,7.37,1,C[C@H](N[C@@H](CCc1ccccc1)C(=O)O)C(=O)N1C[C@@H](NC(=O)NC(CS)Cc2ccccc2)C[C@H]1C(=O)O,ACE,1,0,0,0,0,0,0,0,0,0,0,0,0,0,0,0
CHEMBL330004,CHEMBL220,7.3,1,Brc1ccc2c(CCC3CCN(Cc4ccccc4)CC3)noc2c1,ACHE,0,1,0,0,0,0,0,0,0,0,0,0,0,0,0,0
CHEMBL330228,CHEMBL238,8.92,1,COC(=O)C1C(c2ccc(Cl)c(Cl)c2)CC2C[C@@H](O)C1N2C,SLC6A3,0,0,0,0,0,0,0,0,0,0,0,0,0,0,0,1
CHEMBL33025,CHEMBL1808,9.06,1,NCCCC[C@H](OP(=O)(O)CCCCc1ccccc1)C(=O)N1C[C@H](O)C[C@H]1C(=O)O,ACE,1,0,0,0,0,0,0,0,0,0,0,0,0,0,0,0
CHEMBL330316,CHEMBL1808,6.83,1,C[C@H](CS)C(=O)N1C[C@@H](NC(=O)NC(CS)Cc2ccccc2)C[C@H]1C(=O)O,ACE,1,0,0,0,0,0,0,0,0,0,0,0,0,0,0,0
CHEMBL330507,CHEMBL1808,6.42,1,O=C(O)[C@H](Cc1ccc(-c2ccccc2)cc1)NC(=O)[C@H](Cc1cccs1)NCP(=O)(O)O,ACE,1,0,0,0,0,0,0,0,0,0,0,0,0,0,0,0
CHEMBL330529,CHEMBL2487,8.0,1,CNc1ccc(-c2nc3ccc(C)cc3s2)cc1,APP,0,0,0,0,1,0,0,0,0,0,0,0,0,0,0,0
CHEMBL330883,CHEMBL1914,7.85,1,Nc1c2c(nc3ccccc13)CCCCC2,BCHE,0,0,0,0,0,1,0,0,0,0,0,0,0,0,0,0
CHEMBL331378,CHEMBL1808,9.4,1,C[C@H](CSC(=O)c1ccccc1)C(=O)N1C[C@@H](Sc2ccccc2)C[C@H]1C(=O)O,ACE,1,0,0,0,0,0,0,0,0,0,0,0,0,0,0,0
CHEMBL331575,CHEMBL1808,9.0,1,CC1CCCC(C(=O)O)N1C(=O)CCS,ACE,1,0,0,0,0,0,0,0,0,0,0,0,0,0,0,0
CHEMBL331637,CHEMBL1914,4.06,0,CC12CCC(c3c1nc1ccccc1c3N)C2(C)C,BCHE,0,0,0,0,0,1,0,0,0,0,0,0,0,0,0,0
CHEMBL331799,CHEMBL238,7.6,1,CNCC1C2CCC(C2)C1c1ccc2ccccc2c1,SLC6A3,0,0,0,0,0,0,0,0,0,0,0,0,0,0,0,1
CHEMBL332097,CHEMBL238,6.89,1,CNCC[C@H](Oc1ccc(O)c2ccccc12)c1cccs1,SLC6A3,0,0,0,0,0,0,0,0,0,0,0,0,0,0,0,1
CHEMBL332098,CHEMBL238,6.79,1,CNCC[C@H](Oc1cccc2cc(O)ccc12)c1cccs1,SLC6A3,0,0,0,0,0,0,0,0,0,0,0,0,0,0,0,1
CHEMBL332454,CHEMBL1914,4.44,0,Nc1c2c(nc3ccccc13)-c1ccccc1CCC2,BCHE,0,0,0,0,0,1,0,0,0,0,0,0,0,0,0,0
CHEMBL332760,CHEMBL1914,7.3,1,CC(C)c1ccc(NC(=O)Oc2ccc3c(c2)[C@]2(C)CCN(C)[C@@H]2N3C)cc1.O=C(O)C(O)C(O)C(=O)O,BCHE,0,0,0,0,0,1,0,0,0,0,0,0,0,0,0,0
CHEMBL332760,CHEMBL220,6.12,1,CC(C)c1ccc(NC(=O)Oc2ccc3c(c2)[C@]2(C)CCN(C)[C@@H]2N3C)cc1.O=C(O)C(O)C(O)C(=O)O,ACHE,0,1,0,0,0,0,0,0,0,0,0,0,0,0,0,0
CHEMBL333011,CHEMBL1914,4.99,0,Nc1c2c(nc3ccccc13)-c1cccc(Cl)c1CC2,BCHE,0,0,0,0,0,1,0,0,0,0,0,0,0,0,0,0
CHEMBL333331,CHEMBL238,7.04,1,COC(=O)C1C2CCC(C[C@@H]1OC(c1ccc(Cl)cc1)c1ccc(Cl)cc1)N2C,SLC6A3,0,0,0,0,0,0,0,0,0,0,0,0,0,0,0,1
CHEMBL333476,CHEMBL238,4.97,0,Cc1ccc([C@H](O)C2CN(C)CCC2(O)c2ccc(C)cc2)cc1,SLC6A3,0,0,0,0,0,0,0,0,0,0,0,0,0,0,0,1
CHEMBL333580,CHEMBL1914,7.6,1,CC(C)c1ccc(NC(=O)Oc2ccc3c(c2)[C@]2(C)CCN(C)O[C@@H]2N3C)cc1,BCHE,0,0,0,0,0,1,0,0,0,0,0,0,0,0,0,0
CHEMBL333667,CHEMBL238,7.27,1,O=C(Cc1ccccc1)NCCNCCOC(c1ccc(F)cc1)c1ccc(F)cc1,SLC6A3,0,0,0,0,0,0,0,0,0,0,0,0,0,0,0,1
CHEMBL334395,CHEMBL1914,7.0,1,CCCSc1nc(-c2ccc(Cl)cc2)nn1C(=O)N(C)C,BCHE,0,0,0,0,0,1,0,0,0,0,0,0,0,0,0,0
CHEMBL334395,CHEMBL220,6.52,1,CCCSc1nc(-c2ccc(Cl)cc2)nn1C(=O)N(C)C,ACHE,0,1,0,0,0,0,0,0,0,0,0,0,0,0,0,0
CHEMBL334576,CHEMBL238,7.17,1,Cc1cc(C)c2c(c1)C1=NCCN1C2(O)c1ccc(Cl)cc1,SLC6A3,0,0,0,0,0,0,0,0,0,0,0,0,0,0,0,1
CHEMBL334577,CHEMBL238,8.68,1,OC1(c2ccc(Cl)cc2)c2ccc3ccccc3c2C2=NCCCN21,SLC6A3,0,0,0,0,0,0,0,0,0,0,0,0,0,0,0,1
CHEMBL334596,CHEMBL238,6.41,1,OC1(c2ccc(Cl)cc2)c2cccc(-c3ccccc3)c2C2=NCCN21,SLC6A3,0,0,0,0,0,0,0,0,0,0,0,0,0,0,0,1
CHEMBL3350294,CHEMBL1808,7.04,1,O=C(O)CN1CCCCC[C@@H](N[C@H](CCc2ccccc2)C(=O)O)C1=O,ACE,1,0,0,0,0,0,0,0,0,0,0,0,0,0,0,0
CHEMBL3350318,CHEMBL1808,4.05,0,CCOC(=O)[C@H](CCc1ccccc1)N[C@@H](C)C(=O)N1Cc2cc(OC)c(OC)cc2C[C@@H]1C(=O)O,ACE,1,0,0,0,0,0,0,0,0,0,0,0,0,0,0,0
CHEMBL335033,CHEMBL1914,6.89,1,CSc1nc(-c2ccc3ccccc3c2)nn1C(=O)N(C)C,BCHE,0,0,0,0,0,1,0,0,0,0,0,0,0,0,0,0
CHEMBL335033,CHEMBL220,7.3,1,CSc1nc(-c2ccc3ccccc3c2)nn1C(=O)N(C)C,ACHE,0,1,0,0,0,0,0,0,0,0,0,0,0,0,0,0
CHEMBL335220,CHEMBL220,7.85,1,Cc1ccc(NC(=O)Oc2ccc3c(c2)[C@]2(C)CCN(C)[C@@H]2N3C)c(C)c1,ACHE,0,1,0,0,0,0,0,0,0,0,0,0,0,0,0,0
CHEMBL335329,CHEMBL220,4.52,0,O=C1CCN(Cc2ccccc2)C/C1=C\c1ccn(C(=O)c2ccccc2)c1,ACHE,0,1,0,0,0,0,0,0,0,0,0,0,0,0,0,0
CHEMBL335355,CHEMBL1914,6.71,1,CCC1=CC2Cc3nc4cc(F)cc(F)c4c(N)c3C(C1)C2,BCHE,0,0,0,0,0,1,0,0,0,0,0,0,0,0,0,0
CHEMBL3357783,CHEMBL1904,7.8,1,COc1ccc2c(c1)CCC(NCCCc1ccccc1)CC2O,GRIN2B,0,0,0,0,0,0,0,0,0,1,0,0,0,0,0,0
CHEMBL3357784,CHEMBL1904,8.0,1,COc1ccc2c(c1)CCC(NCCCc1ccccc1)CC2,GRIN2B,0,0,0,0,0,0,0,0,0,1,0,0,0,0,0,0
CHEMBL3357785,CHEMBL1904,7.24,1,c1ccc(CNC2CCc3ccccc3CC2)cc1,GRIN2B,0,0,0,0,0,0,0,0,0,1,0,0,0,0,0,0
CHEMBL3357786,CHEMBL1904,7.7,1,c1ccc(CCNC2CCc3ccccc3CC2)cc1,GRIN2B,0,0,0,0,0,0,0,0,0,1,0,0,0,0,0,0
CHEMBL3357787,CHEMBL1904,7.77,1,c1ccc(CCCCNC2CCc3ccccc3CC2)cc1,GRIN2B,0,0,0,0,0,0,0,0,0,1,0,0,0,0,0,0
CHEMBL3357788,CHEMBL1904,8.16,1,c1ccc(C2CCN(C3CCc4ccccc4CC3)CC2)cc1,GRIN2B,0,0,0,0,0,0,0,0,0,1,0,0,0,0,0,0
CHEMBL3357789,CHEMBL1904,7.92,1,c1ccc(N2CCN(C3CCc4ccccc4CC3)CC2)cc1,GRIN2B,0,0,0,0,0,0,0,0,0,1,0,0,0,0,0,0
CHEMBL3357790,CHEMBL1904,8.54,1,c1ccc(CC2CCN(C3CCc4ccccc4CC3)CC2)cc1,GRIN2B,0,0,0,0,0,0,0,0,0,1,0,0,0,0,0,0
CHEMBL3357791,CHEMBL1904,8.64,1,c1ccc([C@H]2CC[C@@H](NC3CCc4ccccc4CC3)CC2)cc1,GRIN2B,0,0,0,0,0,0,0,0,0,1,0,0,0,0,0,0
CHEMBL3357792,CHEMBL1904,8.24,1,c1ccc([C@H]2CC[C@H](NC3CCc4ccccc4CC3)CC2)cc1,GRIN2B,0,0,0,0,0,0,0,0,0,1,0,0,0,0,0,0
CHEMBL335962,CHEMBL1914,6.77,1,Cc1cccc(NC(=O)Oc2ccc3c(c2)[C@]2(C)CCN(C)[C@@H]2N3C)c1C,BCHE,0,0,0,0,0,1,0,0,0,0,0,0,0,0,0,0
CHEMBL335962,CHEMBL220,7.64,1,Cc1cccc(NC(=O)Oc2ccc3c(c2)[C@]2(C)CCN(C)[C@@H]2N3C)c1C,ACHE,0,1,0,0,0,0,0,0,0,0,0,0,0,0,0,0
CHEMBL335997,CHEMBL1808,8.54,1,CC(NC(C(=O)O)C1CCCN1C(=O)c1ccccc1)C(=O)N1CCCC1C(=O)O,ACE,1,0,0,0,0,0,0,0,0,0,0,0,0,0,0,0
CHEMBL336100,CHEMBL238,7.91,1,OC1(c2ccc(Cl)cc2)c2cccc(F)c2C2=NCCN21,SLC6A3,0,0,0,0,0,0,0,0,0,0,0,0,0,0,0,1
CHEMBL336276,CHEMBL1914,6.52,1,CCCCCCSc1nc(-c2ccc(C)cc2)nn1C(=O)N(C)C,BCHE,0,0,0,0,0,1,0,0,0,0,0,0,0,0,0,0
CHEMBL336276,CHEMBL220,6.7,1,CCCCCCSc1nc(-c2ccc(C)cc2)nn1C(=O)N(C)C,ACHE,0,1,0,0,0,0,0,0,0,0,0,0,0,0,0,0
CHEMBL336398,CHEMBL1914,6.05,1,O=C(N1CCCCC1)n1nc(-c2ccc(Cl)cc2)nc1SCC1CC1,BCHE,0,0,0,0,0,1,0,0,0,0,0,0,0,0,0,0
CHEMBL336398,CHEMBL220,7.0,1,O=C(N1CCCCC1)n1nc(-c2ccc(Cl)cc2)nc1SCC1CC1,ACHE,0,1,0,0,0,0,0,0,0,0,0,0,0,0,0,0
CHEMBL336524,CHEMBL1914,7.3,1,CCSc1nc(-c2ccc(Cl)cc2)nn1C(=O)N(C)C,BCHE,0,0,0,0,0,1,0,0,0,0,0,0,0,0,0,0
CHEMBL336524,CHEMBL220,7.25,1,CCSc1nc(-c2ccc(Cl)cc2)nn1C(=O)N(C)C,ACHE,0,1,0,0,0,0,0,0,0,0,0,0,0,0,0,0
CHEMBL336538,CHEMBL1914,6.39,1,COc1ccc(-c2nc(SC)n(C(=O)N(C)C)n2)cc1,BCHE,0,0,0,0,0,1,0,0,0,0,0,0,0,0,0,0
CHEMBL336538,CHEMBL220,6.1,1,COc1ccc(-c2nc(SC)n(C(=O)N(C)C)n2)cc1,ACHE,0,1,0,0,0,0,0,0,0,0,0,0,0,0,0,0
CHEMBL336613,CHEMBL238,7.53,1,Clc1ccc(C2c3ccccc3C3=NCCN32)cc1,SLC6A3,0,0,0,0,0,0,0,0,0,0,0,0,0,0,0,1
CHEMBL336873,CHEMBL4549,9.05,1,Cc1cccc(C(=O)Nc2ccc3c(c2)C[C@H](NS(=O)(=O)c2cccs2)C3)c1-c1ccc(C(F)(F)F)cc1,APOE,0,0,0,1,0,0,0,0,0,0,0,0,0,0,0,0
CHEMBL336940,CHEMBL238,8.32,1,COc1cccc2c1C1=NCCN1C2(O)c1ccc(Cl)cc1,SLC6A3,0,0,0,0,0,0,0,0,0,0,0,0,0,0,0,1
CHEMBL337002,CHEMBL220,4.7,0,N#Cc1ccc(C(=O)n2cc(/C=C3\CN(Cc4ccccc4)CCC3=O)c3ccccc32)cc1,ACHE,0,1,0,0,0,0,0,0,0,0,0,0,0,0,0,0
CHEMBL337020,CHEMBL238,8.57,1,OC1(c2ccc(Cl)cc2)c2ccccc2C2=N[C@H]3CCCC[C@@H]3N21,SLC6A3,0,0,0,0,0,0,0,0,0,0,0,0,0,0,0,1
CHEMBL337300,CHEMBL2783,7.7,1,O=Nc1c(-c2c(O)[nH]c3ccc(I)cc23)[nH]c2ccccc12,CDK5R1,0,0,0,0,0,0,0,1,0,0,0,0,0,0,0,0
CHEMBL337453,CHEMBL220,6.5,1,Nc1c2c(nc3cccc(Cl)c13)OCCC2,ACHE,0,1,0,0,0,0,0,0,0,0,0,0,0,0,0,0
CHEMBL337675,CHEMBL1914,6.31,1,Cc1ccc(C)c(NC(=O)Oc2ccc3c(c2)[C@]2(C)CCN(C)[C@@H]2N3C)c1,BCHE,0,0,0,0,0,1,0,0,0,0,0,0,0,0,0,0
CHEMBL337675,CHEMBL220,7.58,1,Cc1ccc(C)c(NC(=O)Oc2ccc3c(c2)[C@]2(C)CCN(C)[C@@H]2N3C)c1,ACHE,0,1,0,0,0,0,0,0,0,0,0,0,0,0,0,0
CHEMBL337714,CHEMBL1914,7.0,1,CSc1nc(-c2ccc(C(F)(F)F)cc2)nn1C(=O)N(C)C,BCHE,0,0,0,0,0,1,0,0,0,0,0,0,0,0,0,0
CHEMBL337714,CHEMBL220,6.3,1,CSc1nc(-c2ccc(C(F)(F)F)cc2)nn1C(=O)N(C)C,ACHE,0,1,0,0,0,0,0,0,0,0,0,0,0,0,0,0
CHEMBL338313,CHEMBL238,7.8,1,COC(=O)C1C2CCC(C[C@@H]1OC(c1ccccc1)c1ccc(Cl)cc1)N2C,SLC6A3,0,0,0,0,0,0,0,0,0,0,0,0,0,0,0,1
CHEMBL338446,CHEMBL1808,4.11,0,N[C@@H](Cc1ccccc1)C(=O)N1CCC[C@H]1C(=O)N1CCC[C@@H]1C(=O)O,ACE,1,0,0,0,0,0,0,0,0,0,0,0,0,0,0,0
CHEMBL338566,CHEMBL238,7.88,1,COC(=O)C1C2CCC(C[C@@H]1OC(c1ccccc1)c1ccc(F)cc1)N2C,SLC6A3,0,0,0,0,0,0,0,0,0,0,0,0,0,0,0,1
CHEMBL338720,CHEMBL1914,6.64,1,CSc1nc(-c2ccc(-c3ccccc3)cc2)nn1C(=O)N(C)C,BCHE,0,0,0,0,0,1,0,0,0,0,0,0,0,0,0,0
CHEMBL338720,CHEMBL220,6.25,1,CSc1nc(-c2ccc(-c3ccccc3)cc2)nn1C(=O)N(C)C,ACHE,0,1,0,0,0,0,0,0,0,0,0,0,0,0,0,0
CHEMBL338755,CHEMBL1914,7.98,1,CN(CCCNc1c2c(nc3ccccc13)CCCC2)CCCNc1c2c(nc3ccccc13)CCCC2,BCHE,0,0,0,0,0,1,0,0,0,0,0,0,0,0,0,0
CHEMBL338975,CHEMBL1914,7.8,1,CNC(=O)Oc1ccc2c(c1)[C@]1(C)CCN(C)[C@@H]1N2C.O=C(O)c1ccccc1O,BCHE,0,0,0,0,0,1,0,0,0,0,0,0,0,0,0,0
CHEMBL338975,CHEMBL220,7.55,1,CNC(=O)Oc1ccc2c(c1)[C@]1(C)CCN(C)[C@@H]1N2C.O=C(O)c1ccccc1O,ACHE,0,1,0,0,0,0,0,0,0,0,0,0,0,0,0,0
CHEMBL3392650,CHEMBL5028,7.15,1,CC1(C)SCCN(S(=O)(=O)c2ccc(OCC#CCO)cc2)C1C(=O)NO,ADAM10,0,0,1,0,0,0,0,0,0,0,0,0,0,0,0,0
CHEMBL339352,CHEMBL238,7.0,1,COC(=O)C1C2CCC(C[C@@H]1OC(c1ccc(F)cc1)c1ccc(F)cc1)N2CCCCCc1ccccc1,SLC6A3,0,0,0,0,0,0,0,0,0,0,0,0,0,0,0,1
CHEMBL339401,CHEMBL238,6.41,1,COC(=O)C1C2CCC(C[C@@H]1OC(c1ccc(Br)cc1)c1ccc(I)cc1)N2C,SLC6A3,0,0,0,0,0,0,0,0,0,0,0,0,0,0,0,1
CHEMBL3397708,CHEMBL2473,4.92,0,CCCC/C(=C\c1cc(-c2ccccc2)ccc1OCc1ccc(C(F)(F)F)cc1)C(=O)O,PSEN1,0,0,0,0,0,0,0,0,0,0,0,0,0,1,0,0
CHEMBL3397709,CHEMBL2473,4.81,0,CCCC/C(=C\c1cc(Oc2ccccc2)ccc1OCc1ccc(C(F)(F)F)cc1)C(=O)O,PSEN1,0,0,0,0,0,0,0,0,0,0,0,0,0,1,0,0
CHEMBL3397710,CHEMBL2473,4.85,0,CCCC/C(=C\c1cc(OCc2ccccc2)ccc1OCc1ccc(C(F)(F)F)cc1)C(=O)O,PSEN1,0,0,0,0,0,0,0,0,0,0,0,0,0,1,0,0
CHEMBL3397715,CHEMBL2473,4.86,0,CCCC/C(=C\c1cc(OCc2ccc(F)cc2)ccc1OCc1ccc(C(F)(F)F)cc1)C(=O)O,PSEN1,0,0,0,0,0,0,0,0,0,0,0,0,0,1,0,0
CHEMBL3397717,CHEMBL2473,6.1,1,CCCC/C(=C\c1cc(OCc2cc(C(F)(F)F)cc(C(F)(F)F)c2)ccc1OCc1ccc(C(F)(F)F)cc1)C(=O)O,PSEN1,0,0,0,0,0,0,0,0,0,0,0,0,0,1,0,0
CHEMBL3397718,CHEMBL2473,4.49,0,CCCC/C(=C\c1cc(OCc2cccnc2)ccc1OCc1ccc(C(F)(F)F)cc1)C(=O)O,PSEN1,0,0,0,0,0,0,0,0,0,0,0,0,0,1,0,0
CHEMBL3397721,CHEMBL2473,6.2,1,CCCC/C(=C\c1cc(OCc2ccc3nc(C(F)(F)F)cc(OC)c3c2)ccc1OCc1ccc(C(F)(F)F)cc1)C(=O)O,PSEN1,0,0,0,0,0,0,0,0,0,0,0,0,0,1,0,0
CHEMBL3397722,CHEMBL2473,4.7,0,CCCC/C(=C\c1cc(OCc2ccc(-c3csc(C)n3)cc2)ccc1OCc1ccc(C(F)(F)F)cc1)C(=O)O,PSEN1,0,0,0,0,0,0,0,0,0,0,0,0,0,1,0,0
CHEMBL3397726,CHEMBL2473,4.94,0,CCCC/C(=C\c1cc(OCC(c2ccccc2)c2ccccc2)ccc1OCc1ccc(C(F)(F)F)cc1)C(=O)O,PSEN1,0,0,0,0,0,0,0,0,0,0,0,0,0,1,0,0
CHEMBL3397727,CHEMBL2473,6.0,1,CCCC/C(=C\c1cc(OCC2CCC(C(F)(F)F)CC2)ccc1OCc1ccc(C(F)(F)F)cc1)C(=O)O,PSEN1,0,0,0,0,0,0,0,0,0,0,0,0,0,1,0,0
CHEMBL339995,CHEMBL1914,6.43,1,CSc1nc(/C=C/c2ccccc2)nn1C(=O)N(C)C,BCHE,0,0,0,0,0,1,0,0,0,0,0,0,0,0,0,0
CHEMBL340152,CHEMBL1808,6.16,1,CCCC[C@H](N)C(=O)N[C@@H](C)C(=O)N1CCC[C@@H]1C(=O)O,ACE,1,0,0,0,0,0,0,0,0,0,0,0,0,0,0,0
CHEMBL340171,CHEMBL1914,8.31,1,CN(CCCOc1ccc2c(=O)c3ccccc3oc2c1)Cc1cccc(OC(=O)NCCCCCCCN2CCOCC2)c1,BCHE,0,0,0,0,0,1,0,0,0,0,0,0,0,0,0,0
CHEMBL340171,CHEMBL220,7.58,1,CN(CCCOc1ccc2c(=O)c3ccccc3oc2c1)Cc1cccc(OC(=O)NCCCCCCCN2CCOCC2)c1,ACHE,0,1,0,0,0,0,0,0,0,0,0,0,0,0,0,0
CHEMBL340228,CHEMBL1914,8.12,1,CN(CCCOc1ccc2c(=O)c3ccccc3oc2c1)Cc1cccc(OC(=O)NCCCCCCN2CCOCC2)c1,BCHE,0,0,0,0,0,1,0,0,0,0,0,0,0,0,0,0
CHEMBL340228,CHEMBL220,7.68,1,CN(CCCOc1ccc2c(=O)c3ccccc3oc2c1)Cc1cccc(OC(=O)NCCCCCCN2CCOCC2)c1,ACHE,0,1,0,0,0,0,0,0,0,0,0,0,0,0,0,0
CHEMBL340281,CHEMBL238,8.48,1,OC1(c2ccc3ccccc3c2)c2ccc3ccccc3c2C2=NCCN21,SLC6A3,0,0,0,0,0,0,0,0,0,0,0,0,0,0,0,1
CHEMBL34032,CHEMBL238,7.46,1,Fc1ccc(C(OCCC2CCN(Cc3ccccc3)CC2)c2ccc(F)cc2)cc1,SLC6A3,0,0,0,0,0,0,0,0,0,0,0,0,0,0,0,1
CHEMBL340391,CHEMBL220,8.0,1,CCc1ccccc1NC(=O)Oc1ccc2c(c1)[C@]1(C)CCN(C)[C@@H]1N2C,ACHE,0,1,0,0,0,0,0,0,0,0,0,0,0,0,0,0
CHEMBL340409,CHEMBL220,4.96,0,O=C1CCN(Cc2ccccc2)C/C1=C\c1ccc[nH]1,ACHE,0,1,0,0,0,0,0,0,0,0,0,0,0,0,0,0
CHEMBL340427,CHEMBL1914,4.32,0,CNC(=O)Oc1cccc(CN(C)CCCOc2ccc3c(=O)c4ccccc4oc3c2)c1,BCHE,0,0,0,0,0,1,0,0,0,0,0,0,0,0,0,0
CHEMBL340427,CHEMBL220,9.52,1,CNC(=O)Oc1cccc(CN(C)CCCOc2ccc3c(=O)c4ccccc4oc3c2)c1,ACHE,0,1,0,0,0,0,0,0,0,0,0,0,0,0,0,0
CHEMBL340521,CHEMBL238,7.62,1,COC(=O)C1C2CCC(C[C@@H]1OC(c1ccccc1)c1ccc(Br)cc1)N2C,SLC6A3,0,0,0,0,0,0,0,0,0,0,0,0,0,0,0,1
CHEMBL340528,CHEMBL1808,9.22,1,O=C(O)C(CCc1ccccc1)N[C@H]1CCCC2SC[C@@H](C(=O)O)N2C1=O,ACE,1,0,0,0,0,0,0,0,0,0,0,0,0,0,0,0
CHEMBL340542,CHEMBL220,4.16,0,COc1ccc(C(=O)n2cc(/C=C3\CN(Cc4ccccc4)CCC3=O)c3ccccc32)cc1,ACHE,0,1,0,0,0,0,0,0,0,0,0,0,0,0,0,0
CHEMBL340599,CHEMBL220,4.3,0,O=C1CCN(Cc2ccccc2)C/C1=C\c1cn(C(=O)c2ccc(Cl)cc2)c2ccccc12,ACHE,0,1,0,0,0,0,0,0,0,0,0,0,0,0,0,0
CHEMBL340854,CHEMBL220,4.6,0,O=C1CCN(Cc2ccccc2)C/C1=C\c1c[nH]c2ccc(OCc3ccccc3)cc12,ACHE,0,1,0,0,0,0,0,0,0,0,0,0,0,0,0,0
CHEMBL340866,CHEMBL220,4.75,0,O=C1/C(=C/c2ccc[nH]2)CN(Cc2ccccc2)C/C1=C\c1ccc[nH]1,ACHE,0,1,0,0,0,0,0,0,0,0,0,0,0,0,0,0
CHEMBL340867,CHEMBL1914,6.54,1,Cc1cccc(C)c1NC(=O)Oc1ccc2c(c1)[C@]1(C)CCN(C)[C@@H]1N2C,BCHE,0,0,0,0,0,1,0,0,0,0,0,0,0,0,0,0
CHEMBL340867,CHEMBL220,6.11,1,Cc1cccc(C)c1NC(=O)Oc1ccc2c(c1)[C@]1(C)CCN(C)[C@@H]1N2C,ACHE,0,1,0,0,0,0,0,0,0,0,0,0,0,0,0,0
CHEMBL340929,CHEMBL220,4.52,0,CC(C)(C)OC(=O)n1cc(/C=C2\CN(Cc3ccccc3)CCC2=O)c2ccccc21,ACHE,0,1,0,0,0,0,0,0,0,0,0,0,0,0,0,0
CHEMBL341658,CHEMBL1914,7.49,1,CCC1=CC2Cc3nc4cc(F)ccc4c(N)c3C(C1)C2,BCHE,0,0,0,0,0,1,0,0,0,0,0,0,0,0,0,0
CHEMBL341898,CHEMBL238,7.57,1,CN[C@@H]1C[C@@H](c2ccc(Cl)c(Cl)c2)c2ccccc21,SLC6A3,0,0,0,0,0,0,0,0,0,0,0,0,0,0,0,1
CHEMBL341974,CHEMBL4549,8.62,1,COC(=O)NC1CCc2ccc(NC(=O)c3cc(C)cc(C)c3-c3ccc(C(F)(F)F)cc3)cc2CC1,APOE,0,0,0,1,0,0,0,0,0,0,0,0,0,0,0,0
CHEMBL342055,CHEMBL238,7.0,1,c1ccc(CC(c2ccccc2)c2ccncc2)cc1,SLC6A3,0,0,0,0,0,0,0,0,0,0,0,0,0,0,0,1
CHEMBL342373,CHEMBL1808,8.22,1,CC(NC(C(=O)O)C1CCCN1C(=O)NCC(=O)O)C(=O)N1CCCC1C(=O)O,ACE,1,0,0,0,0,0,0,0,0,0,0,0,0,0,0,0
CHEMBL342652,CHEMBL1808,8.03,1,CC(=O)N1CCCC1C(NC(C)C(=O)N1CCCC1C(=O)O)C(=O)O,ACE,1,0,0,0,0,0,0,0,0,0,0,0,0,0,0,0
CHEMBL343054,CHEMBL1914,4.42,0,C/C=C(\C)C(=O)N[C@@H]1[C@H](OC(C)=O)[C@@H]2CC[C@H]3C4=CC[C@H]([C@H](C)N(C)C)[C@@]4(C)CC[C@@H]3[C@@]2(C)C[C@@H]1O,BCHE,0,0,0,0,0,1,0,0,0,0,0,0,0,0,0,0
CHEMBL343211,CHEMBL238,6.92,1,CN(Cc1ccccc1)[C@@H]1C[C@@H](c2ccc(Cl)c(Cl)c2)c2ccccc21,SLC6A3,0,0,0,0,0,0,0,0,0,0,0,0,0,0,0,1
CHEMBL343237,CHEMBL220,6.75,1,CC1CCN(CCc2ccccc2)CC1,ACHE,0,1,0,0,0,0,0,0,0,0,0,0,0,0,0,0
CHEMBL343365,CHEMBL1914,4.54,0,C[C@@H]([C@H]1CC[C@H]2[C@@H]3CC[C@H]4C[C@@H](NC(=O)c5ccccc5)[C@@H](O)C[C@]4(C)[C@H]3CC[C@]12C)N(C)C,BCHE,0,0,0,0,0,1,0,0,0,0,0,0,0,0,0,0
CHEMBL343406,CHEMBL4549,8.7,1,COc1cccc(C(=O)Nc2ccc3c(c2)CC(NS(=O)(=O)c2ccccc2)C3)c1-c1ccc(Cl)cc1,APOE,0,0,0,1,0,0,0,0,0,0,0,0,0,0,0,0
CHEMBL343534,CHEMBL238,8.89,1,Fc1ccc(C(OCCC2CCN(C/C=C/c3cccs3)CC2)c2ccc(F)cc2)cc1,SLC6A3,0,0,0,0,0,0,0,0,0,0,0,0,0,0,0,1
CHEMBL343837,CHEMBL4549,8.47,1,COC(=O)NC1Cc2ccc(NC(=O)c3cc(C)cc(C)c3-c3ccc(Cl)cc3)cc2C1,APOE,0,0,0,1,0,0,0,0,0,0,0,0,0,0,0,0
CHEMBL343874,CHEMBL4549,8.64,1,Cc1cccc(C(=O)Nc2ccc3c(c2)CCC(NS(C)(=O)=O)CC3)c1-c1ccc(C(F)(F)F)cc1,APOE,0,0,0,1,0,0,0,0,0,0,0,0,0,0,0,0
CHEMBL344110,CHEMBL238,6.17,1,CC(C)N(C)[C@H]1C[C@@H](c2ccc(Cl)c(Cl)c2)c2ccccc21,SLC6A3,0,0,0,0,0,0,0,0,0,0,0,0,0,0,0,1
CHEMBL344116,CHEMBL238,6.6,1,CCCN(C)[C@@H]1C[C@@H](c2ccc(Cl)c(Cl)c2)c2ccccc21,SLC6A3,0,0,0,0,0,0,0,0,0,0,0,0,0,0,0,1
CHEMBL344439,CHEMBL4549,8.6,1,Cc1ccc(-c2c(C)cccc2C(=O)Nc2ccc3c(c2)CC(NS(=O)(=O)c2ccccc2)C3)cc1,APOE,0,0,0,1,0,0,0,0,0,0,0,0,0,0,0,0
CHEMBL344513,CHEMBL238,6.89,1,CC(C)(C)N[C@@H]1C[C@@H](c2ccc(Cl)c(Cl)c2)c2ccccc21,SLC6A3,0,0,0,0,0,0,0,0,0,0,0,0,0,0,0,1
CHEMBL344801,CHEMBL4549,8.0,1,COC(=O)NCCC1Cc2ccc(NC(=O)c3cccc(C)c3-c3ccc(C(F)(F)F)cc3)cc2C1,APOE,0,0,0,1,0,0,0,0,0,0,0,0,0,0,0,0
CHEMBL344814,CHEMBL4549,8.92,1,Cc1cccc(C(=O)Nc2ccc3c(c2)CC(NS(=O)(=O)c2ccccc2)C3)c1-c1ccc(F)cc1,APOE,0,0,0,1,0,0,0,0,0,0,0,0,0,0,0,0
CHEMBL344849,CHEMBL4549,8.59,1,Cc1cc(C)c(-c2ccc(C(F)(F)F)cc2)c(C(=O)Nc2ccc3c(c2)C[C@@H](NS(=O)(=O)c2cccs2)C3)c1,APOE,0,0,0,1,0,0,0,0,0,0,0,0,0,0,0,0
CHEMBL345124,CHEMBL1914,4.88,0,CC[N+](C)(CC)CCC[n+]1c(-c2ccccc2)c2cc(N)ccc2c2ccc(N)cc21.[I-].[I-],BCHE,0,0,0,0,0,1,0,0,0,0,0,0,0,0,0,0
CHEMBL345241,CHEMBL220,8.05,1,CC1CCN(CC2CCCCC2)CC1,ACHE,0,1,0,0,0,0,0,0,0,0,0,0,0,0,0,0
CHEMBL345689,CHEMBL238,9.05,1,CC(C)OC(=O)C1C2CCC(C[C@@H]1c1ccc(Cl)cc1)CN2C,SLC6A3,0,0,0,0,0,0,0,0,0,0,0,0,0,0,0,1
CHEMBL345847,CHEMBL220,9.05,1,CN1CCC(CCN2C(=O)c3ccccc3C2=O)CC1,ACHE,0,1,0,0,0,0,0,0,0,0,0,0,0,0,0,0
CHEMBL345849,CHEMBL220,6.41,1,N#CC(C#N)=C1NCCN1CCNCc1ccc(CN2CCC(O)CC2)o1,ACHE,0,1,0,0,0,0,0,0,0,0,0,0,0,0,0,0
CHEMBL345905,CHEMBL220,8.11,1,CN1CCC(C[C@H]2Cc3ccccc3C2=O)CC1,ACHE,0,1,0,0,0,0,0,0,0,0,0,0,0,0,0,0
CHEMBL34650,CHEMBL1808,9.2,1,NCCCC[C@H](OP(=O)(O)CCCCc1ccccc1)C(=O)N1CC2(C[C@H]1C(=O)O)SCCS2,ACE,1,0,0,0,0,0,0,0,0,0,0,0,0,0,0,0
CHEMBL346733,CHEMBL220,6.37,1,CCN(C)Cc1ccc(CNCCN2CCNC2=C(C#N)C#N)o1,ACHE,0,1,0,0,0,0,0,0,0,0,0,0,0,0,0,0
CHEMBL347354,CHEMBL220,6.8,1,CC1CCN(Cc2ccccc2[N+](=O)[O-])CC1,ACHE,0,1,0,0,0,0,0,0,0,0,0,0,0,0,0,0
CHEMBL347539,CHEMBL220,6.55,1,CNC(NCCNCc1ccc(CN2CCCC2)o1)=C(C#N)C#N,ACHE,0,1,0,0,0,0,0,0,0,0,0,0,0,0,0,0
CHEMBL347753,CHEMBL1904,6.89,1,c1ccc(CC2CCN(CCSc3nc[nH]n3)CC2)cc1,GRIN2B,0,0,0,0,0,0,0,0,0,1,0,0,0,0,0,0
CHEMBL347755,CHEMBL1808,9.22,1,O=C(O)C(CCc1ccccc1)N[C@H]1CCC[C@H]2SC[C@@H](C(=O)O)N2C1=O,ACE,1,0,0,0,0,0,0,0,0,0,0,0,0,0,0,0
CHEMBL347772,CHEMBL238,6.13,1,c1ccc(C(c2ccccc2)c2ccccn2)cc1,SLC6A3,0,0,0,0,0,0,0,0,0,0,0,0,0,0,0,1
CHEMBL348216,CHEMBL220,4.92,0,C#CC(C)OC[n+]1ccn(C)c1/C=N/O.[Cl-],ACHE,0,1,0,0,0,0,0,0,0,0,0,0,0,0,0,0
CHEMBL34832,CHEMBL1808,9.28,1,NCCCC[C@H](OP(=O)(O)CCCCc1ccccc1)C(=O)N1C[C@@H](Sc2ccccc2)C[C@H]1C(=O)O,ACE,1,0,0,0,0,0,0,0,0,0,0,0,0,0,0,0
CHEMBL348360,CHEMBL1904,6.16,1,N=C(NCc1cccc(C(F)(F)F)c1)c1ccc(C(F)(F)F)cc1,GRIN2B,0,0,0,0,0,0,0,0,0,1,0,0,0,0,0,0
CHEMBL348552,CHEMBL238,9.32,1,COC(=O)C1C2CCC(C[C@@H]1c1ccc(I)cc1)CN2C,SLC6A3,0,0,0,0,0,0,0,0,0,0,0,0,0,0,0,1
CHEMBL349727,CHEMBL1904,7.64,1,COc1cccc(C/N=C(\N)c2ccc(OC(F)(F)F)cc2)c1,GRIN2B,0,0,0,0,0,0,0,0,0,1,0,0,0,0,0,0
CHEMBL350414,CHEMBL1808,7.52,1,O=C(O)[C@H](Cc1ccc(-c2ccccc2)cc1)NC(=O)[C@@H](S)Cc1ccccc1,ACE,1,0,0,0,0,0,0,0,0,0,0,0,0,0,0,0
CHEMBL352500,CHEMBL220,8.35,1,Nc1c2c(nc3cc(Cl)ccc13)C1CCC2C1,ACHE,0,1,0,0,0,0,0,0,0,0,0,0,0,0,0,0
CHEMBL35309,CHEMBL1808,9.88,1,NCCCC[C@H](OP(=O)(O)CCCCc1ccccc1)C(=O)N1C[C@@H](c2ccccc2)C[C@H]1C(=O)O,ACE,1,0,0,0,0,0,0,0,0,0,0,0,0,0,0,0
CHEMBL353333,CHEMBL238,9.92,1,COC(=O)[C@@H]1C2CCC(C[C@@H]1c1ccc(I)cc1)N2,SLC6A3,0,0,0,0,0,0,0,0,0,0,0,0,0,0,0,1
CHEMBL35411,CHEMBL238,7.8,1,Fc1ccc(C(OCCC2CCN(Cc3cccc4ccccc34)CC2)c2ccc(F)cc2)cc1,SLC6A3,0,0,0,0,0,0,0,0,0,0,0,0,0,0,0,1
CHEMBL35419,CHEMBL1808,7.8,1,NCCCC[C@H](OP(=O)(O)CCCCc1ccccc1)C(=O)N1C[C@@H](O)C[C@H]1C(=O)O,ACE,1,0,0,0,0,0,0,0,0,0,0,0,0,0,0,0
CHEMBL3545350,CHEMBL1904,7.92,1,Cc1nccn1Cc1cc(-c2ccc(F)c(C(F)F)c2)cnn1,GRIN2B,0,0,0,0,0,0,0,0,0,1,0,0,0,0,0,0
CHEMBL35561,CHEMBL1808,9.94,1,NCCCC[C@H](OP(=O)(O)CCCCc1ccccc1)C(=O)N(CC(=O)O)c1ccc2c(c1)OCO2,ACE,1,0,0,0,0,0,0,0,0,0,0,0,0,0,0,0
CHEMBL355740,CHEMBL220,7.07,1,Nc1c2c(nc3c(Cl)cccc13)C1CCC2C1,ACHE,0,1,0,0,0,0,0,0,0,0,0,0,0,0,0,0
CHEMBL356000,CHEMBL220,4.69,0,C#CC1CCCCC1OC[n+]1ccn(C)c1/C=N/O.[Cl-],ACHE,0,1,0,0,0,0,0,0,0,0,0,0,0,0,0,0
CHEMBL356091,CHEMBL4549,8.85,1,Cc1cccc(C(=O)Nc2ccc3c(c2)CC(NS(=O)(=O)c2cccs2)C3)c1-c1ccc(F)cc1,APOE,0,0,0,1,0,0,0,0,0,0,0,0,0,0,0,0
CHEMBL356126,CHEMBL4549,8.7,1,COC(=O)NC1CCc2ccc(NC(=O)c3cccc(C)c3-c3ccc(Cl)cc3)cc2CC1,APOE,0,0,0,1,0,0,0,0,0,0,0,0,0,0,0,0
CHEMBL356552,CHEMBL238,6.85,1,CCN[C@H]1C[C@@H](c2ccc(Cl)c(Cl)c2)c2ccccc21,SLC6A3,0,0,0,0,0,0,0,0,0,0,0,0,0,0,0,1
CHEMBL356750,CHEMBL238,8.06,1,CN(C)[C@@H]1C[C@@H](c2ccc(Cl)c(Cl)c2)c2ccccc21,SLC6A3,0,0,0,0,0,0,0,0,0,0,0,0,0,0,0,1
CHEMBL35682,CHEMBL1808,9.54,1,COc1ccc(N(CC(=O)O)C(=O)[C@H](CCCCN)OP(=O)(O)CCCCc2ccccc2)cc1OC,ACE,1,0,0,0,0,0,0,0,0,0,0,0,0,0,0,0
CHEMBL356937,CHEMBL4549,8.12,1,COC(=O)N[C@H]1Cc2ccc(NC(=O)c3cc(C(F)(F)F)ccc3-c3ccc(C(F)(F)F)cc3)cc2C1,APOE,0,0,0,1,0,0,0,0,0,0,0,0,0,0,0,0
CHEMBL356981,CHEMBL238,6.75,1,CC(C)N(C)[C@@H]1C[C@@H](c2ccc(Cl)c(Cl)c2)c2ccccc21,SLC6A3,0,0,0,0,0,0,0,0,0,0,0,0,0,0,0,1
CHEMBL357584,CHEMBL1808,6.76,1,O=C1N[C@H](C(=O)O)CCCCCCc2cccc(c2)C[C@@H]1CS,ACE,1,0,0,0,0,0,0,0,0,0,0,0,0,0,0,0
CHEMBL357886,CHEMBL4549,8.89,1,O=C(Nc1ccc2c(c1)CC(NS(=O)(=O)c1ccccc1)C2)c1ccccc1-c1ccc(C(F)(F)F)cc1,APOE,0,0,0,1,0,0,0,0,0,0,0,0,0,0,0,0
CHEMBL358141,CHEMBL4549,8.6,1,COC(=O)N[C@@H]1Cc2ccc(NC(=O)c3cc(C)cc(C)c3-c3ccc(C(F)(F)F)cc3)cc2C1,APOE,0,0,0,1,0,0,0,0,0,0,0,0,0,0,0,0
CHEMBL358203,CHEMBL1808,8.92,1,O=C(O)C(CCc1ccccc1)NC1Cc2ccccc2[C@H]2CCC[C@@H](C(=O)O)N2C1=O,ACE,1,0,0,0,0,0,0,0,0,0,0,0,0,0,0,0
CHEMBL358256,CHEMBL1904,6.68,1,Nc1nnc(SCCN2CCC(Cc3ccccc3)CC2)s1,GRIN2B,0,0,0,0,0,0,0,0,0,1,0,0,0,0,0,0
CHEMBL358538,CHEMBL4549,8.06,1,COC(=O)NCC1Cc2ccc(NC(=O)c3cccc(C)c3-c3ccc(Cl)cc3)cc2C1,APOE,0,0,0,1,0,0,0,0,0,0,0,0,0,0,0,0
CHEMBL358601,CHEMBL1904,6.0,1,Cc1n[nH]c(SCCCN2CCC(Cc3ccccc3)CC2)n1,GRIN2B,0,0,0,0,0,0,0,0,0,1,0,0,0,0,0,0
CHEMBL358768,CHEMBL4549,7.37,1,COC(=O)N1CCN([C@@H]2Cc3ccc(NC(=O)c4cccc(C)c4-c4ccc(C(F)(F)F)cc4)cc3C2)CC1,APOE,0,0,0,1,0,0,0,0,0,0,0,0,0,0,0,0
CHEMBL359025,CHEMBL238,7.5,1,CC(C)N[C@@H]1C[C@@H](c2ccc(Cl)c(Cl)c2)c2ccccc21,SLC6A3,0,0,0,0,0,0,0,0,0,0,0,0,0,0,0,1
CHEMBL359198,CHEMBL220,6.63,1,CCCCCCNC(=O)Oc1ccc2c(c1)[C@@]1(C)CCN(CC)[C@H]1C2,ACHE,0,1,0,0,0,0,0,0,0,0,0,0,0,0,0,0
CHEMBL359248,CHEMBL4549,8.19,1,Cc1cccc(C(=O)Nc2ccc3c(c2)CC(CNS(C)(=O)=O)C3)c1-c1ccc(C(F)(F)F)cc1,APOE,0,0,0,1,0,0,0,0,0,0,0,0,0,0,0,0
CHEMBL359428,CHEMBL4549,8.74,1,Cc1cccc(C(=O)Nc2ccc3c(c2)C[C@H](NS(C)(=O)=O)C3)c1-c1ccc(C(F)(F)F)cc1,APOE,0,0,0,1,0,0,0,0,0,0,0,0,0,0,0,0
CHEMBL360341,CHEMBL2487,4.61,0,CCOC(=O)N1CCC(c2ccccc2C)(S(=O)(=O)c2ccc(OC)cc2)CC1,APP,0,0,0,0,1,0,0,0,0,0,0,0,0,0,0,0
CHEMBL360740,CHEMBL2487,4.01,0,CCOC(=O)N1CCC(c2ccccc2)(S(=O)(=O)c2ccc(OC)cc2)CC1,APP,0,0,0,0,1,0,0,0,0,0,0,0,0,0,0,0
CHEMBL360907,CHEMBL1914,6.46,1,COC1C=C(O[Si](C)(C)C(C)(C)C)C[C@@H]2Oc3ccccc3C(=O)[C@]12C#N,BCHE,0,0,0,0,0,1,0,0,0,0,0,0,0,0,0,0
CHEMBL3609749,CHEMBL2473,7.51,1,COc1cc(-c2cn([C@H]3CCc4c(F)cccc4N(CC(F)(F)F)C3=O)nn2)ccc1-n1cnc(C)c1,PSEN1,0,0,0,0,0,0,0,0,0,0,0,0,0,1,0,0
CHEMBL361259,CHEMBL238,7.63,1,CSc1ccc([C@H]2CN3CCC[C@H]3c3ccccc32)cc1,SLC6A3,0,0,0,0,0,0,0,0,0,0,0,0,0,0,0,1
CHEMBL361409,CHEMBL1914,8.4,1,CCNC(=O)Oc1ccc2c(c1)[C@]1(C)CCN(C)C1N2C,BCHE,0,0,0,0,0,1,0,0,0,0,0,0,0,0,0,0
CHEMBL362444,CHEMBL1914,8.4,1,CNC(=O)Oc1ccc2c(c1)[C@]1(C)CCOC1N2C,BCHE,0,0,0,0,0,1,0,0,0,0,0,0,0,0,0,0
CHEMBL362704,CHEMBL1914,7.62,1,CCNC(=O)Oc1ccc2c(c1)C1(C)COC(C1)O2,BCHE,0,0,0,0,0,1,0,0,0,0,0,0,0,0,0,0
CHEMBL363391,CHEMBL1914,6.48,1,Nc1c2c(nc3cc(Cl)ccc13)CC(CNC(=O)CCCCC1CCSS1)CC2,BCHE,0,0,0,0,0,1,0,0,0,0,0,0,0,0,0,0
CHEMBL363510,CHEMBL238,6.66,1,COC(=O)C1=C(c2ccc(F)cc2)CC2CCC1S2,SLC6A3,0,0,0,0,0,0,0,0,0,0,0,0,0,0,0,1
CHEMBL363557,CHEMBL1914,7.52,1,CCNC(=O)Oc1cccc2c1CCC1CCN(C)C21,BCHE,0,0,0,0,0,1,0,0,0,0,0,0,0,0,0,0
CHEMBL364146,CHEMBL238,8.17,1,COC(=O)C1=C(c2ccc(I)cc2)CC2CCC1S2,SLC6A3,0,0,0,0,0,0,0,0,0,0,0,0,0,0,0,1
CHEMBL364545,CHEMBL1914,4.4,0,CNC(=O)Oc1cccc(CN(C)CCCCCCCOc2ccc3c(c2)O/C(=C\c2cccc4ccccc24)C3=O)c1,BCHE,0,0,0,0,0,1,0,0,0,0,0,0,0,0,0,0
CHEMBL36503,CHEMBL1808,7.44,1,NCCCC[C@H](OP(=O)(O)CCCCc1ccccc1)C(=O)N1CCC[C@H]1C(=O)O,ACE,1,0,0,0,0,0,0,0,0,0,0,0,0,0,0,0
CHEMBL365092,CHEMBL238,8.1,1,COC(=O)C1=C(c2ccc3ccccc3c2)CC2CCC1S2,SLC6A3,0,0,0,0,0,0,0,0,0,0,0,0,0,0,0,1
CHEMBL365136,CHEMBL1914,4.07,0,CNC(=O)Oc1cccc(CN(C)CCCCCCCOc2ccc3c(c2)CC/C(=C\c2cc(OC)c(OC)c(OC)c2)C3=O)c1,BCHE,0,0,0,0,0,1,0,0,0,0,0,0,0,0,0,0
CHEMBL365261,CHEMBL5028,4.98,0,CC(NC(=O)/C(=C\c1ccco1)NC(=O)c1ccco1)C(=O)O,ADAM10,0,0,1,0,0,0,0,0,0,0,0,0,0,0,0,0
CHEMBL365649,CHEMBL238,8.3,1,CN1C2CCC1C(C(=O)OCCCF)C(c1ccc(Br)cc1)C2,SLC6A3,0,0,0,0,0,0,0,0,0,0,0,0,0,0,0,1
CHEMBL365678,CHEMBL1914,4.13,0,CCC(=O)Oc1cccc(CN(C)CCCCCCCOc2ccc3c(c2)O/C(=C\c2ccc4ccccc4c2)C3=O)c1,BCHE,0,0,0,0,0,1,0,0,0,0,0,0,0,0,0,0
CHEMBL366411,CHEMBL1914,6.57,1,COC1C=CC[C@@H]2Oc3ccc(Cl)cc3C(=O)[C@]12C#N,BCHE,0,0,0,0,0,1,0,0,0,0,0,0,0,0,0,0
CHEMBL366455,CHEMBL1808,7.55,1,O=C(CCC(=O)C(Cc1ccccc1)NC(=O)c1ccccc1)N[C@H](Cc1ccccc1)C(=O)O,ACE,1,0,0,0,0,0,0,0,0,0,0,0,0,0,0,0
CHEMBL366503,CHEMBL1808,6.18,1,C[C@H](OCc1ccccc1)[C@H](NCP(=O)(O)O)C(=O)N[C@@H](Cc1ccc(-c2ccccc2)cc1)C(=O)O,ACE,1,0,0,0,0,0,0,0,0,0,0,0,0,0,0,0
CHEMBL366937,CHEMBL1808,4.96,0,CC(S)C(Cc1ccccc1)C(=O)NCC(=O)O,ACE,1,0,0,0,0,0,0,0,0,0,0,0,0,0,0,0
CHEMBL367315,CHEMBL1808,4.87,0,O=c1cc(N2CCOCC2)oc2ccccc12,ACE,1,0,0,0,0,0,0,0,0,0,0,0,0,0,0,0
CHEMBL367795,CHEMBL1914,8.7,1,CCNC(=O)Oc1ccc2c(c1)[C@]1(C)CCOC1N2C,BCHE,0,0,0,0,0,1,0,0,0,0,0,0,0,0,0,0
CHEMBL368075,CHEMBL1914,6.78,1,CCCOc1ccccc1CN(CC)CCCCCC(=O)N(C)CCCCCCCCN(C)C(=O)CCCCCN(CC)Cc1ccccc1OCCC,BCHE,0,0,0,0,0,1,0,0,0,0,0,0,0,0,0,0
CHEMBL368075,CHEMBL220,7.47,1,CCCOc1ccccc1CN(CC)CCCCCC(=O)N(C)CCCCCCCCN(C)C(=O)CCCCCN(CC)Cc1ccccc1OCCC,ACHE,0,1,0,0,0,0,0,0,0,0,0,0,0,0,0,0
CHEMBL368196,CHEMBL220,7.38,1,Nc1c2c(nc3cccc(Cl)c13)C1CCC2C1,ACHE,0,1,0,0,0,0,0,0,0,0,0,0,0,0,0,0
CHEMBL368640,CHEMBL1808,6.82,1,NC(=O)[C@@H]1CCCN1C(=O)CCC(=O)C(Cc1ccccc1)NC(=O)c1ccccc1,ACE,1,0,0,0,0,0,0,0,0,0,0,0,0,0,0,0
CHEMBL368784,CHEMBL1808,7.7,1,O=C(CCC(=O)N1CCC[C@H]1C(=O)O)C(Cc1ccccc1)NC(=O)C1CCCO1,ACE,1,0,0,0,0,0,0,0,0,0,0,0,0,0,0,0
CHEMBL369554,CHEMBL1914,8.22,1,CCNC(=O)Oc1ccc2c(c1)C1(C)CCOC1O2,BCHE,0,0,0,0,0,1,0,0,0,0,0,0,0,0,0,0
CHEMBL369590,CHEMBL1808,6.75,1,O=C(CCC(=O)C(Cc1ccccc1)NC(=O)c1ccccc1)NC(Cc1ccccc1)C(=O)OCc1ccccc1,ACE,1,0,0,0,0,0,0,0,0,0,0,0,0,0,0,0
CHEMBL369661,CHEMBL220,7.16,1,Nc1c2c(nc3c(Cl)cccc13)CCCC2,ACHE,0,1,0,0,0,0,0,0,0,0,0,0,0,0,0,0
CHEMBL3704903,CHEMBL5028,6.03,1,CC#CCOc1ccc(C(=O)NC[C@@H](C(=O)NO)N2CCN(S(C)(=O)=O)CC2)cc1,ADAM10,0,0,1,0,0,0,0,0,0,0,0,0,0,0,0,0
CHEMBL370805,CHEMBL238,7.5,1,COC(=O)[C@H]1[C@@H](OC(=O)c2ccccc2)C[C@@H]2CC[C@H]1N2C,SLC6A3,0,0,0,0,0,0,0,0,0,0,0,0,0,0,0,1
CHEMBL370807,CHEMBL1914,9.0,1,O=C(CCCCCNc1c2c(nc3ccccc13)CCCC2)NCCc1c[nH]c2ccc(O)cc12,BCHE,0,0,0,0,0,1,0,0,0,0,0,0,0,0,0,0
CHEMBL370961,CHEMBL1914,4.24,0,CNC(=O)Oc1cccc(CN(C)CCCCCCCOc2ccc3c(c2)O/C(=C\c2ccccc2)C3=O)c1,BCHE,0,0,0,0,0,1,0,0,0,0,0,0,0,0,0,0
CHEMBL371066,CHEMBL2487,7.23,1,CN(C)c1ccc(/C=C/c2ccc(OCC3COC(C)(C)OC3)cc2)cc1,APP,0,0,0,0,1,0,0,0,0,0,0,0,0,0,0,0
CHEMBL371787,CHEMBL1914,6.68,1,CC(NC(=O)Oc1cccc2c1OCC1CCN(C)C21)c1ccccc1,BCHE,0,0,0,0,0,1,0,0,0,0,0,0,0,0,0,0
CHEMBL372202,CHEMBL1914,7.6,1,COc1ccc2[nH]cc(CCNC(=O)CCCCCCNc3c4c(nc5cc(Cl)cc(Cl)c35)CCCC4)c2c1,BCHE,0,0,0,0,0,1,0,0,0,0,0,0,0,0,0,0
CHEMBL372307,CHEMBL1808,8.3,1,O=C(N[C@H]1CCCSC2CCC[C@@H](C(=O)O)N21)[C@@H](S)Cc1ccccc1,ACE,1,0,0,0,0,0,0,0,0,0,0,0,0,0,0,0
CHEMBL37262,CHEMBL238,6.71,1,COC(=O)[C@H](c1ccc(Cl)c(Cl)c1)[C@@H]1CCCCO1,SLC6A3,0,0,0,0,0,0,0,0,0,0,0,0,0,0,0,1
CHEMBL372710,CHEMBL1914,4.02,0,CNC(=O)Oc1cccc(CN(C)CCCCCCCOc2ccc3c(c2)O/C(=C\c2ccc(Cl)c(Cl)c2)C3=O)c1,BCHE,0,0,0,0,0,1,0,0,0,0,0,0,0,0,0,0
CHEMBL372751,CHEMBL2487,4.34,0,CC1(C)CCC(c2ccc(-c3ccc(C4(C(=O)O)CC4)cc3F)cc2)CC1,APP,0,0,0,0,1,0,0,0,0,0,0,0,0,0,0,0
CHEMBL372846,CHEMBL2487,4.47,0,O=C(O)C1(c2ccc(-c3ccc(-c4ccc(O)cc4)c(F)c3)c(F)c2)CC1,APP,0,0,0,0,1,0,0,0,0,0,0,0,0,0,0,0
CHEMBL373236,CHEMBL2487,8.3,1,CNc1ccc(/C=C/c2ccc(OCC(CO)CF)cc2)cc1,APP,0,0,0,0,1,0,0,0,0,0,0,0,0,0,0,0
CHEMBL3735173,CHEMBL1904,8.12,1,O=[N+]([O-])c1ccc2c(c1)CCC(NCc1ccccc1)CC2,GRIN2B,0,0,0,0,0,0,0,0,0,1,0,0,0,0,0,0
CHEMBL373532,CHEMBL5028,7.48,1,O=C(NO)[C@H]1CC2(CC2)CN[C@@H]1C(=O)N1CC=C(c2ccccc2)CC1,ADAM10,0,0,1,0,0,0,0,0,0,0,0,0,0,0,0,0
CHEMBL373537,CHEMBL1914,6.1,1,Cc1cn([C@H]2C=C[C@@H](COP3(=O)OCc4cccc(-c5cccc(CO)c5O)c4O3)O2)c(=O)[nH]c1=O,BCHE,0,0,0,0,0,1,0,0,0,0,0,0,0,0,0,0
CHEMBL373548,CHEMBL2487,6.97,1,Nc1ccc(C#Cc2ccc(O)cc2)cc1,APP,0,0,0,0,1,0,0,0,0,0,0,0,0,0,0,0
CHEMBL3735485,CHEMBL1904,8.48,1,O=[N+]([O-])c1ccc2c(c1)CCC(NCCc1ccccc1)CC2,GRIN2B,0,0,0,0,0,0,0,0,0,1,0,0,0,0,0,0
CHEMBL3735947,CHEMBL1904,8.8,1,O=[N+]([O-])c1ccc2c(c1)CCC(NCCCc1ccccc1)CC2,GRIN2B,0,0,0,0,0,0,0,0,0,1,0,0,0,0,0,0
CHEMBL3736502,CHEMBL1904,8.42,1,O=[N+]([O-])c1ccc2c(c1)CCC(NCCCCc1ccccc1)CC2,GRIN2B,0,0,0,0,0,0,0,0,0,1,0,0,0,0,0,0
CHEMBL373651,CHEMBL1914,4.49,0,Cn1c2ccc(O)cc2c2cc[n+](C)cc21,BCHE,0,0,0,0,0,1,0,0,0,0,0,0,0,0,0,0
CHEMBL373663,CHEMBL2487,7.92,1,Nc1ccc(C#Cc2ccc(OCCOCCF)cc2)cc1,APP,0,0,0,0,1,0,0,0,0,0,0,0,0,0,0,0
CHEMBL373853,CHEMBL5028,6.89,1,Cc1cc([N+](=O)[O-])ccc1C1=CCN(C(=O)[C@H]2NCC3(CC3)C[C@@H]2C(=O)NO)CC1,ADAM10,0,0,1,0,0,0,0,0,0,0,0,0,0,0,0,0
CHEMBL374865,CHEMBL1904,6.82,1,O=C(OCc1cccc(F)c1)N1CCC(CNc2ncccn2)CC1,GRIN2B,0,0,0,0,0,0,0,0,0,1,0,0,0,0,0,0
CHEMBL374981,CHEMBL1914,8.86,1,COc1cc(C(=O)NCCCCCCCCC(=O)NNc2c3c(cc4ccccc24)CCCC3)cc(OC)c1OC,BCHE,0,0,0,0,0,1,0,0,0,0,0,0,0,0,0,0
CHEMBL375077,CHEMBL1914,4.76,0,COc1ccc2c(c1)c1ccnc(C)c1n2C,BCHE,0,0,0,0,0,1,0,0,0,0,0,0,0,0,0,0
CHEMBL375126,CHEMBL1914,4.9,0,O=C1C(=O)N(Cc2ccc(Cl)c(Cl)c2)c2ccccc21,BCHE,0,0,0,0,0,1,0,0,0,0,0,0,0,0,0,0
CHEMBL3752910,CHEMBL6067090,6.26,1,Cc1ccc(C(=O)Nc2cccc(C(F)(F)F)c2)cc1Nc1nc(-c2cccnc2)nc2c1cnn2C,CDK5,0,0,0,0,0,0,1,0,0,0,0,0,0,0,0,0
CHEMBL375304,CHEMBL1914,4.68,0,Cc1cccc(NC(=O)CN2C(=O)C(=O)c3ccccc32)c1,BCHE,0,0,0,0,0,1,0,0,0,0,0,0,0,0,0,0
CHEMBL375418,CHEMBL5028,7.64,1,O=C(NO)[C@H]1CC2(CC2)CN[C@@H]1C(=O)N1CC=C(c2ccccc2)C1,ADAM10,0,0,1,0,0,0,0,0,0,0,0,0,0,0,0,0
CHEMBL375767,CHEMBL1914,6.11,1,Cc1cn([C@H]2C=C[C@@H](COP3(=O)OCc4ccccc4O3)O2)c(=O)[nH]c1=O,BCHE,0,0,0,0,0,1,0,0,0,0,0,0,0,0,0,0
CHEMBL375934,CHEMBL2487,7.88,1,CN(C)c1ccc(-c2cc(=O)c3cc(I)ccc3o2)cc1,APP,0,0,0,0,1,0,0,0,0,0,0,0,0,0,0,0
CHEMBL375976,CHEMBL1914,4.2,0,CN(CCCCCCCOc1ccc2c(=O)c3ccccc3oc2c1)Cc1cccc(Cl)c1,BCHE,0,0,0,0,0,1,0,0,0,0,0,0,0,0,0,0
CHEMBL376095,CHEMBL1914,4.4,0,Cc1cn([C@H]2C=C[C@@H](COP3(=O)OCc4cccc(-c5cccc6c5OP(=O)(OC[C@@H]5C=C[C@H](n7cc(C)c(=O)[nH]c7=O)O5)OC6)c4O3)O2)c(=O)[nH]c1=O,BCHE,0,0,0,0,0,1,0,0,0,0,0,0,0,0,0,0
CHEMBL376186,CHEMBL1914,6.03,1,COc1ccccc1CN(C)CCCCCCCOc1ccc2c(=O)c3ccccc3oc2c1,BCHE,0,0,0,0,0,1,0,0,0,0,0,0,0,0,0,0
CHEMBL376291,CHEMBL1914,4.66,0,O=C1C(=O)N(Cc2ccc(Cl)cc2)c2ccccc21,BCHE,0,0,0,0,0,1,0,0,0,0,0,0,0,0,0,0
CHEMBL376434,CHEMBL1914,4.76,0,COc1ccc2[nH]c3c[n+](C)ccc3c2c1,BCHE,0,0,0,0,0,1,0,0,0,0,0,0,0,0,0,0
CHEMBL3770688,CHEMBL5028,5.0,0,Cc1cc(C#N)ccc1N1CCN(S(=O)(=O)N[C@H](CCCNC(=O)OCc2ccccc2)C(=O)NO)CC1,ADAM10,0,0,1,0,0,0,0,0,0,0,0,0,0,0,0,0
CHEMBL3770935,CHEMBL5028,5.0,0,Cc1cc(C#N)ccc1N1CCN(S(=O)(=O)N2CSC[C@@H]2C(=O)NO)CC1,ADAM10,0,0,1,0,0,0,0,0,0,0,0,0,0,0,0,0
CHEMBL377279,CHEMBL2487,8.12,1,CN(C)c1ccc(-c2ccc(-c3ccc(O)cc3)s2)cc1,APP,0,0,0,0,1,0,0,0,0,0,0,0,0,0,0,0
CHEMBL377283,CHEMBL1914,7.55,1,CCNC(=O)Oc1ccc2c(c1)[C@@]1(C)CCO[C@H]1O2,BCHE,0,0,0,0,0,1,0,0,0,0,0,0,0,0,0,0
CHEMBL378404,CHEMBL1914,4.28,0,Cc1ccccc1NC(=O)Oc1ccc2c(c1)[C@@]1(C)CO[C@H](C1)O2,BCHE,0,0,0,0,0,1,0,0,0,0,0,0,0,0,0,0
CHEMBL378797,CHEMBL2487,6.97,1,COc1ccc(-c2ccc(-c3ccc(OC)cc3)s2)cc1,APP,0,0,0,0,1,0,0,0,0,0,0,0,0,0,0,0
CHEMBL378864,CHEMBL1808,5.0,0,CN[C@@H](Cc1c[nH]c2ccccc12)C(=O)N[C@@H](CCCN)C(=O)N1CCC[C@H]1C(=O)O,ACE,1,0,0,0,0,0,0,0,0,0,0,0,0,0,0,0
CHEMBL37918,CHEMBL238,6.13,1,COC(=O)[C@@H](c1ccc(Cl)c(Cl)c1)[C@H]1CCCCO1,SLC6A3,0,0,0,0,0,0,0,0,0,0,0,0,0,0,0,1
CHEMBL3797704,CHEMBL1904,6.16,1,Cn1c(=O)n(C)c2cc3c(cc21)CCCC(NCCCc1ccccc1)C3,GRIN2B,0,0,0,0,0,0,0,0,0,1,0,0,0,0,0,0
CHEMBL3799213,CHEMBL1972,7.68,1,N#C[C@@H]1C[C@H]1c1c(C(F)(F)F)sc2nc(Cn3nc(C(F)(F)F)cc3Cl)cc(=O)n12,GRIN2A,0,0,0,0,0,0,0,0,1,0,0,0,0,0,0,0
CHEMBL380476,CHEMBL2487,7.94,1,Nc1ccc(-c2cc3cc(O)ccc3o2)cc1,APP,0,0,0,0,1,0,0,0,0,0,0,0,0,0,0,0
CHEMBL380778,CHEMBL2487,4.39,0,CC(C(=O)O)c1ccc(-c2ccc(OC3CCCCC3)cc2)c(F)c1,APP,0,0,0,0,1,0,0,0,0,0,0,0,0,0,0,0
CHEMBL380830,CHEMBL1914,7.64,1,CCNC(=O)Oc1ccc2c(c1)[C@@]1(C)CO[C@H](C1)O2,BCHE,0,0,0,0,0,1,0,0,0,0,0,0,0,0,0,0
CHEMBL381499,CHEMBL1914,7.46,1,O=C(CCCCCCNc1c2c(nc3cc(Cl)ccc13)CCCC2)NCCc1c[nH]c2ccccc12,BCHE,0,0,0,0,0,1,0,0,0,0,0,0,0,0,0,0
CHEMBL381642,CHEMBL2487,8.92,1,CNc1ccc(/C=C/c2ccc(O)cc2)cc1,APP,0,0,0,0,1,0,0,0,0,0,0,0,0,0,0,0
CHEMBL381708,CHEMBL2487,6.75,1,CN(C)c1ccc(-c2cn3cc(CCF)ccc3n2)cc1,APP,0,0,0,0,1,0,0,0,0,0,0,0,0,0,0,0
CHEMBL381731,CHEMBL2487,6.82,1,Oc1ccc(/C=C/C=C/C=C/c2ccc(O)cc2)cc1,APP,0,0,0,0,1,0,0,0,0,0,0,0,0,0,0,0
CHEMBL381926,CHEMBL1914,8.7,1,CCNC(=O)Oc1ccc2c(c1)[C@]1(C)CCO[C@@H]1N2C,BCHE,0,0,0,0,0,1,0,0,0,0,0,0,0,0,0,0
CHEMBL381991,CHEMBL2487,8.21,1,COc1ccc(-c2ccc(-c3ccc(O)cc3)s2)cc1,APP,0,0,0,0,1,0,0,0,0,0,0,0,0,0,0,0
CHEMBL382007,CHEMBL2487,8.21,1,Nc1ccc(-c2ccc(-c3ccc(N)cc3)s2)cc1,APP,0,0,0,0,1,0,0,0,0,0,0,0,0,0,0,0
CHEMBL382207,CHEMBL1914,7.77,1,CC(C)c1ccc(NC(=O)Oc2ccc3c(c2)[C@]2(C)CCO[C@@H]2N3C)cc1,BCHE,0,0,0,0,0,1,0,0,0,0,0,0,0,0,0,0
CHEMBL382260,CHEMBL1914,8.52,1,COc1ccc2[nH]cc(CCNC(=O)CCCCCCNc3c4c(nc5ccccc35)CCCC4)c2c1,BCHE,0,0,0,0,0,1,0,0,0,0,0,0,0,0,0,0
CHEMBL382407,CHEMBL2487,7.32,1,CN(C)c1ccc(-c2cn3cc(CCCF)ccc3n2)cc1,APP,0,0,0,0,1,0,0,0,0,0,0,0,0,0,0,0
CHEMBL382423,CHEMBL1914,7.51,1,C/C=C1\C2C=C(C)C[C@]1(N)CC(NCCCCCCCNc1c3c(nc4ccccc14)CCCC3)C2,BCHE,0,0,0,0,0,1,0,0,0,0,0,0,0,0,0,0
CHEMBL382880,CHEMBL2487,7.54,1,CCC[C@H](C(N)=O)[C@@H](CC(C)C)C(=O)N[C@H]1CCCCN(Cc2cccc(Nc3ccccc3Cl)c2)C1=O,APP,0,0,0,0,1,0,0,0,0,0,0,0,0,0,0,0
CHEMBL383116,CHEMBL2487,7.92,1,COc1ccc2oc(-c3ccc(N(C)C)cc3)cc2c1,APP,0,0,0,0,1,0,0,0,0,0,0,0,0,0,0,0
CHEMBL383507,CHEMBL1808,6.22,1,NCCC[C@H](NC(=O)[C@@H](N)Cc1ccsc1)C(=O)N1CCC[C@H]1C(=O)O,ACE,1,0,0,0,0,0,0,0,0,0,0,0,0,0,0,0
CHEMBL384465,CHEMBL2487,10.15,1,COc1cc(/C=C/C(O)=C/C(=O)/C=C/c2ccc(OCCCF)c(OC)c2)ccc1O,APP,0,0,0,0,1,0,0,0,0,0,0,0,0,0,0,0
CHEMBL384886,CHEMBL1914,9.65,1,COc1cc(CCC(=O)NCCCC(=O)NNc2c3c(nc4ccccc24)CCCC3)cc(OC)c1OC,BCHE,0,0,0,0,0,1,0,0,0,0,0,0,0,0,0,0
CHEMBL385269,CHEMBL1914,7.56,1,COc1cc(C(=O)NCC(=O)NNc2c3c(nc4ccccc24)CCCC3)cc(OC)c1OC,BCHE,0,0,0,0,0,1,0,0,0,0,0,0,0,0,0,0
CHEMBL385778,CHEMBL1914,4.68,0,COc1ccc2c(c1)c1cc[n+](C)cc1n2C,BCHE,0,0,0,0,0,1,0,0,0,0,0,0,0,0,0,0
CHEMBL386032,CHEMBL1808,4.47,0,CC(C)(C)OC(=O)N[C@@H](Cc1ccccc1)C(=O)CCC(=O)N1CCC[C@H]1C(=O)O,ACE,1,0,0,0,0,0,0,0,0,0,0,0,0,0,0,0
CHEMBL38613,CHEMBL1808,8.4,1,O=C(O)CN1C(=O)[C@@H](N[C@@H](CSc2ccccc2)C(=O)O)CCc2ccccc21,ACE,1,0,0,0,0,0,0,0,0,0,0,0,0,0,0,0
CHEMBL386184,CHEMBL1904,8.11,1,CC(C)c1ccc(COC(=O)N2CCC(CNc3ncccn3)CC2)cc1,GRIN2B,0,0,0,0,0,0,0,0,0,1,0,0,0,0,0,0
CHEMBL386737,CHEMBL2487,6.08,1,COc1cc(/C=C/C(C)=O)ccc1OCCCF,APP,0,0,0,0,1,0,0,0,0,0,0,0,0,0,0,0
CHEMBL387202,CHEMBL5028,6.51,1,CN1CC2(CC2)C[C@H](C(=O)NO)[C@H]1C(=O)N1CCN(c2ccccc2)CC1,ADAM10,0,0,1,0,0,0,0,0,0,0,0,0,0,0,0,0
CHEMBL387276,CHEMBL2487,6.63,1,COc1cc(/C=C/C(C)=O)ccc1OCCF,APP,0,0,0,0,1,0,0,0,0,0,0,0,0,0,0,0
CHEMBL387849,CHEMBL1914,6.0,1,COc1ccc(CN(C)CCCCCCCOc2ccc3c(=O)c4ccccc4oc3c2)c(OC)c1OC,BCHE,0,0,0,0,0,1,0,0,0,0,0,0,0,0,0,0
CHEMBL387998,CHEMBL2487,6.75,1,CN(C)c1ccc(-c2cn3cc(O)ccc3n2)cc1,APP,0,0,0,0,1,0,0,0,0,0,0,0,0,0,0,0
CHEMBL388460,CHEMBL2487,8.08,1,COc1ccc(CSc2ccc3nc(-c4ccc(N(C)C)cc4)cn3c2)cc1,APP,0,0,0,0,1,0,0,0,0,0,0,0,0,0,0,0
CHEMBL388545,CHEMBL238,7.85,1,COC(=O)[C@@H]1C2CCC(C2)C[C@@H]1c1ccc(Cl)c(Cl)c1,SLC6A3,0,0,0,0,0,0,0,0,0,0,0,0,0,0,0,1
CHEMBL388551,CHEMBL1914,7.67,1,CN(CCCNC(=O)CCc1c[nH]c2ccccc12)CCCNc1c2c(nc3cc(Cl)ccc13)CCCC2,BCHE,0,0,0,0,0,1,0,0,0,0,0,0,0,0,0,0
CHEMBL388575,CHEMBL1914,8.02,1,O=C(NCCCCCNc1c2c(nc3cc(Cl)ccc13)CCCC2)c1c[nH]c2ccccc12,BCHE,0,0,0,0,0,1,0,0,0,0,0,0,0,0,0,0
CHEMBL388615,CHEMBL1914,7.1,1,O=C(NCCCCCCCNc1c2c(nc3cc(Cl)ccc13)CCCC2)c1n[nH]c2ccccc12,BCHE,0,0,0,0,0,1,0,0,0,0,0,0,0,0,0,0
CHEMBL388627,CHEMBL1914,7.72,1,O=C(NCCCCCCCNc1c2c(nc3cc(Cl)ccc13)CCCC2)c1c[nH]c2ccccc12,BCHE,0,0,0,0,0,1,0,0,0,0,0,0,0,0,0,0
CHEMBL388844,CHEMBL2487,7.14,1,O=c1cc(-c2ccc(O)cc2)oc2ccc(I)cc12,APP,0,0,0,0,1,0,0,0,0,0,0,0,0,0,0,0
CHEMBL3889603,CHEMBL2473,6.95,1,Cc1cn(-c2ccc3n(c2=O)CCN([C@@H]2CC[C@H]2Oc2cccc4ccc(F)cc24)C3=O)cn1,PSEN1,0,0,0,0,0,0,0,0,0,0,0,0,0,1,0,0
CHEMBL3890183,CHEMBL2473,7.42,1,Cc1cn(-c2ccc3n(c2=O)CCN(C[C@@H]2C[C@H](C)[C@H](c4ccc(C(F)(F)F)cc4)O2)C3=O)cn1,PSEN1,0,0,0,0,0,0,0,0,0,0,0,0,0,1,0,0
CHEMBL389047,CHEMBL1914,4.87,0,O=C(Nc1ccc(Cl)cc1)OCCCCN1CCC(OC(c2ccccc2)c2ccccc2)CC1,BCHE,0,0,0,0,0,1,0,0,0,0,0,0,0,0,0,0
CHEMBL3890783,CHEMBL2473,8.24,1,Cc1cn(-c2ccc3n(c2=O)CCN([C@@H](C)[C@@H]2CC[C@H](c4cc(F)c(Cl)c(Cl)c4)O2)C3=O)cn1,PSEN1,0,0,0,0,0,0,0,0,0,0,0,0,0,1,0,0
CHEMBL3890892,CHEMBL2473,6.85,1,Cc1cn(-c2ccc3n(c2=O)CCN([C@@H]2CCC[C@@H]2Oc2ccc(F)cc2C(F)(F)F)C3=O)cn1,PSEN1,0,0,0,0,0,0,0,0,0,0,0,0,0,1,0,0
CHEMBL389192,CHEMBL1914,8.24,1,O=C(CCc1c[nH]c2ccccc12)NCCCCCCCCNc1c2c(nc3cc(Cl)ccc13)CCCC2,BCHE,0,0,0,0,0,1,0,0,0,0,0,0,0,0,0,0
CHEMBL3892956,CHEMBL1904,7.62,1,Cc1ccc(CN2CC[C@@H](N3CC[C@@H](c4ccc(O)cc4)[C@H](F)C3)C2=O)cc1,GRIN2B,0,0,0,0,0,0,0,0,0,1,0,0,0,0,0,0
CHEMBL3893460,CHEMBL2473,8.26,1,Cc1cn(-c2ccc3n(c2=O)CCN([C@@H](C)[C@@H]2CC[C@H](c4cc(F)c(Cl)c(F)c4)O2)C3=O)cn1,PSEN1,0,0,0,0,0,0,0,0,0,0,0,0,0,1,0,0
CHEMBL389549,CHEMBL2487,6.55,1,O=C(NCCCn1ccnc1)OCCC1CCc2ccccc2N1S(=O)(=O)c1ccc(Cl)cc1,APP,0,0,0,0,1,0,0,0,0,0,0,0,0,0,0,0
CHEMBL3896372,CHEMBL2473,7.22,1,Cc1cn(-c2ccc3n(c2=O)CCN([C@@H]2CC[C@H]2Oc2cccc4cc(F)c(F)cc24)C3=O)cn1,PSEN1,0,0,0,0,0,0,0,0,0,0,0,0,0,1,0,0
CHEMBL389671,CHEMBL2487,8.42,1,CN(C)c1ccc(C#Cc2ccc(OCCOCCO)cc2)cc1,APP,0,0,0,0,1,0,0,0,0,0,0,0,0,0,0,0
CHEMBL3897632,CHEMBL1904,6.64,1,FC(F)Oc1cc(-c2cnn(Cc3cc[nH]n3)c2)ccc1Cl,GRIN2B,0,0,0,0,0,0,0,0,0,1,0,0,0,0,0,0
CHEMBL389825,CHEMBL1914,4.28,0,COc1ccccc1CN(C)Cc1ccc(-c2cc3cc(OC)c(OC)cc3oc2=O)cc1,BCHE,0,0,0,0,0,1,0,0,0,0,0,0,0,0,0,0
CHEMBL3898549,CHEMBL2473,6.8,1,Cc1cn(-c2ccc3n(c2=O)CCN(C[C@H]2CC[C@@H](c4ccc(C(F)(F)C(F)(F)F)cc4)O2)C3=O)cn1,PSEN1,0,0,0,0,0,0,0,0,0,0,0,0,0,1,0,0
CHEMBL3899746,CHEMBL2473,6.52,1,Cc1cn(-c2ccc3n(c2=O)CCN([C@@H]2CCC[C@H]2Oc2ccccc2C(F)(F)F)C3=O)cn1,PSEN1,0,0,0,0,0,0,0,0,0,0,0,0,0,1,0,0
CHEMBL3900856,CHEMBL2473,7.1,1,Cc1cn(-c2ccc3n(c2=O)CCN(C[C@@H]2CCC[C@H](c4ccc(Cl)cc4)C2)C3=O)cn1,PSEN1,0,0,0,0,0,0,0,0,0,0,0,0,0,1,0,0
CHEMBL3902117,CHEMBL2473,7.52,1,Cc1cn(-c2ccc3n(c2=O)CCN(C[C@H]2CCC[C@H](c4ccc(C(F)(F)F)cc4)O2)C3=O)cn1,PSEN1,0,0,0,0,0,0,0,0,0,0,0,0,0,1,0,0
CHEMBL3905374,CHEMBL2473,6.79,1,Cc1cn(-c2ccc3n(c2=O)CCN([C@@H]2CC[C@H]2Oc2cccc4ccccc24)C3=O)cn1,PSEN1,0,0,0,0,0,0,0,0,0,0,0,0,0,1,0,0
CHEMBL390561,CHEMBL2487,8.44,1,CN(C)c1ccc(/C=C/c2cnc(OCCO)c(Br)c2)cc1,APP,0,0,0,0,1,0,0,0,0,0,0,0,0,0,0,0
CHEMBL390598,CHEMBL1914,7.0,1,CN(CCCCCCCCCCOc1ccc2c(=O)c3ccccc3oc2c1)Cc1ccccc1,BCHE,0,0,0,0,0,1,0,0,0,0,0,0,0,0,0,0
CHEMBL3906008,CHEMBL2473,7.88,1,Cc1cn(-c2ccc3n(c2=O)CCN(C[C@@H]2CC[C@H](c4cc(F)c(Cl)c(F)c4)O2)C3=O)cn1,PSEN1,0,0,0,0,0,0,0,0,0,0,0,0,0,1,0,0
CHEMBL3906428,CHEMBL2473,7.6,1,Cc1cn(-c2ccc3n(c2=O)CCN(C[C@H]2O[C@@H](c4ccc(C(F)(F)F)cc4)C[C@@H]2C)C3=O)cn1,PSEN1,0,0,0,0,0,0,0,0,0,0,0,0,0,1,0,0
CHEMBL390809,CHEMBL1914,4.57,0,O=C(OCCCCN1CCC(OC(c2ccccc2)c2ccccc2)CC1)c1ccc([N+](=O)[O-])cc1,BCHE,0,0,0,0,0,1,0,0,0,0,0,0,0,0,0,0
CHEMBL390889,CHEMBL2487,6.72,1,O=C(NC1CCN(Cc2ccccc2)CC1)OCCCC1CCc2ccccc2N1S(=O)(=O)c1ccc(Cl)cc1,APP,0,0,0,0,1,0,0,0,0,0,0,0,0,0,0,0
CHEMBL3908938,CHEMBL2473,7.54,1,Cc1cn(-c2ccc3n(c2=O)CCN([C@@H](C)[C@@H]2CC[C@H](c4ccc(C(F)(F)F)cc4Cl)O2)C3=O)cn1,PSEN1,0,0,0,0,0,0,0,0,0,0,0,0,0,1,0,0
CHEMBL3910627,CHEMBL2473,7.57,1,Cc1cn(-c2ccc3n(c2=O)CCN(C[C@@H]2CC[C@H](c4ccc(Cl)cc4C(F)(F)F)O2)C3=O)cn1,PSEN1,0,0,0,0,0,0,0,0,0,0,0,0,0,1,0,0
CHEMBL3911070,CHEMBL2473,7.56,1,Cc1cn(-c2ccc3n(c2=O)CCN(C[C@@H]2CC[C@H](c4ccc(C(F)(F)F)cc4)O2)C3=O)cn1,PSEN1,0,0,0,0,0,0,0,0,0,0,0,0,0,1,0,0
CHEMBL391205,CHEMBL2487,6.1,1,COc1cc(/C=C/c2cccc(/C=C/c3ccc(N(C)C)c(OC)c3)n2)ccc1N(C)C,APP,0,0,0,0,1,0,0,0,0,0,0,0,0,0,0,0
CHEMBL3912132,CHEMBL2473,6.82,1,Cc1cn(-c2ccc3n(c2=O)CCN([C@@H]2CC[C@H]2Oc2cccc(F)c2C(C)C)C3=O)cn1,PSEN1,0,0,0,0,0,0,0,0,0,0,0,0,0,1,0,0
CHEMBL3913030,CHEMBL2473,7.13,1,Cc1cn(-c2ccc3n(c2=O)CCN(C[C@@H]2CC[C@H](c4ccccc4C(F)(F)F)O2)C3=O)cn1,PSEN1,0,0,0,0,0,0,0,0,0,0,0,0,0,1,0,0
CHEMBL3917064,CHEMBL2473,7.84,1,Cc1cn(-c2ccc3n(c2=O)CCN([C@@H](C)[C@@H]2CC[C@H](c4ccc(Cl)cc4OC(F)(F)F)O2)C3=O)cn1,PSEN1,0,0,0,0,0,0,0,0,0,0,0,0,0,1,0,0
CHEMBL3918666,CHEMBL2473,7.61,1,Cc1cn(-c2ccc3n(c2=O)CCN([C@@H](C)[C@@H]2CC[C@H](c4ccc(Cl)cc4OC(F)F)O2)C3=O)cn1,PSEN1,0,0,0,0,0,0,0,0,0,0,0,0,0,1,0,0
CHEMBL3918851,CHEMBL2473,7.47,1,Cc1cn(-c2ccc3n(c2=O)CCN([C@@H](C)[C@@H]2CC[C@H](c4cc(F)c(F)cc4C(F)(F)F)O2)C3=O)cn1,PSEN1,0,0,0,0,0,0,0,0,0,0,0,0,0,1,0,0
CHEMBL3918962,CHEMBL2473,6.32,1,Cc1cn(-c2ccc3n(c2=O)CCN(CC2CC(c4ccc(Cl)c(C(F)(F)F)c4)=NO2)C3=O)cn1,PSEN1,0,0,0,0,0,0,0,0,0,0,0,0,0,1,0,0
CHEMBL392059,CHEMBL2487,7.92,1,CC[C@@H]1CCC[C@H](C2(OC(=O)N3CCN(CCO)C[C@@H]3C)CC2)N1S(=O)(=O)c1ccc(Cl)cc1,APP,0,0,0,0,1,0,0,0,0,0,0,0,0,0,0,0
CHEMBL392060,CHEMBL2487,8.46,1,CC[C@@H]1CCC[C@H](C2(OC(=O)N3CC4CCC(C3)N4CCO)CC2)N1S(=O)(=O)c1ccc(Cl)cc1,APP,0,0,0,0,1,0,0,0,0,0,0,0,0,0,0,0
CHEMBL392068,CHEMBL2473,9.94,1,C[C@H](NC(=O)[C@@H](O)c1cc(F)cc(F)c1)C(=O)N[C@@H]1C(=O)N(C)c2ccccc2-c2ccccc21,PSEN1,0,0,0,0,0,0,0,0,0,0,0,0,0,1,0,0
CHEMBL392144,CHEMBL2487,8.49,1,CC[C@@H]1CCC[C@H](C2(OC(=O)N3CCC(O)(CC)CC3)CC2)N1S(=O)(=O)c1ccc(Cl)cc1,APP,0,0,0,0,1,0,0,0,0,0,0,0,0,0,0,0
CHEMBL39241,CHEMBL238,6.89,1,N#CC(c1ccc(Cl)c(Cl)c1)C1CCCC1,SLC6A3,0,0,0,0,0,0,0,0,0,0,0,0,0,0,0,1
CHEMBL3924102,CHEMBL2473,7.62,1,Cc1cn(-c2ccc3n(c2=O)CCN([C@@H](C)[C@@H]2CC[C@H](c4ccc(F)cc4C(F)(F)F)O2)C3=O)cn1,PSEN1,0,0,0,0,0,0,0,0,0,0,0,0,0,1,0,0
CHEMBL3925476,CHEMBL2473,7.8,1,Cc1cn(-c2ccc3n(c2=O)CCN(C[C@@H]2CC[C@H](c4ccc(C(F)(F)F)c(F)c4)O2)C3=O)cn1,PSEN1,0,0,0,0,0,0,0,0,0,0,0,0,0,1,0,0
CHEMBL3926551,CHEMBL2473,7.28,1,Cc1cn(-c2ccc3n(c2=O)CCN(C[C@@H]2CC[C@H](c4ccc(Cl)cc4)O2)C3=O)cn1,PSEN1,0,0,0,0,0,0,0,0,0,0,0,0,0,1,0,0
CHEMBL3927856,CHEMBL1904,6.46,1,FC(F)Oc1cc(-c2cnn(Cc3cn[nH]c3)c2)ccc1Cl,GRIN2B,0,0,0,0,0,0,0,0,0,1,0,0,0,0,0,0
CHEMBL392878,CHEMBL2487,6.22,1,COc1ccc(/C=C/c2cccc(/C=C/c3ccc(OC)c(N)c3)n2)cc1N,APP,0,0,0,0,1,0,0,0,0,0,0,0,0,0,0,0
CHEMBL3928795,CHEMBL2473,7.22,1,Cc1cn(-c2ccc3n(c2=O)CCN(C[C@@H]2CC[C@H](c4ccc(OC(F)(F)F)cc4)O2)C3=O)cn1,PSEN1,0,0,0,0,0,0,0,0,0,0,0,0,0,1,0,0
CHEMBL3929506,CHEMBL2473,8.0,1,Cc1cn(-c2ccc3n(c2=O)CCN([C@@H](C)[C@@H]2CC[C@H](c4ccc(Cl)c(F)c4C(F)(F)F)O2)C3=O)cn1,PSEN1,0,0,0,0,0,0,0,0,0,0,0,0,0,1,0,0
CHEMBL3930235,CHEMBL2473,6.37,1,Cc1cn(-c2ccc3n(c2=O)CCN(CC2CC(c4cccc(C(F)(F)F)c4Cl)=NO2)C3=O)cn1,PSEN1,0,0,0,0,0,0,0,0,0,0,0,0,0,1,0,0
CHEMBL3934015,CHEMBL2473,6.14,1,Cc1cn(-c2ccc3n(c2=O)CCN(C[C@H]2CC[C@@](C)(c4ccc(C(F)(F)F)cc4)O2)C3=O)cn1,PSEN1,0,0,0,0,0,0,0,0,0,0,0,0,0,1,0,0
CHEMBL3935477,CHEMBL2473,6.93,1,Cc1cn(-c2ccc3n(c2=O)CCN(CC2CCC(c4ccc(Cl)c(Cl)c4)O2)C3=O)cn1,PSEN1,0,0,0,0,0,0,0,0,0,0,0,0,0,1,0,0
CHEMBL3935522,CHEMBL2473,7.13,1,Cc1cn(-c2ccc3n(c2=O)CCN(C[C@@H]2CC[C@H](c4ccc(C(C)(F)F)cc4)O2)C3=O)cn1,PSEN1,0,0,0,0,0,0,0,0,0,0,0,0,0,1,0,0
CHEMBL3935655,CHEMBL2473,6.92,1,Cc1cn(-c2ccc3n(c2=O)CCN([C@@H]2CC[C@H]2Oc2ccc(Cl)cc2C(F)(F)F)C3=O)cn1,PSEN1,0,0,0,0,0,0,0,0,0,0,0,0,0,1,0,0
CHEMBL3935854,CHEMBL2473,7.01,1,Cc1cn(-c2ccc3n(c2=O)CCN(CC2CCCC(c4ccc(Cl)cc4)C2)C3=O)cn1,PSEN1,0,0,0,0,0,0,0,0,0,0,0,0,0,1,0,0
CHEMBL393670,CHEMBL1904,8.66,1,N=C1c2ccc(OC(F)(F)F)cc2CN1Cc1cccc2ccoc12,GRIN2B,0,0,0,0,0,0,0,0,0,1,0,0,0,0,0,0
CHEMBL3938538,CHEMBL2473,7.33,1,Cc1cn(-c2ccc3n(c2=O)C[C@@H](C)N(C[C@H]2CC[C@@H](c4ccc(C(F)(F)F)cc4)O2)C3=O)cn1,PSEN1,0,0,0,0,0,0,0,0,0,0,0,0,0,1,0,0
CHEMBL3939251,CHEMBL2473,6.73,1,Cc1cn(-c2ccc3n(c2=O)CCN(CC2CCCC2Oc2cccc(C(F)(F)F)c2)C3=O)cn1,PSEN1,0,0,0,0,0,0,0,0,0,0,0,0,0,1,0,0
CHEMBL393941,CHEMBL2487,7.92,1,CC(C)(CO)N1CCN(C(=O)OC2([C@H]3CCC[C@@H](C4CC4)N3S(=O)(=O)c3ccc(Cl)cc3)CC2)CC1,APP,0,0,0,0,1,0,0,0,0,0,0,0,0,0,0,0
CHEMBL394132,CHEMBL2487,8.05,1,CC[C@@H]1CCC[C@H](C2(OC(=O)N3CCC(CCO)(OC)CC3)CC2)N1S(=O)(=O)c1ccc(Cl)cc1,APP,0,0,0,0,1,0,0,0,0,0,0,0,0,0,0,0
CHEMBL3941322,CHEMBL2473,6.25,1,Cc1cn(-c2ccc3n(c2=O)CCN([C@@H]2CCC[C@@H]2Cc2cc(F)cc(F)c2)C3=O)cn1,PSEN1,0,0,0,0,0,0,0,0,0,0,0,0,0,1,0,0
CHEMBL3942982,CHEMBL2473,8.48,1,Cc1cn(-c2ccc3n(c2=O)CCN([C@@H](C)[C@@H]2CC[C@H](c4cc(F)c(C(F)(F)F)c(F)c4)O2)C3=O)cn1,PSEN1,0,0,0,0,0,0,0,0,0,0,0,0,0,1,0,0
CHEMBL3944609,CHEMBL2473,6.23,1,Cc1cn(-c2ccc3n(c2=O)CCN(C2CCCCC2Oc2ccc(Cl)cc2)C3=O)cn1,PSEN1,0,0,0,0,0,0,0,0,0,0,0,0,0,1,0,0
CHEMBL394523,CHEMBL2487,7.66,1,CNc1ccc(-c2nc3ccc(-c4nc5ccccc5s4)cc3s2)cc1,APP,0,0,0,0,1,0,0,0,0,0,0,0,0,0,0,0
CHEMBL394553,CHEMBL2487,7.62,1,CN(C)c1ccc(-c2cn3cc(Cl)ccc3n2)cc1,APP,0,0,0,0,1,0,0,0,0,0,0,0,0,0,0,0
CHEMBL3946187,CHEMBL2473,7.09,1,Cc1cn(-c2ccc3n(c2=O)CCN(C[C@@H]2CC[C@H](c4cccc(C(F)(F)F)c4)O2)C3=O)cn1,PSEN1,0,0,0,0,0,0,0,0,0,0,0,0,0,1,0,0
CHEMBL394626,CHEMBL2487,6.83,1,CN(C)c1ccc(-c2cn3cc(Cl)cnc3n2)cc1,APP,0,0,0,0,1,0,0,0,0,0,0,0,0,0,0,0
CHEMBL394713,CHEMBL2487,6.05,1,COc1ccc(/C=C/c2cccc(/C=C/c3ccc(OC)c(N(C)C)c3)n2)cc1N(C)C,APP,0,0,0,0,1,0,0,0,0,0,0,0,0,0,0,0
CHEMBL3948397,CHEMBL2473,7.96,1,Cc1cn(-c2ccc3n(c2=O)CCN([C@@H](C)[C@@H]2CC[C@H](c4ccc(C(F)(F)F)c(F)c4F)O2)C3=O)cn1,PSEN1,0,0,0,0,0,0,0,0,0,0,0,0,0,1,0,0
CHEMBL3949792,CHEMBL2473,7.13,1,Cc1cn(-c2ccc3n(c2=O)CCN(C[C@@H]2C[C@@H](C)[C@H](c4ccc(C(F)(F)F)cc4)O2)C3=O)cn1,PSEN1,0,0,0,0,0,0,0,0,0,0,0,0,0,1,0,0
CHEMBL3951810,CHEMBL2473,8.11,1,Cc1cn(-c2ccc3n(c2=O)CCN([C@@H](C)[C@@H]2CC[C@H](c4cc(F)c(Cl)cc4C(F)(F)F)O2)C3=O)cn1,PSEN1,0,0,0,0,0,0,0,0,0,0,0,0,0,1,0,0
CHEMBL395280,CHEMBL220,8.3,1,C/C=C1\[C@H]2C=C(C)C[C@]1(N)c1ccc(=O)[nH]c1C2,ACHE,0,1,0,0,0,0,0,0,0,0,0,0,0,0,0,0
CHEMBL395312,CHEMBL2487,6.44,1,O=C(OCCC1CCc2ccccc2N1S(=O)(=O)c1ccc(Cl)cc1)N1CCC(N2CCCCC2)CC1,APP,0,0,0,0,1,0,0,0,0,0,0,0,0,0,0,0
CHEMBL395313,CHEMBL2487,6.22,1,CN1CCCC1CCNC(=O)OC[C@H]1CC[C@@H](c2ccccc2)N1S(=O)(=O)c1ccc(Cl)cc1,APP,0,0,0,0,1,0,0,0,0,0,0,0,0,0,0,0
CHEMBL3953711,CHEMBL2473,7.2,1,Cc1cn(-c2ccc3n(c2=O)CCN(C[C@@H]2CC[C@H](c4ccc(C5CC5)cc4)O2)C3=O)cn1,PSEN1,0,0,0,0,0,0,0,0,0,0,0,0,0,1,0,0
CHEMBL39538,CHEMBL1808,8.92,1,C[C@H](NC(CCc1ccccc1)C(=O)O)C(=O)N1CCC[C@H]1C(=O)O,ACE,1,0,0,0,0,0,0,0,0,0,0,0,0,0,0,0
CHEMBL3954438,CHEMBL1904,6.43,1,Fc1ccc(-c2cnn(Cc3cc[nH]n3)c2)cc1OC(F)F,GRIN2B,0,0,0,0,0,0,0,0,0,1,0,0,0,0,0,0
CHEMBL3955146,CHEMBL2473,7.84,1,Cc1cn(-c2ccc3n(c2=O)CCN([C@@H](C)[C@@H]2CC[C@H](c4ccc(C(F)(F)F)cc4)O2)C3=O)cn1,PSEN1,0,0,0,0,0,0,0,0,0,0,0,0,0,1,0,0
CHEMBL3956668,CHEMBL2473,6.15,1,Cc1cn(-c2ccc3n(c2=O)CCN(CC2CC(c4cc(C(F)(F)F)ccc4Cl)=NO2)C3=O)cn1,PSEN1,0,0,0,0,0,0,0,0,0,0,0,0,0,1,0,0
CHEMBL3956978,CHEMBL2473,6.84,1,Cc1cn(-c2ccc3n(c2=O)CCN([C@@H]2CC[C@H]2Oc2ccc(F)c(Cl)c2C)C3=O)cn1,PSEN1,0,0,0,0,0,0,0,0,0,0,0,0,0,1,0,0
CHEMBL3957582,CHEMBL2473,6.33,1,Cc1cn(-c2ccc3n(c2=O)CCN([C@@H]2CC[C@@H]2Oc2ccccc2C(F)(F)F)C3=O)cn1,PSEN1,0,0,0,0,0,0,0,0,0,0,0,0,0,1,0,0
CHEMBL3957731,CHEMBL2473,6.66,1,Cc1cn(-c2ccc3n(c2=O)CCN([C@@H]2CC[C@H]2Oc2cccc(C(F)(F)F)c2)C3=O)cn1,PSEN1,0,0,0,0,0,0,0,0,0,0,0,0,0,1,0,0
CHEMBL3959250,CHEMBL2473,8.08,1,Cc1cn(-c2ccc3n(c2=O)CCN([C@@H](C)[C@@H]2CC[C@H](c4ccc(C(F)(F)F)c(F)c4)O2)C3=O)cn1,PSEN1,0,0,0,0,0,0,0,0,0,0,0,0,0,1,0,0
CHEMBL3960512,CHEMBL2473,7.28,1,Cc1cn(-c2ccc3n(c2=O)CCN([C@@H](C)[C@@H]2CC[C@H](c4ccc(C(F)(F)F)s4)O2)C3=O)cn1,PSEN1,0,0,0,0,0,0,0,0,0,0,0,0,0,1,0,0
CHEMBL396199,CHEMBL1914,4.36,0,COc1cc2cc(-c3ccc(C[N+](C)(C)Cc4ccccc4)cc3)c(=O)oc2cc1OC.[I-],BCHE,0,0,0,0,0,1,0,0,0,0,0,0,0,0,0,0
CHEMBL396212,CHEMBL2487,7.57,1,CNc1ccc(-c2nc3ccc(-c4nc5ccc(F)cc5s4)cc3s2)cc1,APP,0,0,0,0,1,0,0,0,0,0,0,0,0,0,0,0
CHEMBL396247,CHEMBL1914,4.46,0,COc1cc2cc(-c3ccc(CN(CCO)Cc4ccccc4)cc3)c(=O)oc2cc1OC,BCHE,0,0,0,0,0,1,0,0,0,0,0,0,0,0,0,0
CHEMBL3962470,CHEMBL2473,7.94,1,Cc1cn(-c2ccc3n(c2=O)CCN([C@@H](C)[C@@H]2CC[C@H](c4cc(F)c(Cl)cc4F)O2)C3=O)cn1,PSEN1,0,0,0,0,0,0,0,0,0,0,0,0,0,1,0,0
CHEMBL396542,CHEMBL2487,6.35,1,CN1CCN(C(=O)OC[C@H]2CC[C@@H](c3ccccc3)N2S(=O)(=O)c2ccc(Cl)cc2)CC1,APP,0,0,0,0,1,0,0,0,0,0,0,0,0,0,0,0
CHEMBL396543,CHEMBL2487,7.8,1,O=C(OC[C@H]1CCC[C@@H](c2ccccc2)N1S(=O)(=O)c1ccc(Cl)cc1)N1CCC(N2CCCCC2)CC1,APP,0,0,0,0,1,0,0,0,0,0,0,0,0,0,0,0
CHEMBL3965573,CHEMBL2473,7.01,1,Cc1cn(-c2ccc3n(c2=O)CCN(C[C@H]2CCC[C@@H](c4ccc(C(F)(F)F)cc4)O2)C3=O)cn1,PSEN1,0,0,0,0,0,0,0,0,0,0,0,0,0,1,0,0
CHEMBL3965759,CHEMBL2473,6.1,1,Cc1cn(-c2ccc3n(c2=O)CCN([C@H]2C[C@H](Oc4ccccc4C(F)(F)F)C2)C3=O)cn1,PSEN1,0,0,0,0,0,0,0,0,0,0,0,0,0,1,0,0
CHEMBL3966656,CHEMBL2473,6.8,1,Cc1cn(-c2ccc3n(c2=O)CCN([C@@H]2CC[C@H]2Oc2ccc(Cl)c(C(C)C)c2)C3=O)cn1,PSEN1,0,0,0,0,0,0,0,0,0,0,0,0,0,1,0,0
CHEMBL3967275,CHEMBL2473,6.63,1,Cc1cn(-c2ccc3n(c2=O)CCN(CC2(C)CCC(c4ccc(C(F)(F)F)cc4)O2)C3=O)cn1,PSEN1,0,0,0,0,0,0,0,0,0,0,0,0,0,1,0,0
CHEMBL3968096,CHEMBL2473,7.7,1,Cc1cn(-c2ccc3n(c2=O)C[C@H](C)N(C[C@H]2CC[C@@H](c4ccc(C(F)(F)F)cc4)O2)C3=O)cn1,PSEN1,0,0,0,0,0,0,0,0,0,0,0,0,0,1,0,0
CHEMBL3968767,CHEMBL2473,6.79,1,Cc1cn(-c2ccc3n(c2=O)CCN([C@@H]2CC[C@H]2Oc2ccc(F)c4c2CCC4)C3=O)cn1,PSEN1,0,0,0,0,0,0,0,0,0,0,0,0,0,1,0,0
CHEMBL3972571,CHEMBL2473,7.39,1,Cc1cn(-c2ccc3n(c2=O)CCN(C[C@@H]2CC[C@](C)(c4ccc(C(F)(F)F)cc4)O2)C3=O)cn1,PSEN1,0,0,0,0,0,0,0,0,0,0,0,0,0,1,0,0
CHEMBL3974235,CHEMBL2473,6.25,1,Cc1cn(-c2ccc3n(c2=O)CCN([C@@H]2CCC[C@@H]2c2cc(F)cc(F)c2)C3=O)cn1,PSEN1,0,0,0,0,0,0,0,0,0,0,0,0,0,1,0,0
CHEMBL3975087,CHEMBL1904,6.05,1,FC(F)c1cc(-c2cnn(Cc3cc[nH]n3)c2)ccc1Cl,GRIN2B,0,0,0,0,0,0,0,0,0,1,0,0,0,0,0,0
CHEMBL3975978,CHEMBL2473,6.68,1,Cc1cn(-c2ccc3n(c2=O)CCN([C@@H]2CC[C@H]2Oc2ccccc2C(F)(F)F)C3=O)cn1,PSEN1,0,0,0,0,0,0,0,0,0,0,0,0,0,1,0,0
CHEMBL3976595,CHEMBL2473,7.82,1,COc1cc(C(F)(F)F)ccc1[C@H]1CC[C@@H]([C@H](C)N2CCn3c(ccc(-n4cnc(C)c4)c3=O)C2=O)O1,PSEN1,0,0,0,0,0,0,0,0,0,0,0,0,0,1,0,0
CHEMBL397784,CHEMBL1904,7.12,1,COc1ccccc1C1CN=C(c2ccc(OC(F)(F)F)c(Cl)c2)N1,GRIN2B,0,0,0,0,0,0,0,0,0,1,0,0,0,0,0,0
CHEMBL3978667,CHEMBL2473,7.96,1,COc1cc(Cl)c(F)cc1[C@H]1CC[C@@H]([C@H](C)N2CCn3c(ccc(-n4cnc(C)c4)c3=O)C2=O)O1,PSEN1,0,0,0,0,0,0,0,0,0,0,0,0,0,1,0,0
CHEMBL3979115,CHEMBL2473,7.8,1,Cc1cn(-c2ccc3n(c2=O)CCN(C[C@@H]2CC[C@H](c4cc(F)c(C(F)(F)F)c(F)c4)O2)C3=O)cn1,PSEN1,0,0,0,0,0,0,0,0,0,0,0,0,0,1,0,0
CHEMBL3980167,CHEMBL2473,7.13,1,Cc1cn(-c2ccc3n(c2=O)CCN(C[C@@H]2C[C@@H](F)[C@H](c4ccc(C(F)(F)F)cc4)O2)C3=O)cn1,PSEN1,0,0,0,0,0,0,0,0,0,0,0,0,0,1,0,0
CHEMBL398059,CHEMBL2487,7.95,1,CN(C)c1ccc(C#Cc2cnc(OCCOCCOCCF)c(Br)c2)cc1,APP,0,0,0,0,1,0,0,0,0,0,0,0,0,0,0,0
CHEMBL3980608,CHEMBL2473,8.04,1,Cc1cn(-c2ccc3n(c2=O)CCN([C@@H](C)[C@@H]2CC[C@H](c4ccc(Cl)cc4C(F)(F)F)O2)C3=O)cn1,PSEN1,0,0,0,0,0,0,0,0,0,0,0,0,0,1,0,0
CHEMBL398155,CHEMBL2487,7.6,1,COc1ccc2nc(-c3ccc4nc(-c5ccc(N)cc5)sc4c3)sc2c1,APP,0,0,0,0,1,0,0,0,0,0,0,0,0,0,0,0
CHEMBL3981756,CHEMBL2473,6.52,1,Cc1cn(-c2ccc3n(c2=O)CCN([C@H]2C[C@H](COc4ccc(F)cc4C(F)(F)F)C2)C3=O)cn1,PSEN1,0,0,0,0,0,0,0,0,0,0,0,0,0,1,0,0
CHEMBL3982060,CHEMBL2473,6.45,1,Cc1cn(-c2ccc3n(c2=O)CCN(CC2CC(c4cc(C(F)(F)F)cc(Cl)c4F)=NO2)C3=O)cn1,PSEN1,0,0,0,0,0,0,0,0,0,0,0,0,0,1,0,0
CHEMBL3982082,CHEMBL2473,6.8,1,Cc1cn(-c2ccc3n(c2=O)CCN([C@@H]2CC[C@H]2Oc2cccc(C(F)(F)F)c2Cl)C3=O)cn1,PSEN1,0,0,0,0,0,0,0,0,0,0,0,0,0,1,0,0
CHEMBL398395,CHEMBL2487,7.34,1,O=C(OC1([C@H]2CCC[C@@H](C3CC3)N2S(=O)(=O)c2ccc(Cl)cc2)CC1)N1CC[C@@H](O)C1,APP,0,0,0,0,1,0,0,0,0,0,0,0,0,0,0,0
CHEMBL398545,CHEMBL1808,4.7,0,CC[C@@H](C)[C@H](S)C(=O)N[C@@H](Cc1ccccc1-c1ccccc1)C(=O)O,ACE,1,0,0,0,0,0,0,0,0,0,0,0,0,0,0,0
CHEMBL3985730,CHEMBL2473,7.67,1,COc1cc(Cl)ccc1[C@H]1CC[C@@H](CN2CCn3c(ccc(-n4cnc(C)c4)c3=O)C2=O)O1,PSEN1,0,0,0,0,0,0,0,0,0,0,0,0,0,1,0,0
CHEMBL398743,CHEMBL5028,7.72,1,Cc1cc(C#N)ccc1C1=CCN(S(=O)(=O)CC2(C(=O)NO)CCN(C(=O)OC[C@H]3CCCN3)CC2)CC1,ADAM10,0,0,1,0,0,0,0,0,0,0,0,0,0,0,0,0
CHEMBL398771,CHEMBL1808,6.02,1,CC[C@@H](C)[C@H](S)C(=O)N[C@@H](Cc1ccc(OCc2ccc(F)cc2F)cc1)C(=O)O,ACE,1,0,0,0,0,0,0,0,0,0,0,0,0,0,0,0
CHEMBL399351,CHEMBL5028,7.89,1,O=C(O[C@H]1CCOC1)N1CCC(CS(=O)(=O)N2CCN(c3ccccc3)CC2)(C(=O)NO)CC1,ADAM10,0,0,1,0,0,0,0,0,0,0,0,0,0,0,0,0
CHEMBL400420,CHEMBL2487,8.55,1,O=C(OC1([C@H]2CCC[C@@H](C3CC3)N2S(=O)(=O)c2ccc(Cl)cc2)CC1)N1CCC(N2CCCCC2)CC1,APP,0,0,0,0,1,0,0,0,0,0,0,0,0,0,0,0
CHEMBL400526,CHEMBL1808,6.24,1,CC[C@@H](C)[C@H](S)C(=O)N[C@@H](Cc1ccccc1)C(=O)O,ACE,1,0,0,0,0,0,0,0,0,0,0,0,0,0,0,0
CHEMBL400528,CHEMBL5028,7.89,1,Cc1cc(C#N)ccc1C1CCN(S(=O)(=O)CC2(C(=O)NO)CCN(C(=O)OC3CCNC3)CC2)CC1,ADAM10,0,0,1,0,0,0,0,0,0,0,0,0,0,0,0,0
CHEMBL401086,CHEMBL1808,6.6,1,CC[C@@H](C)[C@H](S)C(=O)NCC(=O)O,ACE,1,0,0,0,0,0,0,0,0,0,0,0,0,0,0,0
CHEMBL401397,CHEMBL1808,6.0,1,CC[C@@H](C)[C@H](S)C(=O)N[C@@H](Cc1cccc(-c2ccccc2)c1)C(=O)O,ACE,1,0,0,0,0,0,0,0,0,0,0,0,0,0,0,0
CHEMBL40169,CHEMBL238,6.84,1,COC(=O)C(c1ccc(Cl)c(Cl)c1)C1CCCCC1,SLC6A3,0,0,0,0,0,0,0,0,0,0,0,0,0,0,0,1
CHEMBL401870,CHEMBL5028,7.29,1,CS(=O)(=O)N1CC2(CC2)C[C@H](C(=O)NO)[C@H]1C(=O)N1C=CC(c2ccccc2)CC1,ADAM10,0,0,1,0,0,0,0,0,0,0,0,0,0,0,0,0
CHEMBL402954,CHEMBL5028,7.48,1,CCc1cccc(C2=CCN(C(=O)[C@H]3NCC4(CC4)C[C@@H]3C(=O)NO)CC2)c1,ADAM10,0,0,1,0,0,0,0,0,0,0,0,0,0,0,0,0
CHEMBL402987,CHEMBL1808,7.03,1,O=C(O)[C@H](Cc1ccc(-c2ccccc2)cc1)NC(=O)[C@@H](S)CCc1ccccc1,ACE,1,0,0,0,0,0,0,0,0,0,0,0,0,0,0,0
CHEMBL40302,CHEMBL1914,6.04,1,Cc1cccc2c1OP(=O)(OCC1CCC(n3cnc4c(N)ncnc43)O1)OC2,BCHE,0,0,0,0,0,1,0,0,0,0,0,0,0,0,0,0
CHEMBL403022,CHEMBL5028,7.0,1,O=C(NO)[C@H]1CC2(CC2)CN[C@@H]1C(=O)N1CC=C(c2cc(Cl)cc(Cl)c2)CC1,ADAM10,0,0,1,0,0,0,0,0,0,0,0,0,0,0,0,0
CHEMBL403161,CHEMBL5028,7.32,1,O=C(NO)[C@H]1CC2(CC2)CN[C@@H]1C(=O)N1CC=C(c2cccc(C3CC3)c2)CC1,ADAM10,0,0,1,0,0,0,0,0,0,0,0,0,0,0,0,0
CHEMBL403185,CHEMBL5028,7.72,1,CC(C)COC(=O)N1CC2(CC2)C[C@H](C(=O)NO)[C@H]1C(=O)N1C=CC(c2ccccc2)CC1,ADAM10,0,0,1,0,0,0,0,0,0,0,0,0,0,0,0,0
CHEMBL403380,CHEMBL5028,7.55,1,Cc1cc(C2=CCN(C(=O)[C@H]3NCC4(CC4)C[C@@H]3C(=O)NO)CC2)cc(C)c1C#N,ADAM10,0,0,1,0,0,0,0,0,0,0,0,0,0,0,0,0
CHEMBL404093,CHEMBL5028,6.54,1,COC(=O)N1CC2(CC2)C[C@H](C(=O)NO)[C@H]1C(=O)N1CCC(c2ccccc2)C1,ADAM10,0,0,1,0,0,0,0,0,0,0,0,0,0,0,0,0
CHEMBL404117,CHEMBL1808,6.16,1,O=C(O)[C@H](Cc1ccc(-c2ccccc2)cc1)NC(=O)[C@@H](S)C1CCCC1,ACE,1,0,0,0,0,0,0,0,0,0,0,0,0,0,0,0
CHEMBL404132,CHEMBL5028,6.73,1,Cc1cccc(N2CCN(C(=O)[C@H]3NCC4(CC4)C[C@@H]3C(=O)NO)CC2)c1,ADAM10,0,0,1,0,0,0,0,0,0,0,0,0,0,0,0,0
CHEMBL404170,CHEMBL5028,6.81,1,CC(C)c1cc(C2=CCN(C(=O)[C@H]3NCC4(CC4)C[C@@H]3C(=O)NO)CC2)ccc1C#N,ADAM10,0,0,1,0,0,0,0,0,0,0,0,0,0,0,0,0
CHEMBL40420,CHEMBL1808,8.4,1,CC(C)(C)OC(=O)NCCCC[C@H](N[C@H]1CCc2ccccc2N(CC(=O)O)C1=O)C(=O)O,ACE,1,0,0,0,0,0,0,0,0,0,0,0,0,0,0,0
CHEMBL404409,CHEMBL5028,7.66,1,O=C(O[C@H]1CCOC1)N1CCC(CS(=O)(=O)N2CCC(c3ccccc3)CC2)(C(=O)NO)CC1,ADAM10,0,0,1,0,0,0,0,0,0,0,0,0,0,0,0,0
CHEMBL407803,CHEMBL238,7.66,1,CN1C2CCC1C(C(=O)NCCCCNC(=O)C1C(c3ccc(Cl)cc3)CC3CCC1N3C)C(c1ccc(Cl)cc1)C2,SLC6A3,0,0,0,0,0,0,0,0,0,0,0,0,0,0,0,1
CHEMBL4078433,CHEMBL5028,4.93,0,COc1ccc(S(=O)(=O)N(CC(=O)NO)Cc2cccc(C(=O)O)c2)cc1,ADAM10,0,0,1,0,0,0,0,0,0,0,0,0,0,0,0,0
CHEMBL40806,CHEMBL1808,7.35,1,CC(C)C[C@H](N[C@H]1CCc2ccccc2N(CC(=O)O)C1=O)C(=O)O,ACE,1,0,0,0,0,0,0,0,0,0,0,0,0,0,0,0
CHEMBL408983,CHEMBL1808,6.66,1,CC[C@H](C)[C@H](NC(=O)[C@H](CCC(N)=O)NC(=O)[C@@H]1CCCN1C(=O)[C@H](CCCNC(=N)N)NC(=O)[C@@H]1CCCN1C(=O)[C@H](Cc1c[nH]c2ccccc12)NC(=O)[C@@H]1CCC(=O)N1)C(=O)N1CCC[C@H]1C(=O)N1CCC[C@H]1C(=O)O,ACE,1,0,0,0,0,0,0,0,0,0,0,0,0,0,0,0
CHEMBL4092752,CHEMBL5028,6.84,1,COc1ccc2c(c1)C(=O)N(C[C@@]1(c3cc4cnccc4o3)NC(=O)NC1=O)C2,ADAM10,0,0,1,0,0,0,0,0,0,0,0,0,0,0,0,0
CHEMBL409720,CHEMBL1808,7.46,1,CC(C)CN(C[C@H](O)C(=O)O)C(=O)N[C@@H](Cc1ccc(-c2ccccc2)cc1)C(=O)O,ACE,1,0,0,0,0,0,0,0,0,0,0,0,0,0,0,0
CHEMBL409920,CHEMBL1808,6.96,1,CC(C)CN(C[C@H](O)C(=O)O)C(=O)N[C@@H](Cc1cccc2ccccc12)C(=O)O,ACE,1,0,0,0,0,0,0,0,0,0,0,0,0,0,0,0
CHEMBL41011,CHEMBL238,7.77,1,COC(=O)[C@H](c1ccc(Cl)c(Cl)c1)[C@H]1CCCCO1,SLC6A3,0,0,0,0,0,0,0,0,0,0,0,0,0,0,0,1
CHEMBL410532,CHEMBL2487,7.27,1,CCC[C@H](C(N)=O)[C@@H](CC(C)C)C(=O)N[C@H]1CCCCN(Cc2cccc(Nc3cccc(OC)c3)c2)C1=O,APP,0,0,0,0,1,0,0,0,0,0,0,0,0,0,0,0
CHEMBL4111330,CHEMBL1904,8.38,1,O=C1[C@H](N2CCC(c3ccc(O)cc3)CC2)CCN1Cc1ccc(F)cc1,GRIN2B,0,0,0,0,0,0,0,0,0,1,0,0,0,0,0,0
CHEMBL412375,CHEMBL4549,8.18,1,Cc1cccc(C(=O)Nc2ccc3c(c2)CC(NS(C)(=O)=O)C3)c1-c1ccc(Cl)cc1,APOE,0,0,0,1,0,0,0,0,0,0,0,0,0,0,0,0
CHEMBL412666,CHEMBL1808,7.2,1,NC(CS)C(=O)N1CCC[C@H]1C(=O)O,ACE,1,0,0,0,0,0,0,0,0,0,0,0,0,0,0,0
CHEMBL41289,CHEMBL1808,8.3,1,CC(C)CC(NP(=O)(O)OC1OC(C)C(O)C(O)C1O)C(=O)NC(Cc1c[nH]c2ccccc12)C(=O)O,ACE,1,0,0,0,0,0,0,0,0,0,0,0,0,0,0,0
CHEMBL412893,CHEMBL1808,6.36,1,CCOC(=O)C(CCc1ccccc1)NC(C)C(=O)N1Cc2ccccc2CC1C(=O)OCC,ACE,1,0,0,0,0,0,0,0,0,0,0,0,0,0,0,0
CHEMBL413039,CHEMBL1914,4.75,0,CC(=O)O[C@H]1[C@@H](NC(=O)c2ccccc2)[C@@H](O)C[C@]2(C)[C@H]3CC[C@]4(C)[C@@H]([C@H](C)N(C)C)CC[C@H]4[C@@H]3CC[C@@H]12,BCHE,0,0,0,0,0,1,0,0,0,0,0,0,0,0,0,0
CHEMBL413436,CHEMBL2487,8.47,1,CN(C)c1ccc(C#Cc2ccc(OCCOCCOCCO)cc2)cc1,APP,0,0,0,0,1,0,0,0,0,0,0,0,0,0,0,0
CHEMBL413765,CHEMBL220,7.7,1,CCCCCCNC(=O)Oc1ccc2c(c1)[C@]1(C)CCN(CC)[C@@H]1C2,ACHE,0,1,0,0,0,0,0,0,0,0,0,0,0,0,0,0
CHEMBL414828,CHEMBL1808,4.38,0,C[C@H](N)C(=O)N1CCC[C@H]1C(=O)O,ACE,1,0,0,0,0,0,0,0,0,0,0,0,0,0,0,0
CHEMBL415523,CHEMBL238,6.45,1,OC1(c2ccc(Cl)cc2)c2c(ccc3c2OCO3)C2=NCCN21,SLC6A3,0,0,0,0,0,0,0,0,0,0,0,0,0,0,0,1
CHEMBL415799,CHEMBL1914,6.22,1,CC1=CC2Cc3nc4cc(Cl)ccc4c(N)c3C(C1)C2N,BCHE,0,0,0,0,0,1,0,0,0,0,0,0,0,0,0,0
CHEMBL415881,CHEMBL1808,6.7,1,CCOC(=O)[C@H](CCc1ccccc1)N[C@@H](CCCCN)C(=O)N1CC2(C[C@H]1C(=O)O)SCCS2,ACE,1,0,0,0,0,0,0,0,0,0,0,0,0,0,0,0
CHEMBL4159233,CHEMBL1904,7.27,1,CCOC(=O)C[C@H]1Cc2ccccc2C2(CCC(N3CCN(C4CCCCC4)CC3)CC2)O1,GRIN2B,0,0,0,0,0,0,0,0,0,1,0,0,0,0,0,0
CHEMBL415932,CHEMBL1808,8.2,1,CC(C)C[C@H](S)C(=O)N[C@H]1CCc2ccccc2N(CC(=O)O)C1=O,ACE,1,0,0,0,0,0,0,0,0,0,0,0,0,0,0,0
CHEMBL416147,CHEMBL1808,7.16,1,O=C(NC(Cc1ccccc1)C(=O)CCC(=O)N1CCC[C@H]1C(=O)O)c1ccccc1,ACE,1,0,0,0,0,0,0,0,0,0,0,0,0,0,0,0
CHEMBL416339,CHEMBL1808,4.46,0,CC(=O)SCC1CCCN(C(C)C(=O)O)C1=O,ACE,1,0,0,0,0,0,0,0,0,0,0,0,0,0,0,0
CHEMBL416409,CHEMBL238,9.15,1,Fc1ccc(C(OCCC2CCN(Cc3ccc4ccccc4c3)CC2)c2ccc(F)cc2)cc1,SLC6A3,0,0,0,0,0,0,0,0,0,0,0,0,0,0,0,1
CHEMBL416706,CHEMBL1808,4.52,0,CCCC(C(=O)O)N1CCCC(CSC(C)=O)C1=O,ACE,1,0,0,0,0,0,0,0,0,0,0,0,0,0,0,0
CHEMBL4167357,CHEMBL5028,7.14,1,O=C(NO)[C@H]1C[C@H](OC(=O)N2CCCC2)CC[C@@H]1C(=O)N1CCC(c2ccccc2)CC1,ADAM10,0,0,1,0,0,0,0,0,0,0,0,0,0,0,0,0
CHEMBL4169479,CHEMBL1904,7.47,1,O[C@H]1Cc2ccccc2C2(CCC(N3CCN(C4CCCCC4)CC3)CC2)O1,GRIN2B,0,0,0,0,0,0,0,0,0,1,0,0,0,0,0,0
CHEMBL416979,CHEMBL1808,8.19,1,CSCC[C@H](N[C@H]1CCc2ccccc2N(CC(=O)O)C1=O)C(=O)O,ACE,1,0,0,0,0,0,0,0,0,0,0,0,0,0,0,0
CHEMBL417034,CHEMBL1808,7.22,1,O=C(O)CN1NCCC[C@H](NC(=O)[C@@H](S)Cc2ccccc2)C1=O,ACE,1,0,0,0,0,0,0,0,0,0,0,0,0,0,0,0
CHEMBL417035,CHEMBL238,7.06,1,Fc1ccc(CCNCC2CCCN(CCOC(c3ccccc3)c3ccccc3)C2)cc1,SLC6A3,0,0,0,0,0,0,0,0,0,0,0,0,0,0,0,1
CHEMBL417049,CHEMBL238,7.52,1,CN(CCOC(c1ccccc1)c1ccccc1)C1CCN(CCCc2ccccc2)CC1,SLC6A3,0,0,0,0,0,0,0,0,0,0,0,0,0,0,0,1
CHEMBL4170683,CHEMBL1904,7.19,1,FCC[C@@H]1Cc2ccccc2C2(CCC(N3CCN(C4CCCCC4)CC3)CC2)O1,GRIN2B,0,0,0,0,0,0,0,0,0,1,0,0,0,0,0,0
CHEMBL4170858,CHEMBL1904,7.51,1,FCC[C@H]1Cc2ccccc2C2(CCC(N3CCN(C4CCCCC4)CC3)CC2)O1,GRIN2B,0,0,0,0,0,0,0,0,0,1,0,0,0,0,0,0
CHEMBL417169,CHEMBL1808,7.4,1,CCOC(=O)[C@H](CCCCN)N[C@H]1CCc2ccccc2N(CC(=O)O)C1=O,ACE,1,0,0,0,0,0,0,0,0,0,0,0,0,0,0,0
CHEMBL417226,CHEMBL1808,4.24,0,O=C(O)C1c2ccccc2CN1C(=O)CCS,ACE,1,0,0,0,0,0,0,0,0,0,0,0,0,0,0,0
CHEMBL417877,CHEMBL238,7.54,1,COC(=O)[C@@H](c1ccc(Cl)c(Cl)c1)[C@@H]1CCCCO1,SLC6A3,0,0,0,0,0,0,0,0,0,0,0,0,0,0,0,1
CHEMBL417915,CHEMBL1914,7.3,1,CC(C)c1ccc(NC(=O)Oc2ccc3c(c2)[C@]2(C)CCN(C)C2N3C)cc1,BCHE,0,0,0,0,0,1,0,0,0,0,0,0,0,0,0,0
CHEMBL418712,CHEMBL1914,6.0,1,CN(C)Cc1ccc(CSCCCCCCCCCSCc2ccc(CN(C)C)o2)o1,BCHE,0,0,0,0,0,1,0,0,0,0,0,0,0,0,0,0
CHEMBL418917,CHEMBL1914,6.29,1,CN1CC[C@@]2(C)c3cc(OC(=O)Nc4ccccc4)ccc3NC12,BCHE,0,0,0,0,0,1,0,0,0,0,0,0,0,0,0,0
CHEMBL418917,CHEMBL220,7.39,1,CN1CC[C@@]2(C)c3cc(OC(=O)Nc4ccccc4)ccc3NC12,ACHE,0,1,0,0,0,0,0,0,0,0,0,0,0,0,0,0
CHEMBL418955,CHEMBL220,8.08,1,COc1ccc2c(CCC3CCN(Cc4ccccc4)CC3)noc2c1,ACHE,0,1,0,0,0,0,0,0,0,0,0,0,0,0,0,0
CHEMBL418959,CHEMBL1808,6.38,1,O=C(O)[C@H](Cc1ccc(-c2ccccc2)cc1)NC(=O)[C@H](Cc1ccc(-c2ccccc2)cc1)NCP(=O)(O)O,ACE,1,0,0,0,0,0,0,0,0,0,0,0,0,0,0,0
CHEMBL419385,CHEMBL238,8.22,1,CN(C)C[C@H]1C2CCC(C2)[C@@H]1c1ccc2cc(O)ccc2c1,SLC6A3,0,0,0,0,0,0,0,0,0,0,0,0,0,0,0,1
CHEMBL419470,CHEMBL1914,6.05,1,C[C@@]12CCNC1Nc1ccc(OC(=O)Nc3ccccc3)cc12,BCHE,0,0,0,0,0,1,0,0,0,0,0,0,0,0,0,0
CHEMBL419470,CHEMBL220,7.66,1,C[C@@]12CCNC1Nc1ccc(OC(=O)Nc3ccccc3)cc12,ACHE,0,1,0,0,0,0,0,0,0,0,0,0,0,0,0,0
CHEMBL419649,CHEMBL1808,8.32,1,C[C@H](CC(CCc1ccccc1)C(=O)O)C(=O)N1c2ccccc2C[C@H]1C(=O)O,ACE,1,0,0,0,0,0,0,0,0,0,0,0,0,0,0,0
CHEMBL419728,CHEMBL238,7.36,1,Cc1ccc([C@H]2C[C@H]3CCC4C2[C@@](O)(c2ccc(Cl)cc2)CN43)cc1,SLC6A3,0,0,0,0,0,0,0,0,0,0,0,0,0,0,0,1
CHEMBL41985,CHEMBL1808,8.3,1,CCCC[C@H](N[C@H]1CCc2ccccc2N(CC(=O)O)C1=O)C(=O)O,ACE,1,0,0,0,0,0,0,0,0,0,0,0,0,0,0,0
CHEMBL420333,CHEMBL238,6.04,1,COC(=O)C1C2CCC(C[C@@H]1OC(c1ccc(I)cc1)c1ccc(I)cc1)N2C,SLC6A3,0,0,0,0,0,0,0,0,0,0,0,0,0,0,0,1
CHEMBL420391,CHEMBL1808,7.92,1,NCCCCC(NC(=O)OCc1ccccc1)C(=O)N[C@H](CCC(=O)N1CCC[C@H]1C(=O)O)C(=O)O,ACE,1,0,0,0,0,0,0,0,0,0,0,0,0,0,0,0
CHEMBL420625,CHEMBL220,7.7,1,Nc1ccc2c(CCC3CCN(Cc4ccccc4)CC3)noc2c1,ACHE,0,1,0,0,0,0,0,0,0,0,0,0,0,0,0,0
CHEMBL420900,CHEMBL238,7.21,1,O=C(Cc1ccccc1)NCCCNCCOC(c1ccc(F)cc1)c1ccc(F)cc1,SLC6A3,0,0,0,0,0,0,0,0,0,0,0,0,0,0,0,1
CHEMBL421167,CHEMBL238,8.21,1,COC(=O)C1C(c2ccc(Cl)c(Cl)c2)CC2[C@@H](O)CC1N2C,SLC6A3,0,0,0,0,0,0,0,0,0,0,0,0,0,0,0,1
CHEMBL421501,CHEMBL1914,6.56,1,c1ccc2c(NCCCCCCNc3c4c(nc5ccccc35)CCC4)c3c(nc2c1)CCC3,BCHE,0,0,0,0,0,1,0,0,0,0,0,0,0,0,0,0
CHEMBL4215407,CHEMBL5028,6.02,1,Cc1cc(COc2ccc(S(=O)(=O)N(C)C3(C(=O)NO)CN(C(=O)C(C)C)C3)cc2)c2ccccc2n1,ADAM10,0,0,1,0,0,0,0,0,0,0,0,0,0,0,0,0
CHEMBL421546,CHEMBL238,7.35,1,COC(=O)C1=C(c2ccc3ccccc3c2)CC2C[C@@H](O)C1N2C,SLC6A3,0,0,0,0,0,0,0,0,0,0,0,0,0,0,0,1
CHEMBL421867,CHEMBL238,6.8,1,c1ccc(CCCNC2CCN(CCOC(c3ccccc3)c3ccccc3)CC2)cc1,SLC6A3,0,0,0,0,0,0,0,0,0,0,0,0,0,0,0,1
CHEMBL421920,CHEMBL1914,4.74,0,C/C=C(\C)C(=O)N[C@@H]1[C@H](OC(C)=O)[C@@H]2CC[C@@H]3[C@H](CC[C@]4(C)[C@@H]([C@H](C)N(C)C)CC[C@@H]34)[C@@]2(C)C[C@@H]1O,BCHE,0,0,0,0,0,1,0,0,0,0,0,0,0,0,0,0
CHEMBL421976,CHEMBL1904,7.25,1,N=C(NCc1ccccc1Cl)c1ccc(C(F)(F)F)cc1,GRIN2B,0,0,0,0,0,0,0,0,0,1,0,0,0,0,0,0
CHEMBL422098,CHEMBL1914,4.99,0,CC(=O)N[C@H]1CC[C@@]2(C)[C@@H](CC[C@@H]3[C@@H]2CC[C@]2(C)[C@@H]([C@H](C)N(C)C)CC[C@@H]32)C1,BCHE,0,0,0,0,0,1,0,0,0,0,0,0,0,0,0,0
CHEMBL422290,CHEMBL238,9.64,1,CSCCSCCC(=O)OC[C@@H]1C2CCC(C[C@@H]1c1ccc(F)cc1)N2C,SLC6A3,0,0,0,0,0,0,0,0,0,0,0,0,0,0,0,1
CHEMBL422295,CHEMBL4549,8.74,1,COC(=O)N1CCN([C@H]2Cc3ccc(NC(=O)c4cccc(C)c4-c4ccc(C(F)(F)F)cc4)cc3C2)CC1,APOE,0,0,0,1,0,0,0,0,0,0,0,0,0,0,0,0
CHEMBL422419,CHEMBL1808,6.3,1,C[C@H](N[C@@H](CCc1ccccc1)C(=O)O)C(=O)N1C[C@H](OC(=O)NC(CS)Cc2ccccc2)C[C@H]1C(=O)O,ACE,1,0,0,0,0,0,0,0,0,0,0,0,0,0,0,0
CHEMBL422944,CHEMBL1808,6.55,1,O=C(O)CN1C(=O)[C@@H](NC(=O)[C@H](S)Cc2ccccc2)CCc2ccccc21,ACE,1,0,0,0,0,0,0,0,0,0,0,0,0,0,0,0
CHEMBL423194,CHEMBL4549,8.52,1,Cc1cccc(C(=O)Nc2ccc3c(c2)CC(NS(=O)(=O)c2cccs2)C3)c1-c1ccc(Cl)cc1,APOE,0,0,0,1,0,0,0,0,0,0,0,0,0,0,0,0
CHEMBL423313,CHEMBL220,7.1,1,COc1cc2cc(C(=O)CCC3CC[N+](C)(CC(=O)OC(C)(C)C)CC3)sc2cc1OC.[Br-],ACHE,0,1,0,0,0,0,0,0,0,0,0,0,0,0,0,0
CHEMBL423915,CHEMBL4549,8.19,1,COC(=O)N[C@@H]1Cc2ccc(NC(=O)c3cccc(C)c3-c3ccc(C(F)(F)F)cc3)cc2C1,APOE,0,0,0,1,0,0,0,0,0,0,0,0,0,0,0,0
CHEMBL424496,CHEMBL238,6.35,1,CC(C)N[C@H]1C[C@@H](c2ccc(Cl)c(Cl)c2)c2ccccc21,SLC6A3,0,0,0,0,0,0,0,0,0,0,0,0,0,0,0,1
CHEMBL424627,CHEMBL238,8.08,1,OC1(c2ccc(Cl)cc2)c2ccccc2C2=N[C@@H]3CCCC[C@@H]3N21,SLC6A3,0,0,0,0,0,0,0,0,0,0,0,0,0,0,0,1
CHEMBL424684,CHEMBL2487,7.52,1,CCC[C@H](C(N)=O)[C@@H](CC(C)C)C(=O)N[C@H]1CCCCN(Cc2cccc(Nc3ccc(C(F)(F)F)cc3)c2)C1=O,APP,0,0,0,0,1,0,0,0,0,0,0,0,0,0,0,0
CHEMBL424833,CHEMBL1914,8.3,1,O=C(CCCCC1CCSS1)NCCCCNc1c2c(nc3ccccc13)CCCC2,BCHE,0,0,0,0,0,1,0,0,0,0,0,0,0,0,0,0
CHEMBL425304,CHEMBL2487,6.06,1,O=C(OCCC1CCc2ccccc2N1S(=O)(=O)c1ccc(Cl)cc1)N1CCN(CCO)CC1,APP,0,0,0,0,1,0,0,0,0,0,0,0,0,0,0,0
CHEMBL42531,CHEMBL1914,7.51,1,CCCN(c1ccncc1F)n1cc(C)c2cc(OC(=O)NC)ccc21,BCHE,0,0,0,0,0,1,0,0,0,0,0,0,0,0,0,0
CHEMBL425383,CHEMBL1808,4.84,0,Cc1ccc(S(=O)(=O)N(C)NC(=O)C2C[C@@H](S)CN2S(=O)(=O)c2ccc3ccccc3c2)cc1,ACE,1,0,0,0,0,0,0,0,0,0,0,0,0,0,0,0
CHEMBL425462,CHEMBL1904,6.64,1,Cc1ccccc1COC(=O)N1CCC(CNc2ncccn2)CC1,GRIN2B,0,0,0,0,0,0,0,0,0,1,0,0,0,0,0,0
CHEMBL42553,CHEMBL238,8.96,1,COC(=O)[C@@H]1C2CCC(C[C@@H]1c1ccc(Cl)c(Cl)c1)N2C,SLC6A3,0,0,0,0,0,0,0,0,0,0,0,0,0,0,0,1
CHEMBL425642,CHEMBL1904,6.27,1,CC(OC(=O)N1CCC(CNc2ncccn2)CC1)c1ccccc1,GRIN2B,0,0,0,0,0,0,0,0,0,1,0,0,0,0,0,0
CHEMBL425739,CHEMBL1914,8.83,1,O=C(CCCCC1CCSS1)NCCCCCNc1c2c(nc3ccccc13)CCCC2,BCHE,0,0,0,0,0,1,0,0,0,0,0,0,0,0,0,0
CHEMBL426015,CHEMBL1914,6.69,1,Cn1cc(C(=O)NCCCCCCCNc2c3c(nc4cc(Cl)ccc24)CCCC3)c2ccccc21,BCHE,0,0,0,0,0,1,0,0,0,0,0,0,0,0,0,0
CHEMBL426388,CHEMBL5028,6.48,1,O=C(NO)[C@H]1CC2(CC2)CN[C@@H]1C(=O)N1CCN2c3ccccc3CC2C1,ADAM10,0,0,1,0,0,0,0,0,0,0,0,0,0,0,0,0
CHEMBL426562,CHEMBL1914,4.91,0,CCc1ccc(NCN2C(=O)C(=O)c3ccccc32)cc1,BCHE,0,0,0,0,0,1,0,0,0,0,0,0,0,0,0,0
CHEMBL426674,CHEMBL1914,4.94,0,Cc1ccccc1NC(=O)Oc1ccc2c(c1)[C@]1(C)CCO[C@@H]1O2,BCHE,0,0,0,0,0,1,0,0,0,0,0,0,0,0,0,0
CHEMBL42683,CHEMBL1808,8.0,1,O=C(O)CN1C(=O)[C@@H](N[C@@H](COCc2ccccc2)C(=O)O)CCc2ccccc21,ACE,1,0,0,0,0,0,0,0,0,0,0,0,0,0,0,0
CHEMBL426915,CHEMBL1914,4.8,0,O=C(Nc1ccc(F)cc1)OCCCCN1CCC(OC(c2ccccc2)c2ccccc2)CC1,BCHE,0,0,0,0,0,1,0,0,0,0,0,0,0,0,0,0
CHEMBL427082,CHEMBL1914,8.25,1,O=C(CCCc1c[nH]c2ccccc12)NCCCCCCNc1c2c(nc3cc(Cl)ccc13)CCCC2,BCHE,0,0,0,0,0,1,0,0,0,0,0,0,0,0,0,0
CHEMBL427090,CHEMBL1914,7.0,1,CN(CCCCCCCCCOc1ccc2c(=O)c3ccccc3oc2c1)Cc1ccccc1,BCHE,0,0,0,0,0,1,0,0,0,0,0,0,0,0,0,0
CHEMBL427548,CHEMBL2487,4.24,0,O=C(O)C1(c2ccc(-c3ccc(-c4ccc(F)cc4)c(F)c3)c(F)c2)CC1,APP,0,0,0,0,1,0,0,0,0,0,0,0,0,0,0,0
CHEMBL4283845,CHEMBL1904,7.77,1,FC(CNC1CCc2ccccc2CC1)Cc1ccccc1,GRIN2B,0,0,0,0,0,0,0,0,0,1,0,0,0,0,0,0
CHEMBL4284348,CHEMBL1904,7.68,1,Oc1ccc2c(c1)CCC(NCCCCc1ccccc1)CC2,GRIN2B,0,0,0,0,0,0,0,0,0,1,0,0,0,0,0,0
CHEMBL4286654,CHEMBL1904,7.55,1,Oc1ccc2c(c1)CCC(NCCCc1ccccc1)CC2,GRIN2B,0,0,0,0,0,0,0,0,0,1,0,0,0,0,0,0
CHEMBL428706,CHEMBL238,8.46,1,COC(=O)C1C2CCC(CC1c1ccc(/C=C\I)cc1)N2,SLC6A3,0,0,0,0,0,0,0,0,0,0,0,0,0,0,0,1
CHEMBL4287203,CHEMBL1904,7.8,1,COc1ccc2c(c1)CC[C@H](NCCCc1ccccc1)C[C@@H]2O,GRIN2B,0,0,0,0,0,0,0,0,0,1,0,0,0,0,0,0
CHEMBL4287755,CHEMBL1904,6.73,1,OCc1ccc2c(c1)CCC(NCCCCc1ccccc1)CC2,GRIN2B,0,0,0,0,0,0,0,0,0,1,0,0,0,0,0,0
CHEMBL4288292,CHEMBL1904,7.57,1,FC(CCc1ccccc1)CNC1CCc2ccccc2CC1,GRIN2B,0,0,0,0,0,0,0,0,0,1,0,0,0,0,0,0
CHEMBL429448,CHEMBL2487,7.54,1,CC[C@@H]1CCC[C@H](C2(OC(=O)N3CCC(N4CCCCC4)CC3)CC2)N1S(=O)(=O)c1cc(F)cc(F)c1,APP,0,0,0,0,1,0,0,0,0,0,0,0,0,0,0,0
CHEMBL429449,CHEMBL2487,7.24,1,CC(C)(CO)N1CCN(C(=O)O[C@H]2CCC3CCCC2N3S(=O)(=O)c2ccc(Cl)cc2)CC1,APP,0,0,0,0,1,0,0,0,0,0,0,0,0,0,0,0
CHEMBL4294561,CHEMBL1904,7.8,1,COc1ccc2c(c1)CC[C@@H](NCCCc1ccccc1)C[C@H]2O,GRIN2B,0,0,0,0,0,0,0,0,0,1,0,0,0,0,0,0
CHEMBL429475,CHEMBL1904,7.18,1,FC(F)(F)Oc1ccc(C2=NCC(c3cccc(Cl)c3)N2)cc1Cl,GRIN2B,0,0,0,0,0,0,0,0,0,1,0,0,0,0,0,0
CHEMBL4294991,CHEMBL1904,7.0,1,OCc1ccc2c(c1)CCC(NCCCc1ccccc1)CC2,GRIN2B,0,0,0,0,0,0,0,0,0,1,0,0,0,0,0,0
CHEMBL429656,CHEMBL1904,8.7,1,Cc1cc(C)cc(CN2Cc3cc(OC(F)(F)F)ccc3C2=N)c1,GRIN2B,0,0,0,0,0,0,0,0,0,1,0,0,0,0,0,0
CHEMBL429669,CHEMBL5028,7.43,1,O=C(NO)[C@H]1CC2(CC2)CN(C(=O)OC2CCOCC2)[C@@H]1C(=O)N1CCN(c2ccccc2)CC1,ADAM10,0,0,1,0,0,0,0,0,0,0,0,0,0,0,0,0
CHEMBL42976,CHEMBL1808,8.15,1,O=C(O)CN1C(=O)[C@@H](N[C@@H](CSCCc2ccccc2)C(=O)O)CCc2ccccc21,ACE,1,0,0,0,0,0,0,0,0,0,0,0,0,0,0,0
CHEMBL430554,CHEMBL1808,8.15,1,NCCCC[C@H](N[C@H]1CCc2ccccc2N(CC(=O)O)C1=O)C(=O)O,ACE,1,0,0,0,0,0,0,0,0,0,0,0,0,0,0,0
CHEMBL430630,CHEMBL1808,7.92,1,NCCCCC(N)C(=O)N[C@H](CCC(=O)N1[C@H](C(=O)O)C[C@@H]2CCCC[C@@H]21)C(=O)O,ACE,1,0,0,0,0,0,0,0,0,0,0,0,0,0,0,0
CHEMBL430689,CHEMBL1808,8.48,1,CC(C)CC[C@H](N[C@@H](C)C(=O)N1C(=O)N(Cc2ccccc2)C[C@H]1C(=O)O)C(=O)O,ACE,1,0,0,0,0,0,0,0,0,0,0,0,0,0,0,0
CHEMBL431052,CHEMBL1808,8.46,1,C[C@H](N[C@@H](CCc1ccccc1)C(=O)O)C(=O)N1C(=O)NC[C@H]1C(=O)O,ACE,1,0,0,0,0,0,0,0,0,0,0,0,0,0,0,0
CHEMBL431519,CHEMBL220,7.4,1,CN1CC[C@@]2(C)c3cc(OC(=O)NCCCCCCCCCCN4CCOCC4)ccc3N(C)[C@@H]12,ACHE,0,1,0,0,0,0,0,0,0,0,0,0,0,0,0,0
CHEMBL431707,CHEMBL1808,9.11,1,NCCCC[C@H](OP(=O)(O)CCCCc1ccccc1)C(=O)N1C[C@H](Sc2ccccc2)C[C@H]1C(=O)O,ACE,1,0,0,0,0,0,0,0,0,0,0,0,0,0,0,0
CHEMBL431784,CHEMBL1914,8.17,1,CNC(=O)Oc1ccc2c(c1)[C@]1(C)CCN(C)C1N2,BCHE,0,0,0,0,0,1,0,0,0,0,0,0,0,0,0,0
CHEMBL431784,CHEMBL220,7.25,1,CNC(=O)Oc1ccc2c(c1)[C@]1(C)CCN(C)C1N2,ACHE,0,1,0,0,0,0,0,0,0,0,0,0,0,0,0,0
CHEMBL431844,CHEMBL1914,7.39,1,Nc1c2c(nc3ccccc13)C1CCC2C1,BCHE,0,0,0,0,0,1,0,0,0,0,0,0,0,0,0,0
CHEMBL431844,CHEMBL220,7.5,1,Nc1c2c(nc3ccccc13)C1CCC2C1,ACHE,0,1,0,0,0,0,0,0,0,0,0,0,0,0,0,0
CHEMBL431983,CHEMBL1808,7.19,1,O=C(O)[C@@H]1CCCN1C(=O)C1CCCC1S,ACE,1,0,0,0,0,0,0,0,0,0,0,0,0,0,0,0
CHEMBL432022,CHEMBL238,7.14,1,CNC[C@H]1C2CCC(C2)[C@@H]1c1ccc2cc(F)ccc2c1,SLC6A3,0,0,0,0,0,0,0,0,0,0,0,0,0,0,0,1
CHEMBL432394,CHEMBL238,6.94,1,CN(C)Cc1ccccc1Sc1ccc(Cl)cc1N,SLC6A3,0,0,0,0,0,0,0,0,0,0,0,0,0,0,0,1
CHEMBL432482,CHEMBL238,6.9,1,N#CC(c1ccc(Cl)c(Cl)c1)C1CCCCC1,SLC6A3,0,0,0,0,0,0,0,0,0,0,0,0,0,0,0,1
CHEMBL432571,CHEMBL238,7.26,1,COC(=O)C1=C(c2ccc(Cl)c(Cl)c2)CC2[C@@H](O)CC1N2C,SLC6A3,0,0,0,0,0,0,0,0,0,0,0,0,0,0,0,1
CHEMBL432689,CHEMBL1808,7.89,1,O=C(O)CN1C(=O)[C@@H](N[C@@H](CCCCNC(=O)OCc2ccccc2)C(=O)O)CCc2ccccc21,ACE,1,0,0,0,0,0,0,0,0,0,0,0,0,0,0,0
CHEMBL432727,CHEMBL238,7.74,1,CN1C2CCC1C(C(=O)NCCCCCCNC(=O)C1C(c3ccc(Cl)cc3)CC3CCC1N3C)C(c1ccc(Cl)cc1)C2,SLC6A3,0,0,0,0,0,0,0,0,0,0,0,0,0,0,0,1
CHEMBL433041,CHEMBL1914,9.16,1,CCCCCCCNC(=O)Oc1ccc2c(c1)[C@]1(C)CCN(C)[C@@H]1N2C,BCHE,0,0,0,0,0,1,0,0,0,0,0,0,0,0,0,0
CHEMBL433041,CHEMBL220,6.54,1,CCCCCCCNC(=O)Oc1ccc2c(c1)[C@]1(C)CCN(C)[C@@H]1N2C,ACHE,0,1,0,0,0,0,0,0,0,0,0,0,0,0,0,0
CHEMBL433379,CHEMBL220,8.11,1,Cc1ccc2onc(CCC3CCN(Cc4ccccc4)CC3)c2c1,ACHE,0,1,0,0,0,0,0,0,0,0,0,0,0,0,0,0
CHEMBL433442,CHEMBL1808,8.72,1,CS[C@H]1C[C@@H](C(=O)O)N(C(=O)[C@H](CCCCN)OP(=O)(O)CCCCc2ccccc2)C1,ACE,1,0,0,0,0,0,0,0,0,0,0,0,0,0,0,0
CHEMBL43370,CHEMBL1808,8.6,1,CS(=O)(=O)N[C@@H](CCCCN)C(=O)N[C@@H](Cc1ccccc1)P(=O)(O)CC1(C(=O)N[C@@H](Cc2c[nH]c3ccccc23)C(=O)O)CCCC1,ACE,1,0,0,0,0,0,0,0,0,0,0,0,0,0,0,0
CHEMBL434378,CHEMBL1914,9.01,1,COc1cc(C(=O)NCCCCCC(=O)NNc2c3c(nc4ccccc24)CCCC3)cc(OC)c1OC,BCHE,0,0,0,0,0,1,0,0,0,0,0,0,0,0,0,0
CHEMBL434567,CHEMBL5028,7.23,1,COC(=O)N1CC2(CC2)C[C@H](C(=O)NO)[C@H]1C(=O)N1CC=C(c2ccccc2)CC1,ADAM10,0,0,1,0,0,0,0,0,0,0,0,0,0,0,0,0
CHEMBL434617,CHEMBL1808,8.07,1,CC(NC(C(=O)O)C1CCCN1C(=O)NC(CCCCN)C(=O)N1C(=O)CCC1C(=O)O)C(=O)N1CCCC1C(=O)O,ACE,1,0,0,0,0,0,0,0,0,0,0,0,0,0,0,0
CHEMBL434703,CHEMBL4549,7.38,1,O=C(Nc1ccc2c(c1)C[C@@H](NS(=O)(=O)c1ccccc1)C2)c1ccccc1-c1ccc(C(F)(F)F)cc1,APOE,0,0,0,1,0,0,0,0,0,0,0,0,0,0,0,0
CHEMBL435316,CHEMBL1904,7.64,1,O=C(OCc1ccccc1)N1CCC(CNc2ncccn2)CC1,GRIN2B,0,0,0,0,0,0,0,0,0,1,0,0,0,0,0,0
CHEMBL435341,CHEMBL238,7.5,1,C/C=C\c1ccc([C@H]2CC3CCC([C@H]2C(=O)OC)N3C)cc1,SLC6A3,0,0,0,0,0,0,0,0,0,0,0,0,0,0,0,1
CHEMBL435360,CHEMBL1808,7.92,1,O=C(N[C@@H](Cc1ccccc1)C(=O)CCC(=O)N1CCC[C@H]1C(=O)O)c1ccccc1,ACE,1,0,0,0,0,0,0,0,0,0,0,0,0,0,0,0
CHEMBL435787,CHEMBL238,6.95,1,OC1(c2ccc3c(c2)OCO3)c2ccccc2C2=NCCN21,SLC6A3,0,0,0,0,0,0,0,0,0,0,0,0,0,0,0,1
CHEMBL435990,CHEMBL238,6.62,1,COC(=O)C1C2CCC(C[C@@H]1OC(c1ccc(C)cc1)c1ccc(C)cc1)N2C,SLC6A3,0,0,0,0,0,0,0,0,0,0,0,0,0,0,0,1
CHEMBL436367,CHEMBL220,6.34,1,Nc1c2c(nc3c1CCCO3)CCCC2,ACHE,0,1,0,0,0,0,0,0,0,0,0,0,0,0,0,0
CHEMBL436483,CHEMBL2487,4.75,0,O=C(O)C1(c2ccc(-c3ccc(OC4CCC(C(F)(F)F)CC4)cc3)c(F)c2)CC1,APP,0,0,0,0,1,0,0,0,0,0,0,0,0,0,0,0
CHEMBL438972,CHEMBL2487,6.3,1,COc1ccc(-c2ccc(-c3ccc(N(C)C)cc3)s2)cc1,APP,0,0,0,0,1,0,0,0,0,0,0,0,0,0,0,0
CHEMBL43928,CHEMBL1904,6.85,1,Oc1ccc2[nH]c3c(c2c1)CCN(CCCCc1ccccc1)C3,GRIN2B,0,0,0,0,0,0,0,0,0,1,0,0,0,0,0,0
CHEMBL439405,CHEMBL5028,7.85,1,Cc1ccccc1C1CCN(S(=O)(=O)CC2(C(=O)NO)CCN(C(=O)OC3COCC3(C)C)CC2)CC1,ADAM10,0,0,1,0,0,0,0,0,0,0,0,0,0,0,0,0
CHEMBL440411,CHEMBL2783,8.15,1,O=C1Nc2ccc(S(=O)(=O)O)cc2/C1=C1/Nc2ccccc2/C1=N\O,CDK5R1,0,0,0,0,0,0,0,1,0,0,0,0,0,0,0,0
CHEMBL440497,CHEMBL1914,6.11,1,CNC(=O)Oc1ccc2c(c1)[C@@]1(C)CCN(Cc3ccccc3)C1N2Cc1ccccc1,BCHE,0,0,0,0,0,1,0,0,0,0,0,0,0,0,0,0
CHEMBL44077,CHEMBL1808,7.89,1,O=C(O)CN1C(=O)[C@@H](N[C@@H](Cc2c[nH]c3ccccc23)C(=O)O)CCc2ccccc21,ACE,1,0,0,0,0,0,0,0,0,0,0,0,0,0,0,0
CHEMBL44080,CHEMBL1914,7.57,1,CCCN(c1ccncc1F)n1cc(C)c2cc(OC(=O)NCc3ccccc3)ccc21,BCHE,0,0,0,0,0,1,0,0,0,0,0,0,0,0,0,0
CHEMBL44139,CHEMBL1808,8.22,1,CCC[C@H](N[C@H]1CCc2ccccc2N(CC(=O)O)C1=O)C(=O)O,ACE,1,0,0,0,0,0,0,0,0,0,0,0,0,0,0,0
CHEMBL441632,CHEMBL220,6.05,1,COc1cc2cc(C(=O)CCc3cc[n+](C)cc3)sc2cc1OC.[Br-],ACHE,0,1,0,0,0,0,0,0,0,0,0,0,0,0,0,0
CHEMBL441808,CHEMBL220,6.42,1,COc1cc2cc(C(=O)CC(O)CCC3CC[N+](C)(Cc4ccccc4)CC3)sc2cc1OC.[Br-],ACHE,0,1,0,0,0,0,0,0,0,0,0,0,0,0,0,0
CHEMBL442269,CHEMBL2487,8.09,1,CN(C)c1ccc(-c2cn3cc(C#N)ccc3n2)cc1,APP,0,0,0,0,1,0,0,0,0,0,0,0,0,0,0,0
CHEMBL442291,CHEMBL5028,6.85,1,Cc1cc(F)ccc1C1CCN(S(=O)(=O)CC2(C(=O)NO)CCN(C(=O)O[C@H]3CCOC3)CC2)CC1,ADAM10,0,0,1,0,0,0,0,0,0,0,0,0,0,0,0,0
CHEMBL442432,CHEMBL5028,8.21,1,Cc1ccccc1C1CCN(S(=O)(=O)CC2(C(=O)NO)CCN(C(=O)OC3CCCC3O)CC2)CC1,ADAM10,0,0,1,0,0,0,0,0,0,0,0,0,0,0,0,0
CHEMBL442443,CHEMBL5028,7.72,1,COC(=O)N1CC2(CC2)C[C@H](C(=O)NO)[C@H]1C(=O)N1CCC(c2ccccc2)CC1,ADAM10,0,0,1,0,0,0,0,0,0,0,0,0,0,0,0,0
CHEMBL442455,CHEMBL1808,7.54,1,CC(C)CN(CP(=O)(O)O)C(=O)N[C@@H](Cc1ccc2ccccc2c1)C(=O)O,ACE,1,0,0,0,0,0,0,0,0,0,0,0,0,0,0,0
CHEMBL442801,CHEMBL2487,8.46,1,O=C(OC1([C@H]2CCC[C@@H](CC(F)(F)F)N2S(=O)(=O)c2ccc(Cl)cc2)CC1)N1CCC(N2CCCCC2)CC1,APP,0,0,0,0,1,0,0,0,0,0,0,0,0,0,0,0
CHEMBL44301,CHEMBL1904,7.3,1,Oc1ccc2c3c([nH]c2c1)CN(CCCCc1ccccc1)CC3,GRIN2B,0,0,0,0,0,0,0,0,0,1,0,0,0,0,0,0
CHEMBL443353,CHEMBL1808,10.54,1,C[C@H](CS)C(=O)N1[C@@H](SCCCc2ccccc2)CC[C@H]1C(=O)O,ACE,1,0,0,0,0,0,0,0,0,0,0,0,0,0,0,0
CHEMBL4435232,CHEMBL1904,4.8,0,CCCc1nc2[nH]c(C)c(NS(=O)(=O)c3ccc(C4CCCCC4)cc3)c(=O)n2n1,GRIN2B,0,0,0,0,0,0,0,0,0,1,0,0,0,0,0,0
CHEMBL4435465,CHEMBL5028,8.28,1,CNC(=O)[C@@H](NC(=O)[C@H](CCCc1ccccc1)[C@H](C)N(O)C(C)=O)C(C)(C)C,ADAM10,0,0,1,0,0,0,0,0,0,0,0,0,0,0,0,0
CHEMBL443797,CHEMBL238,6.47,1,CN(CCCc1ccccc1)C1CCN(CCOC(c2ccccc2)c2ccccc2)CC1,SLC6A3,0,0,0,0,0,0,0,0,0,0,0,0,0,0,0,1
CHEMBL4439555,CHEMBL1904,6.71,1,Oc1ccc2c(c1)CCN(CCCCc1ccc(OCCF)cc1)CC2O,GRIN2B,0,0,0,0,0,0,0,0,0,1,0,0,0,0,0,0
CHEMBL44412,CHEMBL1904,7.06,1,Oc1ccc(CCCN2CCc3c([nH]c4ccccc34)C2)cc1,GRIN2B,0,0,0,0,0,0,0,0,0,1,0,0,0,0,0,0
CHEMBL444384,CHEMBL1904,6.11,1,O=C(CN1CCC(Cc2ccccc2)CC1)c1c[nH]c2ccccc12,GRIN2B,0,0,0,0,0,0,0,0,0,1,0,0,0,0,0,0
CHEMBL444474,CHEMBL1808,6.6,1,C[C@H](CS)C(=O)N[C@@H](CSCc1ccc(Cl)cc1)C(=O)O,ACE,1,0,0,0,0,0,0,0,0,0,0,0,0,0,0,0
CHEMBL444592,CHEMBL238,7.48,1,Fc1ccc(C(NCCC2CCN(Cc3ccccc3)CC2)c2ccc(F)cc2)cc1,SLC6A3,0,0,0,0,0,0,0,0,0,0,0,0,0,0,0,1
CHEMBL4447266,CHEMBL1904,4.11,0,O=C(O)CCC(=O)N1N=C(c2c(-c3ccccc3)c3cc(Br)ccc3[nH]c2=O)CC1c1ccc(Br)cc1,GRIN2B,0,0,0,0,0,0,0,0,0,1,0,0,0,0,0,0
CHEMBL4447266,CHEMBL1972,4.72,0,O=C(O)CCC(=O)N1N=C(c2c(-c3ccccc3)c3cc(Br)ccc3[nH]c2=O)CC1c1ccc(Br)cc1,GRIN2A,0,0,0,0,0,0,0,0,1,0,0,0,0,0,0,0
CHEMBL4450420,CHEMBL1972,8.1,1,Cc1ncc(CNNC(=O)c2cnc(CNS(=O)(=O)c3ccc(F)c(Cl)c3)cn2)s1,GRIN2A,0,0,0,0,0,0,0,0,1,0,0,0,0,0,0,0
CHEMBL4452216,CHEMBL1904,4.47,0,CC(C)CCCc1ccc2cc(C(=O)O)ccc2c1,GRIN2B,0,0,0,0,0,0,0,0,0,1,0,0,0,0,0,0
CHEMBL4452216,CHEMBL1972,4.55,0,CC(C)CCCc1ccc2cc(C(=O)O)ccc2c1,GRIN2A,0,0,0,0,0,0,0,0,1,0,0,0,0,0,0,0
CHEMBL4452216,CHEMBL2591,4.54,0,CC(C)CCCc1ccc2cc(C(=O)O)ccc2c1,GRIN2D,0,0,0,0,0,0,0,0,0,0,0,1,0,0,0,0
CHEMBL4452216,CHEMBL4109,4.43,0,CC(C)CCCc1ccc2cc(C(=O)O)ccc2c1,GRIN2C,0,0,0,0,0,0,0,0,0,0,1,0,0,0,0,0
CHEMBL445561,CHEMBL1808,8.59,1,CSC1(SC)C[C@@H](C(=O)O)N(C(=O)[C@H](CCCCN)OP(=O)(O)CCCCc2ccccc2)C1,ACE,1,0,0,0,0,0,0,0,0,0,0,0,0,0,0,0
CHEMBL4456824,CHEMBL1972,4.0,0,O=C(O)c1ccc2cc(I)c3ccccc3c2c1,GRIN2A,0,0,0,0,0,0,0,0,1,0,0,0,0,0,0,0
CHEMBL4456824,CHEMBL2591,4.3,0,O=C(O)c1ccc2cc(I)c3ccccc3c2c1,GRIN2D,0,0,0,0,0,0,0,0,0,0,0,1,0,0,0,0
CHEMBL4456824,CHEMBL4109,4.3,0,O=C(O)c1ccc2cc(I)c3ccccc3c2c1,GRIN2C,0,0,0,0,0,0,0,0,0,0,1,0,0,0,0,0
CHEMBL445717,CHEMBL5028,6.52,1,O=C(CC1CN[C@H](C(=O)N2CCC(c3ccccc3)C2)[C@@H](C(=O)NO)C1)NCCCCCNC(=O)OCc1ccccc1,ADAM10,0,0,1,0,0,0,0,0,0,0,0,0,0,0,0,0
CHEMBL445846,CHEMBL1914,7.62,1,COc1cc(CCC(=O)NCC(=O)NNc2c3c(nc4ccccc24)CCCC3)cc(OC)c1OC,BCHE,0,0,0,0,0,1,0,0,0,0,0,0,0,0,0,0
CHEMBL445916,CHEMBL220,6.64,1,CCCn1c2c(c3c(Br)c(OC(=O)NC)ccc31)CC/C2=N/CC,ACHE,0,1,0,0,0,0,0,0,0,0,0,0,0,0,0,0
CHEMBL446457,CHEMBL5028,7.57,1,CS(=O)(=O)N1CC2(CC2)C[C@H](C(=O)NO)[C@H]1C(=O)N1CCN(c2ccccc2)CC1,ADAM10,0,0,1,0,0,0,0,0,0,0,0,0,0,0,0,0
CHEMBL446870,CHEMBL2487,6.7,1,CN(C)c1ccc(/C=C/c2cc3cc(Cl)ccc3o2)cc1,APP,0,0,0,0,1,0,0,0,0,0,0,0,0,0,0,0
CHEMBL4472450,CHEMBL1904,6.34,1,COc1ccc2c(c1)CCN(CCCC#Cc1ccccc1)CC2O,GRIN2B,0,0,0,0,0,0,0,0,0,1,0,0,0,0,0,0
CHEMBL4475303,CHEMBL1904,4.87,0,CCN1CCc2c(c3ccccc3n2CCC(=O)N2c3ccccc3Sc3ccccc32)C1,GRIN2B,0,0,0,0,0,0,0,0,0,1,0,0,0,0,0,0
CHEMBL448040,CHEMBL1808,4.16,0,O=c1c2ccc(O)c(O)c2oc2cc(O)cc(O)c12,ACE,1,0,0,0,0,0,0,0,0,0,0,0,0,0,0,0
CHEMBL4483629,CHEMBL2783,4.3,0,Clc1nc(NCc2ccccn2)c2c(-c3ccccc3)cccc2n1,CDK5R1,0,0,0,0,0,0,0,1,0,0,0,0,0,0,0,0
CHEMBL449792,CHEMBL1808,8.08,1,CC(C)c1ccc(CS[C@H]2CC[C@@H](C(=O)O)N2C(=O)[C@H](C)CS)cc1,ACE,1,0,0,0,0,0,0,0,0,0,0,0,0,0,0,0
CHEMBL450935,CHEMBL1808,7.28,1,CC(C)CN(C[C@H](O)C(=O)O)C(=O)N[C@@H](Cc1ccc2ccccc2c1)C(=O)O,ACE,1,0,0,0,0,0,0,0,0,0,0,0,0,0,0,0
CHEMBL451209,CHEMBL1808,7.47,1,C[C@H](CS)C(=O)N[C@@H](CSCc1ccccc1)C(=O)O,ACE,1,0,0,0,0,0,0,0,0,0,0,0,0,0,0,0
CHEMBL4513837,CHEMBL1904,6.69,1,OC1CC(NCc2ccccc2)CCc2sccc21,GRIN2B,0,0,0,0,0,0,0,0,0,1,0,0,0,0,0,0
CHEMBL451807,CHEMBL2487,8.4,1,FCCOCCOCCOc1ccc(C#Cc2ccc3c(c2)CCN3)cc1,APP,0,0,0,0,1,0,0,0,0,0,0,0,0,0,0,0
CHEMBL4524111,CHEMBL1914,6.86,1,CC1=C[C@@H]2Cc3nc4cc(F)ccc4c(N)c3[C@H](C1)C2,BCHE,0,0,0,0,0,1,0,0,0,0,0,0,0,0,0,0
CHEMBL4555447,CHEMBL1972,7.57,1,Cc1ncc(CNNC(=O)c2cnc(CNS(=O)(=O)c3ccc(F)c(F)c3)c(C)n2)s1,GRIN2A,0,0,0,0,0,0,0,0,1,0,0,0,0,0,0,0
CHEMBL456278,CHEMBL1808,6.5,1,C[C@H](CS)C(=O)N[C@@H](CSCc1ccc([N+](=O)[O-])cc1)C(=O)O,ACE,1,0,0,0,0,0,0,0,0,0,0,0,0,0,0,0
CHEMBL456723,CHEMBL1808,6.58,1,CC(C)c1ccc(C(C)(C)SC[C@H](NC(=O)[C@H](C)CS)C(=O)O)cc1,ACE,1,0,0,0,0,0,0,0,0,0,0,0,0,0,0,0
CHEMBL4570472,CHEMBL1904,6.89,1,Nc1ccc2c(c1)CCC(NCc1ccccc1)CC2,GRIN2B,0,0,0,0,0,0,0,0,0,1,0,0,0,0,0,0
CHEMBL457317,CHEMBL1808,6.28,1,C[C@H](CS)C(=O)N[C@@H](CSCc1ccc(N(C)C)cc1)C(=O)O,ACE,1,0,0,0,0,0,0,0,0,0,0,0,0,0,0,0
CHEMBL4574247,CHEMBL1904,7.58,1,c1ccc(CNC2CCc3ccsc3CC2)cc1,GRIN2B,0,0,0,0,0,0,0,0,0,1,0,0,0,0,0,0
CHEMBL457571,CHEMBL1808,6.47,1,CCOc1ccc(CSC[C@H](NC(=O)[C@H](C)CS)C(=O)O)cc1,ACE,1,0,0,0,0,0,0,0,0,0,0,0,0,0,0,0
CHEMBL457796,CHEMBL1808,6.52,1,C[C@H](CS)C(=O)N[C@@H](CSCc1ccc(C#N)cc1)C(=O)O,ACE,1,0,0,0,0,0,0,0,0,0,0,0,0,0,0,0
CHEMBL458237,CHEMBL1808,6.52,1,C[C@H](CS)C(=O)N[C@@H](CSCc1ccc(S(C)(=O)=O)cc1)C(=O)O,ACE,1,0,0,0,0,0,0,0,0,0,0,0,0,0,0,0
CHEMBL458238,CHEMBL1808,6.7,1,CC(C)c1ccc(C(C)SC[C@H](NC(=O)[C@H](C)CS)C(=O)O)cc1,ACE,1,0,0,0,0,0,0,0,0,0,0,0,0,0,0,0
CHEMBL458447,CHEMBL1808,6.47,1,CCC(SC[C@H](NC(=O)[C@H](C)CS)C(=O)O)c1ccc(C(C)C)cc1,ACE,1,0,0,0,0,0,0,0,0,0,0,0,0,0,0,0
CHEMBL458450,CHEMBL1808,6.38,1,CCCC(SC[C@H](NC(=O)[C@H](C)CS)C(=O)O)c1ccc(C(C)C)cc1,ACE,1,0,0,0,0,0,0,0,0,0,0,0,0,0,0,0
CHEMBL458451,CHEMBL1808,6.37,1,CC(C)c1ccc(C(SC[C@H](NC(=O)[C@H](C)CS)C(=O)O)C(C)C)cc1,ACE,1,0,0,0,0,0,0,0,0,0,0,0,0,0,0,0
CHEMBL4590193,CHEMBL1904,7.32,1,COc1ccc2c(c1)CC[C@H](NCCCc1ccccc1)C[C@H]2O,GRIN2B,0,0,0,0,0,0,0,0,0,1,0,0,0,0,0,0
CHEMBL459959,CHEMBL1808,6.85,1,C[C@H](CS)C(=O)N[C@@H](CSCc1ccc(I)cc1)C(=O)O,ACE,1,0,0,0,0,0,0,0,0,0,0,0,0,0,0,0
CHEMBL459960,CHEMBL1808,6.62,1,Cc1ccc(CSC[C@H](NC(=O)[C@H](C)CS)C(=O)O)cc1,ACE,1,0,0,0,0,0,0,0,0,0,0,0,0,0,0,0
CHEMBL459961,CHEMBL1808,6.47,1,C[C@H](CS)C(=O)N[C@@H](CSCc1ccc(C(F)(F)F)cc1)C(=O)O,ACE,1,0,0,0,0,0,0,0,0,0,0,0,0,0,0,0
CHEMBL461021,CHEMBL1808,6.68,1,CCCc1ccc(CSC[C@H](NC(=O)[C@H](C)CS)C(=O)O)cc1,ACE,1,0,0,0,0,0,0,0,0,0,0,0,0,0,0,0
CHEMBL461022,CHEMBL1808,6.52,1,CC(C)c1ccc(CSC[C@H](NC(=O)[C@H](C)CS)C(=O)O)cc1,ACE,1,0,0,0,0,0,0,0,0,0,0,0,0,0,0,0
CHEMBL461883,CHEMBL2473,4.95,0,CCCCC(Sc1nc(OCCc2ccccc2)cc(OCCc2ccccc2)n1)C(=O)O,PSEN1,0,0,0,0,0,0,0,0,0,0,0,0,0,1,0,0
CHEMBL4632628,CHEMBL1904,6.89,1,CN(CCc1ccccc1)C1CCc2ccsc2CC1,GRIN2B,0,0,0,0,0,0,0,0,0,1,0,0,0,0,0,0
CHEMBL4632765,CHEMBL1904,7.89,1,Brc1cc2c(s1)CCC(NCCCc1ccccc1)CC2,GRIN2B,0,0,0,0,0,0,0,0,0,1,0,0,0,0,0,0
CHEMBL463320,CHEMBL1808,6.89,1,C[C@H](CS)C(=O)N[C@@H](CSCc1ccc(C(C)(C)C)cc1)C(=O)O,ACE,1,0,0,0,0,0,0,0,0,0,0,0,0,0,0,0
CHEMBL4634358,CHEMBL1904,8.23,1,c1ccc(CCCNC2CCc3ccsc3CC2)cc1,GRIN2B,0,0,0,0,0,0,0,0,0,1,0,0,0,0,0,0
CHEMBL463520,CHEMBL1808,6.55,1,C[C@H](CS)C(=O)N[C@@H](CSCc1ccc(-c2ccccc2)cc1)C(=O)O,ACE,1,0,0,0,0,0,0,0,0,0,0,0,0,0,0,0
CHEMBL4636728,CHEMBL1904,6.53,1,Cc1ccc(CN2CCCN(C(=O)c3ccccc3)CC2)c(C)c1,GRIN2B,0,0,0,0,0,0,0,0,0,1,0,0,0,0,0,0
CHEMBL4637229,CHEMBL1904,6.74,1,OCc1cc2c(s1)CCC(NCCCc1ccccc1)CC2,GRIN2B,0,0,0,0,0,0,0,0,0,1,0,0,0,0,0,0
CHEMBL4637295,CHEMBL1904,8.68,1,Clc1ccc2c(c1)CCC(NCCCc1ccccc1)CC2,GRIN2B,0,0,0,0,0,0,0,0,0,1,0,0,0,0,0,0
CHEMBL4637655,CHEMBL1904,6.85,1,CN(CCCc1ccccc1)C1CCc2cc(CO)sc2CC1,GRIN2B,0,0,0,0,0,0,0,0,0,1,0,0,0,0,0,0
CHEMBL4640137,CHEMBL1904,6.97,1,Cc1ccc(CN2CCCN(C(=O)c3ccc4ccccc4n3)CC2)c(C)c1,GRIN2B,0,0,0,0,0,0,0,0,0,1,0,0,0,0,0,0
CHEMBL4641623,CHEMBL1904,7.48,1,CCN(CCCCc1ccccc1)C1CCc2ccsc2CC1,GRIN2B,0,0,0,0,0,0,0,0,0,1,0,0,0,0,0,0
CHEMBL4642875,CHEMBL1904,6.14,1,CN(CCc1ccccc1)C1CCc2cc(CO)sc2CC1,GRIN2B,0,0,0,0,0,0,0,0,0,1,0,0,0,0,0,0
CHEMBL4643145,CHEMBL1904,6.94,1,Cc1ccc(CN2CCCN(C(=O)c3ccncc3)CC2)c(C)c1,GRIN2B,0,0,0,0,0,0,0,0,0,1,0,0,0,0,0,0
CHEMBL4643805,CHEMBL1904,7.23,1,Cc1ccc(CN2CCCN(C(=O)c3cc4ccccc4o3)CC2)c(C)c1,GRIN2B,0,0,0,0,0,0,0,0,0,1,0,0,0,0,0,0
CHEMBL4644644,CHEMBL1904,6.71,1,CCN(CCc1ccccc1)C1CCc2ccsc2CC1,GRIN2B,0,0,0,0,0,0,0,0,0,1,0,0,0,0,0,0
CHEMBL4644807,CHEMBL1904,7.1,1,Cc1ccc(CN2CCCN(C(=O)c3cccc4ccccc34)CC2)c(C)c1,GRIN2B,0,0,0,0,0,0,0,0,0,1,0,0,0,0,0,0
CHEMBL4644834,CHEMBL1904,6.12,1,OCc1cc2c(s1)CCC(NCCCCc1ccccc1)CC2,GRIN2B,0,0,0,0,0,0,0,0,0,1,0,0,0,0,0,0
CHEMBL4645300,CHEMBL1904,7.64,1,Brc1cc2c(s1)CCC(NCCCCc1ccccc1)CC2,GRIN2B,0,0,0,0,0,0,0,0,0,1,0,0,0,0,0,0
CHEMBL464538,CHEMBL1914,4.32,0,C=CC[N+](C)(C)c1ccc(CCC(=O)CCc2ccc([N+](C)(C)CC=C)cc2)cc1.[Br-].[Br-],BCHE,0,0,0,0,0,1,0,0,0,0,0,0,0,0,0,0
CHEMBL4645707,CHEMBL1904,8.22,1,CN(CCCc1ccccc1)C1CCc2ccsc2CC1,GRIN2B,0,0,0,0,0,0,0,0,0,1,0,0,0,0,0,0
CHEMBL4646690,CHEMBL1904,7.96,1,c1ccc(CCCCNC2CCc3ccsc3CC2)cc1,GRIN2B,0,0,0,0,0,0,0,0,0,1,0,0,0,0,0,0
CHEMBL4646841,CHEMBL1904,7.48,1,c1ccc(CCNC2CCc3ccsc3CC2)cc1,GRIN2B,0,0,0,0,0,0,0,0,0,1,0,0,0,0,0,0
CHEMBL4647186,CHEMBL1904,7.21,1,CCN(Cc1ccccc1)C1CCc2ccsc2CC1,GRIN2B,0,0,0,0,0,0,0,0,0,1,0,0,0,0,0,0
CHEMBL4647243,CHEMBL1904,7.14,1,CN(Cc1ccccc1)C1CCc2ccsc2CC1,GRIN2B,0,0,0,0,0,0,0,0,0,1,0,0,0,0,0,0
CHEMBL4648377,CHEMBL1904,7.29,1,CCN(CCCc1ccccc1)C1CCc2ccsc2CC1,GRIN2B,0,0,0,0,0,0,0,0,0,1,0,0,0,0,0,0
CHEMBL4648500,CHEMBL1904,8.05,1,CN(CCCCc1ccccc1)C1CCc2ccsc2CC1,GRIN2B,0,0,0,0,0,0,0,0,0,1,0,0,0,0,0,0
CHEMBL4649725,CHEMBL1904,7.22,1,Oc1ccc(-c2cc3c(s2)CCC(NCCCc2ccccc2)CC3)cc1,GRIN2B,0,0,0,0,0,0,0,0,0,1,0,0,0,0,0,0
CHEMBL467755,CHEMBL1808,7.0,1,C[C@H](CS)C(=O)N[C@@H](CSCc1ccc(F)cc1)C(=O)O,ACE,1,0,0,0,0,0,0,0,0,0,0,0,0,0,0,0
CHEMBL47210,CHEMBL238,8.85,1,COC(=O)[C@@H]1C2CCC(C[C@@H]1c1ccc(Cl)c(Cl)c1)N2,SLC6A3,0,0,0,0,0,0,0,0,0,0,0,0,0,0,0,1
CHEMBL4740593,CHEMBL1904,8.1,1,c1ccc(CC2CCN(C3CCc4ccccc4C3)CC2)cc1,GRIN2B,0,0,0,0,0,0,0,0,0,1,0,0,0,0,0,0
CHEMBL4745317,CHEMBL1904,6.62,1,c1ccc(CCNC2CCc3ccccc3C2)cc1,GRIN2B,0,0,0,0,0,0,0,0,0,1,0,0,0,0,0,0
CHEMBL4745685,CHEMBL1904,8.35,1,c1ccc(C2CCN(C3Cc4ccccc4C3)CC2)cc1,GRIN2B,0,0,0,0,0,0,0,0,0,1,0,0,0,0,0,0
CHEMBL4746028,CHEMBL1904,8.08,1,c1ccc(C2CCN(C3CCc4ccccc4C3)CC2)cc1,GRIN2B,0,0,0,0,0,0,0,0,0,1,0,0,0,0,0,0
CHEMBL4754021,CHEMBL1904,7.44,1,c1ccc(CCCN2CCCc3ccccc3CC2)cc1,GRIN2B,0,0,0,0,0,0,0,0,0,1,0,0,0,0,0,0
CHEMBL4758763,CHEMBL1904,8.49,1,c1ccc(CC2CCN(C3Cc4ccccc4C3)CC2)cc1,GRIN2B,0,0,0,0,0,0,0,0,0,1,0,0,0,0,0,0
CHEMBL4759856,CHEMBL1904,6.34,1,c1ccc(CCNC2Cc3ccccc3C2)cc1,GRIN2B,0,0,0,0,0,0,0,0,0,1,0,0,0,0,0,0
CHEMBL4759924,CHEMBL1904,6.58,1,c1ccc(CCCCNC2CCc3ccccc3C2)cc1,GRIN2B,0,0,0,0,0,0,0,0,0,1,0,0,0,0,0,0
CHEMBL477740,CHEMBL1808,4.45,0,O=c1c2cc(O)c(O)cc2oc2c(O)c(O)ccc12,ACE,1,0,0,0,0,0,0,0,0,0,0,0,0,0,0,0
CHEMBL4778291,CHEMBL1904,7.5,1,c1ccc(CCCCN2CCCc3ccccc3CC2)cc1,GRIN2B,0,0,0,0,0,0,0,0,0,1,0,0,0,0,0,0
CHEMBL477841,CHEMBL2487,8.05,1,O=[N+]([O-])c1ccc(-c2nc3ccccc3s2)cc1,APP,0,0,0,0,1,0,0,0,0,0,0,0,0,0,0,0
CHEMBL4800530,CHEMBL1904,7.18,1,c1ccc(CCCCNC2Cc3ccccc3C2)cc1,GRIN2B,0,0,0,0,0,0,0,0,0,1,0,0,0,0,0,0
CHEMBL48029,CHEMBL1904,7.03,1,c1ccc(COc2ccc(CCNc3ccncc3)cc2)cc1,GRIN2B,0,0,0,0,0,0,0,0,0,1,0,0,0,0,0,0
CHEMBL48534,CHEMBL1808,7.2,1,CC(S)(Cc1ccccc1)C(=O)N[C@H]1CCc2ccccc2N(CC(=O)O)C1=O,ACE,1,0,0,0,0,0,0,0,0,0,0,0,0,0,0,0
CHEMBL486529,CHEMBL2487,7.95,1,CNc1ccc(-c2nc3cccc(O)c3s2)cc1,APP,0,0,0,0,1,0,0,0,0,0,0,0,0,0,0,0
CHEMBL4873384,CHEMBL5028,4.75,0,O=C1NC(=O)[C@@H](CCC(=O)N2CCN(c3cc(Cl)cc(Cl)c3)CC2)N1,ADAM10,0,0,1,0,0,0,0,0,0,0,0,0,0,0,0,0
CHEMBL489100,CHEMBL5028,6.32,1,Cc1cc(COc2ccc([C@]3(N)CCN([C@H](CC(C)C)C(=O)NO)C3=O)cc2)c2ccccc2n1,ADAM10,0,0,1,0,0,0,0,0,0,0,0,0,0,0,0,0
CHEMBL489792,CHEMBL2487,6.8,1,COc1ccc2oc(/C=C/c3ccc(N(C)C)c(OC)c3)cc2c1,APP,0,0,0,0,1,0,0,0,0,0,0,0,0,0,0,0
CHEMBL489979,CHEMBL2487,6.33,1,CN(C)c1ccc(/C=C/c2cc3cc(Br)ccc3o2)cc1,APP,0,0,0,0,1,0,0,0,0,0,0,0,0,0,0,0
CHEMBL489994,CHEMBL2487,6.1,1,CNc1ccc(/C=C/c2cc3ccc(OC)cc3o2)cc1,APP,0,0,0,0,1,0,0,0,0,0,0,0,0,0,0,0
CHEMBL490,CHEMBL238,6.31,1,Fc1ccc([C@@H]2CCNC[C@H]2COc2ccc3c(c2)OCO3)cc1,SLC6A3,0,0,0,0,0,0,0,0,0,0,0,0,0,0,0,1
CHEMBL490083,CHEMBL2487,8.66,1,COc1ccc2nc(-c3ccc(F)cc3)sc2c1,APP,0,0,0,0,1,0,0,0,0,0,0,0,0,0,0,0
CHEMBL490084,CHEMBL2487,7.65,1,Oc1ccc2nc(-c3ccc(F)cc3)sc2c1,APP,0,0,0,0,1,0,0,0,0,0,0,0,0,0,0,0
CHEMBL490085,CHEMBL2487,6.11,1,Oc1cc(O)c2sc(-c3ccc(F)cc3)nc2c1,APP,0,0,0,0,1,0,0,0,0,0,0,0,0,0,0,0
CHEMBL491203,CHEMBL2487,6.8,1,CN(C)c1ccc(/C=C/c2cc3cc(O)ccc3o2)cc1,APP,0,0,0,0,1,0,0,0,0,0,0,0,0,0,0,0
CHEMBL491643,CHEMBL5028,7.58,1,Cc1cc(C#N)ccc1N1CCN(S(=O)(=O)CC2(C(=O)NO)CCN(C(=O)O[C@@H]3CCOC3)CC2)CC1,ADAM10,0,0,1,0,0,0,0,0,0,0,0,0,0,0,0,0
CHEMBL492024,CHEMBL2487,6.09,1,COc1ccc2oc(/C=C/c3ccc(N)cc3)cc2c1,APP,0,0,0,0,1,0,0,0,0,0,0,0,0,0,0,0
CHEMBL492217,CHEMBL2487,6.09,1,COc1ccc2oc(/C=C/c3ccc(N(C)C)cc3)cc2c1,APP,0,0,0,0,1,0,0,0,0,0,0,0,0,0,0,0
CHEMBL493054,CHEMBL1904,8.24,1,C[C@H]([C@H](O)c1ccc(O)cc1)N1CCC(Cc2ccccc2)CC1,GRIN2B,0,0,0,0,0,0,0,0,0,1,0,0,0,0,0,0
CHEMBL494887,CHEMBL1914,6.01,1,CC(C)NP(=O)(NC(C)C)OP(=O)(NC(C)C)NC(C)C,BCHE,0,0,0,0,0,1,0,0,0,0,0,0,0,0,0,0
CHEMBL495596,CHEMBL5028,7.72,1,O=C(NO)[C@H]1CC(CC(=O)N2CCCC2)CN[C@@H]1C(=O)N1CCN(c2ccccc2)CC1,ADAM10,0,0,1,0,0,0,0,0,0,0,0,0,0,0,0,0
CHEMBL495797,CHEMBL5028,6.79,1,NCCCCCNC(=O)CC1CN[C@H](C(=O)N2CCC(c3ccccc3)C2)[C@@H](C(=O)NO)C1,ADAM10,0,0,1,0,0,0,0,0,0,0,0,0,0,0,0,0
CHEMBL496018,CHEMBL5028,6.78,1,CN1CC(CC(=O)N2CCCC2)C[C@H](C(=O)NO)[C@H]1C(=O)N1CCN(c2ccccc2)CC1,ADAM10,0,0,1,0,0,0,0,0,0,0,0,0,0,0,0,0
CHEMBL496211,CHEMBL5028,7.11,1,CN1CC(CC(=O)N2CCCCC2)C[C@H](C(=O)NO)[C@H]1C(=O)N1CCN(c2ccccc2)CC1,ADAM10,0,0,1,0,0,0,0,0,0,0,0,0,0,0,0,0
CHEMBL49623,CHEMBL1904,7.03,1,C[C@@H]([C@H](O)c1ccc(O)cc1)N1CCC(Cc2ccccc2)CC1,GRIN2B,0,0,0,0,0,0,0,0,0,1,0,0,0,0,0,0
CHEMBL496628,CHEMBL5028,7.82,1,O=C(NO)[C@H]1C[C@@H](CC(=O)N2CCCCC2)CC[C@@H]1C(=O)N1CCN(c2ccccc2)CC1,ADAM10,0,0,1,0,0,0,0,0,0,0,0,0,0,0,0,0
CHEMBL496629,CHEMBL5028,6.78,1,O=C(NO)[C@H]1C[C@H](CC(=O)N2CCCCC2)CC[C@@H]1C(=O)N1CCN(c2ccccc2)CC1,ADAM10,0,0,1,0,0,0,0,0,0,0,0,0,0,0,0,0
CHEMBL496825,CHEMBL5028,7.08,1,O=C(NO)[C@H]1CC(CC(=O)N2CCOCC2)CC[C@@H]1C(=O)N1CCN(c2ccccc2)CC1,ADAM10,0,0,1,0,0,0,0,0,0,0,0,0,0,0,0,0
CHEMBL496829,CHEMBL5028,7.68,1,CC(C)c1cccc(C2CCN(C(=O)[C@H]3CC[C@H](CC(=O)N4CCCCC4)C[C@@H]3C(=O)NO)CC2)c1,ADAM10,0,0,1,0,0,0,0,0,0,0,0,0,0,0,0,0
CHEMBL497026,CHEMBL5028,7.24,1,O=C(NO)[C@H]1CC(CC(=O)N2CCCCC2)CC[C@@H]1C(=O)N1CCN(c2ccccc2)CC1,ADAM10,0,0,1,0,0,0,0,0,0,0,0,0,0,0,0,0
CHEMBL497032,CHEMBL5028,6.96,1,O=C(NO)[C@H]1CC(CC(=O)N2CC[C@@H](O)C2)CC[C@@H]1C(=O)N1CCN(c2ccccc2)CC1,ADAM10,0,0,1,0,0,0,0,0,0,0,0,0,0,0,0,0
CHEMBL4970764,CHEMBL1904,4.57,0,c1ccc(C[C@@H]2NCCc3c2[nH]c2ccccc32)cc1,GRIN2B,0,0,0,0,0,0,0,0,0,1,0,0,0,0,0,0
CHEMBL497222,CHEMBL5028,7.52,1,CN1CCN(C(=O)CC2CC[C@H](C(=O)N3CCN(c4ccccc4)CC3)[C@@H](C(=O)NO)C2)CC1,ADAM10,0,0,1,0,0,0,0,0,0,0,0,0,0,0,0,0
CHEMBL497645,CHEMBL5028,6.04,1,CC(C)c1cccc(C2CCN(C(=O)[C@H]3CC[C@@H](CC(=O)N4CCCCC4)C[C@@H]3C(=O)NO)CC2)c1,ADAM10,0,0,1,0,0,0,0,0,0,0,0,0,0,0,0,0
CHEMBL497985,CHEMBL5028,7.01,1,CN1CC2(CC2)C[C@H](C(=O)NO)[C@H]1C(=O)N1CCN(c2ccc(C(F)(F)F)cn2)CC1,ADAM10,0,0,1,0,0,0,0,0,0,0,0,0,0,0,0,0
CHEMBL498798,CHEMBL1808,8.62,1,C[C@H](CS)C(=O)N1[C@@H](SCc2ccccc2)CC[C@H]1C(=O)O,ACE,1,0,0,0,0,0,0,0,0,0,0,0,0,0,0,0
CHEMBL499305,CHEMBL1808,8.48,1,CC(C)c1ccc(CS[C@@H]2CC[C@@H](C(=O)O)N2C(=O)[C@H](C)CS)cc1,ACE,1,0,0,0,0,0,0,0,0,0,0,0,0,0,0,0
CHEMBL499610,CHEMBL1808,8.38,1,C[C@H](CS)C(=O)N1[C@@H](SCc2ccc3ccccc3c2)CC[C@H]1C(=O)O,ACE,1,0,0,0,0,0,0,0,0,0,0,0,0,0,0,0
CHEMBL499611,CHEMBL1808,7.82,1,CC(C)c1ccc(CCCS[C@H]2CC[C@@H](C(=O)O)N2C(=O)[C@H](C)CS)cc1,ACE,1,0,0,0,0,0,0,0,0,0,0,0,0,0,0,0
CHEMBL499612,CHEMBL1808,9.05,1,Cc1cccc(CS[C@H]2CC[C@@H](C(=O)O)N2C(=O)[C@H](C)CS)c1,ACE,1,0,0,0,0,0,0,0,0,0,0,0,0,0,0,0
CHEMBL500408,CHEMBL1808,8.64,1,Cc1ccccc1CS[C@H]1CC[C@@H](C(=O)O)N1C(=O)[C@H](C)CS,ACE,1,0,0,0,0,0,0,0,0,0,0,0,0,0,0,0
CHEMBL500409,CHEMBL1808,6.39,1,C[C@H](CS)C(=O)N1[C@@H](SCc2ccc(C(C)(C)C)cc2)CC[C@H]1C(=O)O,ACE,1,0,0,0,0,0,0,0,0,0,0,0,0,0,0,0
CHEMBL500996,CHEMBL1914,6.01,1,COc1ccccc1CNCCCCCCNCCCCCCCCNCCCCCCNCc1ccccc1OC.Cl.Cl.Cl.Cl,BCHE,0,0,0,0,0,1,0,0,0,0,0,0,0,0,0,0
CHEMBL502,CHEMBL220,8.63,1,COc1cc2c(cc1OC)C(=O)C(CC1CCN(Cc3ccccc3)CC1)C2,ACHE,0,1,0,0,0,0,0,0,0,0,0,0,0,0,0,0
CHEMBL502817,CHEMBL1808,6.55,1,C[C@H](CS)C(=O)N1[C@@H](SCc2ccc(C3CCCCC3)cc2)CC[C@H]1C(=O)O,ACE,1,0,0,0,0,0,0,0,0,0,0,0,0,0,0,0
CHEMBL50315,CHEMBL1808,6.51,1,O=C(O)CN1C(=O)[C@H](NC(=O)[C@@H](S)Cc2ccccc2)CCc2ccccc21,ACE,1,0,0,0,0,0,0,0,0,0,0,0,0,0,0,0
CHEMBL503833,CHEMBL2487,7.94,1,CNc1ccc(-c2nc3cc(O)ccc3s2)cc1,APP,0,0,0,0,1,0,0,0,0,0,0,0,0,0,0,0
CHEMBL50480,CHEMBL1808,7.62,1,C[C@H](S)C(=O)N[C@H]1CCc2ccccc2N(CC(=O)O)C1=O,ACE,1,0,0,0,0,0,0,0,0,0,0,0,0,0,0,0
CHEMBL50559,CHEMBL1808,7.44,1,C[C@@H]1Oc2ccccc2N(CC(=O)O)C(=O)[C@H]1NC(=O)[C@@H](S)Cc1ccccc1,ACE,1,0,0,0,0,0,0,0,0,0,0,0,0,0,0,0
CHEMBL50608,CHEMBL220,4.94,0,Nc1cc(-c2ccccc2)nc2ccccc12,ACHE,0,1,0,0,0,0,0,0,0,0,0,0,0,0,0,0
CHEMBL50814,CHEMBL1808,7.6,1,O=C(O)CN1C(=O)C(NC(=O)[C@@H](S)Cc2ccccc2)CCCc2ccccc21,ACE,1,0,0,0,0,0,0,0,0,0,0,0,0,0,0,0
CHEMBL50858,CHEMBL238,9.22,1,COC(=O)C1C2CC[C@H](C[C@@H]1c1ccc(Cl)c(C)c1)N2C,SLC6A3,0,0,0,0,0,0,0,0,0,0,0,0,0,0,0,1
CHEMBL509088,CHEMBL2487,6.89,1,Cc1ccc2oc(/C=C/c3ccc(N(C)C)cc3)cc2c1,APP,0,0,0,0,1,0,0,0,0,0,0,0,0,0,0,0
CHEMBL5092058,CHEMBL1972,6.29,1,Cc1cn([C@H](C)CC#N)c(=O)c2cc(Cn3nc(C(F)F)cc3Cl)nn12,GRIN2A,0,0,0,0,0,0,0,0,1,0,0,0,0,0,0,0
CHEMBL5095095,CHEMBL1972,7.1,1,C[C@H](CC[C@](C)(O)C(F)(F)F)[C@H]1CC[C@H]2[C@@H]3CC=C4C[C@@](C)(O)CC[C@]4(C)[C@H]3CC[C@]12C,GRIN2A,0,0,0,0,0,0,0,0,1,0,0,0,0,0,0,0
CHEMBL5095095,CHEMBL2591,7.1,1,C[C@H](CC[C@](C)(O)C(F)(F)F)[C@H]1CC[C@H]2[C@@H]3CC=C4C[C@@](C)(O)CC[C@]4(C)[C@H]3CC[C@]12C,GRIN2D,0,0,0,0,0,0,0,0,0,0,0,1,0,0,0,0
CHEMBL5095095,CHEMBL4109,7.1,1,C[C@H](CC[C@](C)(O)C(F)(F)F)[C@H]1CC[C@H]2[C@@H]3CC=C4C[C@@](C)(O)CC[C@]4(C)[C@H]3CC[C@]12C,GRIN2C,0,0,0,0,0,0,0,0,0,0,1,0,0,0,0,0
CHEMBL510384,CHEMBL2487,8.24,1,Cc1ccc2nc(-c3ccc(F)cc3)sc2c1,APP,0,0,0,0,1,0,0,0,0,0,0,0,0,0,0,0
CHEMBL511184,CHEMBL1808,7.68,1,CCc1ccc(CSC[C@H](NC(=O)[C@H](C)CS)C(=O)O)cc1,ACE,1,0,0,0,0,0,0,0,0,0,0,0,0,0,0,0
CHEMBL511344,CHEMBL1808,7.0,1,COc1ccc(CSC[C@H](NC(=O)[C@H](C)CS)C(=O)O)cc1,ACE,1,0,0,0,0,0,0,0,0,0,0,0,0,0,0,0
CHEMBL511849,CHEMBL1808,6.52,1,CSc1ccc(CSC[C@H](NC(=O)[C@H](C)CS)C(=O)O)cc1,ACE,1,0,0,0,0,0,0,0,0,0,0,0,0,0,0,0
CHEMBL513671,CHEMBL1808,6.55,1,C[C@H](CS)C(=O)N[C@@H](CSCc1ccc(Br)cc1)C(=O)O,ACE,1,0,0,0,0,0,0,0,0,0,0,0,0,0,0,0
CHEMBL51389,CHEMBL1808,8.36,1,O=C(O)CN1C(=O)[C@@H](NC(=O)[C@@H](CS)Cc2ccccc2)COc2ccccc21,ACE,1,0,0,0,0,0,0,0,0,0,0,0,0,0,0,0
CHEMBL514138,CHEMBL5028,6.05,1,COc1ccc(S(=O)(=O)N(Cc2cccnc2)[C@@H](C(=O)NO)C(C)C)cc1.Cl,ADAM10,0,0,1,0,0,0,0,0,0,0,0,0,0,0,0,0
CHEMBL514268,CHEMBL1808,6.43,1,C[C@H](CS)C(=O)N[C@@H](CSCc1ccc(Oc2ccccc2)cc1)C(=O)O,ACE,1,0,0,0,0,0,0,0,0,0,0,0,0,0,0,0
CHEMBL51438,CHEMBL1808,7.44,1,O=C(O)CCN1C(=O)[C@@H](NC(=O)[C@@H](CS)Cc2ccccc2)CCc2ccccc21,ACE,1,0,0,0,0,0,0,0,0,0,0,0,0,0,0,0
CHEMBL51498,CHEMBL1808,8.32,1,O=C(O)CN1C(=O)[C@@H](NC(=O)[C@@H](CS)Cc2ccccc2)CCc2ccccc21,ACE,1,0,0,0,0,0,0,0,0,0,0,0,0,0,0,0
CHEMBL51576,CHEMBL1808,7.48,1,O=C(O)CN1Cc2ccccc2C[C@H](NC(=O)[C@@H](S)Cc2ccccc2)C1=O,ACE,1,0,0,0,0,0,0,0,0,0,0,0,0,0,0,0
CHEMBL515834,CHEMBL1808,6.58,1,C[C@H](CS)C(=O)N[C@@H](CSCc1ccc(OC(F)(F)F)cc1)C(=O)O,ACE,1,0,0,0,0,0,0,0,0,0,0,0,0,0,0,0
CHEMBL5171428,CHEMBL1904,6.32,1,Cc1cccc2sc(NC(=O)CCN3CCN(C(C)(C)C)CC3)nc12,GRIN2B,0,0,0,0,0,0,0,0,0,1,0,0,0,0,0,0
CHEMBL5171984,CHEMBL1972,7.96,1,N#C[C@H]1C[C@H]1c1c(C(F)(F)F)sc2nc(Cn3nc(C(F)(F)F)cc3Cl)cc(=O)n12,GRIN2A,0,0,0,0,0,0,0,0,1,0,0,0,0,0,0,0
CHEMBL5176580,CHEMBL1904,6.73,1,CC(=O)c1ccc(N2CCN(CCC(=O)Nc3nc4c(C)cccc4s3)CC2)cc1,GRIN2B,0,0,0,0,0,0,0,0,0,1,0,0,0,0,0,0
CHEMBL51780,CHEMBL1808,7.77,1,O=C(O)CN1C(=O)[C@@H](NC(=O)[C@@H](CS)Cc2ccccc2)CSc2ccccc21,ACE,1,0,0,0,0,0,0,0,0,0,0,0,0,0,0,0
CHEMBL5180445,CHEMBL1972,7.41,1,N#C[C@H]1C[C@H]1c1c(Cl)ccc2nc(Cn3nc(C(F)(F)F)cc3Cl)cc(=O)n12,GRIN2A,0,0,0,0,0,0,0,0,1,0,0,0,0,0,0,0
CHEMBL519255,CHEMBL2487,8.82,1,FCCOCCOCCOc1ccc(C#Cc2ccc3[nH]ccc3c2)cc1,APP,0,0,0,0,1,0,0,0,0,0,0,0,0,0,0,0
CHEMBL5192784,CHEMBL1904,6.94,1,CCCCCCN1CCN(CCC(=O)Nc2nc3c(C)cccc3s2)CC1,GRIN2B,0,0,0,0,0,0,0,0,0,1,0,0,0,0,0,0
CHEMBL5192987,CHEMBL1904,6.64,1,CCCCN1CCN(CCC(=O)Nc2nc3c(C)cccc3s2)CC1,GRIN2B,0,0,0,0,0,0,0,0,0,1,0,0,0,0,0,0
CHEMBL51934,CHEMBL220,6.79,1,Nc1c2c(nc3ccccc13)CCCC2O,ACHE,0,1,0,0,0,0,0,0,0,0,0,0,0,0,0,0
CHEMBL5203777,CHEMBL1904,6.67,1,Cc1cccc2sc(NC(=O)CCN3CCN(C4CCCCC4)CC3)nc12,GRIN2B,0,0,0,0,0,0,0,0,0,1,0,0,0,0,0,0
CHEMBL5204934,CHEMBL1904,7.22,1,Cc1cccc2sc(NC(=O)CCN3CCN(CC4CCCCC4)CC3)nc12,GRIN2B,0,0,0,0,0,0,0,0,0,1,0,0,0,0,0,0
CHEMBL5205006,CHEMBL1904,6.7,1,Cc1cccc2sc(NC(=O)CCN3CCN(CCN(C(C)C)C(C)C)CC3)nc12,GRIN2B,0,0,0,0,0,0,0,0,0,1,0,0,0,0,0,0
CHEMBL5206534,CHEMBL1904,6.74,1,Cc1cccc2sc(NC(=O)CCN3CCN(c4ccncc4)CC3)nc12,GRIN2B,0,0,0,0,0,0,0,0,0,1,0,0,0,0,0,0
CHEMBL5206579,CHEMBL5028,8.28,1,CNC(=O)[C@@H](NC(=O)C(CCCc1ccccc1)[C@H](C)N(O)C=O)C(C)(C)C,ADAM10,0,0,1,0,0,0,0,0,0,0,0,0,0,0,0,0
CHEMBL5207817,CHEMBL1904,6.34,1,Cc1cccc2sc(NC(=O)CCN3CCN(CC4CCCO4)CC3)nc12,GRIN2B,0,0,0,0,0,0,0,0,0,1,0,0,0,0,0,0
CHEMBL521719,CHEMBL5028,6.71,1,O=C(NO)[C@H]1CC2(CC[C@@H]1C(=O)N1CCN(c3ccccc3)CC1)CC2,ADAM10,0,0,1,0,0,0,0,0,0,0,0,0,0,0,0,0
CHEMBL521929,CHEMBL2487,6.28,1,COc1ccc2cc(/C=C/c3ccc(N(C)C)c(OC)c3)oc2c1,APP,0,0,0,0,1,0,0,0,0,0,0,0,0,0,0,0
CHEMBL523076,CHEMBL5028,7.19,1,O=C(NO)[C@H]1CC(CC(=O)N2CCCC2)CC[C@@H]1C(=O)N1CCN(c2ccccc2)CC1,ADAM10,0,0,1,0,0,0,0,0,0,0,0,0,0,0,0,0
CHEMBL523824,CHEMBL2487,7.1,1,CNc1ccc(/C=C/c2cc3cc(OC)ccc3o2)cc1,APP,0,0,0,0,1,0,0,0,0,0,0,0,0,0,0,0
CHEMBL524114,CHEMBL2487,6.77,1,CN(C)c1ccc(/C=C/c2cc3cc(I)ccc3o2)cc1,APP,0,0,0,0,1,0,0,0,0,0,0,0,0,0,0,0
CHEMBL524141,CHEMBL2487,7.16,1,COc1ccc2cc(/C=C/c3ccc(N(C)C)cc3)oc2c1,APP,0,0,0,0,1,0,0,0,0,0,0,0,0,0,0,0
CHEMBL524651,CHEMBL2487,7.73,1,CNc1ccc(-c2nc3c(O)cccc3s2)cc1,APP,0,0,0,0,1,0,0,0,0,0,0,0,0,0,0,0
CHEMBL525948,CHEMBL1808,7.72,1,CC(C)c1ccc(CCS[C@H]2CC[C@@H](C(=O)O)N2C(=O)[C@H](C)CS)cc1,ACE,1,0,0,0,0,0,0,0,0,0,0,0,0,0,0,0
CHEMBL525967,CHEMBL1808,8.39,1,CSc1ccc(CS[C@H]2CC[C@@H](C(=O)O)N2C(=O)[C@H](C)CS)cc1,ACE,1,0,0,0,0,0,0,0,0,0,0,0,0,0,0,0
CHEMBL526298,CHEMBL1808,9.74,1,C[C@H](CS)C(=O)N1[C@@H](SCCc2ccccc2)CC[C@H]1C(=O)O,ACE,1,0,0,0,0,0,0,0,0,0,0,0,0,0,0,0
CHEMBL5266998,CHEMBL1972,6.82,1,CCN(Cc1cc(C)n(C[C@@H]2C[C@H]2C#N)c(=O)c1)c1ccc(F)cc1,GRIN2A,0,0,0,0,0,0,0,0,1,0,0,0,0,0,0,0
CHEMBL5267938,CHEMBL5028,4.51,0,O=C(CCCNC(=O)c1cccc(C(=O)NCCCC(=O)NCCC[C@@H](NS(=O)(=O)c2ccc(OCc3cc(Br)cc(Br)c3)cc2)C(=O)NO)c1)NCCC[C@@H](NS(=O)(=O)c1ccc(OCc2cc(Br)cc(Br)c2)cc1)C(=O)NO,ADAM10,0,0,1,0,0,0,0,0,0,0,0,0,0,0,0,0
CHEMBL5268367,CHEMBL1972,4.89,0,CCN(Cc1cc(=O)n(CC2CC2)c(C)n1)c1ccc(F)cc1,GRIN2A,0,0,0,0,0,0,0,0,1,0,0,0,0,0,0,0
CHEMBL526896,CHEMBL1808,8.49,1,C[C@H](CS)C(=O)N1[C@@H](SCc2cccc3ccccc23)CC[C@H]1C(=O)O,ACE,1,0,0,0,0,0,0,0,0,0,0,0,0,0,0,0
CHEMBL5271717,CHEMBL1904,4.81,0,CCc1ccc2c(c1)c1c(n2CCC(=O)N2c3ccccc3Sc3ccccc32)CCN(C)C1,GRIN2B,0,0,0,0,0,0,0,0,0,1,0,0,0,0,0,0
CHEMBL5272105,CHEMBL1972,4.64,0,CCN(Cc1cc(C)n(CC2CCC2)c(=O)c1)c1ccc(F)cc1,GRIN2A,0,0,0,0,0,0,0,0,1,0,0,0,0,0,0,0
CHEMBL5272286,CHEMBL1972,6.96,1,CCN(Cc1cc(C)n(C[C@H]2C[C@@H]2C#N)c(=O)c1)c1ccc(F)cc1,GRIN2A,0,0,0,0,0,0,0,0,1,0,0,0,0,0,0,0
CHEMBL5273123,CHEMBL1972,6.05,1,Cc1cc(Cn2nc(Br)cc2Cl)cc(=O)n1C[C@H]1C[C@@H]1C#N,GRIN2A,0,0,0,0,0,0,0,0,1,0,0,0,0,0,0,0
CHEMBL52733,CHEMBL1808,7.75,1,C[C@H]1Oc2ccccc2N(CCC(=O)O)C(=O)[C@H]1NC(=O)[C@@H](S)Cc1ccccc1,ACE,1,0,0,0,0,0,0,0,0,0,0,0,0,0,0,0
CHEMBL5273633,CHEMBL1904,4.4,0,CCN1CCc2c(c3cc(C)ccc3n2-c2c(C(F)(F)F)nc3ccccn23)C1,GRIN2B,0,0,0,0,0,0,0,0,0,1,0,0,0,0,0,0
CHEMBL5276957,CHEMBL5028,4.56,0,O=C(NCCC[C@@H](NS(=O)(=O)c1ccc(OCc2cc(Br)cc(Br)c2)cc1)C(=O)NO)NCCC[C@@H](NS(=O)(=O)c1ccc(OCc2cc(Br)cc(Br)c2)cc1)C(=O)NO,ADAM10,0,0,1,0,0,0,0,0,0,0,0,0,0,0,0,0
CHEMBL5277145,CHEMBL1904,4.49,0,Cc1ccc2c(c1)c1c(n2CCC(=O)N(C)c2c(C(F)(F)F)nc3cc(C)ccn23)CCN(C)C1,GRIN2B,0,0,0,0,0,0,0,0,0,1,0,0,0,0,0,0
CHEMBL5278624,CHEMBL1972,4.89,0,CCc1cc(CN(CC)c2ccc(F)cc2)cc(=O)n1CC1CC1,GRIN2A,0,0,0,0,0,0,0,0,1,0,0,0,0,0,0,0
CHEMBL5283335,CHEMBL5028,5.0,0,O=C(NCCC[C@@H](NS(=O)(=O)c1ccc(OCc2cc(Br)cc(Br)c2)cc1)C(=O)NO)c1cccc(C(=O)NCCC[C@@H](NS(=O)(=O)c2ccc(OCc3cc(Br)cc(Br)c3)cc2)C(=O)NO)c1,ADAM10,0,0,1,0,0,0,0,0,0,0,0,0,0,0,0,0
CHEMBL5289176,CHEMBL1972,4.92,0,CCCc1cc(CN(CC)c2ccc(F)cc2)cc(=O)n1CC1CC1,GRIN2A,0,0,0,0,0,0,0,0,1,0,0,0,0,0,0,0
CHEMBL534479,CHEMBL238,7.02,1,CCOC(=O)C(c1ccccc1)C1CCCCN1.Cl,SLC6A3,0,0,0,0,0,0,0,0,0,0,0,0,0,0,0,1
CHEMBL534932,CHEMBL1914,8.32,1,CC1=CC2Cc3nc4cc(Cl)ccc4c(NCCCCCCCCNc4c5c(nc6ccccc46)CCCC5)c3C(C1)C2.Cl.Cl,BCHE,0,0,0,0,0,1,0,0,0,0,0,0,0,0,0,0
CHEMBL535812,CHEMBL1914,8.26,1,CCC1=CC2Cc3nc4ccccc4c(NCCCCCCCCNc4c5c(nc6ccccc46)CCCC5)c3C(C1)C2.Cl.Cl,BCHE,0,0,0,0,0,1,0,0,0,0,0,0,0,0,0,0
CHEMBL536047,CHEMBL1914,6.63,1,CC1=CC2Cc3nc4cc(Cl)ccc4c(N)c3C(C1)C2.Cl,BCHE,0,0,0,0,0,1,0,0,0,0,0,0,0,0,0,0
CHEMBL537908,CHEMBL1914,6.05,1,Cl.O=C(CCC1CCN(Cc2ccccc2)CC1)c1ccc2[nH]c(-c3ccccc3)nc2c1,BCHE,0,0,0,0,0,1,0,0,0,0,0,0,0,0,0,0
CHEMBL538405,CHEMBL238,9.14,1,Fc1ccc(C(OCCC2CCN(Cc3cc4ccccc4[nH]3)CC2)c2ccc(F)cc2)cc1,SLC6A3,0,0,0,0,0,0,0,0,0,0,0,0,0,0,0,1
CHEMBL538573,CHEMBL1914,8.13,1,CC1=CC2Cc3nc4cc(Cl)ccc4c(NCCCCCCCNc4c5c(nc6cc(Cl)ccc46)CCCC5)c3C(C1)C2.Cl.Cl,BCHE,0,0,0,0,0,1,0,0,0,0,0,0,0,0,0,0
CHEMBL53879,CHEMBL1808,7.89,1,C[C@H]1Oc2ccccc2N(CC(=O)O)C(=O)[C@H]1NC(=O)[C@@H](S)Cc1ccccc1,ACE,1,0,0,0,0,0,0,0,0,0,0,0,0,0,0,0
CHEMBL538852,CHEMBL1914,6.18,1,CNC(=O)Oc1ccc2c(c1)[C@]1(C)CC[N@@+](C)([O-])[C@@H]1N2C.Cl,BCHE,0,0,0,0,0,1,0,0,0,0,0,0,0,0,0,0
CHEMBL539045,CHEMBL1914,7.61,1,CNC(=O)Oc1cccc(CN(C)CCCOc2ccccc2)c1.Cl,BCHE,0,0,0,0,0,1,0,0,0,0,0,0,0,0,0,0
CHEMBL539045,CHEMBL220,7.1,1,CNC(=O)Oc1cccc(CN(C)CCCOc2ccccc2)c1.Cl,ACHE,0,1,0,0,0,0,0,0,0,0,0,0,0,0,0,0
CHEMBL539050,CHEMBL238,7.16,1,CN(C)C[C@@H](c1ccc2ccccc2c1)[C@@H](O)c1ccccc1.Cl,SLC6A3,0,0,0,0,0,0,0,0,0,0,0,0,0,0,0,1
CHEMBL539051,CHEMBL1914,7.1,1,CCC1=CC2Cc3nc4ccccc4c(N)c3C(C1)C2.Cl,BCHE,0,0,0,0,0,1,0,0,0,0,0,0,0,0,0,0
CHEMBL539054,CHEMBL238,6.47,1,Cc1cc(C)c([C@H](O)[C@@H](CN)c2ccccc2)c(C)c1.Cl,SLC6A3,0,0,0,0,0,0,0,0,0,0,0,0,0,0,0,1
CHEMBL539072,CHEMBL1914,6.83,1,CC1=CC2CC(C1)Cc1nc3ccccc3c(N)c12.Cl,BCHE,0,0,0,0,0,1,0,0,0,0,0,0,0,0,0,0
CHEMBL539109,CHEMBL220,7.47,1,CNC(=O)Oc1ccc2c(c1)[C@]1(C)CC[N+](C)(C)C1N2C.COS(=O)(=O)[O-],ACHE,0,1,0,0,0,0,0,0,0,0,0,0,0,0,0,0
CHEMBL5394862,CHEMBL1904,6.74,1,Cn1cc2cc(C#CCN3CCC(Cc4ccc(F)cc4)CC3)ccc2n1,GRIN2B,0,0,0,0,0,0,0,0,0,1,0,0,0,0,0,0
CHEMBL539564,CHEMBL238,6.85,1,Cl.NC[C@@H](c1ccc2ccccc2c1)[C@@H](O)c1ccccc1,SLC6A3,0,0,0,0,0,0,0,0,0,0,0,0,0,0,0,1
CHEMBL539599,CHEMBL1914,8.11,1,CC1=CC2Cc3nc4cc(Cl)ccc4c(NCCCCCCCCNc4c5c(nc6cc(Cl)ccc46)CCCC5)c3C(C1)C2.Cl.Cl,BCHE,0,0,0,0,0,1,0,0,0,0,0,0,0,0,0,0
CHEMBL5396018,CHEMBL1904,7.54,1,Cn1ncc2cc(C#CCN3CCC(Cc4ccc(F)cc4)CC3)ccc21,GRIN2B,0,0,0,0,0,0,0,0,0,1,0,0,0,0,0,0
CHEMBL5398972,CHEMBL1904,7.75,1,O=C(CCN1CCC(Cc2ccccc2)CC1)c1ccc2[nH]ncc2c1,GRIN2B,0,0,0,0,0,0,0,0,0,1,0,0,0,0,0,0
CHEMBL54014,CHEMBL1914,6.22,1,Cc1ccccc1NC(=O)Oc1ccc2c(c1)[C@]1(C)CCN(C)C1N2Cc1ccccc1,BCHE,0,0,0,0,0,1,0,0,0,0,0,0,0,0,0,0
CHEMBL5403196,CHEMBL1904,6.87,1,Cn1cc2cc(C#CCN3CCC(Cc4ccccc4)CC3)ccc2n1,GRIN2B,0,0,0,0,0,0,0,0,0,1,0,0,0,0,0,0
CHEMBL54036,CHEMBL1808,7.55,1,O=C(O)CN1C(=O)[C@@H](NC(=O)[C@@H](S)Cc2ccccc2)COc2ccccc21,ACE,1,0,0,0,0,0,0,0,0,0,0,0,0,0,0,0
CHEMBL5406518,CHEMBL1904,7.7,1,O=C(CCN1CCC(Cc2ccccc2F)CC1)c1ccc2[nH]ncc2c1,GRIN2B,0,0,0,0,0,0,0,0,0,1,0,0,0,0,0,0
CHEMBL540674,CHEMBL1808,6.8,1,O=C(CC(S)C(F)(F)F)NC(Cc1ccc(O)cc1)C(=O)O,ACE,1,0,0,0,0,0,0,0,0,0,0,0,0,0,0,0
CHEMBL540833,CHEMBL1914,7.47,1,CNC(=O)Oc1ccc2c(c1)CN(CCCOc1ccc3c(=O)c4ccccc4oc3c1)CC2.Cl,BCHE,0,0,0,0,0,1,0,0,0,0,0,0,0,0,0,0
CHEMBL540833,CHEMBL220,7.91,1,CNC(=O)Oc1ccc2c(c1)CN(CCCOc1ccc3c(=O)c4ccccc4oc3c1)CC2.Cl,ACHE,0,1,0,0,0,0,0,0,0,0,0,0,0,0,0,0
CHEMBL5408501,CHEMBL1904,7.38,1,Fc1ccc(CC2CCN(C/C=C\c3ccc4[nH]ncc4c3)CC2)cc1,GRIN2B,0,0,0,0,0,0,0,0,0,1,0,0,0,0,0,0
CHEMBL5409908,CHEMBL1904,7.6,1,Fc1ccccc1CC1CCN(CC#Cc2ccc3[nH]ncc3c2)CC1,GRIN2B,0,0,0,0,0,0,0,0,0,1,0,0,0,0,0,0
CHEMBL5410173,CHEMBL1904,8.24,1,c1ccc(CC2CCN(CCCc3ccc4[nH]ncc4c3)CC2)cc1,GRIN2B,0,0,0,0,0,0,0,0,0,1,0,0,0,0,0,0
CHEMBL5410339,CHEMBL1904,7.5,1,OC(CCN1CCC(Cc2ccc(F)cc2)CC1)c1ccc2[nH]ncc2c1,GRIN2B,0,0,0,0,0,0,0,0,0,1,0,0,0,0,0,0
CHEMBL54126,CHEMBL220,7.66,1,CN(C)C(=O)Oc1cccc([N+](C)(C)C)c1.[Br-],ACHE,0,1,0,0,0,0,0,0,0,0,0,0,0,0,0,0
CHEMBL541344,CHEMBL1914,6.9,1,CC1=CC2Cc3nc4ccccc4c(N)c3C(C1)C2.Cl,BCHE,0,0,0,0,0,1,0,0,0,0,0,0,0,0,0,0
CHEMBL5416465,CHEMBL1904,8.38,1,Nc1nccn1Cc1cn(-c2ccc(Cl)c(C(=O)C(F)F)c2)nn1,GRIN2B,0,0,0,0,0,0,0,0,0,1,0,0,0,0,0,0
CHEMBL5416753,CHEMBL1904,7.42,1,OC(CCN1CCC(Cc2ccccc2F)CC1)c1ccc2[nH]ncc2c1,GRIN2B,0,0,0,0,0,0,0,0,0,1,0,0,0,0,0,0
CHEMBL5417143,CHEMBL1904,7.03,1,O[C@@H](CCN1CCC(Cc2ccccc2)CC1)c1ccc2[nH]ncc2c1,GRIN2B,0,0,0,0,0,0,0,0,0,1,0,0,0,0,0,0
CHEMBL5421604,CHEMBL1904,8.18,1,C(=C/c1ccc2[nH]ncc2c1)\CN1CCC(Cc2ccccc2)CC1,GRIN2B,0,0,0,0,0,0,0,0,0,1,0,0,0,0,0,0
CHEMBL542220,CHEMBL1914,6.69,1,CNC(=O)Oc1cccc(CN(C)CCCOc2ccc3ccccc3c2)c1.Cl,BCHE,0,0,0,0,0,1,0,0,0,0,0,0,0,0,0,0
CHEMBL542220,CHEMBL220,7.08,1,CNC(=O)Oc1cccc(CN(C)CCCOc2ccc3ccccc3c2)c1.Cl,ACHE,0,1,0,0,0,0,0,0,0,0,0,0,0,0,0,0
CHEMBL5423529,CHEMBL1904,7.7,1,Fc1ccc(CC2CCN(C/C=C/c3ccc4[nH]ncc4c3)CC2)cc1,GRIN2B,0,0,0,0,0,0,0,0,0,1,0,0,0,0,0,0
CHEMBL542467,CHEMBL1914,7.32,1,CNC(=O)Oc1cccc(CN(C)CCCCCCCCCOc2ccc3c(=O)c4ccccc4oc3c2)c1.Cl,BCHE,0,0,0,0,0,1,0,0,0,0,0,0,0,0,0,0
CHEMBL542467,CHEMBL220,7.93,1,CNC(=O)Oc1cccc(CN(C)CCCCCCCCCOc2ccc3c(=O)c4ccccc4oc3c2)c1.Cl,ACHE,0,1,0,0,0,0,0,0,0,0,0,0,0,0,0,0
CHEMBL542497,CHEMBL1914,7.2,1,CCC1=CC2CC(C1)Cc1nc3ccccc3c(N)c12.Cl,BCHE,0,0,0,0,0,1,0,0,0,0,0,0,0,0,0,0
CHEMBL542501,CHEMBL238,4.67,0,CN(C)C[C@@H](c1ccccc1)[C@@H](O)C(C)(C)C.Cl,SLC6A3,0,0,0,0,0,0,0,0,0,0,0,0,0,0,0,1
CHEMBL5425955,CHEMBL1904,7.42,1,Cn1ncc2cc(C#CCN3CCC(Cc4ccccc4)CC3)ccc21,GRIN2B,0,0,0,0,0,0,0,0,0,1,0,0,0,0,0,0
CHEMBL542746,CHEMBL238,4.62,0,Cl.NC[C@@H](c1ccccc1)[C@@H](O)c1ccccc1,SLC6A3,0,0,0,0,0,0,0,0,0,0,0,0,0,0,0,1
CHEMBL5429038,CHEMBL1904,7.46,1,Fc1ccc(CC2CCN(CC#Cc3ccc4cn[nH]c4c3)CC2)cc1,GRIN2B,0,0,0,0,0,0,0,0,0,1,0,0,0,0,0,0
CHEMBL542933,CHEMBL238,8.3,1,Cl.Fc1ccc(C(OCCN2CCN(CCCc3ccccc3)CC2)c2ccc(F)cc2)cc1,SLC6A3,0,0,0,0,0,0,0,0,0,0,0,0,0,0,0,1
CHEMBL5431988,CHEMBL1904,7.25,1,O=C(CCN1CCC(Cc2ccc(F)cc2)CC1)c1ccc2[nH]ncc2c1,GRIN2B,0,0,0,0,0,0,0,0,0,1,0,0,0,0,0,0
CHEMBL5432037,CHEMBL1904,7.42,1,OC(CCN1CCC(Cc2ccccc2)CC1)c1ccc2[nH]ncc2c1,GRIN2B,0,0,0,0,0,0,0,0,0,1,0,0,0,0,0,0
CHEMBL5432456,CHEMBL1904,7.89,1,Fc1ccc(CC2CCN(CCCc3ccc4[nH]ncc4c3)CC2)cc1,GRIN2B,0,0,0,0,0,0,0,0,0,1,0,0,0,0,0,0
CHEMBL5435194,CHEMBL1904,7.89,1,Fc1ccc(CC2CCN(CC#Cc3ccc4[nH]ncc4c3)CC2)cc1,GRIN2B,0,0,0,0,0,0,0,0,0,1,0,0,0,0,0,0
CHEMBL5435354,CHEMBL1904,6.58,1,O[C@H](CCN1CCC(Cc2ccccc2)CC1)c1ccc2[nH]ncc2c1,GRIN2B,0,0,0,0,0,0,0,0,0,1,0,0,0,0,0,0
CHEMBL5435626,CHEMBL1904,7.28,1,C(#Cc1ccc2cn[nH]c2c1)CN1CCC(Cc2ccccc2)CC1,GRIN2B,0,0,0,0,0,0,0,0,0,1,0,0,0,0,0,0
CHEMBL543655,CHEMBL1914,7.78,1,CNC(=O)Oc1cccc(CN(C)CCCCCCCOc2ccc3c(=O)c4ccccc4oc3c2)c1.Cl,BCHE,0,0,0,0,0,1,0,0,0,0,0,0,0,0,0,0
CHEMBL543655,CHEMBL220,9.49,1,CNC(=O)Oc1cccc(CN(C)CCCCCCCOc2ccc3c(=O)c4ccccc4oc3c2)c1.Cl,ACHE,0,1,0,0,0,0,0,0,0,0,0,0,0,0,0,0
CHEMBL543711,CHEMBL1914,6.51,1,Cl.c1ccc(-c2ccc(NCCCCCN3CCc4ccccc4C3)nn2)cc1,BCHE,0,0,0,0,0,1,0,0,0,0,0,0,0,0,0,0
CHEMBL543711,CHEMBL220,4.33,0,Cl.c1ccc(-c2ccc(NCCCCCN3CCc4ccccc4C3)nn2)cc1,ACHE,0,1,0,0,0,0,0,0,0,0,0,0,0,0,0,0
CHEMBL543925,CHEMBL238,6.47,1,CN(C)C[C@@H](c1ccc2ccccc2c1)[C@@H](O)C(C)(C)C.Cl,SLC6A3,0,0,0,0,0,0,0,0,0,0,0,0,0,0,0,1
CHEMBL5440346,CHEMBL1904,6.92,1,C(=C\c1ccc2[nH]ncc2c1)\CN1CCC(Cc2ccccc2)CC1,GRIN2B,0,0,0,0,0,0,0,0,0,1,0,0,0,0,0,0
CHEMBL5441115,CHEMBL1904,7.92,1,Oc1ccc(C#CCN2CCC(Cc3ccc(F)cc3)CC2)cc1,GRIN2B,0,0,0,0,0,0,0,0,0,1,0,0,0,0,0,0
CHEMBL544126,CHEMBL1914,7.66,1,CNC(=O)Oc1cccc(CN(C)CCCOc2cccc(Cc3ccccc3)c2)c1.Cl,BCHE,0,0,0,0,0,1,0,0,0,0,0,0,0,0,0,0
CHEMBL544126,CHEMBL220,7.61,1,CNC(=O)Oc1cccc(CN(C)CCCOc2cccc(Cc3ccccc3)c2)c1.Cl,ACHE,0,1,0,0,0,0,0,0,0,0,0,0,0,0,0,0
CHEMBL54420,CHEMBL1914,8.08,1,CC(C)c1ccc(NC(=O)Oc2ccc3c(c2)[C@]2(C)CCNC2N3C)cc1,BCHE,0,0,0,0,0,1,0,0,0,0,0,0,0,0,0,0
CHEMBL544370,CHEMBL238,8.96,1,Cl.OC1(c2ccc3c(c2)OCO3)c2ccccc2C2=NCCCN21,SLC6A3,0,0,0,0,0,0,0,0,0,0,0,0,0,0,0,1
CHEMBL544592,CHEMBL1914,7.61,1,CNC(=O)Oc1cccc(CN(C)CCCOc2ccc(C(=O)c3ccccc3)cc2)c1.Cl,BCHE,0,0,0,0,0,1,0,0,0,0,0,0,0,0,0,0
CHEMBL544592,CHEMBL220,8.27,1,CNC(=O)Oc1cccc(CN(C)CCCOc2ccc(C(=O)c3ccccc3)cc2)c1.Cl,ACHE,0,1,0,0,0,0,0,0,0,0,0,0,0,0,0,0
CHEMBL544633,CHEMBL238,4.38,0,Cc1cc(C)c([C@H](O)[C@@H](CN(C)C)c2ccccc2)c(C)c1.Cl,SLC6A3,0,0,0,0,0,0,0,0,0,0,0,0,0,0,0,1
CHEMBL54470,CHEMBL1914,9.0,1,CC(C)c1ccc(NC(=O)Oc2ccc3c(c2)[C@]2(C)CCNC2N3)cc1,BCHE,0,0,0,0,0,1,0,0,0,0,0,0,0,0,0,0
CHEMBL544823,CHEMBL1914,7.5,1,CNC(=O)Oc1cccc(CN(C)CCCCCCCCCCOc2ccc3c(=O)c4ccccc4oc3c2)c1.Cl,BCHE,0,0,0,0,0,1,0,0,0,0,0,0,0,0,0,0
CHEMBL544823,CHEMBL220,7.66,1,CNC(=O)Oc1cccc(CN(C)CCCCCCCCCCOc2ccc3c(=O)c4ccccc4oc3c2)c1.Cl,ACHE,0,1,0,0,0,0,0,0,0,0,0,0,0,0,0,0
CHEMBL545557,CHEMBL238,4.57,0,CC(C)(C)[C@H](O)[C@@H](CN)c1ccc2ccccc2c1.Cl,SLC6A3,0,0,0,0,0,0,0,0,0,0,0,0,0,0,0,1
CHEMBL54577,CHEMBL1914,8.22,1,CC(C)c1ccc(NC(=O)Oc2ccc3c(c2)[C@]2(C)CCN(CCc4ccccc4)C2N3C)cc1,BCHE,0,0,0,0,0,1,0,0,0,0,0,0,0,0,0,0
CHEMBL54727,CHEMBL220,7.62,1,CN1CC[C@@]2(C)c3cc(OC(=O)Nc4ccccc4)ccc3N(C)C12,ACHE,0,1,0,0,0,0,0,0,0,0,0,0,0,0,0,0
CHEMBL54864,CHEMBL1914,6.4,1,Cc1ccccc1NC(=O)Oc1ccc2c(c1)[C@]1(C)CCNC1N2,BCHE,0,0,0,0,0,1,0,0,0,0,0,0,0,0,0,0
CHEMBL549,CHEMBL238,4.78,0,CN(C)CCCC1(c2ccc(F)cc2)OCc2cc(C#N)ccc21,SLC6A3,0,0,0,0,0,0,0,0,0,0,0,0,0,0,0,1
CHEMBL551145,CHEMBL1808,6.52,1,O=C(CC(S)C(F)(F)F)NC(Cc1ccc(F)cc1)C(=O)O,ACE,1,0,0,0,0,0,0,0,0,0,0,0,0,0,0,0
CHEMBL551622,CHEMBL1808,6.4,1,O=C(CC(S)C(F)(F)F)NC(Cc1c[nH]c2ccccc12)C(=O)O,ACE,1,0,0,0,0,0,0,0,0,0,0,0,0,0,0,0
CHEMBL55286,CHEMBL1808,4.92,0,CC(C)CC(S)C(Cc1ccccc1)C(=O)NC(C)C(=O)O,ACE,1,0,0,0,0,0,0,0,0,0,0,0,0,0,0,0
CHEMBL55317,CHEMBL1904,6.93,1,c1ccc(CCCNC2Cc3ccccc3C2)cc1,GRIN2B,0,0,0,0,0,0,0,0,0,1,0,0,0,0,0,0
CHEMBL553187,CHEMBL1914,6.47,1,CN(CCCCCNc1ccc(-c2ccccc2)nn1)Cc1ccccc1.Cl,BCHE,0,0,0,0,0,1,0,0,0,0,0,0,0,0,0,0
CHEMBL553187,CHEMBL220,6.03,1,CN(CCCCCNc1ccc(-c2ccccc2)nn1)Cc1ccccc1.Cl,ACHE,0,1,0,0,0,0,0,0,0,0,0,0,0,0,0,0
CHEMBL553212,CHEMBL220,4.75,0,C[n+]1ccn(CCN2CCCC2)c1/C=N/O.[Cl-],ACHE,0,1,0,0,0,0,0,0,0,0,0,0,0,0,0,0
CHEMBL55380,CHEMBL2487,9.05,1,CN(C)c1ccc(-c2nc3ccc(I)cc3s2)cc1,APP,0,0,0,0,1,0,0,0,0,0,0,0,0,0,0,0
CHEMBL553803,CHEMBL1914,6.28,1,CNC(=O)Oc1cccc(CN(C)CC#CCOc2ccc3c(=O)c4ccccc4oc3c2)c1.Cl,BCHE,0,0,0,0,0,1,0,0,0,0,0,0,0,0,0,0
CHEMBL553803,CHEMBL220,6.68,1,CNC(=O)Oc1cccc(CN(C)CC#CCOc2ccc3c(=O)c4ccccc4oc3c2)c1.Cl,ACHE,0,1,0,0,0,0,0,0,0,0,0,0,0,0,0,0
CHEMBL555214,CHEMBL1914,7.85,1,CC1=CC2Cc3nc4cc(Cl)ccc4c(NCCCCCCNc4c5c(nc6cc(Cl)ccc46)CCCC5)c3C(C1)C2.Cl.Cl,BCHE,0,0,0,0,0,1,0,0,0,0,0,0,0,0,0,0
CHEMBL555666,CHEMBL1914,8.11,1,CC1=CC2Cc3nc4cc(Cl)ccc4c(NCCCCCCNc4c5c(nc6ccccc46)CCCC5)c3C(C1)C2.Cl.Cl,BCHE,0,0,0,0,0,1,0,0,0,0,0,0,0,0,0,0
CHEMBL55583,CHEMBL1808,6.1,1,CCC(C)C(CC(S)Cc1ccccc1)C(=O)NC(Cc1ccc(O)cc1)C(=O)O,ACE,1,0,0,0,0,0,0,0,0,0,0,0,0,0,0,0
CHEMBL556025,CHEMBL238,4.92,0,CN(C)C[C@@H](c1ccccc1)[C@@H](O)c1ccccc1.Cl,SLC6A3,0,0,0,0,0,0,0,0,0,0,0,0,0,0,0,1
CHEMBL556775,CHEMBL1808,4.6,0,Cl.NC(Cc1ccccc1)C(=O)CCC(=O)N1CCC[C@H]1C(=O)O,ACE,1,0,0,0,0,0,0,0,0,0,0,0,0,0,0,0
CHEMBL557155,CHEMBL1914,8.17,1,CC1=CC2Cc3nc4cc(Cl)ccc4c(NCCCCCCCNc4c5c(nc6ccccc46)CCCC5)c3C(C1)C2.Cl.Cl,BCHE,0,0,0,0,0,1,0,0,0,0,0,0,0,0,0,0
CHEMBL557405,CHEMBL1914,7.6,1,CNC(=O)Oc1cccc(CN(C)CCCCCCCCOc2ccc3c(=O)c4ccccc4oc3c2)c1.Cl,BCHE,0,0,0,0,0,1,0,0,0,0,0,0,0,0,0,0
CHEMBL557405,CHEMBL220,8.17,1,CNC(=O)Oc1cccc(CN(C)CCCCCCCCOc2ccc3c(=O)c4ccccc4oc3c2)c1.Cl,ACHE,0,1,0,0,0,0,0,0,0,0,0,0,0,0,0,0
CHEMBL5575976,CHEMBL5028,4.48,0,Cn1nccc1[C@]1(CNC(=O)c2ccc(F)c(F)c2-c2ccc(C(F)(F)F)cc2)NC(=O)NC1=O,ADAM10,0,0,1,0,0,0,0,0,0,0,0,0,0,0,0,0
CHEMBL558146,CHEMBL1808,6.0,1,O=C(CC(S)C(F)(F)C(F)(F)F)NC(Cc1ccccc1)C(=O)O,ACE,1,0,0,0,0,0,0,0,0,0,0,0,0,0,0,0
CHEMBL560409,CHEMBL1808,6.55,1,O=C(CC(S)C(F)(F)F)NC(Cc1ccccc1)C(=O)NC(Cc1ccc(O)cc1)C(=O)O,ACE,1,0,0,0,0,0,0,0,0,0,0,0,0,0,0,0
CHEMBL560685,CHEMBL1808,6.08,1,O=C(CC(S)C(F)(F)F)NC(Cc1ccccc1)C(=O)O,ACE,1,0,0,0,0,0,0,0,0,0,0,0,0,0,0,0
CHEMBL565281,CHEMBL2487,7.66,1,COc1ccc(/C=C/c2cccc(I)c2)cc1,APP,0,0,0,0,1,0,0,0,0,0,0,0,0,0,0,0
CHEMBL5653589,CHEMBL6067090,7.02,1,Cc1ccc(C(=O)Nc2cccc(C(F)(F)F)c2)cc1Nc1nc(-c2cccnc2)nc2nn(C)cc12,CDK5,0,0,0,0,0,0,1,0,0,0,0,0,0,0,0,0
CHEMBL565623,CHEMBL2487,8.11,1,CN(C)c1ccc(/C=C/c2ccccc2I)cc1,APP,0,0,0,0,1,0,0,0,0,0,0,0,0,0,0,0
CHEMBL565657,CHEMBL2487,8.64,1,CN(C)c1ccc(/C=C/c2nc3ccccc3s2)cc1,APP,0,0,0,0,1,0,0,0,0,0,0,0,0,0,0,0
CHEMBL565658,CHEMBL2487,7.91,1,CNc1ccc(/C=C/c2ccc(OCCCCCCCCCCCCCCCCCCCCF)cc2)cc1,APP,0,0,0,0,1,0,0,0,0,0,0,0,0,0,0,0
CHEMBL566233,CHEMBL5028,7.96,1,O=C(NO)[C@H]1C[C@H](OC(=O)N2CCCC2)CN[C@@H]1C(=O)N1CCN(c2ccccc2)CC1,ADAM10,0,0,1,0,0,0,0,0,0,0,0,0,0,0,0,0
CHEMBL566296,CHEMBL2487,8.36,1,CNc1ccc(/C=C/c2ccc(OCCCCCCCCF)cc2)cc1,APP,0,0,0,0,1,0,0,0,0,0,0,0,0,0,0,0
CHEMBL566354,CHEMBL2487,8.42,1,CN(C)c1ccc2nc(-c3ccc(F)cc3)sc2c1,APP,0,0,0,0,1,0,0,0,0,0,0,0,0,0,0,0
CHEMBL566709,CHEMBL2487,8.54,1,CNc1ccc(/C=C/c2ccc(OCCCCF)cc2)cc1,APP,0,0,0,0,1,0,0,0,0,0,0,0,0,0,0,0
CHEMBL566711,CHEMBL2487,8.05,1,CNc1ccc(/C=C/c2ccc(OCCCCCCCCCCCCCCCCF)cc2)cc1,APP,0,0,0,0,1,0,0,0,0,0,0,0,0,0,0,0
CHEMBL566723,CHEMBL2487,8.65,1,CNc1ccc(/C=C/c2ccc(OCCCCCCF)cc2)cc1,APP,0,0,0,0,1,0,0,0,0,0,0,0,0,0,0,0
CHEMBL566752,CHEMBL2487,8.65,1,CNc1ccc(/C=C/c2ccc(OCCOCCOCC[18F])cc2)cc1,APP,0,0,0,0,1,0,0,0,0,0,0,0,0,0,0,0
CHEMBL566917,CHEMBL2487,8.09,1,CNc1ccc(/C=C/c2ccc(OCCCCCCCCCCCCCCF)cc2)cc1,APP,0,0,0,0,1,0,0,0,0,0,0,0,0,0,0,0
CHEMBL567614,CHEMBL2487,7.5,1,Oc1ccc(/C=C/c2cccc(I)c2)cc1,APP,0,0,0,0,1,0,0,0,0,0,0,0,0,0,0,0
CHEMBL567628,CHEMBL1808,8.42,1,O=C(N[C@@H](Cc1ccccc1)P(=O)(O)C[C@H](Cc1cc(-c2ccccc2)no1)C(=O)N[C@@H](Cc1ccccc1)C(=O)O)OCc1ccccc1,ACE,1,0,0,0,0,0,0,0,0,0,0,0,0,0,0,0
CHEMBL567746,CHEMBL2487,8.35,1,CN(C)c1ccc(/C=C/c2cccc(I)c2)cc1,APP,0,0,0,0,1,0,0,0,0,0,0,0,0,0,0,0
CHEMBL567747,CHEMBL2487,8.3,1,CNc1ccc(/C=C/c2ccc(OCC(CO)C[18F])cc2)cc1,APP,0,0,0,0,1,0,0,0,0,0,0,0,0,0,0,0
CHEMBL567893,CHEMBL1808,5.0,0,COC(=O)[C@@H]1CCCN1C(=O)[C@@H](Cc1ccccc1)N(C)C(=O)[C@H](C)NC(=O)[C@@H](NC(=O)C[C@H](O)[C@H](CC(C)C)NC(=O)[C@H](CC(N)=O)NC(=O)[C@H](CC(C)C)NC(=O)[C@H](OC(=O)[C@@H](OC(=O)[C@H](C(C)C)N(C)C)C(C)C)C(C)C)[C@@H](C)O,ACE,1,0,0,0,0,0,0,0,0,0,0,0,0,0,0,0
CHEMBL567893,CHEMBL5028,5.0,0,COC(=O)[C@@H]1CCCN1C(=O)[C@@H](Cc1ccccc1)N(C)C(=O)[C@H](C)NC(=O)[C@@H](NC(=O)C[C@H](O)[C@H](CC(C)C)NC(=O)[C@H](CC(N)=O)NC(=O)[C@H](CC(C)C)NC(=O)[C@H](OC(=O)[C@@H](OC(=O)[C@H](C(C)C)N(C)C)C(C)C)C(C)C)[C@@H](C)O,ADAM10,0,0,1,0,0,0,0,0,0,0,0,0,0,0,0,0
CHEMBL567939,CHEMBL5028,6.86,1,CC(C)C(=O)N(C)C1CN[C@H](C(=O)N2CC[C@H](c3ccccc3)C2)[C@@H](C(=O)NO)C1,ADAM10,0,0,1,0,0,0,0,0,0,0,0,0,0,0,0,0
CHEMBL567940,CHEMBL5028,7.24,1,CN(C)C(=O)O[C@H]1C[C@H](C(=O)NO)[C@@H](C(=O)N2CCN(c3ccccc3)CC2)N(C)C1,ADAM10,0,0,1,0,0,0,0,0,0,0,0,0,0,0,0,0
CHEMBL568061,CHEMBL2487,8.0,1,Nc1ccc2nc(-c3ccc(F)cc3)sc2c1,APP,0,0,0,0,1,0,0,0,0,0,0,0,0,0,0,0
CHEMBL568346,CHEMBL5028,7.22,1,O=C(NO)[C@H]1C[C@H](OC(=O)N2CCCC2)CN[C@@H]1C(=O)N1CC=C(c2ccccc2)C1,ADAM10,0,0,1,0,0,0,0,0,0,0,0,0,0,0,0,0
CHEMBL568356,CHEMBL5028,6.79,1,NCCCCNC(=O)CC1CN[C@H](C(=O)N2CCC(c3ccccc3)C2)[C@@H](C(=O)NO)C1,ADAM10,0,0,1,0,0,0,0,0,0,0,0,0,0,0,0,0
CHEMBL568553,CHEMBL5028,4.06,0,CC[C@H](NC(=O)[C@@H](NC(=O)C[C@H](O)[C@H](CC(C)C)NC(=O)[C@H](CC(N)=O)NC(=O)[C@H](CC(C)C)NC(=O)[C@H](OC(=O)[C@@H](OC(=O)[C@H](C(C)C)N(C)C)C(C)C)C(C)C)[C@@H](C)O)C(=O)N(C)[C@H](Cc1ccccc1)C(=O)N1CCC[C@H]1C(=O)OC,ADAM10,0,0,1,0,0,0,0,0,0,0,0,0,0,0,0,0
CHEMBL569166,CHEMBL5028,7.77,1,O=C(NO)[C@H]1CC(CC(=O)N2CCCC2)CN[C@@H]1C(=O)N1CC=C(c2ccccc2)CC1,ADAM10,0,0,1,0,0,0,0,0,0,0,0,0,0,0,0,0
CHEMBL569388,CHEMBL5028,8.05,1,O=C(NO)[C@H]1CC(OC(=O)N2CCCC2)CN[C@@H]1C(=O)N1CC=C(c2ccccc2)CC1,ADAM10,0,0,1,0,0,0,0,0,0,0,0,0,0,0,0,0
CHEMBL569389,CHEMBL5028,6.9,1,CN1C[C@@H](OC(=O)N2CCC(F)(F)C2)C[C@H](C(=O)NO)[C@H]1C(=O)N1CCN(c2ccccc2)CC1,ADAM10,0,0,1,0,0,0,0,0,0,0,0,0,0,0,0,0
CHEMBL569802,CHEMBL1904,7.57,1,N#Cc1cccc2c1C=Cc1ncc(N3CCCCC3)cc1C2O,GRIN2B,0,0,0,0,0,0,0,0,0,1,0,0,0,0,0,0
CHEMBL569853,CHEMBL5028,7.64,1,CC(C)C(=O)N(C)C1CN[C@H](C(=O)N2CC=C(c3ccccc3)CC2)[C@@H](C(=O)NO)C1,ADAM10,0,0,1,0,0,0,0,0,0,0,0,0,0,0,0,0
CHEMBL570378,CHEMBL2487,8.77,1,CNc1ccc(-c2nc3ccc(O)cc3s2)cn1,APP,0,0,0,0,1,0,0,0,0,0,0,0,0,0,0,0
CHEMBL570606,CHEMBL2487,8.22,1,CNc1ccc(/C=C/c2ccc(OCCCCCCCCCCF)cc2)cc1,APP,0,0,0,0,1,0,0,0,0,0,0,0,0,0,0,0
CHEMBL570608,CHEMBL2487,7.2,1,CNc1ccc(/C=C/c2ccc(OCCCCCCCCCCCCCCCCCCCCCCCCF)cc2)cc1,APP,0,0,0,0,1,0,0,0,0,0,0,0,0,0,0,0
CHEMBL570610,CHEMBL2487,8.7,1,CN(C)c1ccc(/C=C/c2ccc(I)cc2)cc1,APP,0,0,0,0,1,0,0,0,0,0,0,0,0,0,0,0
CHEMBL570613,CHEMBL1904,8.05,1,N#Cc1cccc2c1C=Cc1ncc(-c3ccccc3)cc1C2O,GRIN2B,0,0,0,0,0,0,0,0,0,1,0,0,0,0,0,0
CHEMBL570704,CHEMBL1808,7.7,1,O=C(N[C@@H](Cc1ccccc1)P(=O)(O)CC(CC1CC(c2ccc(C(F)(F)F)cc2)=NO1)C(=O)N[C@@H](Cc1c[nH]c2ccccc12)C(=O)O)OCc1ccccc1,ACE,1,0,0,0,0,0,0,0,0,0,0,0,0,0,0,0
CHEMBL570718,CHEMBL1808,9.4,1,O=C(N[C@@H](Cc1ccccc1)P(=O)(O)C[C@@H](Cc1cc(-c2ccccc2)no1)C(=O)N[C@@H](Cc1ccccc1)C(=O)O)OCc1ccccc1,ACE,1,0,0,0,0,0,0,0,0,0,0,0,0,0,0,0
CHEMBL570722,CHEMBL1808,7.6,1,O=C(N[C@@H](Cc1ccccc1)P(=O)(O)CC(CC1CC(c2ccc(-c3ccccc3)cc2)=NO1)C(=O)N[C@@H](Cc1c[nH]c2ccccc12)C(=O)O)OCc1ccccc1,ACE,1,0,0,0,0,0,0,0,0,0,0,0,0,0,0,0
CHEMBL570732,CHEMBL1808,9.39,1,O=C(N[C@@H](Cc1ccccc1)P(=O)(O)C[C@@H](Cc1cc(-c2ccccc2)no1)C(=O)N[C@@H](Cc1ccc(O)cc1)C(=O)O)OCc1ccccc1,ACE,1,0,0,0,0,0,0,0,0,0,0,0,0,0,0,0
CHEMBL570740,CHEMBL1808,7.92,1,O=C(N[C@@H](Cc1ccccc1)P(=O)(O)CC(Cc1ccc(-c2ccccc2)cc1)C(=O)N[C@@H](Cc1c[nH]c2ccccc12)C(=O)O)OCc1ccccc1,ACE,1,0,0,0,0,0,0,0,0,0,0,0,0,0,0,0
CHEMBL570760,CHEMBL5028,7.92,1,CN(C(=O)c1ccccc1)C1CN[C@H](C(=O)N2CC=C(c3ccccc3)CC2)[C@@H](C(=O)NO)C1,ADAM10,0,0,1,0,0,0,0,0,0,0,0,0,0,0,0,0
CHEMBL570811,CHEMBL1808,8.3,1,C[C@H](NC(=O)C(CC1CC(c2ccccc2)=NO1)CP(=O)(O)[C@H](Cc1ccccc1)NC(=O)OCc1ccccc1)C(=O)O,ACE,1,0,0,0,0,0,0,0,0,0,0,0,0,0,0,0
CHEMBL570842,CHEMBL1808,7.89,1,O=C(N[C@@H](Cc1ccccc1)P(=O)(O)CC(CC1CC(c2ccccc2)=NO1)C(=O)N[C@@H](Cc1c[nH]c2ccccc12)C(=O)O)OCc1ccccc1,ACE,1,0,0,0,0,0,0,0,0,0,0,0,0,0,0,0
CHEMBL570843,CHEMBL1808,7.8,1,O=C(N[C@@H](Cc1ccccc1)P(=O)(O)CC(Cc1cc(-c2ccccc2)no1)C(=O)N[C@@H](Cc1c[nH]c2ccccc12)C(=O)O)OCc1ccccc1,ACE,1,0,0,0,0,0,0,0,0,0,0,0,0,0,0,0
CHEMBL570953,CHEMBL1808,9.19,1,O=C(N[C@@H](Cc1ccccc1)P(=O)(O)C[C@H](Cc1cc(-c2ccccc2)no1)C(=O)N[C@@H](Cc1ccc(O)cc1)C(=O)O)OCc1ccccc1,ACE,1,0,0,0,0,0,0,0,0,0,0,0,0,0,0,0
CHEMBL571716,CHEMBL1808,8.52,1,O=C(N[C@@H](Cc1ccccc1)P(=O)(O)[C@@H]1CCC[C@H]1C(=O)N[C@@H](Cc1c[nH]c2ccccc12)C(=O)O)OCc1ccccc1,ACE,1,0,0,0,0,0,0,0,0,0,0,0,0,0,0,0
CHEMBL57200,CHEMBL1808,4.62,0,CC(=O)SCC(C)C(=O)N1Cc2ccccc2C1C(=O)O,ACE,1,0,0,0,0,0,0,0,0,0,0,0,0,0,0,0
CHEMBL57202,CHEMBL1808,4.31,0,CC(=O)SCC(C)C(=O)N1CCc2ccccc2C1,ACE,1,0,0,0,0,0,0,0,0,0,0,0,0,0,0,0
CHEMBL572045,CHEMBL5028,7.58,1,CN1C[C@@H](OC(=O)N2CCCCCCC2)C[C@H](C(=O)NO)[C@H]1C(=O)N1CCN(c2ccccc2)CC1,ADAM10,0,0,1,0,0,0,0,0,0,0,0,0,0,0,0,0
CHEMBL572091,CHEMBL5028,7.52,1,CN1C[C@@H](OC(=O)N2CC=CC2)C[C@H](C(=O)NO)[C@H]1C(=O)N1CCN(c2ccccc2)CC1,ADAM10,0,0,1,0,0,0,0,0,0,0,0,0,0,0,0,0
CHEMBL572301,CHEMBL5028,7.96,1,CC(C)OC(=O)N(C)C1CN[C@H](C(=O)N2CC=C(c3ccccc3)CC2)[C@@H](C(=O)NO)C1,ADAM10,0,0,1,0,0,0,0,0,0,0,0,0,0,0,0,0
CHEMBL572302,CHEMBL5028,7.46,1,CN1C[C@@H](OC(=O)N2CCCCCC2)C[C@H](C(=O)NO)[C@H]1C(=O)N1CCN(c2ccccc2)CC1,ADAM10,0,0,1,0,0,0,0,0,0,0,0,0,0,0,0,0
CHEMBL5739950,CHEMBL2783,9.0,1,O=C1NCC2(CCCCC2)n2c1cc1cnc(Nc3ccc(C(=O)N4CCNCC4)cc3)nc12,CDK5R1,0,0,0,0,0,0,0,1,0,0,0,0,0,0,0,0
CHEMBL5740696,CHEMBL1904,6.45,1,O=C1Cc2cc(C(=O)CN3C[C@@H]4C[C@@](O)(Cc5ccccc5)C[C@@H]4C3)ccc2N1,GRIN2B,0,0,0,0,0,0,0,0,0,1,0,0,0,0,0,0
CHEMBL5746157,CHEMBL6066548,6.31,1,Cc1cnc2cc(C(=O)NC[C@@H](N)C(=O)O)sc2c1C,GRIN3B,0,0,0,0,0,0,0,0,0,0,0,0,1,0,0,0
CHEMBL5746994,CHEMBL1904,5.0,0,Cc1ccc(NC(=O)N2C[C@@H]3C[C@@](O)(c4ccc(F)cc4)C[C@@H]3C2)cc1,GRIN2B,0,0,0,0,0,0,0,0,0,1,0,0,0,0,0,0
CHEMBL5747530,CHEMBL1904,5.0,0,COc1cccc(NC(=O)N2C[C@@H]3C[C@@](O)(c4ccc(F)cc4)C[C@@H]3C2)c1,GRIN2B,0,0,0,0,0,0,0,0,0,1,0,0,0,0,0,0
CHEMBL5747791,CHEMBL2783,8.22,1,NS(=O)(=O)c1ccc(Nc2ncc3cc4n(c3n2)C2(C=NN4)CCCCC2)cc1,CDK5R1,0,0,0,0,0,0,0,1,0,0,0,0,0,0,0,0
CHEMBL5748319,CHEMBL1904,5.0,0,COC(=O)c1ccc(NC(=O)N2C[C@@H]3C[C@@](O)(c4ccc(C(C)(C)C)cc4)C[C@@H]3C2)cc1,GRIN2B,0,0,0,0,0,0,0,0,0,1,0,0,0,0,0,0
CHEMBL5748972,CHEMBL1904,5.0,0,O=C(CN1C[C@@H]2C[C@@](O)(c3ccccc3)C[C@@H]2C1)c1cccc(F)c1,GRIN2B,0,0,0,0,0,0,0,0,0,1,0,0,0,0,0,0
CHEMBL5757509,CHEMBL1904,5.0,0,COc1cccc([C@]2(O)C[C@H]3CN(CC(O)c4ccc(Cl)cc4Cl)C[C@H]3C2)c1,GRIN2B,0,0,0,0,0,0,0,0,0,1,0,0,0,0,0,0
CHEMBL5758296,CHEMBL1904,5.0,0,Cc1ccc(NC(=O)N2C[C@H]3C[C@@H](c4ccccc4)C[C@H]3C2)c(C)c1,GRIN2B,0,0,0,0,0,0,0,0,0,1,0,0,0,0,0,0
CHEMBL5759206,CHEMBL1904,5.0,0,OC(CN1C[C@H]2C[C@@H](c3ccccc3)C[C@H]2C1)c1cccc(C(F)(F)F)c1,GRIN2B,0,0,0,0,0,0,0,0,0,1,0,0,0,0,0,0
CHEMBL5759978,CHEMBL1904,5.0,0,COC(=O)c1ccc(NC(=O)N2C[C@@H]3C[C@@](O)(c4cccc(OC)c4)C[C@@H]3C2)cc1,GRIN2B,0,0,0,0,0,0,0,0,0,1,0,0,0,0,0,0
CHEMBL5760180,CHEMBL4109,4.48,0,Cc1sc(NC(=O)c2ccc(C(C)(C)C)cc2)c(C(=O)O)c1C,GRIN2C,0,0,0,0,0,0,0,0,0,0,1,0,0,0,0,0
CHEMBL576061,CHEMBL5028,7.85,1,O=C(NO)[C@H]1CC(CC(=O)N2CCCC2)CN[C@@H]1C(=O)N1CC[C@H](c2ccccc2)C1,ADAM10,0,0,1,0,0,0,0,0,0,0,0,0,0,0,0,0
CHEMBL5760869,CHEMBL1904,5.0,0,COc1ccccc1CNC(=O)N1C[C@@H]2C[C@@](O)(c3ccccc3)C[C@@H]2C1,GRIN2B,0,0,0,0,0,0,0,0,0,1,0,0,0,0,0,0
CHEMBL5763079,CHEMBL1904,5.0,0,COc1ccc(NC(=O)N2C[C@@H]3C[C@@](O)(c4ccc(C#N)cc4)C[C@@H]3C2)cc1,GRIN2B,0,0,0,0,0,0,0,0,0,1,0,0,0,0,0,0
CHEMBL576655,CHEMBL2487,8.12,1,CNc1ccc(/C=C/c2ccc(OCCCCCCCCCCCCF)cc2)cc1,APP,0,0,0,0,1,0,0,0,0,0,0,0,0,0,0,0
CHEMBL5766979,CHEMBL1904,5.0,0,CC(C)(C)c1ccc([C@]2(O)C[C@H]3CN(CC(O)c4cccc(F)c4)C[C@H]3C2)cc1,GRIN2B,0,0,0,0,0,0,0,0,0,1,0,0,0,0,0,0
CHEMBL5768429,CHEMBL1904,5.0,0,C[C@@]12CN(CC(=O)c3ccccc3)C[C@]1(C)C[C@@](O)(c1ccccc1)C2,GRIN2B,0,0,0,0,0,0,0,0,0,1,0,0,0,0,0,0
CHEMBL577,CHEMBL1808,8.92,1,C[C@H](N[C@@H](CCc1ccccc1)C(=O)O)C(=O)N1CCC[C@H]1C(=O)O,ACE,1,0,0,0,0,0,0,0,0,0,0,0,0,0,0,0
CHEMBL5773702,CHEMBL1904,5.0,0,COc1cccc([C@]2(O)C[C@H]3CN(C(=O)Nc4ccccc4)C[C@H]3C2)c1,GRIN2B,0,0,0,0,0,0,0,0,0,1,0,0,0,0,0,0
CHEMBL5776705,CHEMBL2783,7.92,1,NS(=O)(=O)c1ccc(Nc2ncc3cc4n(c3n2)C2(CCCCC2)C(=O)N[C@@H]4CF)cc1,CDK5R1,0,0,0,0,0,0,0,1,0,0,0,0,0,0,0,0
CHEMBL5776779,CHEMBL1904,5.0,0,[C-]#[N+]c1cccc(NC(=O)N2C[C@@H]3C[C@@](O)(Cc4ccccc4)C[C@@H]3C2)c1,GRIN2B,0,0,0,0,0,0,0,0,0,1,0,0,0,0,0,0
CHEMBL5777194,CHEMBL1904,5.0,0,CC(C)(O)c1ccc(C(=O)CN2C[C@@H]3C[C@@](O)(Cc4ccccc4)C[C@@H]3C2)cc1,GRIN2B,0,0,0,0,0,0,0,0,0,1,0,0,0,0,0,0
CHEMBL577753,CHEMBL1808,8.85,1,O=C(N[C@@H](Cc1ccccc1)P(=O)(O)C[C@@H](Cc1cc(-c2ccccc2)no1)C(=O)N[C@@H](Cc1c[nH]c2ccccc12)C(=O)O)OCc1ccccc1,ACE,1,0,0,0,0,0,0,0,0,0,0,0,0,0,0,0
CHEMBL577754,CHEMBL1808,8.44,1,O=C(N[C@@H](Cc1ccccc1)P(=O)(O)C[C@H](Cc1cc(-c2ccccc2)no1)C(=O)N[C@@H](Cc1c[nH]c2ccccc12)C(=O)O)OCc1ccccc1,ACE,1,0,0,0,0,0,0,0,0,0,0,0,0,0,0,0
CHEMBL5778396,CHEMBL2783,7.15,1,CN1CCN(S(=O)(=O)c2ccc(Nc3ncc4cc5n(c4n3)C3(CCCCC3)C(=O)NC5O)cc2)CC1,CDK5R1,0,0,0,0,0,0,0,1,0,0,0,0,0,0,0,0
CHEMBL5779811,CHEMBL1904,5.0,0,Cc1cccc(NC(=O)N2C[C@@H]3C[C@@](O)(Cc4ccccc4)C[C@@H]3C2)c1,GRIN2B,0,0,0,0,0,0,0,0,0,1,0,0,0,0,0,0
CHEMBL5781070,CHEMBL2783,7.32,1,CC1=NNc2cc3cnc(Nc4ccc(S(N)(=O)=O)cc4)nc3n2C12CCCCC2,CDK5R1,0,0,0,0,0,0,0,1,0,0,0,0,0,0,0,0
CHEMBL5782535,CHEMBL6066548,6.06,1,CCOc1ccnc2cc(C(=O)NC[C@@H](N)C(=O)O)sc12,GRIN3B,0,0,0,0,0,0,0,0,0,0,0,0,1,0,0,0
CHEMBL5782639,CHEMBL1904,5.0,0,CC(C(O)c1ccc(O)cc1)N1C[C@@H]2C[C@@](O)(c3ccccc3)C[C@@H]2C1,GRIN2B,0,0,0,0,0,0,0,0,0,1,0,0,0,0,0,0
CHEMBL5783711,CHEMBL1904,5.0,0,COc1cccc([C@]2(O)C[C@H]3CN(CC(=O)c4cccc(F)c4)C[C@H]3C2)c1,GRIN2B,0,0,0,0,0,0,0,0,0,1,0,0,0,0,0,0
CHEMBL5784343,CHEMBL4109,4.29,0,Cc1sc(NC(=O)c2ccc(C(C)(C)C)cc2)c(C(N)=O)c1C,GRIN2C,0,0,0,0,0,0,0,0,0,0,1,0,0,0,0,0
CHEMBL5786215,CHEMBL1904,6.43,1,O=C(CN1C[C@@H]2C[C@@](O)(Cc3ccccc3)C[C@@H]2C1)c1ccc(O)c(F)c1,GRIN2B,0,0,0,0,0,0,0,0,0,1,0,0,0,0,0,0
CHEMBL5786976,CHEMBL1904,5.0,0,COc1cccc([C@]2(O)C[C@H]3CN(C(C)C(O)c4ccc(O)cc4)C[C@H]3C2)c1,GRIN2B,0,0,0,0,0,0,0,0,0,1,0,0,0,0,0,0
CHEMBL5788700,CHEMBL1904,5.0,0,CC(C(=O)c1ccc(O)cc1)N1C[C@@H]2C[C@@](O)(c3ccccc3)C[C@@H]2C1,GRIN2B,0,0,0,0,0,0,0,0,0,1,0,0,0,0,0,0
CHEMBL5788753,CHEMBL1904,5.0,0,Cc1cccc(N2C[C@@H]3C[C@@](O)(c4ccc(F)cc4)C[C@@H]3C2)n1,GRIN2B,0,0,0,0,0,0,0,0,0,1,0,0,0,0,0,0
CHEMBL5789690,CHEMBL6066548,6.44,1,N[C@H](CNC(=O)c1cc2nccc(C(F)(F)F)c2s1)C(=O)O,GRIN3B,0,0,0,0,0,0,0,0,0,0,0,0,1,0,0,0
CHEMBL578982,CHEMBL2487,8.39,1,CNc1ccc2nc(-c3ccc(F)cc3)sc2c1,APP,0,0,0,0,1,0,0,0,0,0,0,0,0,0,0,0
CHEMBL579,CHEMBL1808,9.1,1,C[C@H](N[C@@H](CCc1ccccc1)C(=O)O)C(=O)N1CC2(C[C@H]1C(=O)O)SCCS2,ACE,1,0,0,0,0,0,0,0,0,0,0,0,0,0,0,0
CHEMBL5790814,CHEMBL1904,5.0,0,CC(C)(C)c1ccc([C@]2(O)C[C@H]3CN(C(=O)Nc4cccc(C#N)c4)C[C@H]3C2)cc1,GRIN2B,0,0,0,0,0,0,0,0,0,1,0,0,0,0,0,0
CHEMBL579205,CHEMBL2487,9.13,1,CNc1ccc(-c2nc3ccc(O)cc3s2)cc1F,APP,0,0,0,0,1,0,0,0,0,0,0,0,0,0,0,0
CHEMBL5792121,CHEMBL1904,5.0,0,O=C(CN1C[C@@H]2C[C@@](O)(c3ccccc3)C[C@@H]2C1)c1ccc(O)cc1,GRIN2B,0,0,0,0,0,0,0,0,0,1,0,0,0,0,0,0
CHEMBL5794512,CHEMBL1972,6.26,1,CC[C@]1(O)CC[C@@]2(C)[C@H](CC[C@@H]3[C@@H]2CC[C@]2(C)[C@@H]([C@H](C)[C@H](O)CCC(C)C)CC[C@@H]32)C1,GRIN2A,0,0,0,0,0,0,0,0,1,0,0,0,0,0,0,0
CHEMBL5794524,CHEMBL6066548,6.57,1,CCc1ccnc2cc(C(=O)NC[C@@H](N)C(=O)O)sc12,GRIN3B,0,0,0,0,0,0,0,0,0,0,0,0,1,0,0,0
CHEMBL5795969,CHEMBL1904,5.0,0,Cc1ccc(NC(=O)N2C[C@@H]3C[C@@](O)(c4ccccc4)C[C@@H]3C2)c(C)c1,GRIN2B,0,0,0,0,0,0,0,0,0,1,0,0,0,0,0,0
CHEMBL5796417,CHEMBL1904,5.0,0,C[C@@H](NC(=O)N1C[C@@H]2C[C@@](O)(c3ccccc3)C[C@@H]2C1)c1ccc(Cl)cc1,GRIN2B,0,0,0,0,0,0,0,0,0,1,0,0,0,0,0,0
CHEMBL5797283,CHEMBL2783,7.8,1,NS(=O)(=O)c1ccc(Nc2ncc3cc4n(c3n2)C2(CCCCC2)C(=O)N[C@H]4CF)cc1,CDK5R1,0,0,0,0,0,0,0,1,0,0,0,0,0,0,0,0
CHEMBL5800523,CHEMBL1904,5.0,0,O=C(Nc1ccc(F)cc1F)N1C[C@@H]2C[C@@](O)(c3ccccc3)C[C@@H]2C1,GRIN2B,0,0,0,0,0,0,0,0,0,1,0,0,0,0,0,0
CHEMBL5801110,CHEMBL1904,7.52,1,Oc1ccc([C@H](O)CN2C[C@@H]3C[C@@](O)(Cc4ccccc4)C[C@@H]3C2)cc1F,GRIN2B,0,0,0,0,0,0,0,0,0,1,0,0,0,0,0,0
CHEMBL5802611,CHEMBL1904,5.0,0,COc1ccc(C)cc1NC(=O)N1C[C@@H]2C[C@@](O)(c3ccccc3)C[C@@H]2C1,GRIN2B,0,0,0,0,0,0,0,0,0,1,0,0,0,0,0,0
CHEMBL58042,CHEMBL1808,8.52,1,COc1cc2c(cc1OC)CN(C(=O)C(C)NC(CCc1ccccc1)C(=O)O)C(C(=O)O)C2,ACE,1,0,0,0,0,0,0,0,0,0,0,0,0,0,0,0
CHEMBL5804682,CHEMBL6066548,7.02,1,Cc1ccnc2cc(C(=O)NC[C@@H](N)C(=O)O)sc12,GRIN3B,0,0,0,0,0,0,0,0,0,0,0,0,1,0,0,0
CHEMBL5804784,CHEMBL1904,5.0,0,CC(C)(C)c1ccc([C@]2(O)C[C@H]3CN(C(=O)Nc4ccccc4)C[C@H]3C2)cc1,GRIN2B,0,0,0,0,0,0,0,0,0,1,0,0,0,0,0,0
CHEMBL5805868,CHEMBL2783,8.22,1,CC1C(=O)Nc2cc3cnc(Nc4ccc(S(=O)(=O)N5CCN(C)CC5)cc4)nc3n2C12CCCCC2,CDK5R1,0,0,0,0,0,0,0,1,0,0,0,0,0,0,0,0
CHEMBL5806540,CHEMBL6066548,6.77,1,N[C@H](CNC(=O)c1cc2nccc(C(F)F)c2s1)C(=O)O,GRIN3B,0,0,0,0,0,0,0,0,0,0,0,0,1,0,0,0
CHEMBL5807028,CHEMBL1904,5.0,0,COc1ccc(NC(=O)N2C[C@H]3C[C@@H](c4ccccc4)C[C@H]3C2)cc1,GRIN2B,0,0,0,0,0,0,0,0,0,1,0,0,0,0,0,0
CHEMBL5808319,CHEMBL1904,5.0,0,Oc1ccc(C(O)CN2C[C@H]3C[C@@H](c4ccccc4)C[C@H]3C2)cc1,GRIN2B,0,0,0,0,0,0,0,0,0,1,0,0,0,0,0,0
CHEMBL5808524,CHEMBL2783,9.17,1,NS(=O)(=O)c1ccc(Nc2ncc3cc4n(c3n2)C2(CCCCC2)C(=O)NC4O)cc1,CDK5R1,0,0,0,0,0,0,0,1,0,0,0,0,0,0,0,0
CHEMBL5809758,CHEMBL1904,5.0,0,COc1cccc(C(O)CN2C[C@@H]3C[C@@](O)(c4cccc(OC)c4)C[C@@H]3C2)c1,GRIN2B,0,0,0,0,0,0,0,0,0,1,0,0,0,0,0,0
CHEMBL581,CHEMBL1808,8.82,1,O=C(O)[C@@H]1C[C@@H](C2CCCCC2)CN1C(=O)CP(=O)(O)CCCCc1ccccc1,ACE,1,0,0,0,0,0,0,0,0,0,0,0,0,0,0,0
CHEMBL5811553,CHEMBL1904,5.0,0,CC(=O)Nc1ccc(C(=O)CN2C[C@@H]3C[C@@](O)(Cc4ccccc4)C[C@@H]3C2)cc1,GRIN2B,0,0,0,0,0,0,0,0,0,1,0,0,0,0,0,0
CHEMBL5811892,CHEMBL1904,5.0,0,Cc1ccc(NC(=O)N2C[C@@H]3C[C@@](O)(c4ccccc4)C[C@@H]3C2)cc1,GRIN2B,0,0,0,0,0,0,0,0,0,1,0,0,0,0,0,0
CHEMBL58122,CHEMBL220,4.17,0,Nc1c2c(nc3cc([N+](=O)[O-])ccc13)-c1ccccc1C2,ACHE,0,1,0,0,0,0,0,0,0,0,0,0,0,0,0,0
CHEMBL5812991,CHEMBL2783,7.08,1,CN1CCN(C(=O)c2ccc(Nc3ncc4cc5n(c4n3)C3(CCCCC3)C(=O)NN5)cc2)CC1,CDK5R1,0,0,0,0,0,0,0,1,0,0,0,0,0,0,0,0
CHEMBL5813297,CHEMBL4109,4.72,0,CC(C)(C)c1ccc(C(=O)NC2=C(C(=O)O)C3CCCCCC3S2)cc1,GRIN2C,0,0,0,0,0,0,0,0,0,0,1,0,0,0,0,0
CHEMBL5815891,CHEMBL1904,5.0,0,Cc1ccccc1[C@]1(O)C[C@H]2CN(C(C)C(=O)c3ccc(O)cc3)C[C@H]2C1,GRIN2B,0,0,0,0,0,0,0,0,0,1,0,0,0,0,0,0
CHEMBL5816556,CHEMBL2783,7.11,1,NC(=O)c1ccc(Nc2ncc3cc4n(c3n2)C2(CCCCC2)C(=O)NN4)cc1,CDK5R1,0,0,0,0,0,0,0,1,0,0,0,0,0,0,0,0
CHEMBL5817641,CHEMBL1904,5.0,0,OC(CN1C[C@@H]2C[C@@](O)(c3ccccc3)C[C@@H]2C1)c1cccc(F)c1,GRIN2B,0,0,0,0,0,0,0,0,0,1,0,0,0,0,0,0
CHEMBL58194,CHEMBL220,6.0,1,C=CC[N+](C)(C)c1ccccc1OC.[Br-],ACHE,0,1,0,0,0,0,0,0,0,0,0,0,0,0,0,0
CHEMBL582044,CHEMBL2487,4.8,0,NC1=NC(c2ccccc2)(c2ccccc2)C2=NCCCN12,APP,0,0,0,0,1,0,0,0,0,0,0,0,0,0,0,0
CHEMBL5821315,CHEMBL1904,5.0,0,O[C@@]1(c2ccc(F)cc2)C[C@H]2CN(c3ccccn3)C[C@H]2C1,GRIN2B,0,0,0,0,0,0,0,0,0,1,0,0,0,0,0,0
CHEMBL5827895,CHEMBL1904,5.0,0,Cc1cccc(N2C[C@@H]3C[C@@](O)(c4ccccc4)C[C@@H]3C2)n1,GRIN2B,0,0,0,0,0,0,0,0,0,1,0,0,0,0,0,0
CHEMBL5828946,CHEMBL1904,5.0,0,CC(C)(C)c1ccc([C@]2(O)C[C@H]3CN(c4ccccn4)C[C@H]3C2)cc1,GRIN2B,0,0,0,0,0,0,0,0,0,1,0,0,0,0,0,0
CHEMBL5828986,CHEMBL1904,5.0,0,O=C(Nc1ccc(Cl)c(C(F)(F)F)c1)N1C[C@@H]2C[C@@](O)(c3ccc(F)cc3)C[C@@H]2C1,GRIN2B,0,0,0,0,0,0,0,0,0,1,0,0,0,0,0,0
CHEMBL5829135,CHEMBL1904,5.0,0,COc1cccc(NC(=O)N2C[C@H]3C[C@@H](c4ccccc4)C[C@H]3C2)c1,GRIN2B,0,0,0,0,0,0,0,0,0,1,0,0,0,0,0,0
CHEMBL5829639,CHEMBL1904,5.0,0,COc1cccc([C@]2(O)C[C@H]3CN(CC(O)c4cccc(F)c4)C[C@H]3C2)c1,GRIN2B,0,0,0,0,0,0,0,0,0,1,0,0,0,0,0,0
CHEMBL5831263,CHEMBL1904,5.0,0,COc1cccc([C@]2(O)C[C@H]3CN(C(=O)Nc4ccc(C)cc4C)C[C@H]3C2)c1,GRIN2B,0,0,0,0,0,0,0,0,0,1,0,0,0,0,0,0
CHEMBL5831681,CHEMBL1904,5.0,0,O=C(Nc1cccc(C(F)(F)F)c1)N1C[C@H]2C[C@@H](c3ccccc3)C[C@H]2C1,GRIN2B,0,0,0,0,0,0,0,0,0,1,0,0,0,0,0,0
CHEMBL5832650,CHEMBL1904,7.33,1,CS(=O)(=O)Nc1ccc(C(O)CN2C[C@@H]3C[C@@](O)(Cc4ccccc4)C[C@@H]3C2)cc1,GRIN2B,0,0,0,0,0,0,0,0,0,1,0,0,0,0,0,0
CHEMBL58340,CHEMBL1808,6.52,1,CCOC(=O)C(CCc1ccccc1)NC(C)C(=O)N1Cc2cc(OC)c(OC)cc2CC1C(=O)OCc1ccccc1,ACE,1,0,0,0,0,0,0,0,0,0,0,0,0,0,0,0
CHEMBL5834528,CHEMBL2783,7.77,1,NS(=O)(=O)c1ccc(Nc2ncc3cc4n(c3n2)C2(CCCCC2)C(=O)NN4)cc1,CDK5R1,0,0,0,0,0,0,0,1,0,0,0,0,0,0,0,0
CHEMBL5835800,CHEMBL4109,4.7,0,CC(C)(C)c1ccc(C(=O)Nc2sc3c(c2C(=O)O)CCCC3)cc1,GRIN2C,0,0,0,0,0,0,0,0,0,0,1,0,0,0,0,0
CHEMBL5837976,CHEMBL2783,8.85,1,NS(=O)(=O)c1ccc(Nc2ncc3cc4n(c3n2)C2(CCCCC2)CC(=O)N4)cc1,CDK5R1,0,0,0,0,0,0,0,1,0,0,0,0,0,0,0,0
CHEMBL5838972,CHEMBL2783,7.14,1,O=C(c1ccc(Nc2ncc3cc4n(c3n2)C2(CCCCC2)C(=O)NN4)cc1)N1CCNCC1,CDK5R1,0,0,0,0,0,0,0,1,0,0,0,0,0,0,0,0
CHEMBL584116,CHEMBL5028,8.02,1,CN1C[C@@H](OC(=O)N2CCCCC2)C[C@H](C(=O)NO)[C@H]1C(=O)N1CCN(c2ccccc2)CC1,ADAM10,0,0,1,0,0,0,0,0,0,0,0,0,0,0,0,0
CHEMBL584120,CHEMBL5028,7.0,1,O=C(NO)[C@H]1C[C@H](OC(=O)N2CCCC2)CN[C@@H]1C(=O)N1CCC(c2ccccc2)CC1,ADAM10,0,0,1,0,0,0,0,0,0,0,0,0,0,0,0,0
CHEMBL584334,CHEMBL5028,7.7,1,CN1C[C@@H](OC(=O)N2CCC2)C[C@H](C(=O)NO)[C@H]1C(=O)N1CCN(c2ccccc2)CC1,ADAM10,0,0,1,0,0,0,0,0,0,0,0,0,0,0,0,0
CHEMBL5843995,CHEMBL1904,5.0,0,COc1cccc([C@]2(O)C[C@H]3CN(C(=O)Nc4cccnc4)C[C@H]3C2)c1,GRIN2B,0,0,0,0,0,0,0,0,0,1,0,0,0,0,0,0
CHEMBL5845618,CHEMBL2783,7.3,1,C[C@@H]1NC(=O)C2(CCCCC2)n2c1cc1cnc(Nc3ccc(S(N)(=O)=O)cc3)nc12,CDK5R1,0,0,0,0,0,0,0,1,0,0,0,0,0,0,0,0
CHEMBL5847026,CHEMBL1904,5.0,0,COc1cccc(C(O)CN2C[C@H]3C[C@@H](c4ccccc4)C[C@H]3C2)c1,GRIN2B,0,0,0,0,0,0,0,0,0,1,0,0,0,0,0,0
CHEMBL58480,CHEMBL1808,8.51,1,CC(NC(CCc1ccccc1)C(=O)O)C(=O)N1Cc2ccccc2C1C(=O)O,ACE,1,0,0,0,0,0,0,0,0,0,0,0,0,0,0,0
CHEMBL584960,CHEMBL5028,7.08,1,CN(C(=O)c1ccccc1)C1CN[C@H](C(=O)N2CC[C@H](c3ccccc3)C2)[C@@H](C(=O)NO)C1,ADAM10,0,0,1,0,0,0,0,0,0,0,0,0,0,0,0,0
CHEMBL5850707,CHEMBL1904,4.94,0,O=C(CN1C[C@@H]2C[C@@](O)(Cc3ccccc3)C[C@@H]2C1)c1cc(F)c(O)c(F)c1,GRIN2B,0,0,0,0,0,0,0,0,0,1,0,0,0,0,0,0
CHEMBL5850737,CHEMBL1904,5.0,0,CC(C)(O)c1ccc(C(O)CN2C[C@@H]3C[C@@](O)(Cc4ccccc4)C[C@@H]3C2)cc1,GRIN2B,0,0,0,0,0,0,0,0,0,1,0,0,0,0,0,0
CHEMBL58511,CHEMBL220,5.0,0,C=CC[N+](C)(C)c1ccc(OCC(=O)c2ccc(OC)c(OC)c2)cc1.[Br-],ACHE,0,1,0,0,0,0,0,0,0,0,0,0,0,0,0,0
CHEMBL585299,CHEMBL5028,7.75,1,CN1C[C@@H](OC(=O)N2CCCC2)C[C@H](C(=O)NO)[C@H]1C(=O)N1CCN(c2ccccc2)CC1,ADAM10,0,0,1,0,0,0,0,0,0,0,0,0,0,0,0,0
CHEMBL585301,CHEMBL2487,7.73,1,CNc1ccc(/C=C/c2ccc(OCCCCCCCCCCCCCCCCCCF)cc2)cc1,APP,0,0,0,0,1,0,0,0,0,0,0,0,0,0,0,0
CHEMBL585304,CHEMBL5028,7.11,1,O=C(NO)[C@H]1C[C@@H](OC(=O)N2CCCC2)CN[C@@H]1C(=O)N1CC=C(c2ccccc2)CC1,ADAM10,0,0,1,0,0,0,0,0,0,0,0,0,0,0,0,0
CHEMBL5853764,CHEMBL1904,5.0,0,COC(=O)c1ccc(NC(=O)N2C[C@@H]3C[C@@](O)(c4ccccc4)C[C@@H]3C2)cc1,GRIN2B,0,0,0,0,0,0,0,0,0,1,0,0,0,0,0,0
CHEMBL5854358,CHEMBL1904,5.0,0,COc1ccccc1NC(=O)N1C[C@@H]2C[C@@](O)(Cc3ccccc3)C[C@@H]2C1,GRIN2B,0,0,0,0,0,0,0,0,0,1,0,0,0,0,0,0
CHEMBL5856011,CHEMBL1904,5.0,0,COc1ccc(NC(=O)N2C[C@@H]3C[C@@](O)(c4ccccc4)C[C@@H]3C2)cc1,GRIN2B,0,0,0,0,0,0,0,0,0,1,0,0,0,0,0,0
CHEMBL5857216,CHEMBL1904,5.0,0,O=C(Nc1cccc(C(F)(F)F)c1)N1C[C@@H]2C[C@@](O)(c3ccccc3)C[C@@H]2C1,GRIN2B,0,0,0,0,0,0,0,0,0,1,0,0,0,0,0,0
CHEMBL5858619,CHEMBL6066548,6.66,1,CC(C)Oc1ccnc2cc(C(=O)NC[C@@H](N)C(=O)O)sc12,GRIN3B,0,0,0,0,0,0,0,0,0,0,0,0,1,0,0,0
CHEMBL585886,CHEMBL5028,7.7,1,COC(=O)N1C[C@@H](OC(=O)N2CCCC2)C[C@H](C(=O)NO)[C@H]1C(=O)N1CCN(c2ccccc2)CC1,ADAM10,0,0,1,0,0,0,0,0,0,0,0,0,0,0,0,0
CHEMBL5859377,CHEMBL1904,5.0,0,Cc1ccccc1[C@]1(O)C[C@H]2CN(CC(O)c3cccc(C(F)(F)F)c3)C[C@H]2C1,GRIN2B,0,0,0,0,0,0,0,0,0,1,0,0,0,0,0,0
CHEMBL5859829,CHEMBL1904,5.0,0,OC(CN1C[C@@H]2C[C@@](O)(c3ccc(F)cc3)C[C@@H]2C1)c1cccc(C(F)(F)F)c1,GRIN2B,0,0,0,0,0,0,0,0,0,1,0,0,0,0,0,0
CHEMBL586042,CHEMBL5028,6.73,1,O=C(NO)[C@H]1CC(OC(=O)N2CCCC2)CN[C@@H]1C(=O)N1Cc2ccccc2C1,ADAM10,0,0,1,0,0,0,0,0,0,0,0,0,0,0,0,0
CHEMBL5860599,CHEMBL1904,6.63,1,O=C(CN1C[C@H]2C[C@@H](c3ccccc3)C[C@H]2C1)c1ccc(O)cc1,GRIN2B,0,0,0,0,0,0,0,0,0,1,0,0,0,0,0,0
CHEMBL5860675,CHEMBL1904,5.0,0,COc1cccc([C@]2(O)C[C@H]3CN(CC(O)c4ccccc4)C[C@H]3C2)c1,GRIN2B,0,0,0,0,0,0,0,0,0,1,0,0,0,0,0,0
CHEMBL5862705,CHEMBL1904,5.0,0,CC(C)(C)c1ccc([C@]2(O)C[C@H]3CN(C(=O)Nc4cccc(Cl)c4)C[C@H]3C2)cc1,GRIN2B,0,0,0,0,0,0,0,0,0,1,0,0,0,0,0,0
CHEMBL5863714,CHEMBL1904,5.0,0,CC(C(=O)c1ccc(O)cc1)N1C[C@@H]2C[C@@](O)(c3ccc(C(C)(C)C)cc3)C[C@@H]2C1,GRIN2B,0,0,0,0,0,0,0,0,0,1,0,0,0,0,0,0
CHEMBL5865495,CHEMBL1904,5.0,0,O=C(Nc1cccnc1)N1C[C@@H]2C[C@@](O)(c3ccc(F)cc3)C[C@@H]2C1,GRIN2B,0,0,0,0,0,0,0,0,0,1,0,0,0,0,0,0
CHEMBL5866003,CHEMBL1904,7.57,1,Oc1ccc(C(O)CN2C[C@@H]3C[C@@](O)(Cc4ccccc4)C[C@@H]3C2)nc1,GRIN2B,0,0,0,0,0,0,0,0,0,1,0,0,0,0,0,0
CHEMBL5866500,CHEMBL1904,5.0,0,Cc1ccc(NC(=O)N2C[C@@H]3C[C@@](O)(c4ccccc4C)C[C@@H]3C2)c(C)c1,GRIN2B,0,0,0,0,0,0,0,0,0,1,0,0,0,0,0,0
CHEMBL5867148,CHEMBL1904,5.0,0,Cc1cccc(N2C[C@@H]3C[C@@](O)(c4ccccc4C)C[C@@H]3C2)n1,GRIN2B,0,0,0,0,0,0,0,0,0,1,0,0,0,0,0,0
CHEMBL5867806,CHEMBL1904,5.0,0,OC(CN1C[C@@H]2C[C@@](O)(c3ccc(F)cc3)C[C@@H]2C1)c1ccc(Cl)cc1Cl,GRIN2B,0,0,0,0,0,0,0,0,0,1,0,0,0,0,0,0
CHEMBL5869310,CHEMBL1904,5.0,0,COc1ccc(C)cc1NC(=O)N1C[C@@H]2C[C@@](O)(c3ccc(F)cc3)C[C@@H]2C1,GRIN2B,0,0,0,0,0,0,0,0,0,1,0,0,0,0,0,0
CHEMBL58720,CHEMBL1808,6.89,1,CC(=O)SCC(C)C(=O)N1Cc2ccccc2CC1C(=O)O,ACE,1,0,0,0,0,0,0,0,0,0,0,0,0,0,0,0
CHEMBL5872971,CHEMBL1904,5.0,0,COc1cccc(NC(=O)N2C[C@@H]3C[C@@](O)(Cc4ccccc4)C[C@@H]3C2)c1,GRIN2B,0,0,0,0,0,0,0,0,0,1,0,0,0,0,0,0
CHEMBL5873813,CHEMBL1904,5.0,0,COc1ccc(C)cc1NC(=O)N1C[C@@H]2C[C@@](O)(c3ccccc3C)C[C@@H]2C1,GRIN2B,0,0,0,0,0,0,0,0,0,1,0,0,0,0,0,0
CHEMBL5875150,CHEMBL2783,7.19,1,CNC(=O)c1ccc(Nc2ncc3cc4n(c3n2)C2(CCCCC2)C(=O)NN4)cc1,CDK5R1,0,0,0,0,0,0,0,1,0,0,0,0,0,0,0,0
CHEMBL5877286,CHEMBL1904,5.0,0,COc1ccc(NC(=O)N2C[C@@H]3C[C@@](O)(c4ccccc4C)C[C@@H]3C2)cc1,GRIN2B,0,0,0,0,0,0,0,0,0,1,0,0,0,0,0,0
CHEMBL5878508,CHEMBL1904,5.0,0,O=C(Nc1ccc(Cl)c(C(F)(F)F)c1)N1C[C@H]2C[C@@H](c3ccccc3)C[C@H]2C1,GRIN2B,0,0,0,0,0,0,0,0,0,1,0,0,0,0,0,0
CHEMBL5878836,CHEMBL1904,5.0,0,COc1ccc(C(=O)CN2C[C@@H]3C[C@@](O)(Cc4ccccc4)C[C@@H]3C2)cc1,GRIN2B,0,0,0,0,0,0,0,0,0,1,0,0,0,0,0,0
CHEMBL5879275,CHEMBL6066548,6.16,1,COc1ccnc2cc(C(=O)NC[C@@H](N)C(=O)O)sc12,GRIN3B,0,0,0,0,0,0,0,0,0,0,0,0,1,0,0,0
CHEMBL5879733,CHEMBL1904,5.0,0,O[C@@]1(c2ccccc2)C[C@H]2CN(c3ccccn3)C[C@H]2C1,GRIN2B,0,0,0,0,0,0,0,0,0,1,0,0,0,0,0,0
CHEMBL5882106,CHEMBL1904,5.0,0,COc1ccccc1CNC(=O)N1C[C@H]2C[C@@H](c3ccccc3)C[C@H]2C1,GRIN2B,0,0,0,0,0,0,0,0,0,1,0,0,0,0,0,0
CHEMBL5882712,CHEMBL1904,6.86,1,O=C1CCc2cc(C(=O)CN3C[C@@H]4C[C@@](O)(Cc5ccccc5)C[C@@H]4C3)ccc2N1,GRIN2B,0,0,0,0,0,0,0,0,0,1,0,0,0,0,0,0
CHEMBL589390,CHEMBL1904,4.08,0,Cc1ccc2c(c1)c1c(n2CCc2ccc(C)nc2)CCN(C)C1,GRIN2B,0,0,0,0,0,0,0,0,0,1,0,0,0,0,0,0
CHEMBL5894287,CHEMBL1904,5.0,0,COc1cccc([C@]2(O)C[C@H]3CN(C(=O)Nc4cc(C)ccc4OC)C[C@H]3C2)c1,GRIN2B,0,0,0,0,0,0,0,0,0,1,0,0,0,0,0,0
CHEMBL5897505,CHEMBL1904,5.0,0,Cc1ccccc1[C@]1(O)C[C@H]2CN(c3ccccn3)C[C@H]2C1,GRIN2B,0,0,0,0,0,0,0,0,0,1,0,0,0,0,0,0
CHEMBL5897629,CHEMBL1904,5.0,0,Cc1ccc(NC(=O)N2C[C@@H]3C[C@@](O)(Cc4ccccc4)C[C@@H]3C2)c(C)c1,GRIN2B,0,0,0,0,0,0,0,0,0,1,0,0,0,0,0,0
CHEMBL5899140,CHEMBL1904,5.0,0,O=c1ccc(C(O)CN2C[C@@H]3C[C@@](O)(Cc4ccccc4)C[C@@H]3C2)n[nH]1,GRIN2B,0,0,0,0,0,0,0,0,0,1,0,0,0,0,0,0
CHEMBL5902228,CHEMBL1904,5.0,0,O=C(Nc1ccc(Cl)c(C(F)(F)F)c1)N1C[C@@H]2C[C@@](O)(Cc3ccccc3)C[C@@H]2C1,GRIN2B,0,0,0,0,0,0,0,0,0,1,0,0,0,0,0,0
CHEMBL590343,CHEMBL5028,7.54,1,O=C(NCCc1cccs1)[C@H](O)[C@@H](O)C(=O)N1CCCC1c1cccc(Cl)c1,ADAM10,0,0,1,0,0,0,0,0,0,0,0,0,0,0,0,0
CHEMBL5903643,CHEMBL6066548,6.75,1,N[C@H](CNC(=O)c1cc2nccc(CF)c2s1)C(=O)O,GRIN3B,0,0,0,0,0,0,0,0,0,0,0,0,1,0,0,0
CHEMBL5905752,CHEMBL1904,5.0,0,OC(CN1C[C@@H]2C[C@@](O)(c3ccccc3)C[C@@H]2C1)c1ccccc1,GRIN2B,0,0,0,0,0,0,0,0,0,1,0,0,0,0,0,0
CHEMBL5906794,CHEMBL1904,5.0,0,Cc1ccccc1[C@]1(O)C[C@H]2CN(c3cccc(C(F)(F)F)n3)C[C@H]2C1,GRIN2B,0,0,0,0,0,0,0,0,0,1,0,0,0,0,0,0
CHEMBL590830,CHEMBL2487,6.75,1,Cc1ccoc1C(=O)Nc1cccc(C2(C3CCCCC3)N=C(N)N(C)C2=O)c1,APP,0,0,0,0,1,0,0,0,0,0,0,0,0,0,0,0
CHEMBL5908367,CHEMBL1904,7.62,1,Oc1ccc([C@@H](O)CN2C[C@@H]3C[C@@](O)(Cc4ccccc4)C[C@@H]3C2)cc1,GRIN2B,0,0,0,0,0,0,0,0,0,1,0,0,0,0,0,0
CHEMBL5917047,CHEMBL1904,5.0,0,Cc1ccccc1[C@]1(O)C[C@H]2CN(C(=O)Nc3ccc(F)cc3)C[C@H]2C1,GRIN2B,0,0,0,0,0,0,0,0,0,1,0,0,0,0,0,0
CHEMBL591774,CHEMBL5028,6.13,1,O=C(NCc1cc2ccccc2o1)[C@H](O)[C@@H](O)C(=O)N1CCCC1c1ccccc1,ADAM10,0,0,1,0,0,0,0,0,0,0,0,0,0,0,0,0
CHEMBL5918322,CHEMBL1904,5.0,0,COc1ccc(C(O)CN2C[C@@H]3C[C@@](O)(c4ccccc4)C[C@@H]3C2)cc1,GRIN2B,0,0,0,0,0,0,0,0,0,1,0,0,0,0,0,0
CHEMBL5918824,CHEMBL1904,5.0,0,O=C(Nc1cccnc1)N1C[C@H]2C[C@@H](c3ccccc3)C[C@H]2C1,GRIN2B,0,0,0,0,0,0,0,0,0,1,0,0,0,0,0,0
CHEMBL59192,CHEMBL220,6.0,1,C=CC[N+](C)(C)c1cccc(OC(C)=O)c1.[Br-],ACHE,0,1,0,0,0,0,0,0,0,0,0,0,0,0,0,0
CHEMBL5920389,CHEMBL1904,5.0,0,Cc1cccc(N2C[C@@H]3C[C@@](O)(c4ccc(C(C)(C)C)cc4)C[C@@H]3C2)n1,GRIN2B,0,0,0,0,0,0,0,0,0,1,0,0,0,0,0,0
CHEMBL5921106,CHEMBL1904,5.0,0,CC(C)(O)c1ccc(C(=O)CN2C[C@@H]3C[C@@](O)(c4ccccc4)C[C@@H]3C2)cc1,GRIN2B,0,0,0,0,0,0,0,0,0,1,0,0,0,0,0,0
CHEMBL5921211,CHEMBL1904,5.0,0,CC(C)(O)c1ccc(C(O)CN2C[C@@H]3C[C@@](O)(c4ccccc4)C[C@@H]3C2)cc1,GRIN2B,0,0,0,0,0,0,0,0,0,1,0,0,0,0,0,0
CHEMBL5922532,CHEMBL1904,5.0,0,CC(C(=O)c1ccc(O)cc1)N1C[C@@H]2C[C@@](O)(c3ccc(F)cc3)C[C@@H]2C1,GRIN2B,0,0,0,0,0,0,0,0,0,1,0,0,0,0,0,0
CHEMBL5923182,CHEMBL1904,5.0,0,O=C(Cc1ccc(O)cc1)CN1C[C@@H]2C[C@@](O)(Cc3ccccc3)C[C@@H]2C1,GRIN2B,0,0,0,0,0,0,0,0,0,1,0,0,0,0,0,0
CHEMBL5923393,CHEMBL1904,5.0,0,O=C(Nc1ccc(F)cc1)N1C[C@H]2C[C@@H](c3ccccc3)C[C@H]2C1,GRIN2B,0,0,0,0,0,0,0,0,0,1,0,0,0,0,0,0
CHEMBL5923788,CHEMBL1904,5.0,0,COc1cccc([C@]2(O)C[C@H]3CN(CC(O)c4cccc(C(F)(F)F)c4)C[C@H]3C2)c1,GRIN2B,0,0,0,0,0,0,0,0,0,1,0,0,0,0,0,0
CHEMBL5926160,CHEMBL1904,7.59,1,Oc1ccc(C(O)CN2C[C@@H]3C[C@@](O)(Cc4ccccc4)C[C@@H]3C2)cc1,GRIN2B,0,0,0,0,0,0,0,0,0,1,0,0,0,0,0,0
CHEMBL5926406,CHEMBL1904,7.01,1,Oc1c(F)cc(C(O)CN2C[C@@H]3C[C@@](O)(Cc4ccccc4)C[C@@H]3C2)cc1F,GRIN2B,0,0,0,0,0,0,0,0,0,1,0,0,0,0,0,0
CHEMBL5927042,CHEMBL1904,5.0,0,COC(=O)c1ccc(NC(=O)N2C[C@H]3C[C@@H](c4ccccc4)C[C@H]3C2)cc1,GRIN2B,0,0,0,0,0,0,0,0,0,1,0,0,0,0,0,0
CHEMBL5927538,CHEMBL1904,5.0,0,CC(C)(C)c1ccc([C@]2(O)C[C@H]3CN(CC(O)c4cccc(C(F)(F)F)c4)C[C@H]3C2)cc1,GRIN2B,0,0,0,0,0,0,0,0,0,1,0,0,0,0,0,0
CHEMBL5928167,CHEMBL1904,7.57,1,Oc1ccc(C(O)CN2C[C@@H]3C[C@@](O)(Cc4ccc(F)cc4)C[C@@H]3C2)cc1,GRIN2B,0,0,0,0,0,0,0,0,0,1,0,0,0,0,0,0
CHEMBL5928203,CHEMBL1904,5.0,0,O=C(CN1C[C@@H]2C[C@@](O)(Cc3ccccc3)C[C@@H]2C1)c1ccc(=O)[nH]n1,GRIN2B,0,0,0,0,0,0,0,0,0,1,0,0,0,0,0,0
CHEMBL5929205,CHEMBL1904,5.0,0,O=C(Nc1ccccc1)N1C[C@@H]2C[C@@](O)(Cc3ccccc3)C[C@@H]2C1,GRIN2B,0,0,0,0,0,0,0,0,0,1,0,0,0,0,0,0
CHEMBL5929947,CHEMBL1904,5.0,0,O=C(Nc1cccc(C(F)(F)F)c1)N1C[C@@H]2C[C@@](O)(c3ccc(F)cc3)C[C@@H]2C1,GRIN2B,0,0,0,0,0,0,0,0,0,1,0,0,0,0,0,0
CHEMBL5931005,CHEMBL1904,5.0,0,C[C@@H](NC(=O)N1C[C@H]2C[C@@H](c3ccccc3)C[C@H]2C1)c1ccc(Cl)cc1,GRIN2B,0,0,0,0,0,0,0,0,0,1,0,0,0,0,0,0
CHEMBL5931448,CHEMBL1904,5.0,0,COC(=O)c1ccc(NC(=O)N2C[C@@H]3C[C@@](O)(c4ccccc4C)C[C@@H]3C2)cc1,GRIN2B,0,0,0,0,0,0,0,0,0,1,0,0,0,0,0,0
CHEMBL5932479,CHEMBL2783,6.92,1,CN1NC(=O)C2(CCCCC2)n2c1cc1cnc(Nc3ccc(S(N)(=O)=O)cc3)nc12,CDK5R1,0,0,0,0,0,0,0,1,0,0,0,0,0,0,0,0
CHEMBL5932925,CHEMBL2783,7.82,1,CC1C(=O)N(C)c2cc3cnc(Nc4ccc(S(N)(=O)=O)cc4)nc3n2C12CCCCC2,CDK5R1,0,0,0,0,0,0,0,1,0,0,0,0,0,0,0,0
CHEMBL5934769,CHEMBL6066548,7.2,1,N[C@H](CNC(=O)c1cc2nccc(Br)c2s1)C(=O)O,GRIN3B,0,0,0,0,0,0,0,0,0,0,0,0,1,0,0,0
CHEMBL59354,CHEMBL1808,4.32,0,CC(CS)C(=O)N1CCc2ccccc2C1,ACE,1,0,0,0,0,0,0,0,0,0,0,0,0,0,0,0
CHEMBL5936492,CHEMBL4109,4.39,0,CCc1cc(C(=O)O)c(NC(=O)c2ccc(C(C)(C)C)cc2)s1,GRIN2C,0,0,0,0,0,0,0,0,0,0,1,0,0,0,0,0
CHEMBL5936543,CHEMBL1904,5.0,0,O[C@@]1(c2ccccc2)C[C@H]2CN(c3cccc(C(F)(F)F)n3)C[C@H]2C1,GRIN2B,0,0,0,0,0,0,0,0,0,1,0,0,0,0,0,0
CHEMBL5938366,CHEMBL2783,8.7,1,CC1C(=O)Nc2cc3cnc(Nc4ccc(S(N)(=O)=O)cc4)nc3n2C12CCCCC2,CDK5R1,0,0,0,0,0,0,0,1,0,0,0,0,0,0,0,0
CHEMBL5938939,CHEMBL1904,5.0,0,Cc1ccccc1[C@]1(O)C[C@H]2CN(C(=O)Nc3cccc(C#N)c3)C[C@H]2C1,GRIN2B,0,0,0,0,0,0,0,0,0,1,0,0,0,0,0,0
CHEMBL5942142,CHEMBL1904,6.84,1,O=C1Cc2cc(C(O)CN3C[C@@H]4C[C@@](O)(Cc5ccccc5)C[C@@H]4C3)ccc2N1,GRIN2B,0,0,0,0,0,0,0,0,0,1,0,0,0,0,0,0
CHEMBL5943225,CHEMBL2783,7.96,1,CC1=NN(C)c2cc3cnc(Nc4ccc(S(N)(=O)=O)cc4)nc3n2C12CCCCC2,CDK5R1,0,0,0,0,0,0,0,1,0,0,0,0,0,0,0,0
CHEMBL5943637,CHEMBL1904,5.0,0,COc1ccc(NC(=O)N2C[C@@H]3C[C@@](O)(c4cccc(OC)c4)C[C@@H]3C2)cc1,GRIN2B,0,0,0,0,0,0,0,0,0,1,0,0,0,0,0,0
CHEMBL5944139,CHEMBL1904,5.0,0,CC(C)(C)c1ccc([C@]2(O)C[C@H]3CN(C(=O)Nc4cccc(C(F)(F)F)c4)C[C@H]3C2)cc1,GRIN2B,0,0,0,0,0,0,0,0,0,1,0,0,0,0,0,0
CHEMBL5944420,CHEMBL4109,4.8,0,Cc1ccc(-c2csc(NC(=O)c3ccc(C(C)(C)C)cc3)c2C(=O)O)cc1,GRIN2C,0,0,0,0,0,0,0,0,0,0,1,0,0,0,0,0
CHEMBL5945105,CHEMBL4109,4.35,0,CC(C)(C)c1ccc(C(=O)Nc2scc(-c3ccccc3)c2C(=O)O)cc1,GRIN2C,0,0,0,0,0,0,0,0,0,0,1,0,0,0,0,0
CHEMBL5945131,CHEMBL1904,5.0,0,O=C(Nc1cccc(Cl)c1)N1C[C@@H]2C[C@@](O)(c3ccc(F)cc3)C[C@@H]2C1,GRIN2B,0,0,0,0,0,0,0,0,0,1,0,0,0,0,0,0
CHEMBL5945627,CHEMBL2783,8.4,1,CN1CCN(C(=O)c2ccc(Nc3ncc4cc5n(c4n3)C3(CCCCC3)C(=O)NC5O)cc2)CC1,CDK5R1,0,0,0,0,0,0,0,1,0,0,0,0,0,0,0,0
CHEMBL5946694,CHEMBL1904,5.0,0,N#Cc1cccc(NC(=O)N2C[C@@H]3C[C@@](O)(c4ccc(F)cc4)C[C@@H]3C2)c1,GRIN2B,0,0,0,0,0,0,0,0,0,1,0,0,0,0,0,0
CHEMBL5947173,CHEMBL1904,5.0,0,N#Cc1cccc(NC(=O)N2C[C@@H]3C[C@@](O)(c4ccccc4)C[C@@H]3C2)c1,GRIN2B,0,0,0,0,0,0,0,0,0,1,0,0,0,0,0,0
CHEMBL5948773,CHEMBL1904,7.28,1,O=c1[nH]c2ccc(C(O)CN3C[C@@H]4C[C@@](O)(Cc5ccccc5)C[C@@H]4C3)cc2o1,GRIN2B,0,0,0,0,0,0,0,0,0,1,0,0,0,0,0,0
CHEMBL5951294,CHEMBL1904,5.0,0,O=C(Nc1ccccc1)N1C[C@H]2C[C@@H](c3ccccc3)C[C@H]2C1,GRIN2B,0,0,0,0,0,0,0,0,0,1,0,0,0,0,0,0
CHEMBL5959409,CHEMBL1904,5.0,0,O=C(Nc1ccccc1C(F)(F)F)N1C[C@@H]2C[C@@](O)(Cc3ccccc3)C[C@@H]2C1,GRIN2B,0,0,0,0,0,0,0,0,0,1,0,0,0,0,0,0
CHEMBL59628,CHEMBL220,6.77,1,Clc1ccc2c(NCc3ccccc3)c3c(nc2c1)CCCC3,ACHE,0,1,0,0,0,0,0,0,0,0,0,0,0,0,0,0
CHEMBL5966239,CHEMBL1904,5.0,0,COc1cccc([C@]2(O)C[C@H]3CN(C(=O)Nc4cccc(C(F)(F)F)c4)C[C@H]3C2)c1,GRIN2B,0,0,0,0,0,0,0,0,0,1,0,0,0,0,0,0
CHEMBL5968706,CHEMBL1904,7.36,1,O=C(CN1C[C@@H]2C[C@@](O)(Cc3ccccc3)C[C@@H]2C1)c1ccc(O)cc1,GRIN2B,0,0,0,0,0,0,0,0,0,1,0,0,0,0,0,0
CHEMBL5971028,CHEMBL1904,5.0,0,O=C(Nc1ccc(F)cc1)N1C[C@@H]2C[C@@](O)(c3ccc(F)cc3)C[C@@H]2C1,GRIN2B,0,0,0,0,0,0,0,0,0,1,0,0,0,0,0,0
CHEMBL5971929,CHEMBL1904,5.0,0,COc1ccc(NC(=O)N2C[C@@H]3C[C@@](O)(Cc4ccccc4)C[C@@H]3C2)cc1,GRIN2B,0,0,0,0,0,0,0,0,0,1,0,0,0,0,0,0
CHEMBL5977314,CHEMBL1904,5.0,0,COc1cccc(NC(=O)N2C[C@@H]3C[C@@](O)(c4cccc(OC)c4)C[C@@H]3C2)c1,GRIN2B,0,0,0,0,0,0,0,0,0,1,0,0,0,0,0,0
CHEMBL59782,CHEMBL220,7.89,1,CCCCCCCNc1c2c(nc3cc(Cl)ccc13)CCCC2,ACHE,0,1,0,0,0,0,0,0,0,0,0,0,0,0,0,0
CHEMBL5979826,CHEMBL1904,5.0,0,O=C(Nc1ccc(O)cc1)N1C[C@H]2C[C@@H](c3ccccc3)C[C@H]2C1,GRIN2B,0,0,0,0,0,0,0,0,0,1,0,0,0,0,0,0
CHEMBL5980280,CHEMBL2783,8.15,1,CN1CCN(S(=O)(=O)c2ccc(Nc3ncc4cc5n(c4n3)C3(CCCCC3)CC(=O)N5)cc2)CC1,CDK5R1,0,0,0,0,0,0,0,1,0,0,0,0,0,0,0,0
CHEMBL598081,CHEMBL2487,8.42,1,CN1C(=O)c2ccc(Nc3ccc(Br)cc3)cc2C1=O,APP,0,0,0,0,1,0,0,0,0,0,0,0,0,0,0,0
CHEMBL598082,CHEMBL2487,7.79,1,COc1ccc(Nc2ccc3c(c2)C(=O)N(C)C3=O)cc1,APP,0,0,0,0,1,0,0,0,0,0,0,0,0,0,0,0
CHEMBL598083,CHEMBL2487,7.71,1,CN1C(=O)c2ccc(Nc3ccc(O)cc3)cc2C1=O,APP,0,0,0,0,1,0,0,0,0,0,0,0,0,0,0,0
CHEMBL5981230,CHEMBL2783,7.04,1,O=C(c1ccc(Nc2ncc3cc4n(c3n2)C2(CCCCC2)C(=O)NN4)cc1)N1CCOCC1,CDK5R1,0,0,0,0,0,0,0,1,0,0,0,0,0,0,0,0
CHEMBL5982066,CHEMBL6066548,6.58,1,Cc1c(F)cnc2cc(C(=O)NC[C@@H](N)C(=O)O)sc12,GRIN3B,0,0,0,0,0,0,0,0,0,0,0,0,1,0,0,0
CHEMBL598288,CHEMBL2487,8.39,1,Cc1ccc(Nc2ccc3c(c2)C(=O)N(C)C3=O)cc1,APP,0,0,0,0,1,0,0,0,0,0,0,0,0,0,0,0
CHEMBL5983930,CHEMBL1904,5.0,0,COc1cccc([C@]2(O)C[C@H]3CN(CC(=O)c4ccccc4)C[C@H]3C2)c1,GRIN2B,0,0,0,0,0,0,0,0,0,1,0,0,0,0,0,0
CHEMBL5984386,CHEMBL1904,5.0,0,COc1cccc(NC(=O)N2C[C@@H]3C[C@@](O)(c4ccccc4)C[C@@H]3C2)c1,GRIN2B,0,0,0,0,0,0,0,0,0,1,0,0,0,0,0,0
CHEMBL5987706,CHEMBL6066548,6.85,1,N[C@H](CNC(=O)c1cc2nccc(C3CC3)c2s1)C(=O)O,GRIN3B,0,0,0,0,0,0,0,0,0,0,0,0,1,0,0,0
CHEMBL5992870,CHEMBL2783,8.52,1,CN1CCN(C(=O)c2ccc(Nc3ncc4cc5n(c4n3)C3(CCCCC3)CC(=O)N5)cc2)CC1,CDK5R1,0,0,0,0,0,0,0,1,0,0,0,0,0,0,0,0
CHEMBL5995607,CHEMBL1904,4.98,0,CC(C(O)c1ccc(O)cc1)N1C[C@@H]2C[C@@](O)(c3ccc(C(C)(C)C)cc3)C[C@@H]2C1,GRIN2B,0,0,0,0,0,0,0,0,0,1,0,0,0,0,0,0
CHEMBL5997875,CHEMBL1904,5.0,0,O=C(Nc1cccc(Cl)c1)N1C[C@@H]2C[C@@](O)(Cc3ccccc3)C[C@@H]2C1,GRIN2B,0,0,0,0,0,0,0,0,0,1,0,0,0,0,0,0
CHEMBL5997948,CHEMBL6066548,6.07,1,CCc1ccccc1-c1ccnc2cc(C(=O)NC[C@@H](N)C(=O)O)sc12,GRIN3B,0,0,0,0,0,0,0,0,0,0,0,0,1,0,0,0
CHEMBL599965,CHEMBL2487,6.09,1,CN1C(=O)C(c2ccccc2)(C2CCCCC2)N=C1N,APP,0,0,0,0,1,0,0,0,0,0,0,0,0,0,0,0
CHEMBL6002658,CHEMBL1904,5.0,0,COc1cccc(NC(=O)N2C[C@@H]3C[C@@](O)(c4ccc(C(C)(C)C)cc4)C[C@@H]3C2)c1,GRIN2B,0,0,0,0,0,0,0,0,0,1,0,0,0,0,0,0
CHEMBL6003983,CHEMBL1904,5.0,0,COc1ccc(C)cc1NC(=O)N1C[C@H]2C[C@@H](c3ccccc3)C[C@H]2C1,GRIN2B,0,0,0,0,0,0,0,0,0,1,0,0,0,0,0,0
CHEMBL6005784,CHEMBL1904,5.0,0,O=C(CN1C[C@@H]2C[C@@](O)(Cc3ccccc3)C[C@@H]2C1)c1ccc(Cl)nc1,GRIN2B,0,0,0,0,0,0,0,0,0,1,0,0,0,0,0,0
CHEMBL6005856,CHEMBL1904,5.0,0,COc1cccc([C@]2(O)C[C@H]3CN(C(=O)Nc4cccc(Cl)c4)C[C@H]3C2)c1,GRIN2B,0,0,0,0,0,0,0,0,0,1,0,0,0,0,0,0
CHEMBL6007085,CHEMBL1904,5.0,0,COc1ccc(C(=O)CN2C[C@@H]3C[C@@](O)(Cc4ccccc4)C[C@@H]3C2)cn1,GRIN2B,0,0,0,0,0,0,0,0,0,1,0,0,0,0,0,0
CHEMBL60074,CHEMBL220,6.48,1,COc1ccc(C(=O)COc2cccc([N+](C)(C)Cc3ccccc3)c2)cc1OC.[Br-],ACHE,0,1,0,0,0,0,0,0,0,0,0,0,0,0,0,0
CHEMBL6009777,CHEMBL1904,5.0,0,Oc1ccc(C(O)CN2C[C@@H]3C[C@@](O)(c4ccccc4)C[C@@H]3C2)cc1,GRIN2B,0,0,0,0,0,0,0,0,0,1,0,0,0,0,0,0
CHEMBL60119,CHEMBL220,7.0,1,Cc1ccc2c(N)c3c(nc2c1)CCCC3,ACHE,0,1,0,0,0,0,0,0,0,0,0,0,0,0,0,0
CHEMBL6013527,CHEMBL1904,5.0,0,CC(C)(C)c1ccc([C@]2(O)C[C@H]3CN(C(=O)Nc4ccc(Cl)c(C(F)(F)F)c4)C[C@H]3C2)cc1,GRIN2B,0,0,0,0,0,0,0,0,0,1,0,0,0,0,0,0
CHEMBL6014587,CHEMBL1904,5.0,0,Cc1ccccc1[C@]1(O)C[C@H]2CN(C(=O)Nc3ccccc3)C[C@H]2C1,GRIN2B,0,0,0,0,0,0,0,0,0,1,0,0,0,0,0,0
CHEMBL60167,CHEMBL220,6.17,1,Nc1c2c(nc3ccccc13)-c1ccccc1C2,ACHE,0,1,0,0,0,0,0,0,0,0,0,0,0,0,0,0
CHEMBL60180,CHEMBL220,5.0,0,COc1ccc(C(=O)COc2ccc([N+](C)(C)C)cc2)cc1OC.[Br-],ACHE,0,1,0,0,0,0,0,0,0,0,0,0,0,0,0,0
CHEMBL6020120,CHEMBL1904,5.0,0,Cc1ccc(NC(=O)N2C[C@@H]3C[C@@](O)(Cc4ccccc4)C[C@@H]3C2)cc1,GRIN2B,0,0,0,0,0,0,0,0,0,1,0,0,0,0,0,0
CHEMBL6020372,CHEMBL1904,5.0,0,O=C(Nc1ccc(F)cc1)N1C[C@@H]2C[C@@](O)(c3ccccc3)C[C@@H]2C1,GRIN2B,0,0,0,0,0,0,0,0,0,1,0,0,0,0,0,0
CHEMBL6021151,CHEMBL2783,7.52,1,CN1N=CC2(CCCCC2)n2c1cc1cnc(Nc3ccc(S(N)(=O)=O)cc3)nc12,CDK5R1,0,0,0,0,0,0,0,1,0,0,0,0,0,0,0,0
CHEMBL6025089,CHEMBL1904,6.49,1,CS(=O)(=O)Nc1ccc(C(=O)CN2C[C@@H]3C[C@@](O)(Cc4ccccc4)C[C@@H]3C2)cc1,GRIN2B,0,0,0,0,0,0,0,0,0,1,0,0,0,0,0,0
CHEMBL6026366,CHEMBL1904,7.37,1,O=C(CN1C[C@@H]2C[C@@](O)(Cc3ccc(F)cc3)C[C@@H]2C1)c1ccc(O)cc1,GRIN2B,0,0,0,0,0,0,0,0,0,1,0,0,0,0,0,0
CHEMBL6028848,CHEMBL1904,5.0,0,Cc1ccccc1[C@]1(O)C[C@H]2CN(C(=O)Nc3cccc(C(F)(F)F)c3)C[C@H]2C1,GRIN2B,0,0,0,0,0,0,0,0,0,1,0,0,0,0,0,0
CHEMBL6032004,CHEMBL1904,5.0,0,COc1ccc(C)cc1NC(=O)N1C[C@@H]2C[C@@](O)(Cc3ccccc3)C[C@@H]2C1,GRIN2B,0,0,0,0,0,0,0,0,0,1,0,0,0,0,0,0
CHEMBL6032507,CHEMBL6066548,6.66,1,CC(C)c1ccnc2cc(C(=O)NC[C@@H](N)C(=O)O)sc12,GRIN3B,0,0,0,0,0,0,0,0,0,0,0,0,1,0,0,0
CHEMBL6035748,CHEMBL1904,5.0,0,N#Cc1cccc(NC(=O)N2C[C@H]3C[C@@H](c4ccccc4)C[C@H]3C2)c1,GRIN2B,0,0,0,0,0,0,0,0,0,1,0,0,0,0,0,0
CHEMBL6036030,CHEMBL2783,6.88,1,CN(C)C(=O)c1ccc(Nc2ncc3cc4n(c3n2)C2(CCCCC2)C(=O)NN4)cc1,CDK5R1,0,0,0,0,0,0,0,1,0,0,0,0,0,0,0,0
CHEMBL6037201,CHEMBL1904,7.4,1,O=C1CCc2cc(C(O)CN3C[C@@H]4C[C@@](O)(Cc5ccccc5)C[C@@H]4C3)ccc2N1,GRIN2B,0,0,0,0,0,0,0,0,0,1,0,0,0,0,0,0
CHEMBL6038473,CHEMBL1904,5.0,0,COc1cccc([C@]2(O)C[C@H]3CN(C(=O)Nc4ccc(Cl)c(C(F)(F)F)c4)C[C@H]3C2)c1,GRIN2B,0,0,0,0,0,0,0,0,0,1,0,0,0,0,0,0
CHEMBL6038877,CHEMBL1904,7.69,1,Oc1ccc([C@H](O)CN2C[C@@H]3C[C@@](O)(Cc4ccccc4)C[C@@H]3C2)cc1,GRIN2B,0,0,0,0,0,0,0,0,0,1,0,0,0,0,0,0
CHEMBL6039053,CHEMBL4109,4.58,0,CCOc1ccc(-c2csc(NC(=O)c3ccc(C(C)(C)C)cc3)c2C(=O)O)cc1,GRIN2C,0,0,0,0,0,0,0,0,0,0,1,0,0,0,0,0
CHEMBL6040038,CHEMBL1904,5.0,0,Cc1ccccc1[C@]1(O)C[C@H]2CN(C(C)C(O)c3ccc(O)cc3)C[C@H]2C1,GRIN2B,0,0,0,0,0,0,0,0,0,1,0,0,0,0,0,0
CHEMBL6041249,CHEMBL1904,5.0,0,COc1cccc([C@]2(O)C[C@H]3CN(C(=O)Nc4ccc(C)cc4)C[C@H]3C2)c1,GRIN2B,0,0,0,0,0,0,0,0,0,1,0,0,0,0,0,0
CHEMBL6041357,CHEMBL1904,5.0,0,O=C(Nc1cccc(Cl)c1)N1C[C@@H]2C[C@@](O)(c3ccccc3)C[C@@H]2C1,GRIN2B,0,0,0,0,0,0,0,0,0,1,0,0,0,0,0,0
CHEMBL6041753,CHEMBL1904,5.0,0,COc1cccc(NC(=O)N2C[C@@H]3C[C@@](O)(c4ccccc4C)C[C@@H]3C2)c1,GRIN2B,0,0,0,0,0,0,0,0,0,1,0,0,0,0,0,0
CHEMBL6044311,CHEMBL1904,5.0,0,Cc1ccccc1[C@]1(O)C[C@H]2CN(C(=O)Nc3cccc(Cl)c3)C[C@H]2C1,GRIN2B,0,0,0,0,0,0,0,0,0,1,0,0,0,0,0,0
CHEMBL6045128,CHEMBL1904,5.0,0,Cc1ccc(NC(=O)N2C[C@@H]3C[C@@](O)(c4ccccc4C)C[C@@H]3C2)cc1,GRIN2B,0,0,0,0,0,0,0,0,0,1,0,0,0,0,0,0
CHEMBL6046522,CHEMBL1904,5.0,0,Oc1ccc(C(O)CCN2C[C@@H]3C[C@@](O)(c4ccccc4)C[C@@H]3C2)cc1,GRIN2B,0,0,0,0,0,0,0,0,0,1,0,0,0,0,0,0
CHEMBL6046771,CHEMBL1904,5.0,0,O=C(CCN1C[C@@H]2C[C@@](O)(c3ccccc3)C[C@@H]2C1)c1ccc(O)cc1,GRIN2B,0,0,0,0,0,0,0,0,0,1,0,0,0,0,0,0
CHEMBL6053022,CHEMBL1904,5.0,0,O[C@@]1(c2ccc(F)cc2)C[C@H]2CN(c3cccc(C(F)(F)F)n3)C[C@H]2C1,GRIN2B,0,0,0,0,0,0,0,0,0,1,0,0,0,0,0,0
CHEMBL6053596,CHEMBL1904,5.0,0,O=C(Nc1cccnc1)N1C[C@@H]2C[C@@](O)(c3ccccc3)C[C@@H]2C1,GRIN2B,0,0,0,0,0,0,0,0,0,1,0,0,0,0,0,0
CHEMBL6054110,CHEMBL1904,5.0,0,O=C(Nc1cccc(Cl)c1)N1C[C@H]2C[C@@H](c3ccccc3)C[C@H]2C1,GRIN2B,0,0,0,0,0,0,0,0,0,1,0,0,0,0,0,0
CHEMBL605764,CHEMBL5028,6.4,1,O=C(NCCc1cccs1)[C@H](O)[C@@H](O)C(=O)N1CCN(c2ccccc2Cl)CC1,ADAM10,0,0,1,0,0,0,0,0,0,0,0,0,0,0,0,0
CHEMBL6062440,CHEMBL1904,5.0,0,O=C(Nc1ccccc1)N1C[C@@H]2C[C@@](O)(c3ccccc3)C[C@@H]2C1,GRIN2B,0,0,0,0,0,0,0,0,0,1,0,0,0,0,0,0
CHEMBL6065434,CHEMBL1904,5.0,0,Cc1ccccc1[C@]1(O)C[C@H]2CN(C(=O)Nc3ccc(Cl)c(C(F)(F)F)c3)C[C@H]2C1,GRIN2B,0,0,0,0,0,0,0,0,0,1,0,0,0,0,0,0
CHEMBL6065800,CHEMBL2783,6.98,1,CN1CCN(S(=O)(=O)c2ccc(Nc3ncc4cc5n(c4n3)C3(CCCCC3)C(=O)NN5)cc2)CC1,CDK5R1,0,0,0,0,0,0,0,1,0,0,0,0,0,0,0,0
CHEMBL606928,CHEMBL238,6.58,1,COC(=O)C1=C(c2ccc(Cl)c(Cl)c2)CC2C[C@H](O)[C@H]1N2C,SLC6A3,0,0,0,0,0,0,0,0,0,0,0,0,0,0,0,1
CHEMBL606929,CHEMBL238,9.12,1,COC(=O)[C@@H]1C(c2ccc(Cl)c(Cl)c2)C[C@H]2C[C@@H](O)C1N2C,SLC6A3,0,0,0,0,0,0,0,0,0,0,0,0,0,0,0,1
CHEMBL606930,CHEMBL238,8.13,1,COC(=O)C1=C(c2ccc(Cl)c(Cl)c2)C[C@H]2C[C@@H](O)C1N2C,SLC6A3,0,0,0,0,0,0,0,0,0,0,0,0,0,0,0,1
CHEMBL60702,CHEMBL1808,6.28,1,CCOC(=O)C(CCc1ccccc1)NC(C)C(=O)N1Cc2cc(OC)c(OC)cc2CC1C(=O)OCC,ACE,1,0,0,0,0,0,0,0,0,0,0,0,0,0,0,0
CHEMBL607430,CHEMBL238,4.66,0,COC(=O)C1C2CC[C@H](C[C@@H]1OC(c1ccc(F)cc1)c1ccc(F)cc1)N2C,SLC6A3,0,0,0,0,0,0,0,0,0,0,0,0,0,0,0,1
CHEMBL60745,CHEMBL220,8.79,1,CC[N+](C)(C)c1cccc(O)c1.[Br-],ACHE,0,1,0,0,0,0,0,0,0,0,0,0,0,0,0,0
CHEMBL607562,CHEMBL2487,9.68,1,CN1C(=O)c2ccc(Nc3ccc([125I])cc3)cc2C1=O,APP,0,0,0,0,1,0,0,0,0,0,0,0,0,0,0,0
CHEMBL609149,CHEMBL220,6.01,1,CN(C)C(=O)Oc1ccc2c(c1)[C@]1(C)CCN(C)C1N2C,ACHE,0,1,0,0,0,0,0,0,0,0,0,0,0,0,0,0
CHEMBL609150,CHEMBL220,6.96,1,CCCCCCCCNC(=O)Oc1ccc2c(c1)[C@]1(C)CCN(C)C1N2C,ACHE,0,1,0,0,0,0,0,0,0,0,0,0,0,0,0,0
CHEMBL609440,CHEMBL220,8.35,1,COc1cc2cc(C(=O)CCc3cc[n+](Cc4ccc([N+](=O)[O-])o4)cc3)sc2cc1OC.[Br-],ACHE,0,1,0,0,0,0,0,0,0,0,0,0,0,0,0,0
CHEMBL609671,CHEMBL220,6.82,1,CCCCNC(=O)Oc1ccc2c(c1)[C@]1(C)CCN(C)C1N2C,ACHE,0,1,0,0,0,0,0,0,0,0,0,0,0,0,0,0
CHEMBL609672,CHEMBL220,4.46,0,CC(C)NC(=O)Oc1ccc2c(c1)[C@]1(C)CCN(C)C1N2C,ACHE,0,1,0,0,0,0,0,0,0,0,0,0,0,0,0,0
CHEMBL609977,CHEMBL220,7.91,1,CC[N+](C)(CCCCCC(=O)N(C)CCCCCCCCN(C)C(=O)CCCCC[N+](C)(CC)Cc1ccccc1[N+](=O)[O-])Cc1ccccc1[N+](=O)[O-].[I-].[I-],ACHE,0,1,0,0,0,0,0,0,0,0,0,0,0,0,0,0
CHEMBL610504,CHEMBL2487,9.05,1,CN1C(=O)c2ccc(Nc3ccc(I)cc3)cc2C1=O,APP,0,0,0,0,1,0,0,0,0,0,0,0,0,0,0,0
CHEMBL610505,CHEMBL2487,8.12,1,CN1C(=O)c2ccc(Nc3ccccc3)cc2C1=O,APP,0,0,0,0,1,0,0,0,0,0,0,0,0,0,0,0
CHEMBL610897,CHEMBL238,8.49,1,COC(=O)C1C2CC[C@H](C[C@@H]1c1ccc(Cl)cc1)N2C,SLC6A3,0,0,0,0,0,0,0,0,0,0,0,0,0,0,0,1
CHEMBL611148,CHEMBL1808,8.22,1,C[C@@H](CS)C(=O)N1c2ccccc2C[C@H]1C(=O)O,ACE,1,0,0,0,0,0,0,0,0,0,0,0,0,0,0,0
CHEMBL61137,CHEMBL1808,4.66,0,CC(=O)SCCC(=O)N1Cc2ccccc2C1C(=O)O,ACE,1,0,0,0,0,0,0,0,0,0,0,0,0,0,0,0
CHEMBL611732,CHEMBL1914,4.02,0,CCN(CCCCCCNc1ccc(CCc2ccc(NCCCCCCN(CC)Cc3ccccc3OC)cc2)cc1)Cc1ccccc1OC,BCHE,0,0,0,0,0,1,0,0,0,0,0,0,0,0,0,0
CHEMBL612098,CHEMBL220,4.4,0,CCN(CC)C(=O)Oc1ccc2c(c1)[C@]1(C)CCN(C)C1N2C,ACHE,0,1,0,0,0,0,0,0,0,0,0,0,0,0,0,0
CHEMBL612100,CHEMBL220,6.34,1,CN1CC[C@@]2(C)c3cc(OC(=O)NCc4ccccc4)ccc3N(C)C12,ACHE,0,1,0,0,0,0,0,0,0,0,0,0,0,0,0,0
CHEMBL61221,CHEMBL220,6.89,1,CCCCCCCNc1c2c(nc3cc(C)ccc13)CCCC2,ACHE,0,1,0,0,0,0,0,0,0,0,0,0,0,0,0,0
CHEMBL61515,CHEMBL220,5.0,0,C=CCC[N+](C)(C)c1ccccc1O.[Br-],ACHE,0,1,0,0,0,0,0,0,0,0,0,0,0,0,0,0
CHEMBL61533,CHEMBL220,7.06,1,Nc1c2c(nc3cc(F)ccc13)CCCC2,ACHE,0,1,0,0,0,0,0,0,0,0,0,0,0,0,0,0
CHEMBL61561,CHEMBL220,7.35,1,CCCCCCCNc1c2c(nc3cc(F)ccc13)CCCC2,ACHE,0,1,0,0,0,0,0,0,0,0,0,0,0,0,0,0
CHEMBL61566,CHEMBL1808,8.22,1,CCCN1CCC[C@H](NC(=O)[C@@H](S)Cc2ccccc2)C(=O)N1CC(=O)O,ACE,1,0,0,0,0,0,0,0,0,0,0,0,0,0,0,0
CHEMBL6166025,CHEMBL1972,6.92,1,CC1(F)CN(C(=O)Cn2cnc3c(c(-c4ccc(F)c(Cl)c4)cn3C3CC3)c2=O)C1,GRIN2A,0,0,0,0,0,0,0,0,1,0,0,0,0,0,0,0
CHEMBL6166025,CHEMBL2591,6.92,1,CC1(F)CN(C(=O)Cn2cnc3c(c(-c4ccc(F)c(Cl)c4)cn3C3CC3)c2=O)C1,GRIN2D,0,0,0,0,0,0,0,0,0,0,0,1,0,0,0,0
CHEMBL6166025,CHEMBL4109,6.92,1,CC1(F)CN(C(=O)Cn2cnc3c(c(-c4ccc(F)c(Cl)c4)cn3C3CC3)c2=O)C1,GRIN2C,0,0,0,0,0,0,0,0,0,0,1,0,0,0,0,0
CHEMBL61715,CHEMBL220,7.55,1,Nc1c2c(nc3cc([N+](=O)[O-])ccc13)CCCC2,ACHE,0,1,0,0,0,0,0,0,0,0,0,0,0,0,0,0
CHEMBL6174828,CHEMBL1972,4.32,0,O=C(NCc1cccnc1)c1cnc(COCc2ccc(F)c(F)c2)cn1,GRIN2A,0,0,0,0,0,0,0,0,1,0,0,0,0,0,0,0
CHEMBL6176014,CHEMBL1972,7.4,1,Cc1nc(C(=O)NCc2cccnc2)cnc1OCC(F)(F)c1cc(Cl)ccn1,GRIN2A,0,0,0,0,0,0,0,0,1,0,0,0,0,0,0,0
CHEMBL61811,CHEMBL1808,8.24,1,CC(NC(CCc1ccccc1)C(=O)O)C(=O)N1CCc2ccccc2C1C(=O)O,ACE,1,0,0,0,0,0,0,0,0,0,0,0,0,0,0,0
CHEMBL61849,CHEMBL220,6.41,1,CCCCCCCNc1c2c(nc3ccc(C)cc13)CCCC2,ACHE,0,1,0,0,0,0,0,0,0,0,0,0,0,0,0,0
CHEMBL61850,CHEMBL220,7.18,1,Nc1c2c(nc3cc(Br)ccc13)CCCC2,ACHE,0,1,0,0,0,0,0,0,0,0,0,0,0,0,0,0
CHEMBL61916,CHEMBL1808,4.24,0,CC(CS)C(=O)N1CCc2ccccc2C1C(=O)O,ACE,1,0,0,0,0,0,0,0,0,0,0,0,0,0,0,0
CHEMBL61930,CHEMBL220,6.33,1,Nc1c2c(nc3cc(Cl)c(Cl)cc13)CCCC2,ACHE,0,1,0,0,0,0,0,0,0,0,0,0,0,0,0,0
CHEMBL61965,CHEMBL220,5.0,0,COc1ccc(C(=O)COc2ccc([N+](C)(C)Cc3ccccc3)cc2)cc1OC.[Br-],ACHE,0,1,0,0,0,0,0,0,0,0,0,0,0,0,0,0
CHEMBL61986,CHEMBL220,6.34,1,CCCCCCCNc1c2c(nc3cc(OC)ccc13)CCCC2,ACHE,0,1,0,0,0,0,0,0,0,0,0,0,0,0,0,0
CHEMBL62031,CHEMBL220,5.0,0,COc1ccc(C(=O)COc2cccc([N+](C)(C)C)c2)cc1OC.[Br-],ACHE,0,1,0,0,0,0,0,0,0,0,0,0,0,0,0,0
CHEMBL62084,CHEMBL220,6.13,1,Nc1c2c(nc3ccc(Cl)cc13)CCCC2,ACHE,0,1,0,0,0,0,0,0,0,0,0,0,0,0,0,0
CHEMBL62203,CHEMBL1808,4.85,0,CC(CS)C(=O)N1Cc2ccccc2C1C(=O)O,ACE,1,0,0,0,0,0,0,0,0,0,0,0,0,0,0,0
CHEMBL623,CHEMBL238,6.44,1,CCc1nn(CCCN2CCN(c3cccc(Cl)c3)CC2)c(=O)n1CCOc1ccccc1,SLC6A3,0,0,0,0,0,0,0,0,0,0,0,0,0,0,0,1
CHEMBL62417,CHEMBL1808,8.0,1,CCCN1C(=O)CC[C@H](NC(=O)[C@@H](S)Cc2ccccc2)C(=O)N1CC(=O)O,ACE,1,0,0,0,0,0,0,0,0,0,0,0,0,0,0,0
CHEMBL62664,CHEMBL220,7.4,1,CN1CC[C@@]2(C)c3cc(OC(=O)NCCCCCCCCCCCN4CCOCC4)ccc3N(C)[C@@H]12,ACHE,0,1,0,0,0,0,0,0,0,0,0,0,0,0,0,0
CHEMBL62955,CHEMBL1808,7.6,1,CC(NP(=O)(O)CCc1ccccc1)C(=O)N1CCCC1C(=O)O,ACE,1,0,0,0,0,0,0,0,0,0,0,0,0,0,0,0
CHEMBL63001,CHEMBL1808,7.8,1,CN1CCC[C@H](NC(=O)[C@@H](S)Cc2ccccc2)C(=O)N1CC(=O)O,ACE,1,0,0,0,0,0,0,0,0,0,0,0,0,0,0,0
CHEMBL63173,CHEMBL220,4.68,0,CN1CC[C@@]2(C)c3cc(OC(=O)NCCCCN4CCOCC4)ccc3N(C)[C@@H]12,ACHE,0,1,0,0,0,0,0,0,0,0,0,0,0,0,0,0
CHEMBL636,CHEMBL1914,7.43,1,CCN(C)C(=O)Oc1cccc([C@H](C)N(C)C)c1,BCHE,0,0,0,0,0,1,0,0,0,0,0,0,0,0,0,0
CHEMBL63703,CHEMBL238,7.08,1,c1ccc(CN2CCC(NCCOC(c3ccccc3)c3ccccc3)CC2)cc1,SLC6A3,0,0,0,0,0,0,0,0,0,0,0,0,0,0,0,1
CHEMBL64011,CHEMBL220,7.22,1,CN1CC[C@@]2(C)c3cc(OC(=O)NCCCCCCCCCN4CCOCC4)ccc3N(C)[C@@H]12,ACHE,0,1,0,0,0,0,0,0,0,0,0,0,0,0,0,0
CHEMBL64465,CHEMBL220,6.12,1,Cc1ccc2c(NCc3ccccc3)c3c(nc2c1)CCCC3,ACHE,0,1,0,0,0,0,0,0,0,0,0,0,0,0,0,0
CHEMBL65018,CHEMBL220,7.1,1,CN1CC[C@@]2(C)c3cc(OC(=O)NCCCCCCCCN4CCOCC4)ccc3N(C)[C@@H]12,ACHE,0,1,0,0,0,0,0,0,0,0,0,0,0,0,0,0
CHEMBL65356,CHEMBL220,6.03,1,CN1CC[C@@]2(C)c3cc(OC(=O)NCCCCCCN4CCOCC4)ccc3N(C)[C@@H]12,ACHE,0,1,0,0,0,0,0,0,0,0,0,0,0,0,0,0
CHEMBL65545,CHEMBL1808,8.1,1,O=C(N[C@H]1CCCN2CCC[C@@H](C(=O)O)N2C1=O)[C@@H](S)Cc1ccccc1,ACE,1,0,0,0,0,0,0,0,0,0,0,0,0,0,0,0
CHEMBL65585,CHEMBL220,7.16,1,CN1CC[C@@]2(C)c3cc(OC(=O)NCCCCCCCCCCCCN4CCOCC4)ccc3N(C)[C@@H]12,ACHE,0,1,0,0,0,0,0,0,0,0,0,0,0,0,0,0
CHEMBL659,CHEMBL1914,4.75,0,COc1ccc2c3c1O[C@H]1C[C@@H](O)C=C[C@@]31CCN(C)C2,BCHE,0,0,0,0,0,1,0,0,0,0,0,0,0,0,0,0
CHEMBL659,CHEMBL220,6.1,1,COc1ccc2c3c1O[C@H]1C[C@@H](O)C=C[C@@]31CCN(C)C2,ACHE,0,1,0,0,0,0,0,0,0,0,0,0,0,0,0,0
CHEMBL66068,CHEMBL238,6.36,1,COC(=O)C1C2CCC(CC1c1cccc(I)c1)N2,SLC6A3,0,0,0,0,0,0,0,0,0,0,0,0,0,0,0,1
CHEMBL66112,CHEMBL238,7.0,1,Fc1ccc(CCN2CCCC(CNCCOC(c3ccccc3)c3ccccc3)C2)cc1,SLC6A3,0,0,0,0,0,0,0,0,0,0,0,0,0,0,0,1
CHEMBL66254,CHEMBL1808,7.92,1,O=C(N[C@H]1CCCN2CC[C@@H](C(=O)O)N2C1=O)[C@@H](S)Cc1ccccc1,ACE,1,0,0,0,0,0,0,0,0,0,0,0,0,0,0,0
CHEMBL66309,CHEMBL220,6.42,1,CN1CC[C@@]2(C)c3cc(OC(=O)NCCCCCCCN4CCOCC4)ccc3N(C)[C@@H]12,ACHE,0,1,0,0,0,0,0,0,0,0,0,0,0,0,0,0
CHEMBL66481,CHEMBL1808,8.15,1,O=C(N[C@H]1CCC(=O)N2CCC[C@@H](C(=O)O)N2C1=O)[C@@H](S)Cc1ccccc1,ACE,1,0,0,0,0,0,0,0,0,0,0,0,0,0,0,0
CHEMBL66654,CHEMBL1904,4.75,0,Cc1cccc(C#Cc2ccccc2)n1,GRIN2B,0,0,0,0,0,0,0,0,0,1,0,0,0,0,0,0
CHEMBL67024,CHEMBL238,6.96,1,Fc1ccc(CCNC2CCN(CCOC(c3ccccc3)c3ccccc3)CC2)cc1,SLC6A3,0,0,0,0,0,0,0,0,0,0,0,0,0,0,0,1
CHEMBL67078,CHEMBL238,7.16,1,c1ccc(CCCNCC2CCCN(CCOC(c3ccccc3)c3ccccc3)C2)cc1,SLC6A3,0,0,0,0,0,0,0,0,0,0,0,0,0,0,0,1
CHEMBL67203,CHEMBL238,7.75,1,c1ccc(CCCN2CCCC(CNCCOC(c3ccccc3)c3ccccc3)C2)cc1,SLC6A3,0,0,0,0,0,0,0,0,0,0,0,0,0,0,0,1
CHEMBL67387,CHEMBL238,7.56,1,COC(=O)C1C(c2cccc(I)c2)CC2CCC1N2C,SLC6A3,0,0,0,0,0,0,0,0,0,0,0,0,0,0,0,1
CHEMBL69380,CHEMBL238,7.05,1,CN(CCc1ccc(F)cc1)CC1CCCN(CCOC(c2ccccc2)c2ccccc2)C1,SLC6A3,0,0,0,0,0,0,0,0,0,0,0,0,0,0,0,1
CHEMBL69671,CHEMBL2487,7.39,1,CN(CCCF)c1ccc(-c2cn3cc(I)ccc3n2)cc1,APP,0,0,0,0,1,0,0,0,0,0,0,0,0,0,0,0
CHEMBL70894,CHEMBL2487,7.51,1,CN(CCF)c1ccc(-c2cn3cc(I)ccc3n2)cc1,APP,0,0,0,0,1,0,0,0,0,0,0,0,0,0,0,0
CHEMBL72,CHEMBL238,9.31,1,CNCCCN1c2ccccc2CCc2ccccc21,SLC6A3,0,0,0,0,0,0,0,0,0,0,0,0,0,0,0,1
CHEMBL73160,CHEMBL1914,6.51,1,Clc1ccc2c(NCCCCCCNc3c4c(nc5cc(Cl)ccc35)CCCC4)c3c(nc2c1)CCCC3,BCHE,0,0,0,0,0,1,0,0,0,0,0,0,0,0,0,0
CHEMBL73800,CHEMBL1914,7.08,1,c1ccc2c(NCCCCCCNc3c4c(nc5ccccc35)CCCC4)c3c(nc2c1)CCCC3,BCHE,0,0,0,0,0,1,0,0,0,0,0,0,0,0,0,0
CHEMBL74089,CHEMBL1914,8.7,1,CNC(=O)Oc1ccc2c(c1)[C@]1(C)CCNC1N2C,BCHE,0,0,0,0,0,1,0,0,0,0,0,0,0,0,0,0
CHEMBL74089,CHEMBL220,7.68,1,CNC(=O)Oc1ccc2c(c1)[C@]1(C)CCNC1N2C,ACHE,0,1,0,0,0,0,0,0,0,0,0,0,0,0,0,0
CHEMBL74107,CHEMBL1914,8.05,1,CCCCCCCCNC(=O)Oc1ccc2c(c1)[C@]1(C)CCN(C)[C@@H]1N2C,BCHE,0,0,0,0,0,1,0,0,0,0,0,0,0,0,0,0
CHEMBL74107,CHEMBL220,7.82,1,CCCCCCCCNC(=O)Oc1ccc2c(c1)[C@]1(C)CCN(C)[C@@H]1N2C,ACHE,0,1,0,0,0,0,0,0,0,0,0,0,0,0,0,0
CHEMBL74257,CHEMBL1914,7.26,1,CNC(=O)Oc1ccc2c(c1)[C@]1(C)CCN(Cc3ccccc3)[C@@H]1N2C,BCHE,0,0,0,0,0,1,0,0,0,0,0,0,0,0,0,0
CHEMBL74257,CHEMBL220,6.72,1,CNC(=O)Oc1ccc2c(c1)[C@]1(C)CCN(Cc3ccccc3)[C@@H]1N2C,ACHE,0,1,0,0,0,0,0,0,0,0,0,0,0,0,0,0
CHEMBL74348,CHEMBL2487,9.57,1,O=C(O)c1cc(/C=C\c2ccc(/C=C/c3ccc(O)c(C(=O)O)c3)c(Br)c2)ccc1O,APP,0,0,0,0,1,0,0,0,0,0,0,0,0,0,0,0
CHEMBL74704,CHEMBL2487,9.96,1,O=C(O)c1cc(/C=C/c2ccc(/C=C/c3ccc(O)c(C(=O)O)c3)c(Br)c2)ccc1O,APP,0,0,0,0,1,0,0,0,0,0,0,0,0,0,0,0
CHEMBL74827,CHEMBL1914,6.78,1,c1ccc2c(NCCCCCCCCNc3c4c(nc5ccccc35)CCC4)c3c(nc2c1)CCC3,BCHE,0,0,0,0,0,1,0,0,0,0,0,0,0,0,0,0
CHEMBL74874,CHEMBL2487,4.96,0,CC12CC[C@@H](C1)C(C)(C)[C@@H]2NS(=O)(=O)c1ccc(Cl)cc1,APP,0,0,0,0,1,0,0,0,0,0,0,0,0,0,0,0
CHEMBL74926,CHEMBL220,7.44,1,CN1CC[C@@]2(C)c3cc(OC(=O)Nc4ccccc4)ccc3N(C)[C@@H]12,ACHE,0,1,0,0,0,0,0,0,0,0,0,0,0,0,0,0
CHEMBL74927,CHEMBL1914,6.59,1,Fc1ccc2c(NCCCCCCCNc3c4c(nc5cc(F)ccc35)CCCC4)c3c(nc2c1)CCCC3,BCHE,0,0,0,0,0,1,0,0,0,0,0,0,0,0,0,0
CHEMBL74940,CHEMBL1914,7.35,1,Fc1ccc2c(NCCCCCCNc3c4c(nc5cc(F)ccc35)CCCC4)c3c(nc2c1)CCCC3,BCHE,0,0,0,0,0,1,0,0,0,0,0,0,0,0,0,0
CHEMBL74950,CHEMBL1914,6.64,1,COc1ccc(NC(=O)Oc2ccc3c(c2)[C@]2(C)CCN(C)[C@@H]2N3C)cc1,BCHE,0,0,0,0,0,1,0,0,0,0,0,0,0,0,0,0
CHEMBL74950,CHEMBL220,6.64,1,COc1ccc(NC(=O)Oc2ccc3c(c2)[C@]2(C)CCN(C)[C@@H]2N3C)cc1,ACHE,0,1,0,0,0,0,0,0,0,0,0,0,0,0,0,0
CHEMBL75121,CHEMBL1914,4.31,0,COc1cc2cc(-c3ccc(CN(C)Cc4ccccc4)cc3)c(=O)oc2cc1OC,BCHE,0,0,0,0,0,1,0,0,0,0,0,0,0,0,0,0
CHEMBL75183,CHEMBL2487,5.0,0,CC12CC[C@@H](C1)C(C)(C)[C@@H]2NS(=O)(=O)c1ccc(Br)cc1,APP,0,0,0,0,1,0,0,0,0,0,0,0,0,0,0,0
CHEMBL75274,CHEMBL1914,7.28,1,c1ccc2c(NCCCCCCCCNc3c4c(nc5ccccc35)CCCC4)c3c(nc2c1)CCCC3,BCHE,0,0,0,0,0,1,0,0,0,0,0,0,0,0,0,0
CHEMBL75305,CHEMBL1914,7.03,1,c1cnc2nc3c(c(NCCCCCCNc4c5c(nc6ncccc46)CCCC5)c2c1)CCCC3,BCHE,0,0,0,0,0,1,0,0,0,0,0,0,0,0,0,0
CHEMBL75729,CHEMBL1914,8.15,1,CNC(=O)Oc1ccc2c(c1)[C@]1(C)CCN(CCc3ccccc3)[C@@H]1N2C,BCHE,0,0,0,0,0,1,0,0,0,0,0,0,0,0,0,0
CHEMBL75729,CHEMBL220,6.82,1,CNC(=O)Oc1ccc2c(c1)[C@]1(C)CCN(CCc3ccccc3)[C@@H]1N2C,ACHE,0,1,0,0,0,0,0,0,0,0,0,0,0,0,0,0
CHEMBL75743,CHEMBL1914,6.62,1,CNC(=O)Oc1ccc2c(c1)[C@@]1(C)CCNC1N2,BCHE,0,0,0,0,0,1,0,0,0,0,0,0,0,0,0,0
CHEMBL75919,CHEMBL1914,4.63,0,CN1CC[C@]2(C)c3cc(OC(=O)Nc4ccccc4)ccc3N(C)C12,BCHE,0,0,0,0,0,1,0,0,0,0,0,0,0,0,0,0
CHEMBL75985,CHEMBL1914,7.64,1,c1cnc2nc3c(c(NCCCCCCCCNc4c5c(nc6ncccc46)CCCC5)c2c1)CCCC3,BCHE,0,0,0,0,0,1,0,0,0,0,0,0,0,0,0,0
CHEMBL76014,CHEMBL1914,6.48,1,c1ccc2c(NCCCCCCCNc3c4c(nc5ccccc35)CCC4)c3c(nc2c1)CCC3,BCHE,0,0,0,0,0,1,0,0,0,0,0,0,0,0,0,0
CHEMBL76112,CHEMBL2487,9.89,1,O=C(O)c1cc(/C=C\c2ccc(/C=C\c3ccc(O)c(C(=O)O)c3)c(Br)c2)ccc1O,APP,0,0,0,0,1,0,0,0,0,0,0,0,0,0,0,0
CHEMBL76135,CHEMBL1914,6.29,1,C[C@@]12CCN(Cc3ccccc3)C1N(Cc1ccccc1)c1ccc(OC(=O)Nc3ccccc3)cc12,BCHE,0,0,0,0,0,1,0,0,0,0,0,0,0,0,0,0
CHEMBL76135,CHEMBL220,4.39,0,C[C@@]12CCN(Cc3ccccc3)C1N(Cc1ccccc1)c1ccc(OC(=O)Nc3ccccc3)cc12,ACHE,0,1,0,0,0,0,0,0,0,0,0,0,0,0,0,0
CHEMBL76173,CHEMBL1914,7.23,1,c1cnc2nc3c(c(NCCCCCCCNc4c5c(nc6ncccc46)CCCC5)c2c1)CCCC3,BCHE,0,0,0,0,0,1,0,0,0,0,0,0,0,0,0,0
CHEMBL76241,CHEMBL1914,7.98,1,CNC(=O)Oc1ccc2c(c1)[C@]1(C)CCN(Cc3ccccc3)C1N2C,BCHE,0,0,0,0,0,1,0,0,0,0,0,0,0,0,0,0
CHEMBL76241,CHEMBL220,6.48,1,CNC(=O)Oc1ccc2c(c1)[C@]1(C)CCN(Cc3ccccc3)C1N2C,ACHE,0,1,0,0,0,0,0,0,0,0,0,0,0,0,0,0
CHEMBL76577,CHEMBL1808,4.96,0,C[C@@H](CS)C(=O)N1CCC[C@@H]1C(=O)O,ACE,1,0,0,0,0,0,0,0,0,0,0,0,0,0,0,0
CHEMBL76640,CHEMBL220,5.0,0,CNC(=O)Oc1ccc2c(c1)[C@@]1(C)CCN(C)C1N2C,ACHE,0,1,0,0,0,0,0,0,0,0,0,0,0,0,0,0
CHEMBL77446,CHEMBL1808,7.25,1,O=C(O)C(CCc1ccccc1)N[C@H]1CCN2CCC[C@@H](C(=O)O)N2C1=O,ACE,1,0,0,0,0,0,0,0,0,0,0,0,0,0,0,0
CHEMBL77556,CHEMBL1808,7.3,1,C[C@@H](NC(=O)C(S)Cc1ccccc1)C(=O)N1CCC[C@H]1C(=O)O,ACE,1,0,0,0,0,0,0,0,0,0,0,0,0,0,0,0
CHEMBL77867,CHEMBL238,8.96,1,Fc1ccc(C(OCCC2CCN(CCCc3ccccc3)CC2)c2ccc(F)cc2)cc1,SLC6A3,0,0,0,0,0,0,0,0,0,0,0,0,0,0,0,1
CHEMBL77896,CHEMBL1914,8.09,1,CNC(=O)Oc1ccc2c(c1)[C@]1(C)CCN(Cc3ccccc3)C1N2Cc1ccccc1,BCHE,0,0,0,0,0,1,0,0,0,0,0,0,0,0,0,0
CHEMBL78001,CHEMBL1808,4.91,0,CCCCC(CC(=O)NO)S(=O)(=O)c1ccc2ccccc2c1,ACE,1,0,0,0,0,0,0,0,0,0,0,0,0,0,0,0
CHEMBL78012,CHEMBL2487,7.82,1,CN(C)c1ccc(-c2cn3cc(I)ccc3n2)cc1,APP,0,0,0,0,1,0,0,0,0,0,0,0,0,0,0,0
CHEMBL781,CHEMBL238,7.37,1,OC1(c2ccc(Cl)cc2)c2ccccc2C2=NCCN21,SLC6A3,0,0,0,0,0,0,0,0,0,0,0,0,0,0,0,1
CHEMBL78340,CHEMBL1808,8.59,1,CC(C)CCC(N[C@@H](C)C(=O)N1CCC[C@H]1C(=O)O)C(=O)O,ACE,1,0,0,0,0,0,0,0,0,0,0,0,0,0,0,0
CHEMBL78341,CHEMBL1808,7.4,1,C[C@H](NC(CCc1ccccc1)C(=O)O)C(=O)N(CC(=O)O)C1Cc2ccccc2C1,ACE,1,0,0,0,0,0,0,0,0,0,0,0,0,0,0,0
CHEMBL78346,CHEMBL1808,8.66,1,C[C@H](NC(CCc1ccccc1)C(=O)O)C(=O)N1CC2CCCCC2[C@H]1C(=O)O,ACE,1,0,0,0,0,0,0,0,0,0,0,0,0,0,0,0
CHEMBL78353,CHEMBL1808,7.82,1,O=C(N[C@H](CCC(=O)N1[C@H](C(=O)O)C[C@@H]2CCCC[C@@H]21)C(=O)O)C1CCCN1C(=O)OCc1ccccc1,ACE,1,0,0,0,0,0,0,0,0,0,0,0,0,0,0,0
CHEMBL78385,CHEMBL1808,6.36,1,COP(=O)(O)C(CCc1ccccc1)N[C@@H](C)C(=O)N1CCC[C@H]1C(=O)O,ACE,1,0,0,0,0,0,0,0,0,0,0,0,0,0,0,0
CHEMBL78435,CHEMBL1808,7.31,1,O=C(O)[C@@H]1CCCN1C(=O)C1CCC1S,ACE,1,0,0,0,0,0,0,0,0,0,0,0,0,0,0,0
CHEMBL78440,CHEMBL1808,6.07,1,C[C@H](NC(=O)CCS)C(=O)O,ACE,1,0,0,0,0,0,0,0,0,0,0,0,0,0,0,0
CHEMBL78443,CHEMBL1808,6.11,1,C[C@H](NP(=O)(O)O)C(=O)N1CCC[C@H]1C(=O)O,ACE,1,0,0,0,0,0,0,0,0,0,0,0,0,0,0,0
CHEMBL78489,CHEMBL1808,7.46,1,CC(CS)C(=O)N[C@@H](Cc1c[nH]c2ccccc12)C(=O)O,ACE,1,0,0,0,0,0,0,0,0,0,0,0,0,0,0,0
CHEMBL78621,CHEMBL2487,6.62,1,Cc1ccc2nc(-c3ccc(N(C)C)cc3)cn2c1,APP,0,0,0,0,1,0,0,0,0,0,0,0,0,0,0,0
CHEMBL78629,CHEMBL1808,9.6,1,O=C(NC(Cc1ccccc1)C(=O)N[C@H](CCC(=O)N1c2ccccc2C[C@H]1C(=O)O)C(=O)O)OCc1ccccc1,ACE,1,0,0,0,0,0,0,0,0,0,0,0,0,0,0,0
CHEMBL78726,CHEMBL1808,8.55,1,C[C@H](NC(CCc1ccc(O)cc1)C(=O)O)C(=O)N1CCC[C@H]1C(=O)O,ACE,1,0,0,0,0,0,0,0,0,0,0,0,0,0,0,0
CHEMBL78731,CHEMBL1808,8.28,1,C[C@H](NC(CCC(=O)Nc1ccccc1)C(=O)O)C(=O)N1CCC[C@H]1C(=O)O,ACE,1,0,0,0,0,0,0,0,0,0,0,0,0,0,0,0
CHEMBL78765,CHEMBL2487,6.2,1,Cc1ccc2nc(-c3ccc(Br)cc3)cn2c1,APP,0,0,0,0,1,0,0,0,0,0,0,0,0,0,0,0
CHEMBL78805,CHEMBL1808,4.99,0,C[C@H](CC(=O)O)C(=O)N1CCC[C@H]1C(=O)O,ACE,1,0,0,0,0,0,0,0,0,0,0,0,0,0,0,0
CHEMBL78903,CHEMBL1808,7.0,1,C[C@@]1(CCS)C(=O)N2CC=C[C@@H](C(=O)O)N2C1=O,ACE,1,0,0,0,0,0,0,0,0,0,0,0,0,0,0,0
CHEMBL78996,CHEMBL1808,6.41,1,CC(NC(=O)OCc1ccccc1)C(=O)N[C@H](CCC(=O)N1CCC[C@H]1C(=O)O)C(=O)O,ACE,1,0,0,0,0,0,0,0,0,0,0,0,0,0,0,0
CHEMBL79131,CHEMBL1808,7.39,1,C[C@H](NP(=O)(O)OCc1ccccc1)C(=O)N1CCC[C@H]1C(=O)O,ACE,1,0,0,0,0,0,0,0,0,0,0,0,0,0,0,0
CHEMBL79189,CHEMBL1808,7.7,1,C[C@H](CS)C(=O)N1Cc2ccccc2C[C@H]1C(=O)O,ACE,1,0,0,0,0,0,0,0,0,0,0,0,0,0,0,0
CHEMBL79190,CHEMBL1808,7.15,1,O=C(O)[C@@H]1CCCN2C(=O)C[C@@H](CS)C(=O)N12,ACE,1,0,0,0,0,0,0,0,0,0,0,0,0,0,0,0
CHEMBL79212,CHEMBL1808,6.49,1,C[C@H](NC(CCN)C(=O)O)C(=O)N1CCC[C@H]1C(=O)O,ACE,1,0,0,0,0,0,0,0,0,0,0,0,0,0,0,0
CHEMBL796,CHEMBL238,7.77,1,COC(=O)C(c1ccccc1)C1CCCCN1,SLC6A3,0,0,0,0,0,0,0,0,0,0,0,0,0,0,0,1
CHEMBL80055,CHEMBL1808,6.34,1,Cc1ccc(CSC[C@@H](NC(=O)[C@@H](CS)Cc2ccccc2)C(=O)O)cc1C,ACE,1,0,0,0,0,0,0,0,0,0,0,0,0,0,0,0
CHEMBL80193,CHEMBL1808,4.59,0,C[C@H](NC(CCc1ccccc1)C(N)=O)C(=O)N1CCC[C@H]1C(=O)O,ACE,1,0,0,0,0,0,0,0,0,0,0,0,0,0,0,0
CHEMBL80221,CHEMBL1914,7.66,1,CNC(=O)Oc1ccc2c(c1)[C@]1(C)CCN(C)C1N2Cc1ccccc1,BCHE,0,0,0,0,0,1,0,0,0,0,0,0,0,0,0,0
CHEMBL80221,CHEMBL220,6.79,1,CNC(=O)Oc1ccc2c(c1)[C@]1(C)CCN(C)C1N2Cc1ccccc1,ACHE,0,1,0,0,0,0,0,0,0,0,0,0,0,0,0,0
CHEMBL80242,CHEMBL1808,4.11,0,O=C(O)C[C@H](NC(=O)CS)C(=O)O,ACE,1,0,0,0,0,0,0,0,0,0,0,0,0,0,0,0
CHEMBL80247,CHEMBL1914,6.21,1,CN1c2ccc(OC(=O)Nc3ccccc3)cc2[C@]2(C)CCNC12,BCHE,0,0,0,0,0,1,0,0,0,0,0,0,0,0,0,0
CHEMBL80247,CHEMBL220,7.86,1,CN1c2ccc(OC(=O)Nc3ccccc3)cc2[C@]2(C)CCNC12,ACHE,0,1,0,0,0,0,0,0,0,0,0,0,0,0,0,0
CHEMBL80384,CHEMBL1808,4.72,0,O=C(CS)N[C@@H](CS)C(=O)O,ACE,1,0,0,0,0,0,0,0,0,0,0,0,0,0,0,0
CHEMBL80515,CHEMBL238,7.47,1,COC(=O)C1C2CCC(CC1c1ccc(F)cc1)N2,SLC6A3,0,0,0,0,0,0,0,0,0,0,0,0,0,0,0,1
CHEMBL80646,CHEMBL1808,7.29,1,C[C@H](NC(CCc1ccccc1)P(=O)(O)O)C(=O)N1CCC[C@H]1C(=O)O,ACE,1,0,0,0,0,0,0,0,0,0,0,0,0,0,0,0
CHEMBL80657,CHEMBL1808,4.51,0,CN(C(=O)CCS)[C@@H](Cc1ccccc1)C(=O)O,ACE,1,0,0,0,0,0,0,0,0,0,0,0,0,0,0,0
CHEMBL80665,CHEMBL1808,9.64,1,C[C@H](NC(CCC(=O)Nc1ccc(I)cc1)C(=O)O)C(=O)N1CCC[C@H]1C(=O)O,ACE,1,0,0,0,0,0,0,0,0,0,0,0,0,0,0,0
CHEMBL80667,CHEMBL1808,6.15,1,O=C(CCS)OC(Cc1ccccc1)C(=O)O,ACE,1,0,0,0,0,0,0,0,0,0,0,0,0,0,0,0
CHEMBL80779,CHEMBL1808,8.96,1,C[C@H](NC(CCc1cccc2ccccc12)C(=O)O)C(=O)N1CCC[C@H]1C(=O)O,ACE,1,0,0,0,0,0,0,0,0,0,0,0,0,0,0,0
CHEMBL809,CHEMBL238,7.6,1,CN[C@H]1CC[C@@H](c2ccc(Cl)c(Cl)c2)c2ccccc21,SLC6A3,0,0,0,0,0,0,0,0,0,0,0,0,0,0,0,1
CHEMBL80906,CHEMBL1808,8.0,1,O=C(O)CN1C(=O)C(NC(CCc2ccccc2)C(=O)O)CCc2ccccc21,ACE,1,0,0,0,0,0,0,0,0,0,0,0,0,0,0,0
CHEMBL80939,CHEMBL1808,6.15,1,O=C(O)[C@@H]1C=CCn2c(=O)n(CS)c(=O)n21,ACE,1,0,0,0,0,0,0,0,0,0,0,0,0,0,0,0
CHEMBL80981,CHEMBL1808,4.42,0,CC(C)(S)C(=O)N[C@@H](Cc1c[nH]c2ccccc12)C(=O)O,ACE,1,0,0,0,0,0,0,0,0,0,0,0,0,0,0,0
CHEMBL81260,CHEMBL2487,7.99,1,CN(C)c1ccc(-c2cn3cc(Br)ccc3n2)cc1,APP,0,0,0,0,1,0,0,0,0,0,0,0,0,0,0,0
CHEMBL814,CHEMBL238,8.84,1,COCCCC/C(=N\OCCN)c1ccc(C(F)(F)F)cc1,SLC6A3,0,0,0,0,0,0,0,0,0,0,0,0,0,0,0,1
CHEMBL81525,CHEMBL238,8.85,1,COC(=O)C1C2CCC(CC1c1ccc(Cl)cc1)N2,SLC6A3,0,0,0,0,0,0,0,0,0,0,0,0,0,0,0,1
CHEMBL81880,CHEMBL2487,6.22,1,CN(C)c1ccc2cc3ccc(N(C)C)cc3nc2c1,APP,0,0,0,0,1,0,0,0,0,0,0,0,0,0,0,0
CHEMBL81999,CHEMBL2487,7.66,1,CN(C)c1ccc(/C=C/c2ccc(F)cc2)cc1,APP,0,0,0,0,1,0,0,0,0,0,0,0,0,0,0,0
CHEMBL827,CHEMBL238,7.06,1,COC(=O)[C@H](c1ccccc1)[C@H]1CCCCN1,SLC6A3,0,0,0,0,0,0,0,0,0,0,0,0,0,0,0,1
CHEMBL82810,CHEMBL220,7.4,1,COc1cc2cc(C(=O)CCc3cc[n+](CC4CCC4)cc3)sc2cc1OC.[Br-],ACHE,0,1,0,0,0,0,0,0,0,0,0,0,0,0,0,0
CHEMBL83005,CHEMBL220,7.05,1,COc1cc2cc(C(=O)CC3(O)CC[N+](C)(Cc4ccccc4)CC3)sc2cc1OC.[Br-],ACHE,0,1,0,0,0,0,0,0,0,0,0,0,0,0,0,0
CHEMBL83781,CHEMBL1904,7.0,1,Oc1ccc(C#CCCN2CCC(Cc3ccccc3)CC2)cc1,GRIN2B,0,0,0,0,0,0,0,0,0,1,0,0,0,0,0,0
CHEMBL838,CHEMBL1808,8.77,1,CCOC(=O)[C@H](CCc1ccccc1)N[C@H]1CCc2ccccc2N(CC(=O)O)C1=O,ACE,1,0,0,0,0,0,0,0,0,0,0,0,0,0,0,0
CHEMBL84680,CHEMBL238,8.54,1,COC(=O)C1=C(c2ccc3ccccc3c2)CC2CCC1N2C,SLC6A3,0,0,0,0,0,0,0,0,0,0,0,0,0,0,0,1
CHEMBL8486,CHEMBL1808,4.28,0,CC(C)[C@H](N)C(=O)N[C@@H](Cc1ccccc1)C(=O)O,ACE,1,0,0,0,0,0,0,0,0,0,0,0,0,0,0,0
CHEMBL85175,CHEMBL1808,6.16,1,O=C(O)CN1CCCCC(NC(CCc2ccccc2)C(=O)O)C1=O,ACE,1,0,0,0,0,0,0,0,0,0,0,0,0,0,0,0
CHEMBL85473,CHEMBL220,4.71,0,COc1cc2cc(C(O)C3CC[N+](C)(Cc4ccccc4)CC3)sc2cc1OC.[Br-],ACHE,0,1,0,0,0,0,0,0,0,0,0,0,0,0,0,0
CHEMBL86233,CHEMBL220,5.0,0,COc1cc2cc(CC3CC[N+](C)(Cc4ccccc4)CC3)sc2cc1OC.[Br-],ACHE,0,1,0,0,0,0,0,0,0,0,0,0,0,0,0,0
CHEMBL86590,CHEMBL238,8.96,1,CCOC(=O)C1C(c2ccc(Cl)c(Cl)c2)CC2C[C@@H](O)C1N2C,SLC6A3,0,0,0,0,0,0,0,0,0,0,0,0,0,0,0,1
CHEMBL86654,CHEMBL238,8.55,1,COC(=O)C1C(c2ccc3ccccc3c2)CC2C[C@@H](O)C1N2C,SLC6A3,0,0,0,0,0,0,0,0,0,0,0,0,0,0,0,1
CHEMBL86710,CHEMBL238,7.71,1,COC(=O)C1=C(c2ccc(Cl)c(Cl)c2)CC2C[C@@H](O)C1N2C,SLC6A3,0,0,0,0,0,0,0,0,0,0,0,0,0,0,0,1
CHEMBL86891,CHEMBL1808,4.92,0,O=C(O)CN1CCC(NC(CCc2ccccc2)C(=O)O)C1=O,ACE,1,0,0,0,0,0,0,0,0,0,0,0,0,0,0,0
CHEMBL87031,CHEMBL238,8.96,1,COC(=O)C1C(c2ccc(Cl)c(Cl)c2)CC2CCC1N2C,SLC6A3,0,0,0,0,0,0,0,0,0,0,0,0,0,0,0,1
CHEMBL87128,CHEMBL220,6.55,1,CC[n+]1ccc(CCC(=O)c2cc3cc(OC)c(OC)cc3s2)cc1.[Br-],ACHE,0,1,0,0,0,0,0,0,0,0,0,0,0,0,0,0
CHEMBL87170,CHEMBL220,8.34,1,COc1cc2cc(C(=O)CCc3cc[n+](Cc4ccccc4)cc3)sc2cc1OC,ACHE,0,1,0,0,0,0,0,0,0,0,0,0,0,0,0,0
CHEMBL87280,CHEMBL220,6.0,1,COC(=O)c1ccc(C[n+]2ccc(CCC(=O)c3cc4cc(OC)c(OC)cc4s3)cc2)cc1,ACHE,0,1,0,0,0,0,0,0,0,0,0,0,0,0,0,0
CHEMBL87320,CHEMBL220,7.28,1,COCC[N+]1(C)CCC(CCC(=O)c2cc3cc(OC)c(OC)cc3s2)CC1.[Br-],ACHE,0,1,0,0,0,0,0,0,0,0,0,0,0,0,0,0
CHEMBL87373,CHEMBL220,6.96,1,COc1cc2cc(C(=O)CCc3cc[n+](CC4CC4)cc3)sc2cc1OC.[Br-],ACHE,0,1,0,0,0,0,0,0,0,0,0,0,0,0,0,0
CHEMBL87441,CHEMBL220,8.15,1,CCOCC[n+]1ccc(CCC(=O)c2cc3cc(OC)c(OC)cc3s2)cc1,ACHE,0,1,0,0,0,0,0,0,0,0,0,0,0,0,0,0
CHEMBL87567,CHEMBL238,9.31,1,COC(=O)C1C(c2ccc3ccccc3c2)CC2CCC1N2C,SLC6A3,0,0,0,0,0,0,0,0,0,0,0,0,0,0,0,1
CHEMBL87649,CHEMBL220,8.22,1,COc1cc2cc(C(=O)CCc3cc[n+](Cc4ccsc4)cc3)sc2cc1OC,ACHE,0,1,0,0,0,0,0,0,0,0,0,0,0,0,0,0
CHEMBL87849,CHEMBL220,8.59,1,COc1cc2cc(C(=O)CCc3cc[n+](Cc4ccc(F)cc4)cc3)sc2cc1OC,ACHE,0,1,0,0,0,0,0,0,0,0,0,0,0,0,0,0
CHEMBL87937,CHEMBL220,7.52,1,COCC[n+]1ccc(CCC(=O)c2cc3cc(OC)c(OC)cc3s2)cc1,ACHE,0,1,0,0,0,0,0,0,0,0,0,0,0,0,0,0
CHEMBL87959,CHEMBL220,6.41,1,COc1cc2cc(C(=O)CCC3CC[N+](C)(CCOc4ccccc4)CC3)sc2cc1OC.[Br-],ACHE,0,1,0,0,0,0,0,0,0,0,0,0,0,0,0,0
CHEMBL87980,CHEMBL220,6.27,1,C=CC[n+]1ccc(CCC(=O)c2cc3cc(OC)c(OC)cc3s2)cc1.[Br-],ACHE,0,1,0,0,0,0,0,0,0,0,0,0,0,0,0,0
CHEMBL88026,CHEMBL220,8.1,1,COc1cc2cc(C(=O)CCC3CC[N+](C)(Cc4ccccc4)CC3)sc2cc1OC.[Br-],ACHE,0,1,0,0,0,0,0,0,0,0,0,0,0,0,0,0
CHEMBL88049,CHEMBL220,6.96,1,COc1cc2cc(C(=O)CCCCC3CC[N+](C)(Cc4ccccc4)CC3)sc2cc1OC.[Br-],ACHE,0,1,0,0,0,0,0,0,0,0,0,0,0,0,0,0
CHEMBL88163,CHEMBL238,6.28,1,COC(=O)[C@@H]1C2CCC(C[C@H]1OC(c1ccc(F)cc1)c1ccc(F)cc1)O2,SLC6A3,0,0,0,0,0,0,0,0,0,0,0,0,0,0,0,1
CHEMBL88246,CHEMBL238,7.48,1,COC(=O)C1C(c2ccc(Cl)c(Cl)c2)CC2[C@H](O)CC1N2C,SLC6A3,0,0,0,0,0,0,0,0,0,0,0,0,0,0,0,1
CHEMBL88328,CHEMBL1808,6.6,1,C[C@H](N[C@@H](CCc1ccccc1)C(=O)O)C(=O)N1C[C@H](NC(=O)C(CS)Cc2ccccc2)C[C@H]1C(=O)O,ACE,1,0,0,0,0,0,0,0,0,0,0,0,0,0,0,0
CHEMBL88563,CHEMBL238,6.63,1,COC(=O)C1C(c2ccccc2)CC2C[C@@H](O)C1N2C,SLC6A3,0,0,0,0,0,0,0,0,0,0,0,0,0,0,0,1
CHEMBL88792,CHEMBL238,8.05,1,COC(=O)C1C2CCC(CC1c1ccc(Br)cc1)O2,SLC6A3,0,0,0,0,0,0,0,0,0,0,0,0,0,0,0,1
CHEMBL88915,CHEMBL238,8.92,1,COC(=O)C1=C(c2ccc(Cl)c(Cl)c2)CC2CCC1N2C,SLC6A3,0,0,0,0,0,0,0,0,0,0,0,0,0,0,0,1
CHEMBL89208,CHEMBL238,4.49,0,COC(=O)C1C(c2ccccc2)CC2[C@@H](O)CC1N2C,SLC6A3,0,0,0,0,0,0,0,0,0,0,0,0,0,0,0,1
CHEMBL89324,CHEMBL238,4.65,0,COC(=O)[C@H]1C2CCC(C[C@H]1OC(c1ccc(F)cc1)c1ccc(F)cc1)O2,SLC6A3,0,0,0,0,0,0,0,0,0,0,0,0,0,0,0,1
CHEMBL89469,CHEMBL238,6.39,1,COC(=O)C1=C(c2ccc(F)cc2)CC2CCC1N2C,SLC6A3,0,0,0,0,0,0,0,0,0,0,0,0,0,0,0,1
CHEMBL89476,CHEMBL238,8.52,1,COC(=O)C1C(c2ccc(Cl)c(Cl)c2)CC2C[C@H](O)C1N2C,SLC6A3,0,0,0,0,0,0,0,0,0,0,0,0,0,0,0,1
CHEMBL89547,CHEMBL1808,6.16,1,C[C@H](CS)C(=O)N1C[C@@H](NC(=O)C(CS)Cc2ccc(-c3ccccc3)cc2)C[C@H]1C(=O)O,ACE,1,0,0,0,0,0,0,0,0,0,0,0,0,0,0,0
CHEMBL89563,CHEMBL1808,7.6,1,CC(C)[C@H](NCP(=O)(O)O)C(=O)N[C@@H](Cc1ccc(-c2ccccc2)cc1)C(=O)O,ACE,1,0,0,0,0,0,0,0,0,0,0,0,0,0,0,0
CHEMBL89709,CHEMBL238,6.96,1,COC(=O)C1C(c2ccc(F)cc2)CC2C[C@@H](O)C1N2C,SLC6A3,0,0,0,0,0,0,0,0,0,0,0,0,0,0,0,1
CHEMBL89906,CHEMBL238,6.35,1,COC(=O)C1C(OC(c2ccc(F)cc2)c2ccc(F)cc2)CC2[C@@H](O)CC1N2C,SLC6A3,0,0,0,0,0,0,0,0,0,0,0,0,0,0,0,1
CHEMBL90069,CHEMBL1808,4.66,0,CC(C)[C@H](N)C(=O)N[C@@H](Cc1ccc(O)cc1)C(=O)O,ACE,1,0,0,0,0,0,0,0,0,0,0,0,0,0,0,0
CHEMBL90545,CHEMBL1808,7.3,1,CC[C@@H](C)[C@H](NCP(=O)(O)O)C(=O)N[C@@H](Cc1ccc(-c2ccccc2)cc1)C(=O)O,ACE,1,0,0,0,0,0,0,0,0,0,0,0,0,0,0,0
CHEMBL90903,CHEMBL238,7.54,1,COC(=O)C1C2CCC(CC1c1ccc(Cl)cc1)O2,SLC6A3,0,0,0,0,0,0,0,0,0,0,0,0,0,0,0,1
CHEMBL91160,CHEMBL1808,4.8,0,NC(N)=NCCC[C@H](N)C(=O)N[C@@H](Cc1c[nH]c2ccccc12)C(=O)O,ACE,1,0,0,0,0,0,0,0,0,0,0,0,0,0,0,0
CHEMBL91184,CHEMBL238,9.52,1,COC(=O)C1C(c2ccc(Cl)c(Cl)c2)C[C@H]2C[C@@H](O)C1N2C,SLC6A3,0,0,0,0,0,0,0,0,0,0,0,0,0,0,0,1
CHEMBL91218,CHEMBL1808,6.18,1,C[C@H](NCP(=O)(O)O)C(=O)N[C@@H](Cc1ccc(-c2ccccc2)cc1)C(=O)O,ACE,1,0,0,0,0,0,0,0,0,0,0,0,0,0,0,0
CHEMBL91291,CHEMBL220,8.24,1,Cc1cc2onc(CCC3CCN(Cc4ccccc4)CC3)c2cc1C,ACHE,0,1,0,0,0,0,0,0,0,0,0,0,0,0,0,0
CHEMBL91399,CHEMBL1808,6.3,1,Cc1ccccc1C[C@H](NCP(=O)(O)O)C(=O)N[C@@H](Cc1ccc(-c2ccccc2)cc1)C(=O)O,ACE,1,0,0,0,0,0,0,0,0,0,0,0,0,0,0,0
CHEMBL91449,CHEMBL2487,8.36,1,CN(C)c1ccc(-c2nc3ccc(O)cc3s2)cc1,APP,0,0,0,0,1,0,0,0,0,0,0,0,0,0,0,0
CHEMBL91623,CHEMBL1808,7.75,1,C[C@H](CS)C(=O)N1C[C@H](NC(=O)C(CS)Cc2ccccc2)C[C@H]1C(=O)O,ACE,1,0,0,0,0,0,0,0,0,0,0,0,0,0,0,0
CHEMBL91792,CHEMBL1808,5.0,0,C[C@H](N)C(=O)N[C@@H](Cc1c[nH]c2ccccc12)C(=O)O,ACE,1,0,0,0,0,0,0,0,0,0,0,0,0,0,0,0
CHEMBL92126,CHEMBL1808,7.36,1,C[C@H](N[C@@H](Cc1ccccc1)C(=O)N[C@@H](Cc1ccc(-c2ccccc2)cc1)C(=O)O)P(=O)(O)O,ACE,1,0,0,0,0,0,0,0,0,0,0,0,0,0,0,0
CHEMBL92142,CHEMBL220,6.66,1,c1ccc(CN2CCC(CCc3nccc4ccccc34)CC2)cc1,ACHE,0,1,0,0,0,0,0,0,0,0,0,0,0,0,0,0
CHEMBL92326,CHEMBL1808,7.28,1,O=C(O)[C@H](Cc1ccc(-c2ccccc2)cc1)NC(=O)[C@H](Cc1ccc2ccccc2c1)NCP(=O)(O)O,ACE,1,0,0,0,0,0,0,0,0,0,0,0,0,0,0,0
CHEMBL92390,CHEMBL2487,8.15,1,COc1ccc2nc(-c3ccc(N)cc3)sc2c1,APP,0,0,0,0,1,0,0,0,0,0,0,0,0,0,0,0
CHEMBL92460,CHEMBL220,7.26,1,c1ccc(CN2CCC(CCc3noc4ccccc34)CC2)cc1,ACHE,0,1,0,0,0,0,0,0,0,0,0,0,0,0,0,0
CHEMBL92463,CHEMBL220,7.58,1,Oc1ccc2c(CCC3CCN(Cc4ccccc4)CC3)noc2c1,ACHE,0,1,0,0,0,0,0,0,0,0,0,0,0,0,0,0
CHEMBL92629,CHEMBL220,6.5,1,c1ccc(CN2CCC(CNc3noc4ccccc34)CC2)cc1,ACHE,0,1,0,0,0,0,0,0,0,0,0,0,0,0,0,0
CHEMBL92632,CHEMBL1808,7.64,1,CC(C)[C@H](N[C@@H](C)C(=O)O)C(=O)N[C@@H](Cc1ccc(-c2ccccc2)cc1)C(=O)O,ACE,1,0,0,0,0,0,0,0,0,0,0,0,0,0,0,0
CHEMBL92663,CHEMBL220,8.06,1,NC(=O)c1ccc2c(CCC3CCN(Cc4ccccc4)CC3)noc2c1,ACHE,0,1,0,0,0,0,0,0,0,0,0,0,0,0,0,0
CHEMBL92736,CHEMBL220,8.55,1,CC(=O)Nc1ccc2c(CCC3CCN(Cc4ccccc4)CC3)noc2c1,ACHE,0,1,0,0,0,0,0,0,0,0,0,0,0,0,0,0
CHEMBL92775,CHEMBL220,7.0,1,N#Cc1ccc2c(CCC3CCN(Cc4ccccc4)CC3)noc2c1,ACHE,0,1,0,0,0,0,0,0,0,0,0,0,0,0,0,0
CHEMBL92801,CHEMBL2487,7.96,1,CN(C)c1ccc(-c2nc3ccc(C#N)cc3s2)cc1,APP,0,0,0,0,1,0,0,0,0,0,0,0,0,0,0,0
CHEMBL92802,CHEMBL2487,8.07,1,CNc1ccc(-c2nc3ccc(C#N)cc3s2)cc1,APP,0,0,0,0,1,0,0,0,0,0,0,0,0,0,0,0
CHEMBL92816,CHEMBL2487,8.4,1,CN(C)c1ccc(-c2nc3ccccc3s2)cc1,APP,0,0,0,0,1,0,0,0,0,0,0,0,0,0,0,0
CHEMBL92852,CHEMBL2487,8.14,1,Nc1ccc(-c2nc3ccc(Br)cc3s2)cc1,APP,0,0,0,0,1,0,0,0,0,0,0,0,0,0,0,0
CHEMBL92949,CHEMBL1808,6.62,1,CC(C)[C@H](NCP(=O)(O)O)C(=O)N[C@@H](Cc1c[nH]c2ccccc12)C(=O)O,ACE,1,0,0,0,0,0,0,0,0,0,0,0,0,0,0,0
CHEMBL92955,CHEMBL220,7.85,1,O=S(=O)(Nc1ccc2c(CCC3CCN(Cc4ccccc4)CC3)noc2c1)c1ccccc1,ACHE,0,1,0,0,0,0,0,0,0,0,0,0,0,0,0,0
CHEMBL92958,CHEMBL220,6.92,1,c1ccc(CN2CCC(CCc3n[nH]c4ccccc34)CC2)cc1,ACHE,0,1,0,0,0,0,0,0,0,0,0,0,0,0,0,0
CHEMBL93109,CHEMBL2487,8.02,1,Cc1ccc2nc(-c3ccc(N)cc3)sc2c1,APP,0,0,0,0,1,0,0,0,0,0,0,0,0,0,0,0
CHEMBL93118,CHEMBL2487,7.43,1,Nc1ccc(-c2nc3ccccc3s2)cc1,APP,0,0,0,0,1,0,0,0,0,0,0,0,0,0,0,0
CHEMBL93123,CHEMBL220,8.03,1,O=C(Nc1ccc2c(CCC3CCN(Cc4ccccc4)CC3)noc2c1)c1ccccc1,ACHE,0,1,0,0,0,0,0,0,0,0,0,0,0,0,0,0
CHEMBL93124,CHEMBL2487,8.37,1,CNc1ccc(-c2nc3ccc(O)cc3s2)cc1,APP,0,0,0,0,1,0,0,0,0,0,0,0,0,0,0,0
CHEMBL93167,CHEMBL1808,6.91,1,CC(C)[C@H](NCP(=O)(O)O)C(=O)N[C@@H](Cc1ccc(C2CCCCC2)cc1)C(=O)O,ACE,1,0,0,0,0,0,0,0,0,0,0,0,0,0,0,0
CHEMBL93180,CHEMBL1808,6.93,1,O=C(O)[C@H](Cc1ccc(-c2ccccc2)cc1)NC(=O)[C@H](Cc1ccccc1)NCP(=O)(O)O,ACE,1,0,0,0,0,0,0,0,0,0,0,0,0,0,0,0
CHEMBL93270,CHEMBL2487,7.19,1,N#Cc1ccc2nc(-c3ccc(N)cc3)sc2c1,APP,0,0,0,0,1,0,0,0,0,0,0,0,0,0,0,0
CHEMBL93334,CHEMBL2487,7.96,1,CNc1ccc(-c2nc3ccccc3s2)cc1,APP,0,0,0,0,1,0,0,0,0,0,0,0,0,0,0,0
CHEMBL93562,CHEMBL1808,7.0,1,CC(C)[C@H](NCP(=O)(O)O)C(=O)N[C@@H](CCc1ccccc1)C(=O)O,ACE,1,0,0,0,0,0,0,0,0,0,0,0,0,0,0,0
CHEMBL93619,CHEMBL220,8.15,1,COc1cccc2c(CCC3CCN(Cc4ccccc4)CC3)noc12,ACHE,0,1,0,0,0,0,0,0,0,0,0,0,0,0,0,0
CHEMBL93785,CHEMBL1808,6.8,1,COc1ccccc1C[C@H](NCP(=O)(O)O)C(=O)N[C@@H](Cc1ccc(-c2ccccc2)cc1)C(=O)O,ACE,1,0,0,0,0,0,0,0,0,0,0,0,0,0,0,0
CHEMBL93884,CHEMBL2487,7.34,1,Nc1ccc(-c2nc3ccc(O)cc3s2)cc1,APP,0,0,0,0,1,0,0,0,0,0,0,0,0,0,0,0
CHEMBL93936,CHEMBL220,9.1,1,c1ccc(CN2CCC(CCc3noc4cc(N5CCOCC5)ccc34)CC2)cc1,ACHE,0,1,0,0,0,0,0,0,0,0,0,0,0,0,0,0
CHEMBL94,CHEMBL1914,7.64,1,CNC(=O)Oc1ccc2c(c1)[C@]1(C)CCN(C)[C@@H]1N2C,BCHE,0,0,0,0,0,1,0,0,0,0,0,0,0,0,0,0
CHEMBL94,CHEMBL220,7.52,1,CNC(=O)Oc1ccc2c(c1)[C@]1(C)CCN(C)[C@@H]1N2C,ACHE,0,1,0,0,0,0,0,0,0,0,0,0,0,0,0,0
CHEMBL94016,CHEMBL1808,4.06,0,C[C@H](N)C(=O)N[C@@H](Cc1ccc(O)cc1)C(=O)O,ACE,1,0,0,0,0,0,0,0,0,0,0,0,0,0,0,0
CHEMBL94173,CHEMBL1808,7.66,1,CC[C@H](C)C(N[C@@H](C)C(=O)O)C(=O)N[C@@H](Cc1ccc(-c2ccccc2)cc1)C(=O)O,ACE,1,0,0,0,0,0,0,0,0,0,0,0,0,0,0,0
CHEMBL94186,CHEMBL220,8.14,1,COc1ccc2onc(CCC3CCN(Cc4ccccc4)CC3)c2c1,ACHE,0,1,0,0,0,0,0,0,0,0,0,0,0,0,0,0
CHEMBL94217,CHEMBL220,8.55,1,CC(=O)Nc1ccc2c(CCC3CCN(Cc4ccccc4)CC3)noc2c1.O=C(O)/C=C/C(=O)O,ACHE,0,1,0,0,0,0,0,0,0,0,0,0,0,0,0,0
CHEMBL94230,CHEMBL2487,8.31,1,CNc1ccc(-c2nc3ccc(OC)cc3s2)cc1,APP,0,0,0,0,1,0,0,0,0,0,0,0,0,0,0,0
CHEMBL94546,CHEMBL220,9.32,1,CN1C(=O)Cc2cc3c(CCC4CCN(Cc5ccccc5)CC4)noc3cc21.CS(=O)(=O)O,ACHE,0,1,0,0,0,0,0,0,0,0,0,0,0,0,0,0
CHEMBL95,CHEMBL1914,9.05,1,Nc1c2c(nc3ccccc13)CCCC2,BCHE,0,0,0,0,0,1,0,0,0,0,0,0,0,0,0,0
CHEMBL95,CHEMBL220,6.66,1,Nc1c2c(nc3ccccc13)CCCC2,ACHE,0,1,0,0,0,0,0,0,0,0,0,0,0,0,0,0
CHEMBL95020,CHEMBL220,8.44,1,O=C1Cc2c(ccc3c(CCC4CCN(Cc5ccccc5)CC4)noc23)N1,ACHE,0,1,0,0,0,0,0,0,0,0,0,0,0,0,0,0
CHEMBL95192,CHEMBL1914,6.24,1,Cc1cn(C2C=CC(COP3(=O)OCc4c(Cl)cccc4O3)O2)c(=O)[nH]c1=O,BCHE,0,0,0,0,0,1,0,0,0,0,0,0,0,0,0,0
CHEMBL95375,CHEMBL1914,6.6,1,Cc1cn(C2C=CC(COP3(=O)OCc4ccc5ccccc5c4O3)O2)c(=O)[nH]c1=O,BCHE,0,0,0,0,0,1,0,0,0,0,0,0,0,0,0,0
CHEMBL95564,CHEMBL1808,9.0,1,C[C@H](CC(=O)[C@H](Cc1ccccc1)NC(=O)c1ccccc1)C(=O)N1CCC[C@H]1C(=O)O,ACE,1,0,0,0,0,0,0,0,0,0,0,0,0,0,0,0
CHEMBL95695,CHEMBL1914,6.39,1,Cc1cn(C2C=CC(COP3(=O)OCc4cc5ccccc5cc4O3)O2)c(=O)[nH]c1=O,BCHE,0,0,0,0,0,1,0,0,0,0,0,0,0,0,0,0
CHEMBL97145,CHEMBL1914,4.55,0,Cc1cccc2c1OP(=O)(OCC1CC(O)C(n3cnc4c(N)ncnc43)O1)OC2,BCHE,0,0,0,0,0,1,0,0,0,0,0,0,0,0,0,0
CHEMBL97177,CHEMBL1914,4.32,0,Cc1cn(C2C=CC(COP3(=O)OCc4c(F)c(C(C)(C)C)cc(C(C)(C)C)c4O3)O2)c(=O)[nH]c1=O,BCHE,0,0,0,0,0,1,0,0,0,0,0,0,0,0,0,0
CHEMBL97501,CHEMBL1914,4.4,0,Cc1cccc2c1OP(=O)(OCC1OC(n3cc(C)c(=O)[nH]c3=O)CC1N=[N+]=[N-])OC2,BCHE,0,0,0,0,0,1,0,0,0,0,0,0,0,0,0,0
CHEMBL98298,CHEMBL1914,4.58,0,Cc1cn(C2C=CC(COP3(=O)Oc4ccccc4C(C(Cl)Cl)O3)O2)c(=O)[nH]c1=O,BCHE,0,0,0,0,0,1,0,0,0,0,0,0,0,0,0,0
CHEMBL99581,CHEMBL1914,7.34,1,CNC(=O)Oc1ccc2c(c1)[C@]1(C)CCN(C)C1N2C=O,BCHE,0,0,0,0,0,1,0,0,0,0,0,0,0,0,0,0
CHEMBL99581,CHEMBL220,6.41,1,CNC(=O)Oc1ccc2c(c1)[C@]1(C)CCN(C)C1N2C=O,ACHE,0,1,0,0,0,0,0,0,0,0,0,0,0,0,0,0
CHEMBL99655,CHEMBL220,4.95,0,CN1CC[C@]2(C)c3cc(OC(=O)Nc4ccccc4)ccc3N(Cc3ccccc3)C12,ACHE,0,1,0,0,0,0,0,0,0,0,0,0,0,0,0,0
CHEMBL99701,CHEMBL1808,8.77,1,C[C@H](N[C@@H](CCc1ccccc1)C(=O)O)C(=O)N1C(=O)N(C)C[C@H]1C(=O)O,ACE,1,0,0,0,0,0,0,0,0,0,0,0,0,0,0,0
CHEMBL99798,CHEMBL1808,8.68,1,CC(C)C[C@H](N[C@@H](C)C(=O)N1C(=O)N(Cc2ccccc2)C[C@H]1C(=O)O)C(=O)O,ACE,1,0,0,0,0,0,0,0,0,0,0,0,0,0,0,0
